,uoCodigo,uoNome,uoSigla,programaDetalheId,programaCod,deObjetivo,deIndicador,dataIndiceReferencia,formulaCalculo,indiceReferencia,deUnidadeMedida,representacaoUnidMedida,deFonteIndicador,baseGeografica,periodicidade,valorAno1,realizadoAno1,valorAno2,realizadoAno2,valorAno3,realizadoAno3,valorAno4,realizadoAno4,anoAvaliacao,TipoDado,Ano,Quadrimestre
0,01001,Assembleia Legislativa do Estado de Rondônia,ALE,1402,2126,"Representar a sociedade rondoniense por meio do exercício do Poder Legislativo e de suas atribuições constitucionalmente 
previstas, na produção de normas, na fiscalização e controle dos atos do Poder Executivo, na promoção da participação 
popular, na realização de eventos que oportunizem o exercício da cidadania, na capacitação de comunidades, na comunicação 
social, e no apoio ao enfrentamento de calamidades públicas.",Índice de Desempenho Legislativo - IDL,2022-12-31T00:00:00,"Índice de Desempenho Legislativo (IDL = x/5 + y/10 + z/24), onde x = DIMENSÃO 1: REPRESENTATIVIDADE DAS 
INSTÂNCIAS DECISÓRIAS (5 questões); y = DIMENSÃO 2: CONDIÇÕES INFORMACIONAIS DA DELIBERAÇÃO 
LEGISLATIVA (10 questões); z = DIMENSÃO 3: PROCESSO LEGISLATIVO (24 questões), com base em: MENEGUIN, F. B.; 
MAGNA, I. Desempenho do Poder Legislativo: como avaliar? Brasília: Núcleo de Estudos e Pesquisas/CONLEG/Senado, 
Setembro/ 2014 (Texto para Discussão nº 155). Disponível em: www.senado.leg.br/estudos.
",4.45,Unidade,Un,Secretaria de Orçamento e Planejamento da ALE/RO,Estadual,Anual,4.49,4.49,4.49,,4.49,,4.49,,2024,Avaliação Indicador,2024,
1,02001,Tribunal de Contas do Estado,TCE,1413,2147,"Promover a transparência na utilização dos recursos públicos, fortalecer os mecanismos de governança e gestão no setor público, e fomentar o aprimoramento institucional do controle externo.",Apreciação de Contas de Governo tempestivamente,2022-12-31T00:00:00,ACG =  Σ(Contas de governo autuadas no exercício apreciadas) / (Total de contas de governo autuadas no exercício),71.79,Porcentagem,%,Secretaria Geral de Controle Externo - TCERO,Estadual,Anual,75,88.67,75,,75,,75,,2024,Avaliação Indicador,2024,
2,02001,Tribunal de Contas do Estado,TCE,1413,2147,"Promover a transparência na utilização dos recursos públicos, fortalecer os mecanismos de governança e gestão no setor público, e fomentar o aprimoramento institucional do controle externo.",Julgamento de contas de gestão tempestivo.,2022-12-31T00:00:00,JCG =  Σ (Somátorio contas de gestão autuadas no exercício anterior julgadas) / (Somátorio total de contas de gestão autuadas no exercício anterior),77.78,Porcentagem,%,Secretaria Geral de Controle Externo - TCERO,Estadual,Anual,85,54.28,85,,85,,85,,2024,Avaliação Indicador,2024,
3,02001,Tribunal de Contas do Estado,TCE,1413,2147,"Promover a transparência na utilização dos recursos públicos, fortalecer os mecanismos de governança e gestão no setor público, e fomentar o aprimoramento institucional do controle externo.",Volume de Recursos Fiscalizados,2022-12-31T00:00:00,VRF = Σ Somatório dos volumes de recursos fiscalizados apurado no exercício.,1321457917.84,Real,R$,Tribunal de Contas do Estado de Rondônia,Estadual,Anual,1500000000,3293714697.5,1800000000,,2160000000,,2592000000,,2024,Avaliação Indicador,2024,
4,02001,Tribunal de Contas do Estado,TCE,1416,2146,"Contribuir para o alcance de objetivos priorizados do Plano Nacional de Educação, bem como, para o alcance de objetivos priorizados do Plano de Ação para Prevenção e Controle do Desmatamento na Amazônia Legal (PPCDAm).",Índice de Governança em Políticas de Proteção das Unidades de Conservação (%),2023-01-01T00:00:00,Soma dos itens de verificação atendidos dividido pela soma do total de itens de verificação avaliados,0,Porcentagem,%,Secretaria-Geral de Planejamento - SEPLAN/TCERO,Estadual,Anual,0,,40,,45,,50,,2024,Avaliação Indicador,2024,
5,02001,Tribunal de Contas do Estado,TCE,1416,2146,"Contribuir para o alcance de objetivos priorizados do Plano Nacional de Educação, bem como, para o alcance de objetivos priorizados do Plano de Ação para Prevenção e Controle do Desmatamento na Amazônia Legal (PPCDAm).",Índice de Governança em Políticas Educacionais,2023-01-01T00:00:00,IGPE = Soma dos itens de verificação atendidos divididos pela soma do total de itens de verificação avaliados.,54,Porcentagem,%,Secretaria-Geral de Planejamento - SEPLAN/TCERO,Estadual,Anual,60,73,65,,70,,75,,2024,Avaliação Indicador,2024,
6,02011,Fundo de Desenvolvimento Institucional do Tribunal de Contas do Estado de Rondônia,FDI,1699,2146,"Contribuir para o alcance de objetivos priorizados do Plano Nacional de Educação, bem como, para o alcance de objetivos priorizados do Plano de Ação para Prevenção e Controle do Desmatamento na Amazônia Legal (PPCDAm).",Índice de Governança em Políticas de Proteção das Unidades de Conservação (%),2023-01-01T00:00:00,Soma dos itens de verificação atendidos dividido pela soma do total de itens de verificação avaliados,0,Porcentagem,%,Secretaria-Geral de Planejamento - SEPLAN/TCERO,,,0,,40,,45,,50,,2024,Avaliação Indicador,2024,
7,02011,Fundo de Desenvolvimento Institucional do Tribunal de Contas do Estado de Rondônia,FDI,1699,2146,"Contribuir para o alcance de objetivos priorizados do Plano Nacional de Educação, bem como, para o alcance de objetivos priorizados do Plano de Ação para Prevenção e Controle do Desmatamento na Amazônia Legal (PPCDAm).",Índice de Governança em Políticas Educacionais,2023-01-01T00:00:00,IGPE = Soma dos itens de verificação atendidos divididos pela soma do total de itens de verificação avaliados.,54,Porcentagem,%,Secretaria-Geral de Planejamento - SEPLAN/TCERO,,,60,73,65,,70,,75,,2024,Avaliação Indicador,2024,
8,02011,Fundo de Desenvolvimento Institucional do Tribunal de Contas do Estado de Rondônia,FDI,1700,2147,"Promover a transparência na utilização dos recursos públicos, fortalecer os mecanismos de governança e gestão no setor público, e fomentar o aprimoramento institucional do controle externo.",Apreciação de Contas de Governo tempestivamente,2022-12-31T00:00:00,ACG =  Σ(Contas de governo autuadas no exercício apreciadas) / (Total de contas de governo autuadas no exercício),71.79,Porcentagem,%,Secretaria Geral de Controle Externo - TCERO,,,75,88.67,75,,75,,75,,2024,Avaliação Indicador,2024,
9,02011,Fundo de Desenvolvimento Institucional do Tribunal de Contas do Estado de Rondônia,FDI,1700,2147,"Promover a transparência na utilização dos recursos públicos, fortalecer os mecanismos de governança e gestão no setor público, e fomentar o aprimoramento institucional do controle externo.",Julgamento de contas de gestão tempestivo.,2022-12-31T00:00:00,JCG =  Σ (Somátorio contas de gestão autuadas no exercício anterior julgadas) / (Somátorio total de contas de gestão autuadas no exercício anterior),77.78,Porcentagem,%,Secretaria Geral de Controle Externo - TCERO,,,85,54.28,85,,85,,85,,2024,Avaliação Indicador,2024,
10,02011,Fundo de Desenvolvimento Institucional do Tribunal de Contas do Estado de Rondônia,FDI,1700,2147,"Promover a transparência na utilização dos recursos públicos, fortalecer os mecanismos de governança e gestão no setor público, e fomentar o aprimoramento institucional do controle externo.",Volume de Recursos Fiscalizados,2022-12-31T00:00:00,VRF = Σ Somatório dos volumes de recursos fiscalizados apurado no exercício.,1321457917.84,Real,R$,Tribunal de Contas do Estado de Rondônia,,,1500000000,3293714697.5,1800000000,,2160000000,,2592000000,,2024,Avaliação Indicador,2024,
11,03001,Tribunal de Justiça,TJ,1683,2065,"Dotar o Poder Judiciário do Estado de Rondônia (PJRO) com edificações adequadas, acessíveis e seguras.","Obras finalizadas (reformas, ampliações e construções)",2022-12-31T00:00:00,"Soma das obras concluídas, considerada concluída a partir da emissão do Termo de Recebimento provisório",0,Unidade,Un,Relatório da Engenharia,Estadual,Anual,0,,1,,0,,0,,2024,Avaliação Indicador,2024,
12,03011,Fundo de Aperfeiçoamento dos Serviços Judiciários,FUJU,1635,2065,"Dotar o Poder Judiciário do Estado de Rondônia (PJRO) com edificações adequadas, acessíveis e seguras.","Obras finalizadas (reformas, ampliações e construções)",2022-12-31T00:00:00,"Soma das obras concluídas, considerada concluída a partir da emissão do Termo de Recebimento provisório",0,Unidade,Un,Relatório da Engenharia,Estadual,Anual,12,2,3,,0,,0,,2024,Avaliação Indicador,2024,
13,03011,Fundo de Aperfeiçoamento dos Serviços Judiciários,FUJU,1641,2185,Efetivar os Métodos Consensuais de Solução de Conflitos no PJRO,Índice de audiências realizadas no Cejusc,2022-12-31T00:00:00,(Número de Audiências Realizadas no Cejusc  / Audiências Designadas no Cejusc) * 100,57.52,Porcentagem,%,Sistema PJe,Estadual,Anual,58.71,49.93,59.88,,61.08,,62.3,,2024,Avaliação Indicador,2024,
14,03011,Fundo de Aperfeiçoamento dos Serviços Judiciários,FUJU,1641,2185,Efetivar os Métodos Consensuais de Solução de Conflitos no PJRO,Indice de Conciliação,2022-12-31T00:00:00,IC = Índice de conciliação: (Conciliações/Sentenças)*100,17.43,Porcentagem,%,Painel CIES - Metas do CNJ,Estadual,Anual,17.78,19.68,18.13,,18.5,,18.87,,2024,Avaliação Indicador,2024,
15,03011,Fundo de Aperfeiçoamento dos Serviços Judiciários,FUJU,1652,2186,"Prevenir as violências contra as mulheres; conceder acesso e garantia de direitos e assistir as vítimas; enfrentar e combater as violências e fortalecer e gerir as iniciativas, do PJRO, de combate às violências contra as mulheres.",Tempo Médio de Concessão ou Denegação da Medida Protetiva,2023-07-31T00:00:00,Tempo Médio de Concessão ou Denegação da Medida Protetiva = Somatório do Tempo de Concessão ou Denegação / Somatório da Quantidade de Medidas Protetivas,1.76,Dias,d,Painel Datajud - Tempos e Indicadores,Estadual,Anual,1,0.63,1,,1,,1,,2024,Avaliação Indicador,2024,
16,03011,Fundo de Aperfeiçoamento dos Serviços Judiciários,FUJU,1652,2186,"Prevenir as violências contra as mulheres; conceder acesso e garantia de direitos e assistir as vítimas; enfrentar e combater as violências e fortalecer e gerir as iniciativas, do PJRO, de combate às violências contra as mulheres.",Tempo Médio de Julgamento do Processo,2023-07-31T00:00:00,Tempo Médio de Julgamento do Processo = Somatório do Tempo de Julgamento dos Processos / Somatório da Quantidade de Processos,544.13,Dias,d,Painel Datajud - Tempos e Indicadores,Estadual,Anual,300,538.53,300,,300,,300,,2024,Avaliação Indicador,2024,
17,11003,Procuradoria-Geral do Estado,PGE,1485,2155,Promover uma melhora substantiva na recuperação de créditos tributários inscritos em dívida ativa.,Índice de Eficiência da Cobrança,2023-05-31T00:00:00,"((TP+TA)/TCDA) X 100
TP - Títulos protestados (em valores)
TA - Títulos Ajuizados (em valores)
TCDA - Total de Certidão de Dívida Ativa (em valores)
*Desconsiderando os Títulos que não preenchem os requisitos para ajuizamento, considerando os títulos classificados com rating A ou B.",75,Porcentagem,%,DIRETORIA DE PLANEJAMENTO E FINANÇAS,Estadual,Anual,75,124.04,82,,88,,95,,2024,Avaliação Indicador,2024,
18,11003,Procuradoria-Geral do Estado,PGE,1684,2085,"Prover a Unidade da PGE de recursos orçamentários e financeiros para atender as despesas com aquisição de bens e serviços, gestão de pessoal, Operações Especiais e outras, de natureza administrativa, classificadas como despesas correntes e de capital",Indice de satisfação com as instalações físicas,2023-07-31T00:00:00,(AP/TA)X100 AP-AVALIAÇÕES POSITIVAS TA-TOTAL DE AVALIAÇÕES,0,Porcentagem,%,Pesquisa do índice de satisfação e clima organizacional do FUMOR/PGE,,,70,50,71,,72,,73,,2024,Avaliação Indicador,2024,
19,11004,Superintendência Estadual de Turismo,Setur,1511,2108,"Adesão de novos municípios no Mapa do Turismo, gerando oportunidades para a população.",Aumentar o número de Municípios de Rondônia no Mapa do Turismo Brasileiro. ,2023-07-28T00:00:00,Número de Municípios com base georreferenciada de interesse Turístico. ,20,Unidade,Un,SUPERINTENDENCIA ESTADUAL DE TURISMO - SETUR/RO,Estadual,,20,11,22,,24,,26,,2024,Avaliação Indicador,2024,
20,11004,Superintendência Estadual de Turismo,Setur,1511,2108,"Apoiar os empreendimentos turísticos na renovação de cadastros e cadastramentos iniciais dos empreendimentos (agência de viagens, hotéis, pousadas, guias turísticos, etc.) no Sistema CADASTUR.",Aumento do número de empreendimentos turísticos cadastrados no Sistema CADASTUR no Estado de Rondônia.,2023-07-28T00:00:00,Número de Empreendimentos Cadastrados.,50,Unidade,Un,SUPERINTENDENCIA ESTADUAL DE TURISMO - SETUR/RO,Estadual,Anual,50,692,55,,60,,65,,2024,Avaliação Indicador,2024,
21,11004,Superintendência Estadual de Turismo,Setur,1511,2108,"Aumento de receita para o Estado, com abrangência de vários segmentos prestadores no comércio/serviços.",Receita da Atividade Turística e demais segmentos prestadores no comércio/serviços. ,2023-07-28T00:00:00,Total da Receita arrecadada da atividade turística no exercício .,15106468.73,Real,R$,SEFIN-RO/GCA/GEAR/CRE,Estadual,Anual,15200000,159119356.7,15960000,,16758000,,17595900,,2024,Avaliação Indicador,2024,
22,11004,Superintendência Estadual de Turismo,Setur,1511,2108,"Capacitação de Profissionais para o Desenvolvimento do Turismo (cursos de aperfeiçoamento em geral).
",Curso de capacitação de profissionais do Turismo ,2023-07-28T00:00:00,"Curso de Capacitação de Qualidade no Atendimento, Condutor de Pesca e Monitor de Turismo, (Com base nos municípios cadastrado no Mapa do Turismo Brasileiro). ",50,Unidade,Un,SUPERINTENDENCIA ESTADUAL DE TURISMO - SETUR/RO,Estadual,Anual,50,50,75,,100,,125,,2024,Avaliação Indicador,2024,
23,11004,Superintendência Estadual de Turismo,Setur,1511,2108,Fomentar a atividade turística com vista a geração de emprego e renda para o Estado.,Criação de novos empregos voltado ao Turismo ,2023-07-28T00:00:00,"Total de empregos no segmento Turístico no Exercício.
",12534,Unidade,Un,CAGED - MTE Cadastro Geral de Empregados e Desempregados,Estadual,Anual,12534,12890,16350,,19452,,21250,,2024,Avaliação Indicador,2024,
24,11005,Controladoria-Geral do Estado,CGE,1665,2190,"Promover o aperfeiçoamento do sistema de controle interno do Poder Executivo, por meio de inovações tecnológicas, controle social e da atividade de auditoria interna governamental.",Aquisição de equipamentos e serviços de tecnologia,2023-06-30T00:00:00,Número de equipamentos x número de servidores,60,Unidade,Un,Controladoria Geral do Estado,Regional,Anual,60,0,60,,60,,60,,2024,Avaliação Indicador,2024,
25,11005,Controladoria-Geral do Estado,CGE,1665,2190,"Promover o aperfeiçoamento do sistema de controle interno do Poder Executivo, por meio de inovações tecnológicas, controle social e da atividade de auditoria interna governamental.","Atividades de Orientação Técnica, Monitoramento e Fiscalizações Realizadas.",2023-06-30T00:00:00,Número de Unidades Gestoras,84,Unidade,Un,Controladoria Geral do Estado - Controle Interno,Estadual,Anual,84,106,84,,84,,84,,2024,Avaliação Indicador,2024,
26,11005,Controladoria-Geral do Estado,CGE,1665,2190,"Promover o aperfeiçoamento do sistema de controle interno do Poder Executivo, por meio de inovações tecnológicas, controle social e da atividade de auditoria interna governamental.",Realização de evento (Projeto Estudante Auditor) que promova o engajamento da comunidade escolar pública estadual na aplicação de práticas de Auditoria Estudantil,2023-06-30T00:00:00,Nº de eventos realizados anualmente.,1,Unidade,Un,Controladoria Geral do Estado - Controle Interno,Estadual,Anual,1,1,1,,1,,1,,2024,Avaliação Indicador,2024,
27,11006,Secretaria de Estado do Desenvolvimento Econômico,Sedec,1467,2000,"Proporcionar o desenvolvimento econômico do Estado de Rondônia, através do fomento e desenvolvimento das cadeias produtivas, do Empreendedorismo, promoção do desenvolvimento e ampliação do parque industrial e tecnológico do Estado através da mitigação da cultura da inovação, ciência e tecnologia.","Feiras, PROFAC e Reciclagens dos Agentes de Créditos do PROAMPE",2023-08-10T00:00:00,Nº de Feiras+Nº de PROFAC+Nº Reciclages,21,Unidade,Un,Coordenação de Micro e Pequenas Empresas - SEDEC,Estadual,Anual,58,28,64,,68,,72,,2024,Avaliação Indicador,2024,
28,11006,Secretaria de Estado do Desenvolvimento Econômico,Sedec,1467,2000,"Proporcionar o desenvolvimento econômico do Estado de Rondônia, através do fomento e desenvolvimento das cadeias produtivas, do Empreendedorismo, promoção do desenvolvimento e ampliação do parque industrial e tecnológico do Estado através da mitigação da cultura da inovação, ciência e tecnologia.",Manutenção das Unidades SINE Estadual,2023-08-10T00:00:00,Atender em 100% as necessidades logísticas e administrativas do SINE Estadual,100,Porcentagem,%,Sine Estadual,Estadual,Anual,100,100,100,,100,,100,,2024,Avaliação Indicador,2024,
29,11006,Secretaria de Estado do Desenvolvimento Econômico,Sedec,1467,2000,"Proporcionar o desenvolvimento econômico do Estado de Rondônia, através do fomento e desenvolvimento das cadeias produtivas, do Empreendedorismo, promoção do desenvolvimento e ampliação do parque industrial e tecnológico do Estado através da mitigação da cultura da inovação, ciência e tecnologia.",Número de Ambientes/habitats de inovação + Número de Pré-Incubados + startups,2023-08-08T00:00:00,Número de Ambientes/habitats de inovação + Número de Pré-Incubados + startups.,39,Unidade,Un,CTI/SEDEC,Estadual,Anual,74,25,118,,162,,206,,2024,Avaliação Indicador,2024,
30,11006,Secretaria de Estado do Desenvolvimento Econômico,Sedec,1469,2072,"Proteger e defender os consumidores nas relações de consumo orientando e fiscalizando o cumprimento da legislação que versa sobre os direitos dos consumidores por porte de fornecedores de bens e serviços, bem como desenvolver atividades educativas de conscientização dos direitos e deveres dos atores da relação de consumo intuindo garantir o equilíbrio do mercado de consumo de forma sustentável.",Acessos ao pacote de serviços,2023-08-09T00:00:00,Número de acessos ao pacote de serviços,5000,Unidade,Un,Gerência de Fiscalização PROCON-RO,Estadual,Anual,10000,22353,15000,,20000,,30000,,2024,Avaliação Indicador,2024,
31,11006,Secretaria de Estado do Desenvolvimento Econômico,Sedec,1469,2072,"Proteger e defender os consumidores nas relações de consumo orientando e fiscalizando o cumprimento da legislação que versa sobre os direitos dos consumidores por porte de fornecedores de bens e serviços, bem como desenvolver atividades educativas de conscientização dos direitos e deveres dos atores da relação de consumo intuindo garantir o equilíbrio do mercado de consumo de forma sustentável.",Atendimentos realizados nas Unidades do PROCON Rondônia,2023-08-09T00:00:00,Número de Atendimentos realizados nas Unidades do PROCON Rondônia.,1000,Unidade,Un,Gerência de Fiscalização PROCON-RO,Estadual,Anual,1000,39317,4000,,7000,,10000,,2024,Avaliação Indicador,2024,
32,11006,Secretaria de Estado do Desenvolvimento Econômico,Sedec,1469,2072,"Proteger e defender os consumidores nas relações de consumo orientando e fiscalizando o cumprimento da legislação que versa sobre os direitos dos consumidores por porte de fornecedores de bens e serviços, bem como desenvolver atividades educativas de conscientização dos direitos e deveres dos atores da relação de consumo intuindo garantir o equilíbrio do mercado de consumo de forma sustentável.",Estabelecimento Fiscalizado,2023-08-08T00:00:00,Soma de Estabelecimento Fiscalizado,2000,Unidade,Un,Gerência de Fiscalização PROCON-RO,Estadual,Anual,2000,938,4000,,5000,,8000,,2024,Avaliação Indicador,2024,
33,11006,Secretaria de Estado do Desenvolvimento Econômico,Sedec,1659,2187,Aporte de Capital e Subvenção Econômica.,Realizar aporte de capital e subvenção econômica.,2023-08-08T00:00:00,Aporte de capital e subvenção econômica realizados,100,Porcentagem,%,Coordenadoria de Parcerias Público Privada/SEDEC,Estadual,Anual,100,100,100,,100,,100,,2024,Avaliação Indicador,2024,
34,11006,Secretaria de Estado do Desenvolvimento Econômico,Sedec,1663,2142,"O Programa destina-se a fomentar, coordenar, regular e fiscalizar a realização de parcerias e concessões no âmbito da Administração Pública Estadual Direta e Indireta, ainda, serão celebradas pelo Estado ou por entidade de sua Administração Indireta com ente privado, por meio de contrato, nas áreas passíveis de desenvolver parcerias com o setor privado, quais sejam: I - educação, cultura, saúde e assistência social; II - transportes públicos; III - rodovias, ferrovias, pontes, viadutos e túneis; IV - portos e aeroportos; V - terminais de passageiros e plataformas logísticas; VI - saneamento básico; VII - tratamento e destinação final de resíduos sólidos; VIII - dutos comuns; IX - sistema penitenciário, defesa e justiça; X - ciência, pesquisa e tecnologia; XI - agronegócios e agroindústria; XII - energias; XIII - habitação; XIV - urbanização e meio ambiente; XV - esporte, lazer e turismo; XVI - infraestrutura de acesso às redes de utilidade pública; XVII - infraestrutura destinada à utilização pela Administração Pública; XVIII - incubadora de empresas; XIX - desenvolvimento de atividades e projetos voltados para a área de pessoas com necessidades especiais; XX - irrigação, barragens e adutoras; XXI - comunicações, inclusive telecomunicações; XXII - polos e condomínios industriais e/ou empresariais; e XXIII - outras áreas públicas de interesse social ou econômico. nos termos da Lei Complementar nº 609/2011 Lei 609/2011 (0024561327).",Estudos de Viabilidade de pactuação de PPP no âmbito do Estado de Rondônia.,2023-08-08T00:00:00,"Número de Estudos de Viabilidade de pactuação de PPP no âmbito do Estado de Rondônia, realizados",0,Porcentagem,%,Coordenadoria de Parcerias Público Privada/SEDEC,Estadual,Anual,100,,100,,100,,100,,2024,Avaliação Indicador,2024,
35,11007,Superintendência Estadual de Tecnologia da Informação e Comunicação,Setic,1549,2074,"Aumentar a eficácia e a eficiência das ações do Estado mediante o uso integrado da tecnologia da informação, contribuindo para o aprimoramento da governança, do social, do meio ambiente e da excelência na disponibilização de recursos tecnológicos ao cidadão - proporcionando a inclusão social por meio da conectividade.",Disponibilidade da Rede,2023-07-27T00:00:00,Período de tempo em que a rede de comunicação de dados fornecida pela SETIC está funcionando adequadamente em relação ao período de tempo compreendido em um semestre.,99,Porcentagem,%,SISTEMA DE MONITORAMENTO - SETIC,Regional,Semestral,99,99,99,,99,,99,,2024,Avaliação Indicador,2024,
36,11007,Superintendência Estadual de Tecnologia da Informação e Comunicação,Setic,1549,2074,"Aumentar a eficácia e a eficiência das ações do Estado mediante o uso integrado da tecnologia da informação, contribuindo para o aprimoramento da governança, do social, do meio ambiente e da excelência na disponibilização de recursos tecnológicos ao cidadão - proporcionando a inclusão social por meio da conectividade.",Latência da Rede,2023-07-27T00:00:00,Período de tempo em que a latência da rede de comunicação de dados fornecida pela SETIC está operando em limite aceitável em relação ao período de tempo compreendido em um semestre.,95,Porcentagem,%,SISTEMA DE MONITORAMENTO - SETIC,Regional,Semestral,95,95,95,,95,,95,,2024,Avaliação Indicador,2024,
37,11007,Superintendência Estadual de Tecnologia da Informação e Comunicação,Setic,1549,2074,"Aumentar a eficácia e a eficiência das ações do Estado mediante o uso integrado da tecnologia da informação, contribuindo para o aprimoramento da governança, do social, do meio ambiente e da excelência na disponibilização de recursos tecnológicos ao cidadão - proporcionando a inclusão social por meio da conectividade.",Municípios Atendidos pela INFOVIA,2023-07-27T00:00:00,Número de municípios atendidos pela rede de comunicação de dados do Governo do Estado de Rondônia - INFOVIA,3,Unidade,Un,DADOS DA INFOVIA - SETIC,Estadual,Anual,4,0,7,,10,,13,,2024,Avaliação Indicador,2024,
38,11007,Superintendência Estadual de Tecnologia da Informação e Comunicação,Setic,1549,2074,"Aumentar a eficácia e a eficiência das ações do Estado mediante o uso integrado da tecnologia da informação, contribuindo para o aprimoramento da governança, do social, do meio ambiente e da excelência na disponibilização de recursos tecnológicos ao cidadão - proporcionando a inclusão social por meio da conectividade.",Taxa de Reclamação de Serviços - Central de Atendimento da SETIC,2023-07-27T00:00:00,Quantidade de reclamações acerca dos serviços prestados a outros órgãos pela central de atendimento da SETIC - índice visa cumprir o limite de 2 reclamações por mês.,2,Unidade,Un,SISTEMA GLPI,Regional,Mensal,24,24,24,,24,,24,,2024,Avaliação Indicador,2024,
39,11007,Superintendência Estadual de Tecnologia da Informação e Comunicação,Setic,1549,2074,"Aumentar a eficácia e a eficiência das ações do Estado mediante o uso integrado da tecnologia da informação, contribuindo para o aprimoramento da governança, do social, do meio ambiente e da excelência na disponibilização de recursos tecnológicos ao cidadão - proporcionando a inclusão social por meio da conectividade.",Taxa de Tempo de Reparo,2023-07-27T00:00:00,Tempo em que a Central de Atendimento da SETIC demora para realizar a conclusão de reparos solicitados por outras unidades governamentais - limite esperado de até 12 horas.,12,Hora,h,SISTEMA GLPI,Regional,Mensal,12,12,12,,12,,12,,2024,Avaliação Indicador,2024,
40,11008,Superintendência Estadual de Compras e Licitações,SUPEL,1547,2058,Gerar economia/otimização de recurso em escala através das compras públicas do estado de Rondônia e reduzir o tempo de conclusão dos processos licitatórios.,Dias de duração do processo licitatório,2023-03-01T00:00:00,"X1: Quantidade de procedimentos licitatórios realizados
X2: Soma dos dias de duração dos processos
Fórmula: X2 / X1
Resultado em média dos dias
",105,Dias,d,Relatório Anual de Licitações elaborado pela unidade,Estadual,Anual,100,85,95,,90,,85,,2024,Avaliação Indicador,2024,
41,11008,Superintendência Estadual de Compras e Licitações,SUPEL,1547,2058,Gerar economia/otimização de recurso em escala através das compras públicas do estado de Rondônia e reduzir o tempo de conclusão dos processos licitatórios.,Índice de economia/otimização de recursos alcançados através dos processos licitatórios,2023-03-01T00:00:00,"X1 = Preço médio estimado para as licitações
X2 = Valores adjudicados nas licitações
Fórmula: X2 / X1 * 100
Resultado em porcentagem (%)
",45.88,Porcentagem,%,Relatório Anual de Licitações elaborado pela unidade,Estadual,Anual,46,33,46.5,,47,,47.5,,2024,Avaliação Indicador,2024,
42,11009,Superintendência de Gestão dos Gastos Públicos Administrativos ,SUGESP,1420,2133,"Implementar 09 núcleos de projetos regionais, que realizem os diagnósticos necessários localmente e que busquem dentro de seus recursos e políticas institucionais soluções como inovações, capacitações dos colaboradores do Estado e dos municípios, a oferta de capacitação para o terceiro setor em projetos e captação de recursos e projetos inclusivos para os 52 municípios do Estado.",Capacitações técnicas para o corpo técnico responsável e Municípios com adesão aos Núcleos de Projetos Regionais.,2024-01-01T00:00:00,"1 Capacitação Mensal
12 Meses
12 * 1 = 12 Capacitações ao Ano",,Unidade,Un,Coordenação das Secretarias Executivas Regionais,Regional,Anual,12,12,12,,12,,12,,2024,Avaliação Indicador,2024,
43,11009,Superintendência de Gestão dos Gastos Públicos Administrativos ,SUGESP,1420,2133,"Implementar 09 núcleos de projetos regionais, que realizem os diagnósticos necessários localmente e que busquem dentro de seus recursos e políticas institucionais soluções como inovações, capacitações dos colaboradores do Estado e dos municípios, a oferta de capacitação para o terceiro setor em projetos e captação de recursos e projetos inclusivos para os 52 municípios do Estado.",Fomentar o Desenvolvimento Regional Sustentável do Estado de Rondônia por meio da implantação das políticas públicas e inovações com o fortalecimento das Secretarias Executivas Regionais e a implantação de 09 Núcleos de Projetos Regionais pautadas nas diretrizes do PDES.,2024-01-01T00:00:00,,0,Unidade,Un,Coordenação das Secretarias Executivas Regionais,Regional,Anual,5,5,4,,0,,0,,2024,Avaliação Indicador,2024,
44,11009,Superintendência de Gestão dos Gastos Públicos Administrativos ,SUGESP,1420,2133,"Implementar 09 núcleos de projetos regionais, que realizem os diagnósticos necessários localmente e que busquem dentro de seus recursos e políticas institucionais soluções como inovações, capacitações dos colaboradores do Estado e dos municípios, a oferta de capacitação para o terceiro setor em projetos e captação de recursos e projetos inclusivos para os 52 municípios do Estado.","Mínimo de 5 projetos com recursos garantidos por emendas, editais de chamamentos e/ou fundos por regional.",2023-07-31T00:00:00,,,Unidade,Un,Coordenação das Secretarias Executivas Regionais,Regional,Anual,5,5,5,,5,,5,,2024,Avaliação Indicador,2024,
45,11009,Superintendência de Gestão dos Gastos Públicos Administrativos ,SUGESP,1429,2128,Promover a Comunicação Governamental por meio da comunicação corporativa e publicidade.,Campanhas publicitárias veiculadas e  ações publicitárias realizadas.,2023-07-31T00:00:00,Campanhas publicitárias veiculadas e  ações publicitárias realizadas.,,Unidade,Un,Superintendencia Estadual de Comunicação - SECOM,Estadual,Anual,69,69,69,,69,,69,,2024,Avaliação Indicador,2024,
46,11009,Superintendência de Gestão dos Gastos Públicos Administrativos ,SUGESP,1429,2128,Promover a Comunicação Governamental por meio da comunicação corporativa e publicidade.,Veiculação da publicidade legal realizada,2023-07-31T00:00:00,Percentual de publicidade legal realizada,,Porcentagem,%,SUGESPE e Órgãos Vinculados,Estadual,Anual,100,100,100,,100,,100,,2024,Avaliação Indicador,2024,
47,11009,Superintendência de Gestão dos Gastos Públicos Administrativos ,SUGESP,1435,2041,"Repasse de recursos na participação de consórcios públicos, para fomentar políticas públicas para o desenvolvimento do Estado de Rondônia.",Consórcio Mantido,2023-07-31T00:00:00,Percentual de Manutenção do Consórcio,100,Porcentagem,%,SUGESPE e Órgãos Vinculados,Estadual,Anual,100,100,100,,100,,100,,2024,Avaliação Indicador,2024,
48,11009,Superintendência de Gestão dos Gastos Públicos Administrativos ,SUGESP,1459,2112,"Promover a qualidade e celeridade dos processos de atendimento; resgatar a credibilidade do cidadão no serviço público, bem como a do agente público.",Unidades Mantidas,2023-07-31T00:00:00,Percentual de execução.,,Porcentagem,%,SUGESPE e Órgãos Vinculados,Municipal,Anual,100,100,100,,100,,100,,2024,Avaliação Indicador,2024,
49,11010,Fundo Especial de Modernização Procuradoria-Geral do Estado de Rondônia,FUMORPGE,1466,2085,"Prover a Unidade da PGE de recursos orçamentários e financeiros para atender as despesas com aquisição de bens e serviços, gestão de pessoal, Operações Especiais e outras, de natureza administrativa, classificadas como despesas correntes e de capital",Indice de satisfação com as instalações físicas,2023-07-31T00:00:00,(AP/TA)X100 AP-AVALIAÇÕES POSITIVAS TA-TOTAL DE AVALIAÇÕES,0,Porcentagem,%,Pesquisa do índice de satisfação e clima organizacional do FUMOR/PGE,Estadual,Anual,70,50,71,,72,,73,,2024,Avaliação Indicador,2024,
50,11010,Fundo Especial de Modernização Procuradoria-Geral do Estado de Rondônia,FUMORPGE,1470,2110,"Promover para as Unidades Gestoras do Poder Executivo, a modernização de",Modernização de Equipamentos Tecnológicos,2023-07-31T00:00:00,(AP/TA)X100 AP-AVALIAÇÕES POSITIVAS TA-TOTAL DE AVALIAÇÕES,0,Porcentagem,%,Pesquisa do índice de satisfação e clima organizacional da FUMOR/PGE,Estadual,Anual,70,76,72,,74,,76,,2024,Avaliação Indicador,2024,
51,11013,Fundo de Investimento e Desenv. Industrial do Estado de Rondônia,Fider,1472,2000,"Proporcionar o desenvolvimento econômico do Estado de Rondônia, através do fomento e desenvolvimento das cadeias produtivas, do Empreendedorismo, promoção do desenvolvimento e ampliação do parque industrial e tecnológico do Estado através da mitigação da cultura da inovação, ciência e tecnologia.","Ambientes/Habitats de Inovação, Número de Pré-incubadoras, Número de Startups",2023-08-10T00:00:00,"Números de Ambientes/Habitats de Inovação, Número de Pré-incubadoras e Startups",39,Unidade,Un,CTI/SEDEC,Estadual,Anual,74,25,118,,162,,206,,2024,Avaliação Indicador,2024,
52,11013,Fundo de Investimento e Desenv. Industrial do Estado de Rondônia,Fider,1472,2000,"Proporcionar o desenvolvimento econômico do Estado de Rondônia, através do fomento e desenvolvimento das cadeias produtivas, do Empreendedorismo, promoção do desenvolvimento e ampliação do parque industrial e tecnológico do Estado através da mitigação da cultura da inovação, ciência e tecnologia.",Concessões de Incentivos Tributários,2023-08-09T00:00:00,Soma das Empresas Incentivadas Anualmente.,11,Unidade,Un,FIDER - CONSIC (coordenadoria consultiva de indústria e comércio),Estadual,Anual,12,20,12,,12,,12,,2024,Avaliação Indicador,2024,
53,11013,Fundo de Investimento e Desenv. Industrial do Estado de Rondônia,Fider,1472,2000,"Proporcionar o desenvolvimento econômico do Estado de Rondônia, através do fomento e desenvolvimento das cadeias produtivas, do Empreendedorismo, promoção do desenvolvimento e ampliação do parque industrial e tecnológico do Estado através da mitigação da cultura da inovação, ciência e tecnologia.","Feiras, PROFAC e Reciclagens dos Agentes de Créditos do PROAMPE",2023-08-10T00:00:00,Nº Feiras (e eventos)+Nº PROFAC+Nº Reciclagens Agentes de Créditos,21,Unidade,Un,"CODMPE, INVEST, CONSIC",Estadual,Anual,60,28,68,,74,,78,,2024,Avaliação Indicador,2024,
54,11016,Fundo Estadual de Defesa do Consumidor,Fundec,1475,2072,"Proteger e defender os consumidores nas relações de consumo orientando e fiscalizando o cumprimento da legislação consumerista, que versa sobre os direitos dos Consumidores por porte de Fornecedores de bens e serviços, bem como desenvolver atividades educativas de conscientização dos direitos e deveres dos Atores da relação de consumo, intuindo garantir o equilíbrio do mercado de consumo de forma sustentável.",Acessos ao pacote de serviços,2023-08-09T00:00:00,Número de acessos ao pacote de serviços,5000,Unidade,Un,Gerência de Fiscalização PROCON-RO,Estadual,Anual,10000,22353,15000,,20000,,30000,,2024,Avaliação Indicador,2024,
55,11016,Fundo Estadual de Defesa do Consumidor,Fundec,1475,2072,"Proteger e defender os consumidores nas relações de consumo orientando e fiscalizando o cumprimento da legislação consumerista, que versa sobre os direitos dos Consumidores por porte de Fornecedores de bens e serviços, bem como desenvolver atividades educativas de conscientização dos direitos e deveres dos Atores da relação de consumo, intuindo garantir o equilíbrio do mercado de consumo de forma sustentável.",Atendimentos realizados nas Unidades do PROCON Rondônia,2023-08-09T00:00:00,Número de Atendimentos realizados nas Unidades do PROCON Rondônia,1000,Unidade,Un,Gerência de Fiscalização PROCON-RO,Estadual,Anual,1000,39317,4000,,7000,,10000,,2024,Avaliação Indicador,2024,
56,11016,Fundo Estadual de Defesa do Consumidor,Fundec,1475,2072,"Proteger e defender os consumidores nas relações de consumo orientando e fiscalizando o cumprimento da legislação consumerista, que versa sobre os direitos dos Consumidores por porte de Fornecedores de bens e serviços, bem como desenvolver atividades educativas de conscientização dos direitos e deveres dos Atores da relação de consumo, intuindo garantir o equilíbrio do mercado de consumo de forma sustentável.",Estabelecimento Fiscalizado,2023-08-09T00:00:00,Soma de Estabelecimento Fiscalizado,2000,Unidade,Un,Gerência de Fiscalização PROCON-RO,Estadual,Anual,2000,938,4000,,5000,,8000,,2024,Avaliação Indicador,2024,
57,11017,"Fundo Estadual do Trabalho, Emprego e Renda do Estado de Rondônia",FETERO,1477,2135,"Fomentar a empregabilidade no Estado de Rondônia através da capacitação e da intermediação com o Sistema Nacional de Emprego - SINE, entre Trabalhadores e Empregadores do Estado de Rondônia. Incluir trabalhadores no mercado de trabalho, apoiar o empreendedorismo, desenvolver ações e qualificação profissional, assegurar o desempenho, modernização e ampliação da rede do SINE para efetividade da Política Pública de Trabalho, Emprego e Renda.",Contratações Efetivadas,2023-08-09T00:00:00,Número de contratações efetivadas,1082,Unidade,Un,Sine Estadual,Estadual,Anual,9000,,13000,,17000,,20000,,2024,Avaliação Indicador,2024,
58,11020,Contabilidade Geral do Estado,COGES,1449,2148,"Disseminar informações contábeis, fiscais e orçamentárias à sociedade de forma descomplicada e escalável visando o estímulo ao controle social da sociedade civil
","Entrega do balanço cidadão: Visão fiscal, contábil",2024-12-31T00:00:00,"Memória de cálculo: 1000 exemplares distribuídos em 4 anos, sendo 250 para cada exercício 2024, 2025, 2026 e 2027.",0,Unidade,Un,COGES,Estadual,Anual,250,1002,250,,250,,250,,2024,Avaliação Indicador,2024,
59,11020,Contabilidade Geral do Estado,COGES,1449,2148,"Disseminar informações contábeis, fiscais e orçamentárias à sociedade de forma descomplicada e escalável visando o estímulo ao controle social da sociedade civil
",Painéis interativos da Contabilidade Geral do Estado,2024-12-31T00:00:00,"Disponibilização de no mínimo 8 Painéis Interativos da Contabilidade Geral do Estado nos próximos anos 2024/2027, contemplando:

1.1 Disponibilização de Receitas e Despesas em tempo real;
1.2 Disponibilização dos índices de Gestão;
1.3 Disponibilização de informações contábeis, orçamentárias e patrimoniais por meio de gráficos;
",0,Unidade,Un,Diretoria Tecnologia da  Informação/COGES ,Estadual,Anual,2,,2,,2,,2,,2024,Avaliação Indicador,2024,
60,11020,Contabilidade Geral do Estado,COGES,1449,2148,"Disseminar informações contábeis, fiscais e orçamentárias à sociedade de forma descomplicada e escalável visando o estímulo ao controle social da sociedade civil
",Ranking da Qualidade da Informação Contábil ,2024-12-31T00:00:00,"Posição atual no ranking em 31 de Agosto do ano corrente.
",15,Unidade,Un,Secretaria do Tesouro Nacional - STN,Nacional,Anual,10,10,9,,8,,7,,2024,Avaliação Indicador,2024,
61,11020,Contabilidade Geral do Estado,COGES,1449,2148,"Fortalecer os controles internos e aumentar a transparência nas informações contábeis. Isso será feito por meio de uma série de ações, incluindo:

Implementação de novos sistemas e processos

Treinamento dos servidores públicos

Promoção de uma cultura de controle e transparência","A qualidade das informações contábeis é mensurada pela precisão, completude e relevância das informações contábeis.",2024-12-31T00:00:00,"Qualidade das informações contábeis = (Número de informações contábeis precisas, completas e relevantes / Total de informações contábeis) x 100
",,Porcentagem,%,Sistema de Controle Interno,Estadual,Anual,80,80,90,,95,,100,,2024,Avaliação Indicador,2024,
62,11020,Contabilidade Geral do Estado,COGES,1449,2148,"Fortalecer os controles internos e aumentar a transparência nas informações contábeis. Isso será feito por meio de uma série de ações, incluindo:

Implementação de novos sistemas e processos

Treinamento dos servidores públicos

Promoção de uma cultura de controle e transparência",Porcentagem de controles internos que estão em conformidade com as normas contábeis,2024-12-31T00:00:00,"(Número de controles internos conformes (conformidade contábil) / Total de controles
internos avaliados) x 100",,Porcentagem,%,Sistema de Controle Interno,Estadual,Anual,100,100,100,,100,,100,,2024,Avaliação Indicador,2024,
63,11020,Contabilidade Geral do Estado,COGES,1449,2148,"Fortalecer os controles internos e aumentar a transparência nas informações contábeis. Isso será feito por meio de uma série de ações, incluindo:

Implementação de novos sistemas e processos

Treinamento dos servidores públicos

Promoção de uma cultura de controle e transparência",Tempo médio de resposta às demandas de informações contábeis,2024-12-31T00:00:00,"(Soma dos tempos de resposta às demandas de informações contábeis / Número de demandas de informações contábeis)
",,Dias,d,Sistema de Controle Interno,Estadual,Anual,5,5,3,,2,,1,,2024,Avaliação Indicador,2024,
64,11020,Contabilidade Geral do Estado,COGES,1449,2148,"Melhorar a gestão financeira e orçamentária do Estado de Rondônia por meio da continuidade da implantação, evolução e sustentação do SIGEF/RO.
",Taxa de sucesso das integrações do SIGEF com os demais sistemas do estado.,2024-12-31T00:00:00,"(Número de integrações bem sucedidas do SIGEF /RO /Total de integrações realizadas) x 100

(Número de usuários satisfeitos com os sistemas integrados / Número total de usuários) x 100

A taxa de sucesso das integrações é um indicador importante da qualidade do SIGEF /RO. 

",,Porcentagem,%,SIGEF,Estadual,Anual,90,90,95,,98,,99,,2024,Avaliação Indicador,2024,
65,11022,Junta Comercial do Estado de Rondônia,Jucer,1546,1260,O objetivo do programa é a redução da burocracia a simplificação e automatização dos processos de registro e legalização de empresas para redução do tempo e custo do processo de legalização para estimular a abertura de novos negócios e a redução da informalidade propiciando desenvolvimento econômico sustentável e geração de emprego e renda.,Tempo de Registro de Empresa,2023-06-30T00:00:00,Tempo de registro desde o protocolo do processo na Junta Comercial até a geração do CNPJ.,4.5,Hora,h,Empresafacil/Redesim/RO,Estadual,Mensal,4,6,3,,2,,1.5,,2024,Avaliação Indicador,2024,
66,11023,Instituto de Pesos e Medidas do Estado de Rondônia,IPEM,1572,2051,"por meio da verificação e fiscalização metrológica e da qualidade a justa concorrência entre as empresas, proteger as relações comerciais da indústria com o comércio e deste com o consumidor final. As ações previstas são: a) verificação metrológica; b) inspeção e medição em mercadorias pré-medidas para avaliação da conformidade; ",Alcance da fiscalização e verificação metrológica em todo Estado,2024-02-05T00:00:00,"o comportamento do crescimento do mercado, condiciona o aumento da demanda de fiscalizações. portanto considera-se variável o índice esperado ao longo do PPA.",0,Porcentagem,%,quantidade de fiscalizações realizadas - Metas INMETRO,Estadual,Semestral,60,244,70,,75,,85,,2024,Avaliação Indicador,2024,
67,11023,Instituto de Pesos e Medidas do Estado de Rondônia,IPEM,1619,2177,"Construções de novas instalações dos laboratórios e ambientes de trabalho em conformidade com as atribuições delegadas pelo INMETRO, implementação de novos ramos de atuação da fiscalização no Estado de Rondônia,",CONSTRUÇÃO DE SEDE DO IPEM ,2024-04-11T00:00:00,"Considerando as várias fases para realização de uma obra, que iniciará a contar da realização do projeto de construção. Planejamento de execução, definição dos recursos, licitação e demais fases até a conclusão.",,Porcentagem,%,fases da execução - desde o projeto de engenharia até a finalização da obra,Estadual,Trimestral,5,0,10,,40,,45,,2024,Avaliação Indicador,2024,
68,11025,Departamento Estadual de Estradas de Rodagem e Transportes,DER,1580,2057,"Desenvolver estudos, elaboração de projetos, acompanhamento e fiscalização da execução direta e indireta de obras e serviços de engenharia que se fizer necessários na implantação da infraestrutura municipal, com pavimentação, recuperação e drenagem como forma de melhorias e desenvolvimento dos municípios.
",Municípios Beneficiados,2023-08-18T00:00:00,Somatório de Municípios atendidos.,8,Unidade,Un,Gerência de Convênios e Convênios de Pavimentação Urbana,Municipal,Anual,18,8,20,,24,,28,,2024,Avaliação Indicador,2024,
69,11025,Departamento Estadual de Estradas de Rodagem e Transportes,DER,1581,2106,Promover melhoria da infraestrutura de transporte rodoviária através da execução de manutenção e recuperação das rodovias não pavimentadas integrantes do Sistema Rodoviário Estadual – SRE nos termos do Decreto n.º 22.474 de 14 de dezembro de 2017.,Índice de rodovias do SER (RO) mantidas ou recuperadas - IREMR ,2023-08-18T00:00:00,Somatórios dos quilômetros executados.,3456.81,Kilometro,Km,Coordenadoria de Fiscalização e Obras,Estadual,Anual,3802.49,5611.24,4182.73,,4601,,5061.1,,2024,Avaliação Indicador,2024,
70,11025,Departamento Estadual de Estradas de Rodagem e Transportes,DER,1581,2106,Promover melhoria da infraestrutura de transporte rodoviária através da execução de pavimentação asfáltica das rodovias integrantes do Sistema Rodoviário Estadual – SRE nos termos do Decreto n.º 22.474 de 14 de dezembro de 2017.,Índice de rodovias do SER (RO) pavimentadas.,2023-08-18T00:00:00,Somatório dos quilômetros realizados com pavimentação asfáltica.,79.61,Kilometro,Km,Coordenadoria de Usinas de Asfalto,Estadual,Anual,40.72,29.61,43.1,,45.56,,48.2,,2024,Avaliação Indicador,2024,
71,11025,Departamento Estadual de Estradas de Rodagem e Transportes,DER,1597,2179,"Promover o gerenciamento dos recursos mediante convênios com órgãos da esfera federal, na forma da lei vigente, visando garantir a execução dos seus objetivos e metas propostas e gerir Transferências voluntárias para organismos municipais, entidades e outros.",Instrumentos celebrados,2023-08-18T00:00:00,Somatórios dos instrumentos celebrados com o Governo Federal + Somatório de instrumentos celebrados com entes municipais.,9,Unidade,Un,Relatório de gestão do DER,Estadual,Anual,18,125,23,,27,,30,,2024,Avaliação Indicador,2024,
72,11025,Departamento Estadual de Estradas de Rodagem e Transportes,DER,1598,2180,"Por meio de contratos administrativos, segurança armada, bem como com melhorias de infra estruturas com construção, ampliação e manutenção dos aeroportos e aeródromos sob administração do Estado.",Unidades aeroportuárias mantidas e atendidas com investimentos.,2023-08-18T00:00:00,Somatório das unidades aeroportuárias mantidas e atendidas com investimentos.,7,Unidade,Un,Coordenadoria de Infraestrutura Aeroportuária,Estadual,Anual,7,7,7,,7,,7,,2024,Avaliação Indicador,2024,
73,11025,Departamento Estadual de Estradas de Rodagem e Transportes,DER,1606,2181,"Por meio de parcerias, termo de cooperação firmado entre os entes atuar de forma direta no apoio e suporte das demandas de infraestrutura.",Índice de parcerias e termos de cooperação para infraestrutura,2023-08-18T00:00:00,Somatório de atendimentos especiais efetuados para unidades e poderes.,3,Unidade,Un,Coordenadoria de Fiscalização e Obras,Estadual,Anual,4,,6,,8,,10,,2024,Avaliação Indicador,2024,
74,11026,Agência de Regulação de Serviços Públicos Delegados do Estado de Rondônia,Agero,1455,2012,"O programa finalístico 2012 tem por objetivo dar cobertura às ações executadas pela autarquia no que tange às atividades de fiscalização e normatização dos serviços públicos delegados do Estado de Rondônia, abrangidos pela Lei Complementar n.º 826, de 09/07/2015, no âmbito do Estado de Rondônia. ",Normatização e Fiscalização dos Serviços Públicos Delegados,2022-12-30T00:00:00,"A = Quantidade de Fiscalizações Programadas
B = Quantidade de Demandas do MP-RO
C = Quantidade de Denúncias de Usuários
P = Percentual de Ações a Serem Desenvolvidas no Exercício
Então, tem-se a fórmula do indicador:
P = [(A+B+C)/100] x 100 ",100,Porcentagem,%,Média dos anos anteriores,Estadual,Anual,100,100,100,,100,,100,,2024,Avaliação Indicador,2024,
75,11033,Fundação Rondônia de Amparo ao Desenv. das Ações Cient. e Tecnol. e a Pesq. do Est de Rondônia ,Fapero,1463,2086,"Estabelecer a Ciência, Tecnologia e Inovação como ponto central da promoção do desenvolvimento do Estado de Rondônia e contribuir para o aumento da competitividade do Estado, objetivando a redução da desigualdade intra e inter-regional, a preservação do meio ambiente e o combate à pobreza, por meio do desenvolvimento científico e tecnológico e do fomento e da atuação estratégica, coordenada e planejada dos atores de CT&I, com uma visão de médio a longo prazo, preparando Rondônia para enfrentar os desafios atuais e futuros que se apresentam em uma sociedade cada vez mais conectada e pautada no Conhecimento. Desta forma o Programa visa fomentar e induzir a pesquisa científica e a inovação tecnológica do estado, apoiando, com ideias, práticas e iniciativas de Ciência e Tecnologia, as estratégias de desenvolvimento de Rondônia.",Índice CLP,2021-01-01T00:00:00,Colocação no índice CLP-Inovação em 2021 comparado ao índice de 2027,19,Unidade,Un,Ranking de competitividade do Centro de Liderança Politica CLP,Nacional,Anual,17,15,16,,15,,15,,2024,Avaliação Indicador,2024,
76,11033,Fundação Rondônia de Amparo ao Desenv. das Ações Cient. e Tecnol. e a Pesq. do Est de Rondônia ,Fapero,1688,2098, Promover o Licenciamento Ambiental no Estado de Rondônia.,Número de Autorização Florestais.,2022-12-30T00:00:00,Quantidade de Autorizações Florestais (PMFS+PEF+AUMPF+LC+ASV) Emitidas no Ano.,213,Unidade,Un,SEDAM/CODEF,,,200,,210,,220,,230,,2024,Avaliação Indicador,2024,
77,11033,Fundação Rondônia de Amparo ao Desenv. das Ações Cient. e Tecnol. e a Pesq. do Est de Rondônia ,Fapero,1688,2098, Promover o Licenciamento Ambiental no Estado de Rondônia.,Número de Licenças Ambientais Emitidas,2022-12-31T00:00:00,Número de Licenças Ambientais Emitidas no ano.,2568,Unidade,Un,SEDAM/COLMAM,,,2568,,2568,,2568,,2568,,2024,Avaliação Indicador,2024,
78,11033,Fundação Rondônia de Amparo ao Desenv. das Ações Cient. e Tecnol. e a Pesq. do Est de Rondônia ,Fapero,1688,2098, Promover o Licenciamento Ambiental no Estado de Rondônia.,Número de Pareceres Técnicos de Licenciamento Ambiental Emitidos,2022-12-31T00:00:00,Número de Parecer Técnicos de Licenciamento Ambiental Emitidos emitidos no ano.,3880,Unidade,Un,SEDAM/COLMAM,,,3880,,3880,,3880,,3880,,2024,Avaliação Indicador,2024,
79,11033,Fundação Rondônia de Amparo ao Desenv. das Ações Cient. e Tecnol. e a Pesq. do Est de Rondônia ,Fapero,1688,2098, Promover o Licenciamento Ambiental no Estado de Rondônia.,Número de Produção Legal de Madeira.,2022-12-31T00:00:00,"Volume de madeira em m3 dos projetos PMFS+PEF+AUMPF+LC , onde: PMFS = Plano de Manejo Florestal Sustentável; PEF = Plano de Exploração Florestal para Uso Alternativo do Solo; AUMPF = Autorizações de Utilização de Matéria-Prima Florestal, e; LC = Projetos de Levantamento Circunstanciado.",1000000,Metro Cúbico,m³,SEDAM/CODEF,,,1050000,,1100000,,1150000,,1200000,,2024,Avaliação Indicador,2024,
80,11033,Fundação Rondônia de Amparo ao Desenv. das Ações Cient. e Tecnol. e a Pesq. do Est de Rondônia ,Fapero,1688,2098, Promover o Licenciamento Ambiental no Estado de Rondônia.,Quantidade de Área de Vegetação de Suprimida Legalmente.,2022-12-31T00:00:00,"(PEF+ASV) = Área suprimida (ha), onde: PEF = Plano de Exploração Florestal para Uso Alternativo do Solo e ASV = Autorização de Supressão Vegetal.",5000,Hectare,ha,SEDAM/CODEF,,,6000,,6500,,7000,,7500,,2024,Avaliação Indicador,2024,
81,11033,Fundação Rondônia de Amparo ao Desenv. das Ações Cient. e Tecnol. e a Pesq. do Est de Rondônia ,Fapero,1688,2098,Promover o Monitoramento Ambiental no Estado de Rondônia.,Número de Alertas Climáticos Emitidos.,2023-08-15T00:00:00,Quantidade de Alertas Climáticos Emitidos no Ano.,2,Unidade,Un,SEDAM/COGEO,,,2,,2,,2,,2,,2024,Avaliação Indicador,2024,
82,11033,Fundação Rondônia de Amparo ao Desenv. das Ações Cient. e Tecnol. e a Pesq. do Est de Rondônia ,Fapero,1688,2098,Promover o Monitoramento Ambiental no Estado de Rondônia.,Número de Alertas Hidrológicos Emitidos.,2023-08-15T00:00:00,Quantidade  de Alertas Hidrológicos Emitidos no Ano.,4,Unidade,Un,SEDAM/COGEO,,,4,,4,,4,,4,,2024,Avaliação Indicador,2024,
83,11033,Fundação Rondônia de Amparo ao Desenv. das Ações Cient. e Tecnol. e a Pesq. do Est de Rondônia ,Fapero,1688,2098,Promover o Monitoramento Ambiental no Estado de Rondônia.,Número de Alertas Meteorológicos Emitidos.,2022-12-31T00:00:00,Número de Alertas Meteorológicos Emitidos no Ano. ,50,Unidade,Un,SEDAM/COGEO,,,50,,50,,50,,50,,2024,Avaliação Indicador,2024,
84,11033,Fundação Rondônia de Amparo ao Desenv. das Ações Cient. e Tecnol. e a Pesq. do Est de Rondônia ,Fapero,1688,2098,Promover o Monitoramento Ambiental no Estado de Rondônia.,Número de Boletins Hidrometeorológicos Mensais Emitidos.,2023-08-15T00:00:00,Quantidade de Boletins Hidrometeorológicos Mensais Emitidos no Ano.,12,Unidade,Un,SEDAM/COGEO,,,12,,12,,12,,12,,2024,Avaliação Indicador,2024,
85,11033,Fundação Rondônia de Amparo ao Desenv. das Ações Cient. e Tecnol. e a Pesq. do Est de Rondônia ,Fapero,1688,2098,Promover o Monitoramento Ambiental no Estado de Rondônia.,Número de Boletins Hidrometeorológicos Semanais Emitidos.,2023-08-15T00:00:00,Quantidade de Boletins Hidrometeorológicos Semanais Emitidos no Ano.,137,Unidade,Un,SEDAM/COGEO,,,137,,137,,137,,137,,2024,Avaliação Indicador,2024,
86,11033,Fundação Rondônia de Amparo ao Desenv. das Ações Cient. e Tecnol. e a Pesq. do Est de Rondônia ,Fapero,1688,2098,Promover o Monitoramento Ambiental no Estado de Rondônia.,Número de Cartas Imagens Emitidas.,2022-12-31T00:00:00,Quantidade de Cartas Imagens Emitidas no Ano.,1265,Unidade,Un,SEDAM/COGEO,,,1265,,1265,,1265,,1265,,2024,Avaliação Indicador,2024,
87,11033,Fundação Rondônia de Amparo ao Desenv. das Ações Cient. e Tecnol. e a Pesq. do Est de Rondônia ,Fapero,1688,2098,Promover o Monitoramento Ambiental no Estado de Rondônia.,Número de Empreendimentos com Atividades Potencialmente Poluidoras Monitorados,2022-12-31T00:00:00,Quantidade de empreendimentos com atividades potencialmente poluidoras monitoradas no ano + Quantidade de empreendimentos com atividades potencialmente poluidoras monitoradas no ano anterior.,180,Unidade,Un,SEDAM/COLMAM,,,185,,191,,197,,203,,2024,Avaliação Indicador,2024,
88,11033,Fundação Rondônia de Amparo ao Desenv. das Ações Cient. e Tecnol. e a Pesq. do Est de Rondônia ,Fapero,1688,2098,Promover o Monitoramento Ambiental no Estado de Rondônia.,Número de Laudos de Valoração do Dano Ambiental Emitidos.,2022-12-31T00:00:00,Quantidade de Laudos de Valoração do Dano Ambiental Emitidos no Ano.,96,Unidade,Un,SEDAM/COGEO,,,96,,96,,96,,96,,2024,Avaliação Indicador,2024,
89,11033,Fundação Rondônia de Amparo ao Desenv. das Ações Cient. e Tecnol. e a Pesq. do Est de Rondônia ,Fapero,1688,2098,Promover o Monitoramento Ambiental no Estado de Rondônia.,Número de Monitor de Seca Emitidos e Validados.,2022-12-31T00:00:00,Quantidade de Análises e Validações para o Monitor de Seca. Fonte: Agência Nacional de Águas - ANA.,12,Unidade,Un,SEDAM/COGEO,,,12,,12,,12,,12,,2024,Avaliação Indicador,2024,
90,11033,Fundação Rondônia de Amparo ao Desenv. das Ações Cient. e Tecnol. e a Pesq. do Est de Rondônia ,Fapero,1688,2098,Promover o Monitoramento Ambiental no Estado de Rondônia.,Número de Vistorias de Monitoramento Florestal Realizadas.,2023-08-11T00:00:00,Quantidade de Vistorias de Monitoramento Florestal Realizadas no Ano.,40,Unidade,Un,SEDAM/CODEF,,,30,,35,,40,,45,,2024,Avaliação Indicador,2024,
91,11033,Fundação Rondônia de Amparo ao Desenv. das Ações Cient. e Tecnol. e a Pesq. do Est de Rondônia ,Fapero,1688,2098,"Reduzir o desmatamento ilegal e os incêndios florestais no território de Rondônia.
 ", Número de Operações de Fiscalização Ambiental Realizadas,2022-12-31T00:00:00,Quantidade de Operações de Fiscalização Ambiental Realizadas no Ano.,29,Unidade,Un,SEDAM/DIREX/GAB ,,,30,,30,,30,,30,,2024,Avaliação Indicador,2024,
92,11033,Fundação Rondônia de Amparo ao Desenv. das Ações Cient. e Tecnol. e a Pesq. do Est de Rondônia ,Fapero,1688,2098,"Reduzir o desmatamento ilegal e os incêndios florestais no território de Rondônia.
 ",Área desmatada no estado de Rondônia.,2022-11-30T00:00:00,"As taxas anuais de desmatamento são estimadas em quilometro quadrado (km2), mensuradas anualmente pelo sistema de alerta de desmatamento DETER-INPE. A meta esperada ao longo do PPA foi definida com base na redução de 25% do índice de referência.",1512,Kilometro,Km,INPE,,,1417,,1322,,1227,,1134,,2024,Avaliação Indicador,2024,
93,11033,Fundação Rondônia de Amparo ao Desenv. das Ações Cient. e Tecnol. e a Pesq. do Est de Rondônia ,Fapero,1688,2098,"Reduzir o desmatamento ilegal e os incêndios florestais no território de Rondônia.
 ",Número de ações preventivas de educação ambiental.,2023-07-31T00:00:00,Número de ações realizadas nas dez microrregiões do estado de Rondônia.,118,Unidade,Un,CEAM/SEDAM,,,265,,270,,275,,280,,2024,Avaliação Indicador,2024,
94,11033,Fundação Rondônia de Amparo ao Desenv. das Ações Cient. e Tecnol. e a Pesq. do Est de Rondônia ,Fapero,1688,2098,"Reduzir o desmatamento ilegal e os incêndios florestais no território de Rondônia.
 ",Número de Áreas Embargadas.,2022-12-31T00:00:00,Quantidade de Áreas Embargadas no Ano.,259,Unidade,Un,SEDAM/DIREX/GAB,,,259,,259,,259,,259,,2024,Avaliação Indicador,2024,
95,11033,Fundação Rondônia de Amparo ao Desenv. das Ações Cient. e Tecnol. e a Pesq. do Est de Rondônia ,Fapero,1688,2098,"Reduzir o desmatamento ilegal e os incêndios florestais no território de Rondônia.
 ",Número de Atendimento de Denúncias Realizados.,2022-12-31T00:00:00,Quantidade de Atendimento de Denúncias Realizados no Ano.,406,Unidade,Un,SEDAM/DIREX/GAB ,,,406,,406,,406,,406,,2024,Avaliação Indicador,2024,
96,11033,Fundação Rondônia de Amparo ao Desenv. das Ações Cient. e Tecnol. e a Pesq. do Est de Rondônia ,Fapero,1688,2098,"Reduzir o desmatamento ilegal e os incêndios florestais no território de Rondônia.
 ",Número de Autos de Infração Emitidos.,2023-08-14T00:00:00,Quantidade de Autos de Infração Emitidos no Ano.,1878,Unidade,Un,SEDAM/DIREX/GAB,,,1878,,1878,,1878,,1878,,2024,Avaliação Indicador,2024,
97,11033,Fundação Rondônia de Amparo ao Desenv. das Ações Cient. e Tecnol. e a Pesq. do Est de Rondônia ,Fapero,1688,2098,"Reduzir o desmatamento ilegal e os incêndios florestais no território de Rondônia.
 ",Número de Boletins Sobre Focos de Calor Emitidos.,2023-08-15T00:00:00,Número de Boletins Sobre Focos de Calor Emitidos no Ano.,52,Unidade,Un,SEDAM/CODEF,,,52,,52,,52,,52,,2024,Avaliação Indicador,2024,
98,11033,Fundação Rondônia de Amparo ao Desenv. das Ações Cient. e Tecnol. e a Pesq. do Est de Rondônia ,Fapero,1688,2098,"Reduzir o desmatamento ilegal e os incêndios florestais no território de Rondônia.
 ",Número de Focos de Calor no território de Rondônia.,2022-12-31T00:00:00,Quantidade de focos de calor no ano. A meta esperada ao longo do PPA foi definida com base na redução de   25% do índice de referência. Fonte: db_queimadas/INPE satélite de referência NPP-375.,78457,Unidade,Un,INPE,,,73553,,68649,,63745,,58843,,2024,Avaliação Indicador,2024,
99,13001,"Secretaria de Estado do Planejamento, Orçamento e Gestão",Sepog,1600,2178,"Elaborar e executar programas de formação inicial, aperfeiçoamento de carreiras desenvolvimento tecnico gerencial e de capacitação permanente de agentes públicos. ",Certificados emitidos,2023-06-30T00:00:00,Soma dos certificados emitidos,0,Unidade,Un,SEPOG-DEDP,Estadual,Anual,12600,7662,12600,,12600,,12600,,2024,Avaliação Indicador,2024,
100,13001,"Secretaria de Estado do Planejamento, Orçamento e Gestão",Sepog,1631,2184,"Subsidiar os órgãos da administração direta estadual com informações, relatórios, instrumentos e apoio técnico.",Instrumentos publicados,2023-07-27T00:00:00,Soma de instrumentos publicados,0,Unidade,Un,SEPOG-CPG,Estadual,Anual,30,44,3,,3,,3,,2024,Avaliação Indicador,2024,
101,13006,Superintendência Estadual de Gestão de Pessoas,Segep,1589,2097,Propiciar as condições administrativas para a execução dos programas e projetos administrativos e da promoção de qualidade de vida e gestão de pessoas do Estado de Rondônia. ,Capacitações contratadas,2024-01-01T00:00:00,Número de capacitações contratadas,10,Unidade,Un,Superintendência Estadual de Gestão de Pessoas,Estadual,Anual,10,1,10,,10,,10,,2024,Avaliação Indicador,2024,
102,14001,Secretaria de Estado de Finanças,Sefin,1555,2007,"Promover o incremento da receita estadual, gerando como resultado uma elevação nos índices de arrecadação e 
contribuindo para o aperfeiçoamento da justiça e educação fiscal",Incremento Percentual na Receita Estadual,2023-07-24T00:00:00,[(Receita Estadual do ano corrente - Receita Estadual do ano anterior) / Receita Estadual do ano anterior] x 100,8.5,Porcentagem,%,CRE - COORDENADORIA DA RECEITA ESTADUAL,Estadual,Anual,8.5,11.95,8.5,,8.5,,8.5,,2024,Avaliação Indicador,2024,
103,14001,Secretaria de Estado de Finanças,Sefin,1583,2008,"""Melhorar no planejamento e transparência da gestão; Oportunizar a prevenção de riscos e distorções na execução do orçamento;
Minimizar riscos ao equilíbrio das contas públicas; Reduzir o déficit primário ou aumentar o superávit primário""
",Percentual do orçamento executado(Liquidado/Empenhado).			,2023-07-25T00:00:00,"Taxa de execução= (Valor Liquidado / Valor Empenhado)*100			
",90.73,Porcentagem,%,SIGEF,Estadual,Anual,92,,95,,95.5,,95.5,,2024,Avaliação Indicador,2024,
104,14011,Fundo para Infraestrutura de Transporte e Habitação,FITHA,1596,2106,"Promover melhoria da infraestrutura de transporte rodoviária através da execução de manutenção e recuperação das rodovias não pavimentadas integrantes do Sistema Rodoviário Estadual – SRE nos termos do Decreto n.º 22.474 de 14 de dezembro de 2017.
",Índice de rodovias do SER (RO) mantidas ou recuperadas - IREMR ,2023-08-21T00:00:00,Somatórios dos quilômetros executados.,3456.81,Kilometro,Km,Coordenadoria de Fiscalização e Obras,Estadual,Anual,3802.49,5611.24,4182.73,,4601,,5061.1,,2024,Avaliação Indicador,2024,
105,14011,Fundo para Infraestrutura de Transporte e Habitação,FITHA,1596,2106,"Promover melhoria da infraestrutura de transporte rodoviária através da execução de pavimentação asfáltica, manutenção e recuperação das rodovias integrantes do Sistema Rodoviário Estadual – SRE nos termos do Decreto nº 22.474 de 14 de dezembro de 2017.
",Índice de rodovias do SER (RO) pavimentadas.,2023-08-21T00:00:00,Somatório dos quilômetros realizados com pavimentação asfáltica.,79.61,Kilometro,Km,Coordenadoria de Usinas de Asfalto,Estadual,Anual,40.72,29.61,43.1,,45.56,,48.2,,2024,Avaliação Indicador,2024,
106,14012,Fundo de Desenvolvimento e Aperfeiçoamento da Administração Tributária ,Fundat,1626,2139,"Promover às unidades gestoras do Poder Executivo a modernização da gestão, por meios de reestruturação 
administrativa, gerenciamento institucional, gestão orientada para resultados, desenho institucional, simplificação de 
processos, implementação de projetos estratégicos, formação de recursos humanos e gestão por competências, objetivando a eficiência, eficácia e 
efetividade das unidades em geral.",Percentual de Execução Orçamentária,2023-07-28T00:00:00,Percentual de execução = (Valor liquidado / Valor empenhado) * 100 ,66.64,Porcentagem,%,SIGEF,Estadual,Anual,70,65.48,72,,74,,76,,2024,Avaliação Indicador,2024,
107,14023,Instituto de Previdência dos Servidores Públicos do Estado de Rondônia,Iperon,1535,2173,"Desenvolver estudos, projetos para futura execução de obras e serviços de engenharia que se fizer necessários para a construção do prédio sede do Iperon.",Relatório técnico de viabilidade do projeto de construção da nova SEDE do IPERON.,2023-08-10T00:00:00,Somatório de estudo de viabilidade realizado,0,Unidade,Un,Diretoria de Administração e Finanças - Iperon,Estadual,Anual,1,0.5,0,,0,,0,,2024,Avaliação Indicador,2024,
108,14023,Instituto de Previdência dos Servidores Públicos do Estado de Rondônia,Iperon,1535,2173,"Proporcionar aos representantes legais (gestores, presidentes e membros do comitê  de investimento), suporte técnico qualificado para acompanhar e auxiliar  na gestão de investimentos e metas atuarias de forma eficaz e com maior segurança.",Relatórios para auxiliar na gestão de investimentos e metas atuariais,2023-01-01T00:00:00,Somatório de relatórios mensais entregues no ano,12,Unidade,Un,Coordenadoria de Investimento - Iperon,Estadual,Mensal,12,12,12,,12,,12,,2024,Avaliação Indicador,2024,
109,14023,Instituto de Previdência dos Servidores Públicos do Estado de Rondônia,Iperon,1535,2173,"Proporcionar aos representantes legais: gestores, presidentes dos poderes, órgãos autônomos e colegiados, nas tomadas de decisões  juntamente com o atuário  elegendo as hipóteses biométricas, demográficas, econômicas e financeiras adequadas às características da massa de segurados e de seus dependentes ao correto dimensionamento dos compromissos futuros do Regime Próprio de Previdência Social – RPPS,  contendo soluções para equacionar os eventuais desequilíbrios verificados, de forma a possibilitar sua sustentabilidade 
",Relatório de Consultoria e Assessoria em Gestão atuarial por benefício.,2023-08-11T00:00:00,somatório de relatório sobre o cálculo atuarial realizado. ,1,Unidade,Un,Coordenadoria de Planejamento e Gestão Estratégica - COOPLAG-IPERON,Estadual,Anual,1,1,1,,1,,1,,2024,Avaliação Indicador,2024,
110,15001,"Secretaria de Estado de Segurança, Defesa e Cidadania",Sesdec,1501,2166,"Implementar a execução de mecanismos de prevenção e repressão à criminalidade, reduzindo os indicadores de homicídio doloso por 100 mil habitantes nas áreas urbanas e rurais.",Taxa de Homocidios Dolosos por 100.000 habitantes,2022-12-31T00:00:00,"Taxa Homocidios Dolosos por 100.000 habitantes = (Nº ocorrências x 100.000) / população

Onde:

Nº Ocorrências = Homicídio(s) Doloso(s) + Feminicídio (Fonte: Portal do Observatório do Estado de Rondônia - http://observatorio.sepog.ro.gov.br/)
População do Estado (Fonte IBGE - https://cidades.ibge.gov.br/brasil/ro/panorama)
",31.75,Unidade,Un,GEI/SESDEC,Estadual,Anual,31.5,23.9,31.25,,31,,30.75,,2024,Avaliação Indicador,2024,
111,15003,Polícia Civil,PC,1508,2110,Ampliar a quantidade de Equipamentos (Computadores) existentes e criar a rede de dados nas unidades da Polícia Civil,Ampliar a quantidade de Equipamentos (Computadores) existentes,2023-08-01T00:00:00,Número de Equipamentos Atualizados Existentes (Computadores),15,Porcentagem,%,Levantamento de Dados DETEINF,Estadual,Anual,25,,25,,25,,10,,2024,Avaliação Indicador,2024,
112,15003,Polícia Civil,PC,1508,2110,Ampliar a quantidade de Equipamentos (Computadores) existentes e criar a rede de dados nas unidades da Polícia Civil,Implantar a Segurança de Rede Firewalls na Polícia Civil,2023-08-01T00:00:00,Percentual de unidades com rede Implantar a Segurança de Rede Firewalls na Polícia Civil implantada ,0,Porcentagem,%,Levantamento de Dados DETEINF,Estadual,Anual,25,,25,,25,,25,,2024,Avaliação Indicador,2024,
113,15003,Polícia Civil,PC,1648,2166,Reduzir o número de crimes de homicídio no Estado de Rondônia,Índice de Homicídios Dolosos,2022-12-31T00:00:00,Número de Homicídios Dolosos X 100.000 / População Estadual,31.8,1/100.000,1/100.000,Anuário Brasileiro de Segurança Pública,Estadual,Anual,29,25.24,28,,27,,26,,2024,Avaliação Indicador,2024,
114,15004,Corpo de Bombeiro Militar,CBM,1526,2103,"Ampliar, reformar e construir novas estruturas físicas nas Unidades dos quartéis do Corpo de Bombeiros Militar",Obras e Construções,2023-07-31T00:00:00,Soma das áreas construidas em m² com a fonte 500,2000,Metro Quadrado,m²,CAT,Estadual,Anual,1000,50,1000,,0,,0,,2024,Avaliação Indicador,2024,
115,15004,Corpo de Bombeiro Militar,CBM,1526,2103,Equipar e aparelhar as unidades Bombeiro Militar com equipamentos e materiais permanentes,Quantidade de unidades de equipamentos,2023-07-31T00:00:00,Somo das unidades de equipamentos e materiais adquiridos com recursos da fonte 500,20,Unidade,Un,CPOF,Estadual,Anual,10,,10,,0,,0,,2024,Avaliação Indicador,2024,
116,15004,Corpo de Bombeiro Militar,CBM,1697,2193,Gestão de riscos e desastres,Ações realizadas ,2024-09-13T00:00:00,Somatório de ações da defesa civil realizados em uma ano ,0,Unidade,Un,CORPO DE BOMBEIROS MILITAR DO ESTADO DE RONDÔNIA,Estadual,Anual,1,1,1,,1,,1,,2024,Avaliação Indicador,2024,
117,15005,Polícia Militar,PM,1602,2182,"Aumentar a percepção de segurança da população no Estado, por meio da atuação ostensiva e preventiva da Polícia Militar de Rondônia em todas as localidades em que se faz presente, levando em conta ser a instituição de maior capilaridade no Estado. Além do mais, visa também promover a disseminação da doutrina de Polícia Comunitária, Direitos Humanos e Gestão pela Qualidade, com a finalidade de ampliar a eficácia, a eficiência e a efetividade dos serviços públicos prestados à população.",Aquisição de equipamentos de informática para substituição daqueles que funcionam em nível precário e sejam inviáveis de serem recuperados.,2023-07-31T00:00:00,,1000,Porcentagem,%,POLICIA MILITAR,Estadual,Anual,25,,25,,25,,25,,2024,Avaliação Indicador,2024,
118,15005,Polícia Militar,PM,1602,2182,"Aumentar a percepção de segurança da população no Estado, por meio da atuação ostensiva e preventiva da Polícia Militar de Rondônia em todas as localidades em que se faz presente, levando em conta ser a instituição de maior capilaridade no Estado. Além do mais, visa também promover a disseminação da doutrina de Polícia Comunitária, Direitos Humanos e Gestão pela Qualidade, com a finalidade de ampliar a eficácia, a eficiência e a efetividade dos serviços públicos prestados à população.",Aquisição de insumos materiais e serviços de reparo e manutenção necessários para a sustentação da mobilidade tanto administrativa quanto operacional.,2023-07-31T00:00:00,,14500000,Real,R$,POLICIA MILITAR,Regional,Anual,100,,100,,100,,100,,2024,Avaliação Indicador,2024,
119,15005,Polícia Militar,PM,1602,2182,"Aumentar a percepção de segurança da população no Estado, por meio da atuação ostensiva e preventiva da Polícia Militar de Rondônia em todas as localidades em que se faz presente, levando em conta ser a instituição de maior capilaridade no Estado. Além do mais, visa também promover a disseminação da doutrina de Polícia Comunitária, Direitos Humanos e Gestão pela Qualidade, com a finalidade de ampliar a eficácia, a eficiência e a efetividade dos serviços públicos prestados à população.","Aquisição de insumos materiais e tecnológicos e contratação de serviços necessários para a sustentação dos processos de publicidade, propaganda institucional.",2023-07-31T00:00:00,,1665222,Porcentagem,%,POLICIA MILITAR,Estadual,Anual,3,,5,,8,,15,,2024,Avaliação Indicador,2024,
120,15005,Polícia Militar,PM,1602,2182,"Aumentar a percepção de segurança da população no Estado, por meio da atuação ostensiva e preventiva da Polícia Militar de Rondônia em todas as localidades em que se faz presente, levando em conta ser a instituição de maior capilaridade no Estado. Além do mais, visa também promover a disseminação da doutrina de Polícia Comunitária, Direitos Humanos e Gestão pela Qualidade, com a finalidade de ampliar a eficácia, a eficiência e a efetividade dos serviços públicos prestados à população.",Aquisições de insumos materiais e tecnológicos e contratação de serviços de engenharia necessários para a realização de obras e serviços de construção e/ou ampliação de aquartelamentos.,2023-07-31T00:00:00,,1500,Metro Quadrado,m²,POLICIA MILITAR,Estadual,Anual,1500,,1500,,2500,,2500,,2024,Avaliação Indicador,2024,
121,15005,Polícia Militar,PM,1602,2182,"Aumentar a percepção de segurança da população no Estado, por meio da atuação ostensiva e preventiva da Polícia Militar de Rondônia em todas as localidades em que se faz presente, levando em conta ser a instituição de maior capilaridade no Estado. Além do mais, visa também promover a disseminação da doutrina de Polícia Comunitária, Direitos Humanos e Gestão pela Qualidade, com a finalidade de ampliar a eficácia, a eficiência e a efetividade dos serviços públicos prestados à população.","Indenização ao policial militar empregado no policiamento ostensivo no horário da folga regulamentar, em conformidade com o artigo 2º da Lei 4.219 de 18 de dezembro de 2017.",2023-07-31T00:00:00,,16053,Unidade,Un,POLICIA MILITAR,Estadual,Anual,16053,,17658,,19424,,21366,,2024,Avaliação Indicador,2024,
122,15005,Polícia Militar,PM,1602,2182,"Aumentar a percepção de segurança da população no Estado, por meio da atuação ostensiva e preventiva da Polícia Militar de Rondônia em todas as localidades em que se faz presente, levando em conta ser a instituição de maior capilaridade no Estado. Além do mais, visa também promover a disseminação da doutrina de Polícia Comunitária, Direitos Humanos e Gestão pela Qualidade, com a finalidade de ampliar a eficácia, a eficiência e a efetividade dos serviços públicos prestados à população.",Realizar a manutenção da Ordem Pública,2023-07-31T00:00:00,,13.6,Porcentagem,%,POLICIA MILITAR,Estadual,Anual,2,,3,,4,,4,,2024,Avaliação Indicador,2024,
123,15006,Superintendência de Polícia Técnico-Científica,Politec,1582,2166,"Atender as necessidades de desempenho das funções nas unidades periciais para realização das perícias criminalísticas para os procedimentos de investigação criminal e para o processo judicial criminal, bem como
produção dos laudos de perícia criminal de forma isenta e qualificada, em conformidade com o princípio da ampla defesa e do contraditório e com o respeito aos direitos humanos.",Produtividade na Unidade Pericial,2024-01-01T00:00:00,"IPA = (∑ x(l x t) / (∑ (PCF- Af) / n)) / 90 
IPA = Índice de Produtividade Anual - Resultado da produtividade calculada com base na
referida fórmula, no período de um ano por unidade de criminalística.
l = Quantidade de laudos
t =Tempo médio (em dias corridos) definido para cada tipo de laudo, conforme tabela de tempos médios.
PCF - Peritos - Quantidade de peritos lotados na unidade medida diariamente.
Af - Afastamentos - Quantidade de peritos afastados da sua sede da unidade em virtude de férias, licenças, missões, cursos, etc, medidos diariamente.
n - Número de dias - Número de dias relativo ao somatório dos efetivos.",1,Unidade,Un,Instituto Nacional de Criminalística,Estadual,Anual,0.8,0.7,0.8,,0.8,,0.8,,2024,Avaliação Indicador,2024,
124,15011,Fundo Especial de Reequipamento Policial,FUNRESPOL,1662,2110,Modernizar o parque de equipamentos tecnológicos e implantar a Segurança de Rede Firewalls na Polícia Civil,Ampliar a quantidade de Equipamentos (Computadores) existentes,2023-08-01T00:00:00,Número de Equipamentos Atualizados Existentes (Computadores),320,Unidade,Un,Dados do Departamento de Tecnologia da Informação,Estadual,Anual,700,1722,900,,1100,,1300,,2024,Avaliação Indicador,2024,
125,15011,Fundo Especial de Reequipamento Policial,FUNRESPOL,1662,2110,Modernizar o parque de equipamentos tecnológicos e implantar a Segurança de Rede Firewalls na Polícia Civil,Implantar a Segurança de Rede Firewalls na Polícia Civil,2023-08-01T00:00:00,Percentual de unidades com Segurança de Rede Firewalls implantada,0,Porcentagem,%,Levantamento de Dados DETEINF,Estadual,Anual,25,20,50,,75,,100,,2024,Avaliação Indicador,2024,
126,15011,Fundo Especial de Reequipamento Policial,FUNRESPOL,1666,2166,Reforma e Ampliação de Unidades Policiais e Construção do Centro de Logística da Polícia Civil,Unidade Reformada e Ampliada,2023-08-01T00:00:00,Quantidade de unidade Reformada e Ampliada,0,Unidade,Un,Polícia Civil,Estadual,Anual,1,0,1,,1,,1,,2024,Avaliação Indicador,2024,
127,15014,Fundo Especial do Corpo de Bombeiros Militar do Estado de Rondônia,Funesbom,1513,2103,Melhores instalações para prestação de serviço com qualidade.,Buscar diminuir o tempo resposta para atendimentos emergenciais,2024-01-01T00:00:00,Tempo chamada até o efetivo atendimento da vítima.,22,Minuto,m,SETOR DE ESTATÍSTICA BOMBEIRO,Estadual,Anual,22,45,21.5,,21,,20.5,,2024,Avaliação Indicador,2024,
128,15015,Fundo Especial de Modernização e Reaparelhamento da Polícia Militar do Estado de Rondônia,Fumrespom,1425,2075,"Reaparelhar e modernizar as unidades policiais do Estado de Rondônia e contribuir para reduzir os índices de criminalidades no Estado. Proporcionar melhores condições de trabalho e qualidade no atendimento aos usuários dos serviços da Polícia Militar do Estado de Rondônia, de forma mais eficiente, e eficaz.",Número de unidade atendidas por total de unidades,2023-07-10T00:00:00,Número de unidades atendidas / total de unidades,18,Porcentagem,%,Setor de Planejamento do FUMRESPOM,Estadual,Anual,18,19,20,,22,,24,,2024,Avaliação Indicador,2024,
129,15015,Fundo Especial de Modernização e Reaparelhamento da Polícia Militar do Estado de Rondônia,Fumrespom,1689,2166,"Implementar a execução de mecanismos de prevenção e repressão à criminalidade, reduzindo os indicadores de homicídio doloso por 100 mil habitantes nas áreas urbanas e rurais.",Taxa de Homocidios Dolosos por 100.000 habitantes,2022-12-31T00:00:00,"Taxa Homocidios Dolosos por 100.000 habitantes = (Nº ocorrências x 100.000) / população

Onde:

Nº Ocorrências = Homicídio(s) Doloso(s) + Feminicídio (Fonte: Portal do Observatório do Estado de Rondônia - http://observatorio.sepog.ro.gov.br/)
População do Estado (Fonte IBGE - https://cidades.ibge.gov.br/brasil/ro/panorama)
",31.75,Unidade,Un,GEI/SESDEC,,,31.5,,31.25,,31,,30.75,,2024,Avaliação Indicador,2024,
130,15017,Fundo Estadual de Segurança Pública,Funesp,1609,2166,Integrar e Modernizar a Secretaria de Estado da Segurança Pública e seus órgãos subordinados prestando segurança à sociedade.,"Mortes Violências Intencionais -  MVI, corresponde à soma das vítimas de homicídio doloso, latrocínio, lesão corporal seguida de morte e mortes decorrentes de intervenções policiais em serviço e fora.",2023-07-01T00:00:00,Taxa de Homicídio = Homicídio X 100.000 / População,34.3,1/100.000,1/100.000,Anuário de Segurança Pública 2023,Estadual,Anual,31.3,23.59,28.3,,25.3,,22.3,,2024,Avaliação Indicador,2024,
131,15020,Departamento Estadual de Trânsito,Detran,1566,2002,Capacitar e qualificar instrutores e  examinadores.,Cursos de formação e atualização de condutores implementados em EAD,2023-08-03T00:00:00,Cursos implementados na forma de EAD / Cursos disponibilizados * 100,0,Porcentagem,%,Escola Pública de Trânsito,Estadual,Anual,100,,100,,100,,100,,2024,Avaliação Indicador,2024,
132,15020,Departamento Estadual de Trânsito,Detran,1566,2002,"Educar, realizar  blitzs e campanhas educativas.",Blitz educativas realizadas,2023-08-03T00:00:00,Blitz educativas realizadas / Blitz educativas propostas * 100,0,Porcentagem,%,Escola Pública de Trânsito,Estadual,Anual,100,,100,,100,,100,,2024,Avaliação Indicador,2024,
133,15020,Departamento Estadual de Trânsito,Detran,1566,2002,"Educar, realizar  blitzs e campanhas educativas.",Campanhas educativas realizadas,2023-08-03T00:00:00,Campanhas educativas realizadas / Campanhas educativas propostas * 100,0,Porcentagem,%,Escola Pública de Trânsito,Estadual,Anual,100,,100,,100,,100,,2024,Avaliação Indicador,2024,
134,15020,Departamento Estadual de Trânsito,Detran,1566,2002,"Educar, realizar  blitzs e campanhas educativas.",Escolas do Estado de Rondônia com educação de trânsito integrada de forma continuada,2023-08-03T00:00:00,Escolas contempladas / Quantitativo de Escolas do Estado de Rondônia * 100,0,Porcentagem,%,Escola Pública de Trânsito,Estadual,Anual,25,,50,,75,,100,,2024,Avaliação Indicador,2024,
135,15020,Departamento Estadual de Trânsito,Detran,1566,2002,Realização de operações de fiscalização de trânsito.,Atividades de fiscalização de trânsito realizadas,2023-08-03T00:00:00,Atividades de fiscalização de trânsito realizadas / Atividades de fiscalização de trânsito propostas * 100,0,Porcentagem,%,Diretoria Técnica de Fiscalização e Ações de Trânsito,Estadual,Anual,100,,100,,100,,100,,2024,Avaliação Indicador,2024,
136,15020,Departamento Estadual de Trânsito,Detran,1566,2002,Reduzir o número de mortes por sinistros de trânsito no Estado de Rondônia,Correções Administrativas,2023-08-03T00:00:00,Quantidade de Correções Administrativas anuais realizadas + quantitativo total do exercício anterior,0,Unidade,Un,Diretoria Técnica de Fiscalização e Ações de Trânsito,Estadual,Anual,374,,374,,374,,374,,2024,Avaliação Indicador,2024,
137,15020,Departamento Estadual de Trânsito,Detran,1566,2002,Reduzir o número de mortes por sinistros de trânsito no Estado de Rondônia,Municípios Fiscalizados com Operações do DETRAN-RO,2023-08-03T00:00:00,Municípios Fiscalizados com Operações do DETRAN-RO / Municípios do Estado de Rondônia * 100,0,Porcentagem,%,Diretoria Técnica de Fiscalização e Ações de Trânsito,Estadual,Anual,45,,50,,55,,60,,2024,Avaliação Indicador,2024,
138,15020,Departamento Estadual de Trânsito,Detran,1566,2002,Reduzir o número de mortes por sinistros de trânsito no Estado de Rondônia,Processos Julgados e Deferidos,2023-08-03T00:00:00,Processos Deferidos e Julgados / Processos * 100,0,Porcentagem,%,Diretoria Técnica de Fiscalização e Ações de Trânsito,Estadual,Anual,5,,10,,15,,20,,2024,Avaliação Indicador,2024,
139,15020,Departamento Estadual de Trânsito,Detran,1566,2002,Reduzir o número de mortes por sinistros de trânsito no Estado de Rondônia,Veículos abordados,2023-08-03T00:00:00,Quantitativo anual de veículos abordados + quantitativo total do exercício anterior,0,Unidade,Un,Diretoria Técnica de Fiscalização e Ações de Trânsito,Estadual,Anual,53375,,53375,,53375,,53375,,2024,Avaliação Indicador,2024,
140,15020,Departamento Estadual de Trânsito,Detran,1567,2171,Construir a Cidade do Transito,Construção da Cidade do Trânsito,2023-08-03T00:00:00,Percentual técnico de conclusão da Construção da Cidade do Trânsito,0,Porcentagem,%,Diretoria Técnica de Engenharia de Tráfego,Regional,Anual,25,,50,,75,,100,,2024,Avaliação Indicador,2024,
141,15020,Departamento Estadual de Trânsito,Detran,1568,2170, Fomentar parcerias para elaboração e execução de projetos de sinalização e segurança de trânsito,Municípios contemplados com convênios,2023-08-03T00:00:00,Quantitativo de convênios municipais realizados / Número de Municípios do Estado de Rondônia * 100,0,Porcentagem,%,Diretoria Técnica de Engenharia de Tráfego,Estadual,Anual,30,13.46,45,,60,,75,,2024,Avaliação Indicador,2024,
142,15020,Departamento Estadual de Trânsito,Detran,1568,2170,Habilitar pessoas de baixo poder aquisitivo a obtenção da 1ª CNH e mudanças de categorias.,CNHs sociais e cidadãs emitidas,2023-08-03T00:00:00,Quantitativo anual de CNHs sociais e cidadãs emitidas + quantitativo total anterior,0,Unidade,Un,Escola Pública de Trânsito,Estadual,Anual,350,0,350,,350,,350,,2024,Avaliação Indicador,2024,
143,15020,Departamento Estadual de Trânsito,Detran,1569,2172,"Ampliar, aperfeiçoar e modernizar os serviços de habilitação oferecidos ao cidadão",Qualidade dos serviços prestados pelos Centros de Formação de Condutores,2023-08-03T00:00:00,"Média qualitativa de avaliação dos condutores formados, regionalizado por Centro de Formação de Condutores",0,Porcentagem,%,Diretoria Técnica de Habilitação,Estadual,Anual,70,,75,,80,,85,,2024,Avaliação Indicador,2024,
144,15020,Departamento Estadual de Trânsito,Detran,1569,2172,"Ampliar, aperfeiçoar e modernizar os serviços de habilitação oferecidos ao cidadão",Serviços disponibilizados por autoatendimento,2023-08-03T00:00:00,Serviços disponibilizados por autoatendimento / Serviços de habilitação disponíveis * 100,0,Porcentagem,%,Diretoria Técnica de Habilitação,Estadual,Anual,17,,22,,27,,32,,2024,Avaliação Indicador,2024,
145,15020,Departamento Estadual de Trânsito,Detran,1569,2172,"Ampliar, aperfeiçoar e modernizar os serviços sobre veículos oferecidos ao cidadão",Adesão e utilização dos serviços digitais,2023-08-03T00:00:00,Serviços de veículos realizados por meio digital / Serviços de veículos realizados * 100,0,Porcentagem,%,Diretoria Técnica de Veículos,Estadual,Anual,48,,54,,60,,66,,2024,Avaliação Indicador,2024,
146,15020,Departamento Estadual de Trânsito,Detran,1569,2172,"Ampliar, aperfeiçoar e modernizar os serviços sobre veículos oferecidos ao cidadão",Serviços disponibilizados por autoatendimento,2023-08-03T00:00:00,Quantidade de serviços disponibilizados por autoatendimento,0,Unidade,Un,Diretoria Técnica de Veículos,Estadual,Anual,4,,6,,10,,14,,2024,Avaliação Indicador,2024,
147,15020,Departamento Estadual de Trânsito,Detran,1569,2172,Emitir documento oficial de habilitação a condutores aptos a conduzir veículos automotores.,CNHs expedidas,2023-08-03T00:00:00,Quantitativo anual de CNHs expedidas + quantitativo total anterior,0,Unidade,Un,Diretoria Técnica de Habilitação,Estadual,Anual,180000,,180000,,180000,,180000,,2024,Avaliação Indicador,2024,
148,15020,Departamento Estadual de Trânsito,Detran,1569,2172,Realizar exames teóricos e práticos,Exames teóricos e práticos realizados,2023-08-03T00:00:00,Quantitativo anual de exames teóricos e práticos realizados + quantitativo total do exercício anterior,0,Unidade,Un,Diretoria Técnica de Habilitação,Estadual,Anual,90000,,90000,,90000,,90000,,2024,Avaliação Indicador,2024,
149,15020,Departamento Estadual de Trânsito,Detran,1569,2172,Vistoriar e fiscalizar Clínicas Médicas e Psicológicas,Clínicas Médicas fiscalizadas,2023-08-03T00:00:00,Clínicas Médicas fiscalizadas / Clínicas Médicas credenciadas * 100,10,Porcentagem,%,Diretoria Técnica de Habilitação,Estadual,Anual,100,,100,,100,,100,,2024,Avaliação Indicador,2024,
150,15020,Departamento Estadual de Trânsito,Detran,1569,2172,Vistoriar e fiscalizar Clínicas Médicas e Psicológicas,Clínicas Psicológicas fiscalizadas,2023-08-03T00:00:00,Clínicas Psicológicas fiscalizadas / Clínicas Psicológicas credenciadas * 100,100,Porcentagem,%,Diretoria Técnica de Habilitação,Estadual,Anual,100,,100,,100,,100,,2024,Avaliação Indicador,2024,
151,15020,Departamento Estadual de Trânsito,Detran,1569,2172,Vistoriar e fiscalizar Empresas Credenciadas de Vistoria e Estampadoras de Placas,Empresas Credenciadas de Vistoria (ECVs) fiscalizadas,2023-08-03T00:00:00,ECVs fiscalizadas / ECVs credenciadas * 100,100,Porcentagem,%,Diretoria Técnica de Veículos,Estadual,Anual,100,,100,,100,,100,,2024,Avaliação Indicador,2024,
152,15020,Departamento Estadual de Trânsito,Detran,1569,2172,Vistoriar e fiscalizar Empresas Credenciadas de Vistoria e Estampadoras de Placas,Empresas Estampadoras de Placas fiscalizadas,2023-08-03T00:00:00,Empresas Estampadoras de Placas fiscalizadas / Empresas Estampadoras de Placas credenciadas * 100,100,Porcentagem,%,Diretoria Técnica de Veículos,Estadual,Anual,100,,100,,100,,100,,2024,Avaliação Indicador,2024,
153,15020,Departamento Estadual de Trânsito,Detran,1573,2174,"Construir, Reformar e Ampliar Imóveis;",Medições técnicas de engenharia realizadas,2023-08-03T00:00:00,Quantitativo de medições técnicas de engenharia realizadas + quantitativo total anterior,0,Unidade,Un,Diretoria Técnica de Engenharia de Tráfego,Estadual,Anual,30,,30,,30,,30,,2024,Avaliação Indicador,2024,
154,15020,Departamento Estadual de Trânsito,Detran,1573,2174,"Equipar e reequipar as instalações físicas; 
",Entregas de materiais permanentes realizadas,2023-08-03T00:00:00,Quantitativo de entregas de materiais permanentes realizadas + Total de entregas anteriores,0,Unidade,Un,Diretoria Administrativa e Financeira,Estadual,Anual,300,2150,300,,300,,300,,2024,Avaliação Indicador,2024,
155,15020,Departamento Estadual de Trânsito,Detran,1573,2174,Implantar recursos de TI (Tecnologia da Informação);,Disponibilidade de informações históricas atualizadas,2023-08-03T00:00:00,Quantitativo de informações históricas atualizadas / Quantitativo de informações legalmente requeridas * 100,0,Porcentagem,%,Coordenadoria de Tecnologia da Informação,Estadual,Anual,75,,80,,85,,90,,2024,Avaliação Indicador,2024,
156,15020,Departamento Estadual de Trânsito,Detran,1573,2174,Implantar recursos de TI (Tecnologia da Informação);,Disponibilidade de serviços críticos e portais do DETRAN/RO,2023-08-03T00:00:00,Serviços críticos e portais disponíveis / Quantitativo de serviços críticos e portais * 100,0,Porcentagem,%,Coordenadoria de Tecnologia da Informação,Estadual,Anual,86,,90,,94,,98,,2024,Avaliação Indicador,2024,
157,15020,Departamento Estadual de Trânsito,Detran,1573,2174,Implantar recursos de TI (Tecnologia da Informação);,Execução dos recursos orçamentários de Tecnologia da Informação,2023-08-03T00:00:00,Recursos orçamentários de Tecnologia da Informação executados / Recursos orçamentários disponíveis * 100,0,Porcentagem,%,Coordenadoria de Tecnologia da Informação,Estadual,Anual,70,,75,,80,,85,,2024,Avaliação Indicador,2024,
158,16001,Secretaria de Estado da Educação,Seduc,1514,2156,"Melhorar a  qualidade do ensino fundamental, garantindo que os estudantes adquiram as competências e habilidades necessárias para seu desenvolvimento.
",Proporção de Aluno que aprenderam o adequado na competência de Leitura e Interpretação  anos finais,2022-12-30T00:00:00,(Número de Estudantes que atingiram o nível adequado(Proficiente) / Número de Estudantes Avaliados)*100.,20,Porcentagem,%,SAERO-CAED/UFJF,Regional,Anual,22,23.04,25,,30,,40,,2024,Avaliação Indicador,2024,
159,16001,Secretaria de Estado da Educação,Seduc,1514,2156,"Melhorar a  qualidade do ensino fundamental, garantindo que os estudantes adquiram as competências e habilidades necessárias para seu desenvolvimento.
",Proporção de Aluno que aprenderam o adequado na competência de resolução de problemas anos finais,2022-12-30T00:00:00,(Número de estudantes que atigiram o nível proficiente / Número de estudante avaliados)* 100,6,Porcentagem,%,SAERO-CAED/UFJF,Regional,Anual,7,8.23,10,,15,,20,,2024,Avaliação Indicador,2024,
160,16001,Secretaria de Estado da Educação,Seduc,1514,2156,"Melhorar a  qualidade do ensino fundamental, garantindo que os estudantes adquiram as competências e habilidades necessárias para seu desenvolvimento.
",Taxa de abandono no Ensino Fundamental,2022-12-30T00:00:00,Taxa de Abandono = [Abandono / (Aprovado + Reprovado + Abandono)] *100,1.9,Porcentagem,%,MEC/INEP,Regional,Anual,1.8,1.5,1.7,,1.6,,1.5,,2024,Avaliação Indicador,2024,
161,16001,Secretaria de Estado da Educação,Seduc,1514,2156,"Melhorar a  qualidade do ensino fundamental, garantindo que os estudantes adquiram as competências e habilidades necessárias para seu desenvolvimento.
",Taxa de Aprovação no Ensino Fundamental,2022-12-30T00:00:00,Taxa de Aprovação = [Aprovados / Aprovados + Reprovados + Abandono)] * 100,94,Porcentagem,%,INEP - Censo Escolar,Regional,Anual,95,95.9,96,,97,,97,,2024,Avaliação Indicador,2024,
162,16001,Secretaria de Estado da Educação,Seduc,1515,2157,"Melhorar a  qualidade do ensino médio, garantindo que os estudantes adquiram as competências e habilidades necessárias para seu desenvolvimento.",Proporção de Aluno que aprederam o adequado na competência resolução de problemas no Ensino Médio,2022-12-30T00:00:00,(Número de alunos no nível proficiente / Número de Alunos avaliados)*100,3,Porcentagem,%,SAERO-CAED/UFJF,Regional,Anual,4,4.06,6,,10,,15,,2024,Avaliação Indicador,2024,
163,16001,Secretaria de Estado da Educação,Seduc,1515,2157,"Melhorar a  qualidade do ensino médio, garantindo que os estudantes adquiram as competências e habilidades necessárias para seu desenvolvimento.",Proporção de Aluno que aprenderam o adequado na competência de Leitura e Interpretação no Ensino Médio,2022-12-30T00:00:00,(Número de estudantes no nível proficiente / Número de estudantes avaliados)*100,19,Porcentagem,%,SAERO-CAED/UFJF,Regional,Anual,20,15.13,23,,25,,30,,2024,Avaliação Indicador,2024,
164,16001,Secretaria de Estado da Educação,Seduc,1515,2157,"Melhorar a  qualidade do ensino médio, garantindo que os estudantes adquiram as competências e habilidades necessárias para seu desenvolvimento.",Taxa de abandono no Ensino Médio,2022-12-30T00:00:00,Taxa de Abandono = [Abandono / (Aprovado + Reprovado + Abandono)] * 100,7.1,Porcentagem,%,INEP - Censo Escolar,Regional,Anual,7,4.5,6,,5,,5,,2024,Avaliação Indicador,2024,
165,16001,Secretaria de Estado da Educação,Seduc,1515,2157,"Melhorar a  qualidade do ensino médio, garantindo que os estudantes adquiram as competências e habilidades necessárias para seu desenvolvimento.",Taxa de Aprovação no Ensino médio,2022-12-30T00:00:00,Taxa de Aprovação = [Aprovados / (Aprovados + Reprovados + Abandono)] * 100,85,Porcentagem,%,INEP - Censo Escolar,Regional,Anual,86,90.4,87,,88,,90,,2024,Avaliação Indicador,2024,
166,16001,Secretaria de Estado da Educação,Seduc,1516,2158,"Aumentar o nível de escolarização dos povos indígena, garantindo acesso e  educação de qualidade que respeite suas identidades e necessidades específicas, buscando a valorização da cultura, língua e saberes tradicionais.",Taxa de escolarização média da população índigena no Estado de Rondônia,2023-08-10T00:00:00,(Número da demanda de atendimento da população indígena para a oferta do ensino fundamental e médio / Número de estudantes matriculados no fundamental e médio da Educação Indígena)*100,83,Porcentagem,%,GEEI/SEDUC,Estadual,Anual,84,84.2,85,,88,,90,,2024,Avaliação Indicador,2024,
167,16001,Secretaria de Estado da Educação,Seduc,1516,2158,"Garantir a inclusão de estudantes com deficiência, transtornos globais do desenvolvimento e altas habilidades/superdotação, assegurando a oferta de recursos humanos, físicos, tecnológicos e pedagógicos necessários para sua plena participação no ambiente escolar.",Índice de atendimento de esudantes matriculados nas salas de aulas comuns nas salas de recursos multifuncionais,2022-12-30T00:00:00,(Número de estudantes frequentando as salas de recursos multifuncionais/Número de estudantes matriculados nas salas de aulas comuns)*100,54.5,Porcentagem,%,SEDUC-Diário Eletrônico,Estadual,Anual,55,67.47,58,,60,,65,,2024,Avaliação Indicador,2024,
168,16001,Secretaria de Estado da Educação,Seduc,1516,2158,"Garantir a inclusão de estudantes com deficiência, transtornos globais do desenvolvimento e altas habilidades/superdotação, assegurando a oferta de recursos humanos, físicos, tecnológicos e pedagógicos necessários para sua plena participação no ambiente escolar.","Índice de atendimento escolar para a população com deficiências, transtornos globais do desenvolvimento e altas habilidades/superdotação em classes comuns.",2022-12-30T00:00:00,(Número de alunos inclusos frequentando  sala de aula comum / Número de alunos  matriculados na sala de aula comum)*100,94.8,Porcentagem,%,SEDUC -Diário Eletrônico,Regional,Anual,95,94,95,,96,,96,,2024,Avaliação Indicador,2024,
169,16001,Secretaria de Estado da Educação,Seduc,1516,2158,Garantir o acesso e permanência à educação básica de jovens e adultos que não tiveram acesso ou não concluíram seus estudos em idade regular e jovens e adultos em situação de vulnerabilidade nos sistemas prisional e socioeducativo.,Taxa média de conclusão do ensino médio na Educação de Jovens e Adultos,2022-12-31T00:00:00,(Número de estudantes concluíntes no ensino médio na educação de jovens e adultos/Número de estudantes matriculados no ensino ensino médio na educação de jovens e adultos),78,Porcentagem,%,SEDUC -Diário Eletrônico,Estadual,Anual,79,78.4,80,,80,,80,,2024,Avaliação Indicador,2024,
170,16001,Secretaria de Estado da Educação,Seduc,1564,2176,"Melhorar a qualidade do ensino fundamental nas séries iniciais, garantindo que crianças estejam alfabetizadas na idade adequada.",Proporção de alunos que aprenderam o adequado na competência de leitura e interpretação nos anos inicias,2022-12-30T00:00:00,(Número de alunos no nível proficiente/Número de alunos avaliados)*100,32,Porcentagem,%,SAERO-CAED/UFJF,Regional,Anual,37,67.01,42,,50,,60,,2024,Avaliação Indicador,2024,
171,16020,Instituto Estadual de Desenvolvimento da Educação Profissional ,IDEP,1450,2134,Certificações Profissionais e de Pessoas,Certificação Profissionais e de Pessoas,2023-05-01T00:00:00,Soma do total de certificados emitidos.,0,Unidade,Un,Dados da Diretoria Pedagógica - DIP-IDEP,Estadual,Anual,20,,25,,25,,30,,2024,Avaliação Indicador,2024,
172,16020,Instituto Estadual de Desenvolvimento da Educação Profissional ,IDEP,1450,2134,"Matrículas nos Cursos Técnicos de Nível Médio, Qualificação Profissional e Formação Inicial ","Matrículas nos Cursos Técnicos de Nível Médio, Qualificação Profissional e Formação Inicial",2023-05-01T00:00:00,"Soma das Matriculas : CT + CQP + FIC


CT- Cursos Técnico     
CQP - Cursos de Qualificação Profissional   
CFC- Cursos de Formação Continuada
",12451,Unidade,Un,Dados da  Diretoria Pedagógica - DIP-IDEP,Estadual,Mensal,17660,19931,17830,,18090,,18420,,2024,Avaliação Indicador,2024,
173,16031,Fundação Cultural do Estado de Rondônia ,Funcer,1503,2090,"Fomentar, incentivar, promover, desenvolver atividades artísticas, audiovisuais, exposições, etc voltadas a Cultura.",Fomento e incentivo a cultura,2023-08-10T00:00:00,Ações realizadas pelas Unidades desta Fundação ,1,Unidade,Un,Fundação Cultural do Estado de Rondônia - FUNCER,Estadual,Anual,100,61.9,100,,100,,100,,2024,Avaliação Indicador,2024,
174,17010,"Fundo estadual de prevenção, fiscalização e repressão de entorpecentes",FESPREN,1632,2039,"O Programa tem como objetivo primordial fomentar a política sobre drogas com ações para redução da demanda e oferta do uso de drogas lícitas e ilícitas de forma articulada com todos os órgãos governamentais e não governamentais que compõem o sistema antidrogas. Realizar atividades que colaborarem com o cuidado e a reinserção social de dependentes, e apoio as Comunidades Terapêuticas, às associações e outros seguimentos afins.",Quantidade de comitês escolares ativados e atendimento as comunidades teraupeuticas,2024-01-01T00:00:00,"Σ do número de atendimento realizados anualmente com Palestras Educativas nas escolas dos municípios 
 com os comitês escolares articulado pelo CONEPOD e demais instituições + Fiscalização das Ações das Comunidades Terapêuticas de Recuperação de Dependentes Químicos e  Ações de Fomento das mesmas .",80,Porcentagem,%,FESPREN,Estadual,Anual,90,90,90,,90,,90,,2024,Avaliação Indicador,2024,
175,17012,Fundo Estadual de Saúde,FES,1487,2069,"Viabilizar recursos orçamentários e financeiros para atender as atividades administrativas, com aquisição de medicamentos para unidades hospitalares, para a oferta de medicamentos do componente especializado e protocolos clínicos estaduais, e ainda repasse financeiro para co- financiamento da farmácia básica aos 52 municípios do estado de RO.",Quantidade de recursos aplicados na assistencia farmacêutica,2023-08-09T00:00:00,Quantidade de recursos aplicados na assistência farmacêutica,0,Real,R$,Coordenadoria Estadual de assistência farmacêutica ,Estadual,Anual,109802901,40634555.74,115387773,,117804474,,126917890,,2024,Avaliação Indicador,2024,
176,17012,Fundo Estadual de Saúde,FES,1493,2049,"A CPOAD procura articular e se integrar com instituições e entidades aﬁns para a implementação de programas e projetos, em consonância com sua função programática, que dentre as suas diversas vertentes, objetiva a criação de uma rede de acolhimento para atendimento de adolescentes, jovens e adultos de ambos os sexos em situação de risco, decorrente do uso de drogas, em todo o Estado de Rondônia.","Realização de projetos e ações de prevenção, capacitações e procedimentos para acolhimento voluntário.",2023-08-09T00:00:00,"Número de atendimentos, acolhimento e fiscalizações realizados.",0,Unidade,Un,Número de atendimentos e fiscalizações realizados.,Estadual,Anual,2680,1918,2680,,2680,,2680,,2024,Avaliação Indicador,2024,
177,17012,Fundo Estadual de Saúde,FES,1588,2034,Fornecer os recursos necessários para fortalecimento da integralidade dos serviços de saúde.,Taxa média de rotatividade de leitos hospitalares da rede estadual,2023-08-09T00:00:00,N° de pacientes que saíram / n° de leitos da unidade (de cada unidade da rede)  e tirar a média.,23,Porcentagem,%,ASTEC/SESAU,Estadual,Anual,25.5,27,28,,30.5,,33,,2024,Avaliação Indicador,2024,
178,17012,Fundo Estadual de Saúde,FES,1593,2084,"Gerir as políticas públicas de saúde no que tange à regionalização do SUS, assegurando o funcionamento do Conselho Estadual de Saúde e garantindo",Quantidade de ações relacionadas à gestao da politica de saude realizadas.,2023-08-09T00:00:00,Quantidade de ações e repasses realizados.,0,Unidade,Un,Coordenadoria do Sistema de Apoio à Descentralização,Estadual,Anual,66,273,86,,106,,126,,2024,Avaliação Indicador,2024,
179,17012,Fundo Estadual de Saúde,FES,1594,2070,"Dar condições de trabalho para os profissionais de saúdes e equipes de manutenção das unidades da SESAU, para melhor atender os pacientes, assim como criar um ambiente de trabalho adequado para o desempenho das atividades laborais.","Construção, ampliacao, reforma e equipagem de unidades de saude.",2023-08-09T00:00:00,"Quantidade de unidades de saúde equipadas, construída, ampliada e reformada.",0,Unidade,Un,Coordenadoria de Obras/SESAU,Estadual,Anual,4085,21,4736,,3636,,3634,,2024,Avaliação Indicador,2024,
180,17012,Fundo Estadual de Saúde,FES,1667,2189,"Este programa objetiva-se garantir os principios do SUS através de políticas públicas estaduais que possam fortalecer as redes de atenção à saúde, regionalizadas e descentralizadas tendo a atenção primária como centro comunicador das redes de atenção.",Quantidade de ações e repasses relacionados às Redes de Atenção à Saúde.,2023-08-09T00:00:00,Quantidade de recursos aplicados no fortalecimento das Redes de Atenção à Saúde.,0,Unidade,Un,Gerência de Programas Estratégicos em Saúde,Estadual,Anual,106,,106,,106,,105,,2024,Avaliação Indicador,2024,
181,17013,Fundo Estadual para Construção do Hospital de Urgência e Emergência de Porto Velho,FUN-HEURO,1618,2152,"Manter a locação do prédio do Novo Hospital de Urgencia e Emergencia sob medida de reversão ao final do contrato, bem como assegurar a manutenção da Parceria Público-Privada PPP. ",Alugueis pagos,2023-08-09T00:00:00,Alugueis pagos após apresentação da produção (volume de atendimento a população),,Real,R$,GAD/SESAU,Estadual,Mensal,75,0,100,,100,,100,,2024,Avaliação Indicador,2024,
182,17032,Fundação de Hematologia e Hemoterapia de Rondônia,Fhemeron,1504,2105,"Atingir 2,5% da população do Estado de Rondônia como candidatos a doação.",Percentual de candidatos a doação ,2023-07-31T00:00:00,Nº de canditados a doação (aptos+inaptos)/nº de habitantes de acordo com PNAD /100,2.05,Porcentagem,%,Setor de Estatística da FHEMERON,Estadual,Anual,2.2,2.46,2.25,,2.3,,2.5,,2024,Avaliação Indicador,2024,
183,17032,Fundação de Hematologia e Hemoterapia de Rondônia,Fhemeron,1504,2105,Manter 100% do atendimento hemoterápico aos pacientes portadores de hemoglobinopatias hereditária com dependência transfusional.,Percentual de atendimento de pacientes com hemoglobinopatias hereditárias com dependência transfusional,2023-07-31T00:00:00,Nº de CH atendidos/nº de CH solicitado x 100,100,Porcentagem,%,Setor de Estatística da FHEMERON,Estadual,Anual,100,100,100,,100,,100,,2024,Avaliação Indicador,2024,
184,17033,Centro de Educação Técnico-Profissional na Área de Saúde,Cetas,1536,2109,"I - Executar a política estadual de educação permanente voltada aos profissionais de saúde do SUS, visando a melhoria da assistência à saúde no âmbito do Estado de Rondônia 

",Nº de ações educativas desenvolvidas no período,2024-01-01T00:00:00,Nº de atividades realizadas X Nº de atividades previstas na Programação Anual de Saúde (PAS) - Ano,200,Unidade,Un,"Plano Estadual de Saúde/ PES, Portarias e resoluções Ministério da Saúde e CIB",Estadual,Anual,200,114,200,,200,,200,,2024,Avaliação Indicador,2024,
185,17033,Centro de Educação Técnico-Profissional na Área de Saúde,Cetas,1536,2109,"II - Promover a habilitação, qualificação, especialização e o aperfeiçoamento dos recursos humanos de nível médio na área de saúde, visando a melhoria da qualidade dos serviços oferecidos à população 
.",Quantidade de servidores de nível médio do SUS da esfera municipal e estadual inseridos nas ações educativas desenvolvidas pela Escola de Saúde Pública do SUS/ CETAS,2024-01-01T00:00:00,Σ do número de servidores/ alunos qualificados nas atividades educativas no período,1100,Unidade,Un,"Plano Estadual de Saúde/ PES, Portarias e resoluções Ministério da Saúde e CIB",Estadual,Anual,250,896,300,,350,,400,,2024,Avaliação Indicador,2024,
186,17033,Centro de Educação Técnico-Profissional na Área de Saúde,Cetas,1536,2109,"III - Promover a habilitação, qualificação, especialização e o aperfeiçoamento dos recursos humanos de nível superior na área de saúde, visando a qualificação dos processos de trabalho dos servidores da assistência e gestão por meio de ações de educação permanente no âmbito do Estado de Rondônia

",Quantidade de servidores de nível superior da gestão e assistência do SUS da esfera municipal e estadual inseridos nas ações educativas desenvolvidas pela Escola de Saúde Pública do SUS/ CETAS,2024-01-01T00:00:00,Σ do número de servidores/ alunos qualificados nas atividades educativas no período ,3600,Unidade,Un,"Plano Estadual de Saúde/ PES, Portarias e resoluções Ministério da Saúde e CIB",Estadual,Anual,600,2087,800,,1000,,1200,,2024,Avaliação Indicador,2024,
187,17033,Centro de Educação Técnico-Profissional na Área de Saúde,Cetas,1536,2109,"IV - Promover a habilitação, qualificação, especialização e o aperfeiçoamento dos conselheiros de saúde visando a melhoria do controle social no SUS",Quantidade de conselheiros de saúde inseridos nas ações educativas desenvolvidas pela Escola de Saúde Pública do SUS/ CETAS,2024-01-01T00:00:00,Σ do número de conselheiros de saúde qualificados nas atividades educativas no período,0,Unidade,Un,"Plano Estadual de Saúde/ PES, Portarias e resoluções Ministério da Saúde e CIB",Estadual,Anual,72,92,75,,75,,75,,2024,Avaliação Indicador,2024,
188,17033,Centro de Educação Técnico-Profissional na Área de Saúde,Cetas,1536,2109,"V - Promover, incentivar e apoiar ações de ciência, ensino, pesquisa, tecnologia e inovação em educação em saúde contribuindo para estudos que subsidiem o planejamento na área da saúde de acordo com as necessidades do SUS do Estado de Rondônia
","Quantidade de ações de ciência, ensino, pesquisa, tecnologia e inovação em educação em saúde desenvolvidas com o objetivo de atender as necessidades do SUS do Estado de Rondônia",2024-01-01T00:00:00,Σ do número de pesquisas e outras ações desenvolvidas no período,10,Unidade,Un,"Plano Estadual de Saúde/ PES, Portarias e resoluções Ministério da Saúde e CIB",Estadual,Anual,10,14,12,,14,,16,,2024,Avaliação Indicador,2024,
189,17033,Centro de Educação Técnico-Profissional na Área de Saúde,Cetas,1559,2070,"Expandir a infraestrutura física da escola para ampliação das ações de educação permanente em saúde com a construção de mais laboratórios, salas de aula e outros espaços com capacidade para aulas práticas/ realização de simulações realísticas oportunizando melhor aprendizagem aos servidores/ alunos",Construção do anexo à sede da Escola de Saúde/ CETAS ,2024-01-01T00:00:00,% da evolução física da obra construída no período,100,Porcentagem,%,DEOSAD/SESAU,Municipal,Anual,0,,0,,0,,100,,2024,Avaliação Indicador,2024,
190,17033,Centro de Educação Técnico-Profissional na Área de Saúde,Cetas,1559,2070,Reforma/ Manutenção preventiva na sede da Escola de Saúde de Rondônia / CETAS,Quantidade de reformas e manutenções preventivas realizadas na Escola de Saúde/ CETAS,2023-07-25T00:00:00,Nº de reformas realizadas no período,2,Unidade,Un,DEOSAD/SESAU,Municipal,Anual,2,8,2,,2,,2,,2024,Avaliação Indicador,2024,
191,17034,Agência Estadual de Vigilância em Saúde ,Agevisa,1458,2023,"Reduzir os riscos e agravos à saúde da população por meio das ações de promoção de vigilância em saúde 
ambiental, epidemiológica, sanitária e saúde do trabalhador.","Percentual de ações executadas em relação as ações Programadas. Meta: Executar o mínimo de 85% das ações previstas a serem realizadas pelos programas que compõe as 04 vigilâncias: Epidemiológica, Saúde Ambiental, Sanitária, Saúde do Trabalho e o CIEVS   ",2023-07-28T00:00:00,Ações Programadas / Ações Executadas * 100,84,Porcentagem,%,Planejamento da AGEVISA/PAS e RAG 2022,Estadual,Anual,85,87,87,,88,,90,,2024,Avaliação Indicador,2024,
192,18001,Secretaria de Estado do Desenvolvimento Ambiental,Sedam,1460,2153,Apoiar a Recuperação de Áreas Degradadas Ambientalmente.,Número de Diagnósticos de Áreas a Serem Recuperadas.,2023-08-11T00:00:00,Quantidade de Diagnósticos de Áreas a Serem Recuperadas no Ano.,2,Unidade,Un,SEDAM/DIREX/GAB,Estadual,Anual,13,52,13,,13,,13,,2024,Avaliação Indicador,2024,
193,18001,Secretaria de Estado do Desenvolvimento Ambiental,Sedam,1460,2153,Apoiar a Recuperação de Áreas Degradadas Ambientalmente.,Número de Mudas Produzidas.,2022-12-30T00:00:00,Quantidade de Mudas Produzidas no Ano. (Quantidade de mudas produzidas nos viveiros da SEDAM no ano + Quantidade de mudas produzidas nos viveiros apoiados pela SEDAM no ano).,180710,Unidade,Un,SEDAM/CODEF,Estadual,Anual,400000,5425,500000,,700000,,800000,,2024,Avaliação Indicador,2024,
194,18001,Secretaria de Estado do Desenvolvimento Ambiental,Sedam,1460,2153,Apoiar a Recuperação de Áreas Degradadas Ambientalmente.,Número de Nascentes Recuperadas.,2023-08-23T00:00:00,Quantidade de Nascentes Recuperadas no Ano.,0,Unidade,Un,SEDAM/CODEF ,Estadual,Anual,120,61,140,,160,,180,,2024,Avaliação Indicador,2024,
195,18001,Secretaria de Estado do Desenvolvimento Ambiental,Sedam,1460,2153,Apoiar a Recuperação de Áreas Degradadas Ambientalmente.,Número de Viveiros Apoiados e Mantidos.,2023-08-03T00:00:00,Quantidade de Viveiros Apoiados e Mantidos no Ano.,2,Unidade,Un,SEDAM/CODEF,Estadual,Anual,13,3,13,,13,,13,,2024,Avaliação Indicador,2024,
196,18001,Secretaria de Estado do Desenvolvimento Ambiental,Sedam,1460,2153,"Construir, Ampliar e Reformar Bases das Unidades de Conservação Estaduais e as Sedes da SEDAM.",Número de Ampliações e Reformas de Bases das Unidades de Conservação Estaduais e Sedes da SEDAM.,2023-08-03T00:00:00,Quantidade de Ampliações e Reformas de Bases das Unidades de Conservação Estaduais e Sedes da SEDAM realizadas no ano.,0,Unidade,Un,COPAF/SEDAM,Estadual,Anual,5,2,5,,5,,5,,2024,Avaliação Indicador,2024,
197,18001,Secretaria de Estado do Desenvolvimento Ambiental,Sedam,1460,2153,"Construir, Ampliar e Reformar Bases das Unidades de Conservação Estaduais e as Sedes da SEDAM.",Número de Construções de Bases das Unidades de Conservação Estaduais e Sedes da SEDAM.,2023-08-03T00:00:00,Quantidade Construções de Bases das Unidades de Conservação Estaduais e Sedes da SEDAM realizadas no ano.,0,Unidade,Un,COPAF/SEDAM,Estadual,Anual,2,,2,,2,,2,,2024,Avaliação Indicador,2024,
198,18001,Secretaria de Estado do Desenvolvimento Ambiental,Sedam,1460,2153,Promover a Descentralização da Gestão Ambiental para os Municípios.,Número de Municípios Descentralizados,2023-08-01T00:00:00,Número de municípios com a gestão ambiental descentralizadas no ano + o número de municípios descentralizados até o ano anterior.,31,Unidade,Un,SEDAM/ASDEA,Estadual,Anual,33,32,36,,39,,41,,2024,Avaliação Indicador,2024,
199,18001,Secretaria de Estado do Desenvolvimento Ambiental,Sedam,1460,2153,Promover a Descentralização da Gestão Ambiental para os Municípios.,Número de Servidores da SEDAM e dos Municípios Capacitados Com a Temática Descentralização Ambiental.,2023-08-03T00:00:00,Quantidade de servidores da SEDAM e dos Municípios capacitados com a temática referente a descentralização ambiental.,40,Unidade,Un,SEDAM/ASDEA,Estadual,Anual,50,85,50,,50,,50,,2024,Avaliação Indicador,2024,
200,18001,Secretaria de Estado do Desenvolvimento Ambiental,Sedam,1460,2153,Promover a implementação da Política Estadual de Resíduos Sólidos.,Número de Diagnósticos de Áreas de Lixões.,2023-08-24T00:00:00,Quantidade de Diagnósticos de Áreas de Lixões no Ano.,0,Unidade,Un,SEDAM/COLMAM,Estadual,Anual,13,52,13,,13,,13,,2024,Avaliação Indicador,2024,
201,18001,Secretaria de Estado do Desenvolvimento Ambiental,Sedam,1460,2153,Promover a implementação da Política Estadual de Resíduos Sólidos.,Número de Lixões Encerrados.,2023-08-01T00:00:00,Quantidade de Lixões Encerrados no ano + Quantidade de Lixões encerrados no ano anterior.,0,Unidade,Un,SEDAM/COLMAM,Estadual,Anual,2,23,10,,18,,26,,2024,Avaliação Indicador,2024,
202,18001,Secretaria de Estado do Desenvolvimento Ambiental,Sedam,1460,2153,Promover a implementação da Política Estadual de Resíduos Sólidos.,Número de Municípios com Disposição Ambientalmente Adequada dos Resíduos Sólidos,2023-08-11T00:00:00,Quantidade de Municípios com Disposição Ambientalmente Adequada dos Resíduos Sólidos no Ano.,39,Unidade,Un,SEDAM/COLMAM,Estadual,Anual,45,49,48,,50,,52,,2024,Avaliação Indicador,2024,
203,18001,Secretaria de Estado do Desenvolvimento Ambiental,Sedam,1460,2153,Promover a implementação da Política Estadual de Resíduos Sólidos.,Número de Servidores da SEDAM e dos Municípios Capacitados Com a Temática de Gestão de Resíduos Sólidos.,2023-08-10T00:00:00,Quantidade de Servidores da SEDAM e dos Municípios Capacitados Com a Temática de Gestão de Resíduos Sólidos no Ano.,0,Unidade,Un,SEDAM/DIREX/GAB,Estadual,Anual,50,126,75,,100,,125,,2024,Avaliação Indicador,2024,
204,18001,Secretaria de Estado do Desenvolvimento Ambiental,Sedam,1460,2153,Promover a implementação da Política Estadual de Resíduos Sólidos.,Número de Vistorias Realizadas para o Encerramento de Lixões.,2023-08-10T00:00:00,Quantidade de Vistorias Realizadas para o Encerramento de Lixões no Ano + .Quantidade de Vistorias Realizadas para o Encerramento de Lixões no Ano Anterior.,0,Unidade,Un,SEDAM/COLMAM,Estadual,Anual,2,104,10,,18,,26,,2024,Avaliação Indicador,2024,
205,18001,Secretaria de Estado do Desenvolvimento Ambiental,Sedam,1460,2153,Promover a Infraestrutura Tecnológica Voltadas para Apoiar o Desenvolvimento Ambiental Sustentável.,Número de Equipamentos Adquiridos e Serviços Contratados Visando apoiar o Desenvolvimento Ambiental Sustentável.,2023-08-03T00:00:00,Quantidade de Equipamentos Adquiridos e Serviços Contratados Visando apoiar o Desenvolvimento Ambiental Sustentável no ano.,0,Unidade,Un,SEDAM/DIREX/GAB ,Estadual,Anual,10,574,10,,10,,10,,2024,Avaliação Indicador,2024,
206,18001,Secretaria de Estado do Desenvolvimento Ambiental,Sedam,1460,2153,Promover a Regularização Ambiental das Propriedades Rurais.,Área de Preservação Permanente - APP à Recuperar Declarada - Acumuladas.,2022-12-10T00:00:00,Quantidade de Área de Preservação Permanente - APP à Recuperar declarada no ano + quantidade de Área de Preservação Permanente - à Recuperar declarada cumulativamente no ano anterior.,3726.06,Hectare,ha,SEDAM/COMRAR,Estadual,Anual,4471.27,5419.78,5216.48,,5961.69,,6706.9,,2024,Avaliação Indicador,2024,
207,18001,Secretaria de Estado do Desenvolvimento Ambiental,Sedam,1460,2153,Promover a Regularização Ambiental das Propriedades Rurais.,Área de Reserva Legal à Recuperar Declarada - Acumuladas.,2022-12-10T00:00:00,Quantidade de Área de Reserva Legal - RL à Recuperar declarada no ano + quantidade de Área de Preservação Permanente - à Recuperar declarada cumulativamente no ano anterior.,4524.48,Hectare,ha,SEDAM/COMRAR,Estadual,Anual,5429.38,14308.62,6334.28,,7239.18,,8144.08,,2024,Avaliação Indicador,2024,
208,18001,Secretaria de Estado do Desenvolvimento Ambiental,Sedam,1460,2153,Promover a Regularização Ambiental das Propriedades Rurais.,Área de Reserva Legal Compensada declarada - Acumuladas.,2022-12-10T00:00:00,Quantidade de Área de Reserva Legal - RL Compensada declarada no ano + quantidade de Área de Reserva Legal RL Compensada declarada cumulativamente no ano anterior.,18868.21,Unidade,Un,SEDAM/COMRAR,Estadual,Anual,22641.85,27622.96,26415.49,,30189.13,,33962.77,,2024,Avaliação Indicador,2024,
209,18001,Secretaria de Estado do Desenvolvimento Ambiental,Sedam,1460,2153,Promover a Regularização Ambiental das Propriedades Rurais.,Número de Adesão ao Programa de Regularização Ambiental Rural - PRA - Acumulados.,2022-12-10T00:00:00,Números de Termos de Compromisso de Adesão ao PRA assinado no ano + Número de termos de compromisso de adesão ao PRA assinados acumulados até o Ano de 2022.,172,Unidade,Un,SEDAM/COMRAR,Estadual,Anual,206,321,240,,274,,308,,2024,Avaliação Indicador,2024,
210,18001,Secretaria de Estado do Desenvolvimento Ambiental,Sedam,1460,2153,Promover a Regularização Ambiental das Propriedades Rurais.,Número de análises de CAR realizadas - Acumuladas.,2022-12-10T00:00:00,Quantidade de análise de CAR realizadas no Ano + Quantidade de análise de CAR realizadas acumuladas até o ano de 2022.,67869,Unidade,Un,SEDAM/COMRAR,Estadual,Anual,81443,94987,95017,,108591,,122165,,2024,Avaliação Indicador,2024,
211,18001,Secretaria de Estado do Desenvolvimento Ambiental,Sedam,1460,2153,Promover a Regularização Ambiental das Propriedades Rurais.,Número de Imóveis com Análise do CAR Finalizada - Acumuladas.,2022-12-10T00:00:00,"Quantidade de imóveis que tem o CAR com análise finalizada no ano + Quantidade de imóveis que tem o CAR com análise finalizada
acumuladas até o ano de 2022.",7072,Unidade,Un,SEDAM/COMRAR,Estadual,Anual,8840,9676,10608,,12376,,14144,,2024,Avaliação Indicador,2024,
212,18001,Secretaria de Estado do Desenvolvimento Ambiental,Sedam,1460,2153,Promover a Regularização Ambiental das Propriedades Rurais.,Número de Imóveis com o CAR Analisados - Acumuladas.,2022-12-10T00:00:00,Quantidade de Imóveis com o CAR analisados no Ano + Quantidade de imóveis com o CAR analisados acumuladas até o ano de 2022.,41522,Unidade,Un,SEDAM/COMRAR,Estadual,Anual,49826,52561,58130,,66434,,74738,,2024,Avaliação Indicador,2024,
213,18001,Secretaria de Estado do Desenvolvimento Ambiental,Sedam,1468,2154,Elaborar Planos de Manejos nas Unidades de Conservação Estaduais.,Número de Plano de Manejos Elaborados nas Unidades de Conservação.,2023-07-27T00:00:00,Quantidade de Unidades Conservação com Planos de Manejos Elaborados no ano + Quantidade de Unidades de Conservação com Planos de Manejos Elaborados até o ano anterior.,22,Unidade,Un,CUC/SEDAM,Estadual,Anual,24,23,26,,28,,30,,2024,Avaliação Indicador,2024,
214,18001,Secretaria de Estado do Desenvolvimento Ambiental,Sedam,1468,2154,Manter a Área das Unidades de Conservação Estaduais.,Número em KM² de Área de Unidades de Conservação Estaduais.,2023-07-27T00:00:00,Quantidade em Km² de Áreas de Unidades de Conservação Estaduais Mantidas no Ano.,25869.53,Kilometro,Km,SEDAM/COGEO,Estadual,Anual,25869.53,25869.53,25869.53,,25869.53,,25869.53,,2024,Avaliação Indicador,2024,
215,18001,Secretaria de Estado do Desenvolvimento Ambiental,Sedam,1468,2154,Promover a Criação de Conselhos Gestores de Unidades de Conservação na Esfera Estadual. ,Número de Unidades de Conservação com Conselhos Gestores Criados.,2023-07-27T00:00:00,Quantidade de Unidades de Conservação com Conselhos Gestores Criados no ano + Quantidade Número de Unidades de Conservação com Conselhos Gestores Criados no Ano Anterior.,25,Unidade,Un,CUC/SEDAM,Estadual,Anual,31,25,37,,44,,49,,2024,Avaliação Indicador,2024,
216,18001,Secretaria de Estado do Desenvolvimento Ambiental,Sedam,1468,2154,Proteger as Unidades de Conservação Estaduais.,Número de Ações de Educação Ambiental Orientativas nas Unidades de Conservação Estaduais.,2023-08-01T00:00:00,Número de Ações de Educação Ambiental Orientativa nas Unidades de Conservação Estaduais e no Entorno Realizadas no ano.,10,Unidade,Un,CUC/SEDAM,Estadual,Anual,12,10,14,,16,,18,,2024,Avaliação Indicador,2024,
217,18001,Secretaria de Estado do Desenvolvimento Ambiental,Sedam,1468,2154,Proteger as Unidades de Conservação Estaduais.,Realizar Fiscalização nas Unidades de Conservação Estaduais.,2022-12-31T00:00:00,Quantidade de fiscalizações realizadas nas Unidades de Conservação no ano.,187,Unidade,Un,CUC/SEDAM,Estadual,Anual,195,187,195,,195,,195,,2024,Avaliação Indicador,2024,
218,18011,Fundo Especial de Proteção Ambiental,Fepram,1479,2098, Promover o Licenciamento Ambiental no Estado de Rondônia.,Número de Autorização Florestais.,2022-12-30T00:00:00,Quantidade de Autorizações Florestais (PMFS+PEF+AUMPF+LC+ASV) Emitidas no Ano.,213,Unidade,Un,SEDAM/CODEF,Estadual,Anual,200,223,210,,220,,230,,2024,Avaliação Indicador,2024,
219,18011,Fundo Especial de Proteção Ambiental,Fepram,1479,2098, Promover o Licenciamento Ambiental no Estado de Rondônia.,Número de Licenças Ambientais Emitidas,2022-12-31T00:00:00,Número de Licenças Ambientais Emitidas no ano.,2568,Unidade,Un,SEDAM/COLMAM,Estadual,Anual,2568,1810,2568,,2568,,2568,,2024,Avaliação Indicador,2024,
220,18011,Fundo Especial de Proteção Ambiental,Fepram,1479,2098, Promover o Licenciamento Ambiental no Estado de Rondônia.,Número de Pareceres Técnicos de Licenciamento Ambiental Emitidos,2022-12-31T00:00:00,Número de Parecer Técnicos de Licenciamento Ambiental Emitidos emitidos no ano.,3880,Unidade,Un,SEDAM/COLMAM,Estadual,Anual,3880,2561,3880,,3880,,3880,,2024,Avaliação Indicador,2024,
221,18011,Fundo Especial de Proteção Ambiental,Fepram,1479,2098, Promover o Licenciamento Ambiental no Estado de Rondônia.,Número de Produção Legal de Madeira.,2022-12-31T00:00:00,"Volume de madeira em m3 dos projetos PMFS+PEF+AUMPF+LC , onde: PMFS = Plano de Manejo Florestal Sustentável; PEF = Plano de Exploração Florestal para Uso Alternativo do Solo; AUMPF = Autorizações de Utilização de Matéria-Prima Florestal, e; LC = Projetos de Levantamento Circunstanciado.",1000000,Metro Cúbico,m³,SEDAM/CODEF,Estadual,Anual,1050000,1290499.91,1100000,,1150000,,1200000,,2024,Avaliação Indicador,2024,
222,18011,Fundo Especial de Proteção Ambiental,Fepram,1479,2098, Promover o Licenciamento Ambiental no Estado de Rondônia.,Quantidade de Área de Vegetação de Suprimida Legalmente.,2022-12-31T00:00:00,"(PEF+ASV) = Área suprimida (ha), onde: PEF = Plano de Exploração Florestal para Uso Alternativo do Solo e ASV = Autorização de Supressão Vegetal.",5000,Hectare,ha,SEDAM/CODEF,Estadual,Anual,6000,5155.71,6500,,7000,,7500,,2024,Avaliação Indicador,2024,
223,18011,Fundo Especial de Proteção Ambiental,Fepram,1479,2098,Promover o Monitoramento Ambiental no Estado de Rondônia.,Número de Alertas Climáticos Emitidos.,2023-08-15T00:00:00,Quantidade de Alertas Climáticos Emitidos no Ano.,2,Unidade,Un,SEDAM/COGEO,Estadual,Anual,2,46,2,,2,,2,,2024,Avaliação Indicador,2024,
224,18011,Fundo Especial de Proteção Ambiental,Fepram,1479,2098,Promover o Monitoramento Ambiental no Estado de Rondônia.,Número de Alertas Hidrológicos Emitidos.,2023-08-15T00:00:00,Quantidade  de Alertas Hidrológicos Emitidos no Ano.,4,Unidade,Un,SEDAM/COGEO,Estadual,Anual,4,12,4,,4,,4,,2024,Avaliação Indicador,2024,
225,18011,Fundo Especial de Proteção Ambiental,Fepram,1479,2098,Promover o Monitoramento Ambiental no Estado de Rondônia.,Número de Alertas Meteorológicos Emitidos.,2022-12-31T00:00:00,Número de Alertas Meteorológicos Emitidos no Ano. ,50,Unidade,Un,SEDAM/COGEO,Estadual,Anual,50,35,50,,50,,50,,2024,Avaliação Indicador,2024,
226,18011,Fundo Especial de Proteção Ambiental,Fepram,1479,2098,Promover o Monitoramento Ambiental no Estado de Rondônia.,Número de Boletins Hidrometeorológicos Mensais Emitidos.,2023-08-15T00:00:00,Quantidade de Boletins Hidrometeorológicos Mensais Emitidos no Ano.,12,Unidade,Un,SEDAM/COGEO,Estadual,Anual,12,3,12,,12,,12,,2024,Avaliação Indicador,2024,
227,18011,Fundo Especial de Proteção Ambiental,Fepram,1479,2098,Promover o Monitoramento Ambiental no Estado de Rondônia.,Número de Boletins Hidrometeorológicos Semanais Emitidos.,2023-08-15T00:00:00,Quantidade de Boletins Hidrometeorológicos Semanais Emitidos no Ano.,137,Unidade,Un,SEDAM/COGEO,Estadual,Anual,137,12,137,,137,,137,,2024,Avaliação Indicador,2024,
228,18011,Fundo Especial de Proteção Ambiental,Fepram,1479,2098,Promover o Monitoramento Ambiental no Estado de Rondônia.,Número de Cartas Imagens Emitidas.,2022-12-31T00:00:00,Quantidade de Cartas Imagens Emitidas no Ano.,1265,Unidade,Un,SEDAM/COGEO,Estadual,Anual,1265,700,1265,,1265,,1265,,2024,Avaliação Indicador,2024,
229,18011,Fundo Especial de Proteção Ambiental,Fepram,1479,2098,Promover o Monitoramento Ambiental no Estado de Rondônia.,Número de Empreendimentos com Atividades Potencialmente Poluidoras Monitorados,2022-12-31T00:00:00,Quantidade de empreendimentos com atividades potencialmente poluidoras monitoradas no ano + Quantidade de empreendimentos com atividades potencialmente poluidoras monitoradas no ano anterior.,180,Unidade,Un,SEDAM/COLMAM,Estadual,Anual,185,0,191,,197,,203,,2024,Avaliação Indicador,2024,
230,18011,Fundo Especial de Proteção Ambiental,Fepram,1479,2098,Promover o Monitoramento Ambiental no Estado de Rondônia.,Número de Laudos de Valoração do Dano Ambiental Emitidos.,2022-12-31T00:00:00,Quantidade de Laudos de Valoração do Dano Ambiental Emitidos no Ano.,96,Unidade,Un,SEDAM/COGEO,Estadual,Anual,96,1300,96,,96,,96,,2024,Avaliação Indicador,2024,
231,18011,Fundo Especial de Proteção Ambiental,Fepram,1479,2098,Promover o Monitoramento Ambiental no Estado de Rondônia.,Número de Monitor de Seca Emitidos e Validados.,2022-12-31T00:00:00,Quantidade de Análises e Validações para o Monitor de Seca. Fonte: Agência Nacional de Águas - ANA.,12,Unidade,Un,SEDAM/COGEO,Estadual,Anual,12,12,12,,12,,12,,2024,Avaliação Indicador,2024,
232,18011,Fundo Especial de Proteção Ambiental,Fepram,1479,2098,Promover o Monitoramento Ambiental no Estado de Rondônia.,Número de Vistorias de Monitoramento Florestal Realizadas.,2023-08-11T00:00:00,Quantidade de Vistorias de Monitoramento Florestal Realizadas no Ano.,40,Unidade,Un,SEDAM/CODEF,Estadual,Anual,30,58,35,,40,,45,,2024,Avaliação Indicador,2024,
233,18011,Fundo Especial de Proteção Ambiental,Fepram,1479,2098,"Reduzir o desmatamento ilegal e os incêndios florestais no território de Rondônia.
 ", Número de Operações de Fiscalização Ambiental Realizadas,2022-12-31T00:00:00,Quantidade de Operações de Fiscalização Ambiental Realizadas no Ano.,29,Unidade,Un,SEDAM/DIREX/GAB ,Estadual,Anual,30,394,30,,30,,30,,2024,Avaliação Indicador,2024,
234,18011,Fundo Especial de Proteção Ambiental,Fepram,1479,2098,"Reduzir o desmatamento ilegal e os incêndios florestais no território de Rondônia.
 ",Área desmatada no estado de Rondônia.,2022-11-30T00:00:00,"As taxas anuais de desmatamento são estimadas em quilometro quadrado (km2), mensuradas anualmente pelo sistema de alerta de desmatamento DETER-INPE. A meta esperada ao longo do PPA foi definida com base na redução de 25% do índice de referência.",1512,Kilometro,Km,INPE,Estadual,Anual,1417,325,1322,,1227,,1134,,2024,Avaliação Indicador,2024,
235,18011,Fundo Especial de Proteção Ambiental,Fepram,1479,2098,"Reduzir o desmatamento ilegal e os incêndios florestais no território de Rondônia.
 ",Número de ações preventivas de educação ambiental.,2023-07-31T00:00:00,Número de ações realizadas nas dez microrregiões do estado de Rondônia.,118,Unidade,Un,CEAM/SEDAM,Estadual,Anual,265,614,270,,275,,280,,2024,Avaliação Indicador,2024,
236,18011,Fundo Especial de Proteção Ambiental,Fepram,1479,2098,"Reduzir o desmatamento ilegal e os incêndios florestais no território de Rondônia.
 ",Número de Áreas Embargadas.,2022-12-31T00:00:00,Quantidade de Áreas Embargadas no Ano.,259,Unidade,Un,SEDAM/DIREX/GAB,Estadual,Anual,259,820,259,,259,,259,,2024,Avaliação Indicador,2024,
237,18011,Fundo Especial de Proteção Ambiental,Fepram,1479,2098,"Reduzir o desmatamento ilegal e os incêndios florestais no território de Rondônia.
 ",Número de Atendimento de Denúncias Realizados.,2022-12-31T00:00:00,Quantidade de Atendimento de Denúncias Realizados no Ano.,406,Unidade,Un,SEDAM/DIREX/GAB ,Estadual,Anual,406,422,406,,406,,406,,2024,Avaliação Indicador,2024,
238,18011,Fundo Especial de Proteção Ambiental,Fepram,1479,2098,"Reduzir o desmatamento ilegal e os incêndios florestais no território de Rondônia.
 ",Número de Autos de Infração Emitidos.,2023-08-14T00:00:00,Quantidade de Autos de Infração Emitidos no Ano.,1878,Unidade,Un,SEDAM/DIREX/GAB,Estadual,Anual,1878,2196,1878,,1878,,1878,,2024,Avaliação Indicador,2024,
239,18011,Fundo Especial de Proteção Ambiental,Fepram,1479,2098,"Reduzir o desmatamento ilegal e os incêndios florestais no território de Rondônia.
 ",Número de Boletins Sobre Focos de Calor Emitidos.,2023-08-15T00:00:00,Número de Boletins Sobre Focos de Calor Emitidos no Ano.,52,Unidade,Un,SEDAM/CODEF,Estadual,Anual,52,2,52,,52,,52,,2024,Avaliação Indicador,2024,
240,18011,Fundo Especial de Proteção Ambiental,Fepram,1479,2098,"Reduzir o desmatamento ilegal e os incêndios florestais no território de Rondônia.
 ",Número de Focos de Calor no território de Rondônia.,2022-12-31T00:00:00,Quantidade de focos de calor no ano. A meta esperada ao longo do PPA foi definida com base na redução de   25% do índice de referência. Fonte: db_queimadas/INPE satélite de referência NPP-375.,78457,Unidade,Un,INPE,Estadual,Anual,73553,79229,68649,,63745,,58843,,2024,Avaliação Indicador,2024,
241,18011,Fundo Especial de Proteção Ambiental,Fepram,1480,2154,Fortalecer a sociobioeconomia dos povos e comunidades tradicionais das Unidades de Conservação Estaduais.,Número de Mapeamentos e Levantamentos das Cadeias Produtivas.,2023-08-01T00:00:00,Quantidade de Mapeamentos e Levantamentos das Cadeias Produtivas Realizados no Ano.,1,Unidade,Un,CUC/SEDAM,Estadual,Anual,2,1,3,,4,,6,,2024,Avaliação Indicador,2024,
242,18011,Fundo Especial de Proteção Ambiental,Fepram,1480,2154,Fortalecer a sociobioeconomia dos povos e comunidades tradicionais das Unidades de Conservação Estaduais.,Número de Missões Voltadas para a Área Temática Sociobioeconomia dos Povos e Comunidades Tradicionais das Unidades de Conservação Estaduais.,2023-07-31T00:00:00,Quantidade de  missões  realizadas voltadas para a área temática sociobioeconomia dos povos e comunidades tradicionais das Unidades de Conservação no Ano.,10,Unidade,Un,CUC/SEDAM,Estadual,Anual,12,34,14,,16,,18,,2024,Avaliação Indicador,2024,
243,18011,Fundo Especial de Proteção Ambiental,Fepram,1480,2154,Fortalecer a sociobioeconomia dos povos e comunidades tradicionais das Unidades de Conservação Estaduais.,Número de Projetos voltados a sociobioeconômia.,2023-08-01T00:00:00,Quantidade de projetos voltados para a sociobioeconômia realizados no ano.,1,Unidade,Un,CUC/SEDAM,Estadual,Anual,2,,4,,5,,6,,2024,Avaliação Indicador,2024,
244,18011,Fundo Especial de Proteção Ambiental,Fepram,1480,2154,"Proteger as Unidades de Conservação Estaduais.
",Número de Operações de fiscalização nas Unidades de Conservação - UCs estaduais.,2022-12-31T00:00:00,Quantidade de Ações de Fiscalização Executadas nas Unidades de Conservação Estaduais no Ano.,147,Unidade,Un,CUC/SEDAM,Estadual,Anual,154,,154,,154,,154,,2024,Avaliação Indicador,2024,
245,18011,Fundo Especial de Proteção Ambiental,Fepram,1480,2154,Realizar pesquisas e estudos da biodiversidade nas Unidades de Conservação Estaduais.,Número de Pesquisas e Estudos da Biodiversidade Realizados nas Unidades de Conservação Estaduais.,2023-07-31T00:00:00,Quantidade de Pesquisas e Estudos da Biodiversidade Realizados nas Unidades de Conservação Estaduais.,0,Unidade,Un,CUC/SEDAM,Estadual,Anual,10,8,10,,10,,10,,2024,Avaliação Indicador,2024,
246,18011,Fundo Especial de Proteção Ambiental,Fepram,1480,2154,Reduzir o desmatamento ilegal e os incêndios florestais nas unidades de conservação estaduais.,Área Desmatada em KM² nas Unidades de Conservação Estaduais.,2022-12-31T00:00:00,"Quantidade de Área Desmatada em KM² nas Unidades de Conservação Estaduais, mensuradas anualmente pelo Projeto PRODES - Amazônia / INPE. A meta esperada ao longo do PPA foi definida com base na redução de 50% do índice de referência.",385,Kilometro,Km,INPE,Estadual,Anual,340,178,290,,241.87,,192.5,,2024,Avaliação Indicador,2024,
247,18011,Fundo Especial de Proteção Ambiental,Fepram,1480,2154,Reduzir o desmatamento ilegal e os incêndios florestais nas unidades de conservação estaduais.,Número de Queimadas (focos de calor) nas Unidades de Conservação Estaduais.,2022-12-31T00:00:00,Número de focos de calor nas Unidades de Conservação Estaduais  no Ano.  A meta esperada ao longo do PPA foi definida com base na redução de 25% do índice de referência. ,41922,Unidade,Un,INPE,Estadual,Anual,39302,39302,36682,,34062,,31442,,2024,Avaliação Indicador,2024,
248,18012,Fundo Estadual de Recursos Hídricos,FRH,1538,2080,Promover o Fortalecimento da Gestão Integrada e Participativa dos Recursos Hídricos.,Número de  Análises de Água Tratada.,2023-07-31T00:00:00,Quantidade de Análise de Água Tratada Realizadas no Ano.,0,Unidade,Un,SEDAM/DIREX/GAB ,Estadual,Anual,15,876,15,,15,,15,,2024,Avaliação Indicador,2024,
249,18012,Fundo Estadual de Recursos Hídricos,FRH,1538,2080,Promover o Fortalecimento da Gestão Integrada e Participativa dos Recursos Hídricos.,Número de  Análises de Efluentes Doméstico.,2023-07-31T00:00:00,Quantidade de Análise de Efluente Doméstico Realizadas no Ano.,0,Unidade,Un,SEDAM/DIREX/GAB,Estadual,Anual,25,257,25,,25,,25,,2024,Avaliação Indicador,2024,
250,18012,Fundo Estadual de Recursos Hídricos,FRH,1538,2080,Promover o Fortalecimento da Gestão Integrada e Participativa dos Recursos Hídricos.,Número de Análises de Água Subterrânea.,2023-07-31T00:00:00,Quantidade de Análises de Água Subterrânea Realizadas no Ano.,0,Unidade,Un,SEDAM/DIREX/GAB ,Estadual,Anual,10,863,10,,10,,10,,2024,Avaliação Indicador,2024,
251,18012,Fundo Estadual de Recursos Hídricos,FRH,1538,2080,Promover o Fortalecimento da Gestão Integrada e Participativa dos Recursos Hídricos.,Número de Análises de Água Superficial.,2023-07-31T00:00:00,Quantidade de Análise de Água Superficial Realizadas no Ano.,0,Unidade,Un,SEDAM/DIREX/GAB ,Estadual,Anual,100,983,100,,100,,100,,2024,Avaliação Indicador,2024,
252,18012,Fundo Estadual de Recursos Hídricos,FRH,1538,2080,Promover o Fortalecimento da Gestão Integrada e Participativa dos Recursos Hídricos.,Número de Análises de Efluentes Industriais.,2023-07-31T00:00:00,Quantidade de Análises de Efluentes Industriais Realizadas no Ano.,0,Unidade,Un,SEDAM/DIREX/GAB,Estadual,Anual,10,257,10,,10,,10,,2024,Avaliação Indicador,2024,
253,18012,Fundo Estadual de Recursos Hídricos,FRH,1538,2080,Promover o Fortalecimento da Gestão Integrada e Participativa dos Recursos Hídricos.,Número de Atos Normativos do Uso dos Recursos Hídricos.,2022-12-30T00:00:00,"Quantidade de Atos Normativos (Portarias, Resoluções do Conselho, Atas de Reuniões, Leis e Decretos) Publicados no Ano.",5,Unidade,Un,SEDAM/DIREX/GAB ,Estadual,Anual,20,6,20,,20,,20,,2024,Avaliação Indicador,2024,
254,18012,Fundo Estadual de Recursos Hídricos,FRH,1538,2080,Promover o Fortalecimento da Gestão Integrada e Participativa dos Recursos Hídricos.,Número de Outorgas Emitidas.,2023-07-31T00:00:00,Quantidade de Outorgas Emitidas no ano.,1190,Unidade,Un,SEDAM/DIREX/GAB ,Estadual,Anual,1190,692,1190,,1190,,1190,,2024,Avaliação Indicador,2024,
255,18012,Fundo Estadual de Recursos Hídricos,FRH,1538,2080,Promover o Fortalecimento da Gestão Integrada e Participativa dos Recursos Hídricos.,Número de Pareceres de Águas Subterrâneas Para Emissão de Licenças.,2023-08-11T00:00:00,Quantidade de Pareceres de Águas Subterrâneas Para Emissão de Licenças Emitidos.,618,Unidade,Un,SEDAM/DIREX/GAB,Estadual,Anual,618,208,618,,618,,618,,2024,Avaliação Indicador,2024,
256,18012,Fundo Estadual de Recursos Hídricos,FRH,1538,2080,Promover o Fortalecimento da Gestão Integrada e Participativa dos Recursos Hídricos.,Número de Reuniões dos Comitês de Bacias.,2023-07-31T00:00:00,Quantidade de Reuniões dos Comitês de Bacias Realizadas no Ano.,0,Unidade,Un,SEDAM/DIREX/GAB ,Estadual,Anual,16,26,16,,16,,16,,2024,Avaliação Indicador,2024,
257,18012,Fundo Estadual de Recursos Hídricos,FRH,1538,2080,Promover o Fortalecimento da Gestão Integrada e Participativa dos Recursos Hídricos.,Número de Usuários de Recursos Hídricos Monitorados e Fiscalizados.,2022-12-30T00:00:00,Quantidade de Usuários de Recursos Hídricos Monitorados e Fiscalizados no ano.,100,Unidade,Un,SEDAM/DIREX/GAB,Estadual,Anual,100,306,100,,100,,100,,2024,Avaliação Indicador,2024,
258,18013,Fundo Estadual de Governança Climática e Serviços Ambientais,FUNCLIMA,1537,2136,Implementar a Política de Governança Climática e Serviços Ambientais.,Número de Reuniões das Câmaras Temáticas do Fórum.,2023-08-11T00:00:00,Quantidade de Reuniões de Câmaras Temáticas do Fórum Realizadas no Ano.,2,Unidade,Un,Plataforma On Line vinculada ao Projeto Governança Climática - SEDAM,Estadual,Anual,6,3,6,,6,,6,,2024,Avaliação Indicador,2024,
259,18013,Fundo Estadual de Governança Climática e Serviços Ambientais,FUNCLIMA,1537,2136,Implementar a Política de Governança Climática e Serviços Ambientais.,Número de Reuniões do Conselho Gestor Deliberativo.,2023-08-11T00:00:00,Quantidade de Reuniões do Conselho Gestor Deliberativo Realizadas no Ano.,0,Unidade,Un,Plataforma On Line vinculada ao Projeto Governança Climática - SEDAM,Estadual,Anual,2,,2,,2,,2,,2024,Avaliação Indicador,2024,
260,18013,Fundo Estadual de Governança Climática e Serviços Ambientais,FUNCLIMA,1537,2136,Implementar a Política de Governança Climática e Serviços Ambientais.,Número de Reuniões do Conselho Técnico Científico.,2023-08-11T00:00:00,Quantidade de Reuniões do Conselho Técnico Científico Realizadas no Ano.,0,Unidade,Un,Plataforma On Line vinculada ao Projeto Governança Climática - SEDAM,Estadual,Anual,2,,2,,2,,2,,2024,Avaliação Indicador,2024,
261,18013,Fundo Estadual de Governança Climática e Serviços Ambientais,FUNCLIMA,1537,2136,Implementar a Política de Governança Climática e Serviços Ambientais.,Número de Reuniões do Fórum Estadual de Governança Climática.,2023-08-11T00:00:00,Quantidade de Reuniões do Fórum Estadual de Governança Climática Realizadas no Ano.,1,Unidade,Un,Plataforma On Line vinculada ao Projeto Governança Climática - SEDAM,Estadual,Anual,2,1,2,,2,,2,,2024,Avaliação Indicador,2024,
262,18013,Fundo Estadual de Governança Climática e Serviços Ambientais,FUNCLIMA,1537,2136,Implementar a Política de Governança Climática e Serviços Ambientais.,Plano Estadual de Combate ao Desmatamento e Queimadas de Rondônia – PPCDQ – RO Publicado.,2023-08-11T00:00:00,Quantidade de Plano Estadual de Combate ao Desmatamento e Queimadas de Rondônia – PPCDQ – RO Publicado no Ano.,0,Unidade,Un,Plataforma On Line vinculada ao Projeto Governança Climática - SEDAM,Estadual,Anual,1,,0,,0,,0,,2024,Avaliação Indicador,2024,
263,18013,Fundo Estadual de Governança Climática e Serviços Ambientais,FUNCLIMA,1537,2136,Implementar a Política de Governança Climática e Serviços Ambientais.,Programa Estadual de Pagamentos por Serviços Ambientais Publicado,2023-08-11T00:00:00,Programa de Pagamento por Serviços Ambientais do Estado de Rondônia Publicado no Ano.,0,Unidade,Un,Plataforma On Line vinculada ao Projeto Governança Climática - SEDAM,Estadual,Anual,0,,0,,1,,0,,2024,Avaliação Indicador,2024,
264,18013,Fundo Estadual de Governança Climática e Serviços Ambientais,FUNCLIMA,1537,2136,Reduzir a Emissão de Gases do Efeito Estufa no Estado de Rondônia.,Emissão Total de Gases do Efeito Estufa.,2023-07-31T00:00:00,"Emissão Total de Gases do Efeito Estufa (Processos Industriais, Resíduos, Energia, Agropecuária, Mudança de Uso da Terra e Florestas). Fonte: Site: https://plataforma.seeg.eco.br/total_emission",137889790,Tonelada,t,SEDAM/COGEO,Estadual,Anual,130995301,99632560,124100812,,117206323,,110311834,,2024,Avaliação Indicador,2024,
265,19001,Secretaria de Estado da Agricultura,Seagri,1506,2101,"Promover ações de acesso, divulgação, monitoramento, acompanhamento e fiscalização  do Programa Nacional de Crédito Fundiário no estado de Rondônia.",Promover acesso a terra,2023-08-01T00:00:00,Monitoramento em locu,0,Unidade,Un,FISCALIZAÇÕES ANUAIS,Nacional,Anual,100,691,125,,150,,200,,2024,Avaliação Indicador,2024,
266,19001,Secretaria de Estado da Agricultura,Seagri,1561,2003,"Fomentar a organização da produção, incentivando a formação de cooperativas e associações de produtores, pescadores e piscicultores, busca promover o crescimento sustentável e equitativo do setor, alinhando a produção com as necessidades da sociedade e a preservação do meio ambiente, para construir uma base sólida para o futuro das cadeias produtivas.","Fomentar a organização da produção, incentivando a formação de cooperativas e associações de produtores, pescadores e piscicultores.",2023-08-01T00:00:00,,100,Unidade,Un,SEAGRI/MPA/EMATER,Estadual,Anual,50,49,100,,150,,200,,2024,Avaliação Indicador,2024,
267,19001,Secretaria de Estado da Agricultura,Seagri,1561,2003,"Investir em técnicas de produção sustentável reduzindo o impacto ambiental com adoção de práticas sustentáveis, como o uso eficiente dos recursos naturais, o manejo adequado dos solos, a conservação da biodiversidade e o controle responsável de resíduos e poluentes, minimizando os danos ao meio ambiente com a promoção da  saúde dos ecossistemas, a preservação dos recursos hídricos e a mitigação das emissões de gases de efeito estufa, permitindo que as atividades se mantenham viáveis no longo prazo, sem esgotar os recursos naturais e sem comprometer a qualidade do solo e da água, promovendo assim uma produção agropecuária mais consciente e responsável.",Investir em técnicas de produção sustentável reduzindo o impacto ambiental com adoção de práticas sustentáveis.,2023-08-01T00:00:00,,2000,Unidade,Un,SEAGRI/MAPA/DECRED,Estadual,Anual,2000,814,3000,,4000,,5000,,2024,Avaliação Indicador,2024,
268,19001,Secretaria de Estado da Agricultura,Seagri,1561,2003,"Melhorar a produção e produtividade agropecuária do estado de Rondônia, impulsionando o desenvolvimento econômico com a implementação a adoção de tecnologias de manejo e insumos, fomentando a organização da produção agropecuária, incluindo a aquicultura e pesca, com redução do impacto ambiental e garantindo a qualidade dos produtos, aumentando a diversidade produtiva e contribuindo para a segurança alimentar local. ",Cacauicultores apoiados ,2023-07-24T00:00:00,Número de Produtores Rurais Beneficiados,300,Unidade,Un,SEAGR/EMATER/CEPLAC,Estadual,Anual,350,110,500,,800,,1000,,2024,Avaliação Indicador,2024,
269,19001,Secretaria de Estado da Agricultura,Seagri,1561,2003,"Melhorar a produção e produtividade agropecuária do estado de Rondônia, impulsionando o desenvolvimento econômico com a implementação a adoção de tecnologias de manejo e insumos, fomentando a organização da produção agropecuária, incluindo a aquicultura e pesca, com redução do impacto ambiental e garantindo a qualidade dos produtos, aumentando a diversidade produtiva e contribuindo para a segurança alimentar local. ",Cafeicultores apoiados ,2023-07-24T00:00:00,Número de Produtores Rurais Beneficiados.,2000,Unidade,Un,SEAGRI/EMATER,Estadual,Anual,2500,2100,3000,,3500,,4000,,2024,Avaliação Indicador,2024,
270,19001,Secretaria de Estado da Agricultura,Seagri,1579,2011,"Executar políticas públicas voltada ao desenvolvimento da agricultura familiar sustentável;
Fomentar a produção agrícola familiar no Estado de Rondônia;
Aumentar a renda agrícola familiar dos produtores rurais aquecendo a economia local;
Melhorar a qualidade de vida do homem no campo e combatendo o êxodo rural.
",Produtor Rural Atendido,2023-08-01T00:00:00,Serão atendidos 1.824 Produtores Rurais Atendidos por ano ao longo do período 2024 - 2027. ,0,Unidade,Un,INCRA/SEAGRI/SEDAM,Estadual,Anual,1824,1817,1824,,1824,,1824,,2024,Avaliação Indicador,2024,
271,19001,Secretaria de Estado da Agricultura,Seagri,1599,2055,"Verticalizar a produção familiar agropecuária do Estado de Rondônia;
Incentivar a agroindustrialização da produção agropecuária na agricultura familiar;
Promover ações de divulgação e comercialização da produção agroindustrializada;
Agregar valor a Produção agrícola familiar, gerando emprego, renda e combatendo o êxodo rural.
",Produtor Rural Atendido,2023-08-01T00:00:00,265 Produtores Rurais Atendidos por ano,0,Unidade,Un,INCRA/SEAGRI/SEDAM,Estadual,Anual,265,498,265,,265,,265,,2024,Avaliação Indicador,2024,
272,19011,Fundo de Apoio à Cultura do Café em Rondônia,Funcafé,1553,2005,Apoiar produtores da cadeia produtiva do café para aumento da produção e produtividade com qualidade.,Cafeicultores apoiados ,2023-07-24T00:00:00,Somatório do número de cafeicultores beneficiados.,300,Unidade,Un,SEAGRI/CÂMARA SETORIAL DO CAFÉ,Estadual,Anual,350,1000,350,,400,,400,,2024,Avaliação Indicador,2024,
273,19014,Fundo Estadual de Sanidade Animal,Fesa,1453,2095,"Apoiar as atividades de inspeção e defesa sanitária animal desempenhas pela IDARON, dando lastro financeiro aos investimentos em obras e instalações, em equipamentos e material permanentes, bem como a outros custeios, necessários a pleno desenvolvimento da pecuária do Estado de Rondônia.  
",Índice de Satisfação de Infraestrutura - IDI,2022-12-31T00:00:00,"IDI = [(I x P1) + (E x P2)] / (P1 + P2)   

Sendo
I = Taxa de Satisfação do Público Interno (Servidor);
E = Taxa de Satisfação do Público Externo (Produtor).

Pesos (P1 = 4; P2 = 6).",75,Porcentagem,%,Coordenadoria de Planejamento da Idaron - IDARON-COPLAN,Estadual,Anual,80,87,82,,85,,90,,2024,Avaliação Indicador,2024,
274,19017,Fundo de Inv. e Apoio ao Programa de Desenv. da Pecuária Leiteira do Estado,Proleite,1539,2004,"Acompanhar os elos da cadeia produtiva do leite, identificando as limitações e gargalos da atividade no elo da produção, indústria e mercado, pesquisando tecnologias e facilidades para competir no mercado nacional e internacional.",Número de projetos atendidos por região,2023-01-01T00:00:00,Somatório dos projetos apoiados por Região.,0,Unidade,Un,INCRA/SEAGRI/SEDAM,Estadual,Anual,3,1,4,,5,,6,,2024,Avaliação Indicador,2024,
275,19023,Agência de Defesa Sanitária Agrosilvopastoril do Estado de Rondônia,Idaron,1422,2096,"Promover a defesa agropecuária, aprimorando os status sanitários de pragas ou doenças e a qualidade dos insumos.", Índice de Conformidade de Insumos e Matérias Primas Agrícolas - ICIMPA (GIDSV-IDARON),2022-12-31T00:00:00,"ICIMPA = [(A x P1) + (P x P2) + (M x P3) + (S x P4)] / (P1 + P2 + P3 + P4)

Sendo que:
A = Taxa de Conformidade de Fiscalização de Produtos Agrotóxicos;
P = Taxa de Conformidade nas Análises de Resíduos em Produtos;
M = Taxa de Conformidade na Fiscalização da Produção de Mudas;
S = Taxa de Conformidade na Fiscalização de Sementes.

Pesos: (P1 = 3; P2 = 1; P3=3; P4=3)",80,Porcentagem,%,Gerência de Inspeção e Defesa Sanitária Vegetal - GIDSV-IDARON,Estadual,Anual,90,100,90,,90,,90,,2024,Avaliação Indicador,2024,
276,19023,Agência de Defesa Sanitária Agrosilvopastoril do Estado de Rondônia,Idaron,1422,2096,"Promover a defesa agropecuária, aprimorando os status sanitários de pragas ou doenças e a qualidade dos insumos.",Índice de Controle de Doenças na Produção Animal - ICDPA (GDSA-IDARON),2022-12-31T00:00:00,"ICDPA = [(R x P1) +(M x P2) + (A x P3)] / (P1 + P2 + P3)

Sendo:
R = Taxa de Focos de Raiva dos Herbívoros Saneados;
M = Taxa de Focos de Mormo Saneados;
A = Taxa de Focos de AIE Saneados.

Pesos (P1 = 4; P2 = 4; P3 = 2).",100,Porcentagem,%,Gerência de Defesa Sanitária Animal - GDSA/IDARON,Estadual,Anual,97,100,97,,97,,97,,2024,Avaliação Indicador,2024,
277,19023,Agência de Defesa Sanitária Agrosilvopastoril do Estado de Rondônia,Idaron,1422,2096,"Promover a defesa agropecuária, aprimorando os status sanitários de pragas ou doenças e a qualidade dos insumos.",Índice de Controle de Pragas na Produção Vegetal - ICPPV (GIDSV-IDARON),2022-12-31T00:00:00,"ICPPV = [(G x P1) + (P x P2)] / (P1 + P2)

Sendo:
G = Taxa de Conformidade de Controle de Pragas de Grandes Culturas;
P = Taxa de Conformidade de Controle de Pragas;

Pesos: (P1 = 6; P2 = 4).",77,Porcentagem,%,Gerência de Inspeção e Defesa Sanitária Vegetal - GIDSV-IDARON,Estadual,Anual,80,100,80,,80,,80,,2024,Avaliação Indicador,2024,
278,19023,Agência de Defesa Sanitária Agrosilvopastoril do Estado de Rondônia,Idaron,1422,2096,"Promover a defesa agropecuária, aprimorando os status sanitários de pragas ou doenças e a qualidade dos insumos.",Índice de Manutenção de Áreas Livres de Doenças - IMALD (GDSA-IDARON),2022-12-31T00:00:00,"IMALD = [(F x P1) + (R x P2) + (N x P3) + (I x P4) + (S x P5)] / (P1 + P2 + P3 + P4 + P5)                                                                                                           

Sendo: 
F = Taxa de Manutenção de Rebanho Livre de Febre Aftosa;
R = Taxa de Manutenção de Rebanho com Risco Insignificante para EEB;
N = Taxa de Manutenção de Animais Livres da Doença de NewCastle;
L = Taxa de Manutenção de Animais Livres de Influenza Aviária;
S = Taxa de Manutenção de Animais Livres de Peste Suína Clássica);

Pesos (P1 = 4; P2 = 2; P3 = 1; P4 = 1; P5 = 2).",100,Porcentagem,%,Gerência de Defesa Sanitária Animal - GDSA-IDARON,Estadual,Anual,100,100,100,,100,,100,,2024,Avaliação Indicador,2024,
279,19023,Agência de Defesa Sanitária Agrosilvopastoril do Estado de Rondônia,Idaron,1422,2096,"Promover a defesa agropecuária, aprimorando os status sanitários de pragas ou doenças e a qualidade dos insumos.",Índice de Manutenção de Áreas Livres de Pragas - IMALP (GIDSV-IDARON),2022-12-31T00:00:00,"IMALP = [(M x P1) +(C x P2) + (A x P3) + (H x P4)] / (P1 + P2 + P3 + P4)

Sendo:                                                                                                                                                                                                                
M = Taxa de Conformidade de Prevenção da Monilíase do Cacaueiro;
C = Taxa de Conformidade de Prevenção da Mosca da Carambola;
A = Taxa de Conformidade de Prevenção do Ácaro Hindú dos Citrus;
H = Taxa de Conformidade de Prevenção do HLB-Greening dos Citrus;

Pesos: (P1 = 6; P2 = 2; P3 = 1; P4 = 1).",100,Porcentagem,%,Gerência de Inspeção e Defesa Sanitária Vegetal - GIDSV - IDARON,Estadual,Anual,100,100,100,,100,,100,,2024,Avaliação Indicador,2024,
280,19023,Agência de Defesa Sanitária Agrosilvopastoril do Estado de Rondônia,Idaron,1422,2096,"Promover a defesa agropecuária, aprimorando os status sanitários de pragas ou doenças e a qualidade dos insumos.",Porcentagem de Notificação de Suspeitas de Doenças Atendidas no Prazo Legal (Síndrome Vesicular) - PNSDAPL (GDSA - IDARON),2022-12-31T00:00:00,"PNSDAPL = [(V x P1) + (H x P2) + (R x P3) + (N x P4)] / (P1 + P2 + P3 + P4)                                                                                                                                                                         

Sendo: 
V = Taxa de Atendimento de casos de Síndrome Vesicular no prazo legal;          
H = Taxa de Atendimento de Casos Hemorrágicos de Suínos no prazo legal;                               
R = Taxa de Atendimento de Casos de Respiratória e Nervosa das Aves no Prazo Legal; 
N = Taxa de Atendimento de Casos de Síndrome nervosa no prazo legal);                                                 

Pesos: (P1 = 5; P2 = 2; P3 = 1; P4 = 2).",73.7,Porcentagem,%,Gerência de Defesa Sanitária Animal - GDSA/IDARON,Estadual,Anual,94,98.97,95,,96,,96,,2024,Avaliação Indicador,2024,
281,19023,Agência de Defesa Sanitária Agrosilvopastoril do Estado de Rondônia,Idaron,1422,2096,Promover a qualidade higiênico-sanitária dos produtos e subprodutos agropecuários.,Índice de Conformidade em Estabelecimentos com Inspecões Periódicas - ICEIP (GIPOA-IDARON),2022-12-31T00:00:00,"ICEIP = [(C x N1) + (L x N2) + (O x N3) + (M x N4) + (P x N5)] / (N1 + N2 + N3 + N4 + N5)

A base do cálculo é a Média da Taxa de Conformidade atingida pelos Estabelecimentos com Inspeção Periódica em:
C = Carnes e Derivados;
L = Leite e Derivados;
O = Ovos e Derivados;
M = Mel e Derivados;
P =  Pescado e Derivados.

Os pesos são respectivamente os números de estabelecimentos com Inspeção Periódica, nas categorias: 
N1 = Carnes e Derivados;
N2 = Leite e Derivados;
N3 = Ovos e Derivados;
N4 = Mel e Derivados;
N5 = Pescado e Derivados.",77,Porcentagem,%,Gerência de Inspeção de Produtos de Origem Animal - GIPOA-IDARON,Estadual,Anual,77,78,78,,79,,80,,2024,Avaliação Indicador,2024,
282,19023,Agência de Defesa Sanitária Agrosilvopastoril do Estado de Rondônia,Idaron,1422,2096,Promover a qualidade higiênico-sanitária dos produtos e subprodutos agropecuários.,Índice de Conformidade em Estabelecimentos de Abate - ICEA (GIPOA-IDARON),2022-12-31T00:00:00,"ICEA = [(B x N1) + (S x N2) + (A x N3)] / (N1 + N2 + N3)                                                                                                                                                                         

A base do cálculo é a Média da Taxa de Conformidade atingida pelos Estabelecimentos com Inspeção Permanente em:
B = Abate de Bovinos;
S = Abate de Suínos;
A = Abate de Aves.

Os pesos são respectivamente os número de estabelecimentos com Inspeção Permanente:
N1 = Abate de Bovinos; 
N2 = Abate de Suínos;
N3 = Abate de Aves.",80,Porcentagem,%,Gerência de Inspeção de Produtos de Origem Animal - GIPOA-IDARON,Estadual,Anual,80,80,81,,82,,83,,2024,Avaliação Indicador,2024,
283,19025,Entidade Autárquica de Assistência Técnica e Extensão Rural do Estado de Rondônia,Emater,1444,2024,"Apoiar os agricultores familiares tecnicamente na produção agropecuária, com uso racional do meio ambiente e gestão da unidade produtiva, através de informações, tecnologias, insumos, equipamentos e meios que permitam a inovação tecnológica, visando o aumento da produtividade/produção/renda bruta familiar.","CPCIP - Capacitar 20% dos 10.739 produtores cadastrados para resultados, em Inclusão Produtiva (PAA, PNAE, Feiras Livres e Mercados) ",2022-12-31T00:00:00,"CPCIP = Capacitar 20% dos 10.739 produtores cadastrados para resultados, em Inclusão Produtiva (PAA, PNAE, Feiras Livres e Mercados) 

ANO BASE 2024 =10.739*5/100
ANO 2025 = 10.739*10/100
ANO 2026 =10.739*15/100
ANO 2027 =10.739*20/100
",1,Porcentagem,%,EMATER/GEPIN,Estadual,Anual,5,20.54,10,,15,,20,,2024,Avaliação Indicador,2024,
284,19025,Entidade Autárquica de Assistência Técnica e Extensão Rural do Estado de Rondônia,Emater,1444,2024,"Apoiar os agricultores familiares tecnicamente na produção agropecuária, com uso racional do meio ambiente e gestão da unidade produtiva, através de informações, tecnologias, insumos, equipamentos e meios que permitam a inovação tecnológica, visando o aumento da produtividade/produção/renda bruta familiar.",CPRA - Capacitar 10.000 propriedades sobre Plano de Recuperação Ambiental – PRA e/ou Retificação de Cadastro Ambiental Rural das propriedades cadastradas e não cadastradas ,2022-12-31T00:00:00,"CPRA - Capacitar 10.000 propriedades sobre Plano de Recuperação Ambiental 
ANO BASE 2024 =10.000*25/100
ANO 2025 = 10.000*50/100
ANO 2026 =10.000*75/100
ANO 2027 =10.000*100/100
",1,Porcentagem,%,EMATER/GEPIN,Estadual,Anual,25,25.15,50,,75,,100,,2024,Avaliação Indicador,2024,
285,19025,Entidade Autárquica de Assistência Técnica e Extensão Rural do Estado de Rondônia,Emater,1444,2024,"Apoiar os agricultores familiares tecnicamente na produção agropecuária, com uso racional do meio ambiente e gestão da unidade produtiva, através de informações, tecnologias, insumos, equipamentos e meios que permitam a inovação tecnológica, visando o aumento da produtividade/produção/renda bruta familiar.",CPREA - Capacitar 25% ao ano das 10.739 propriedades cadastradas para resultado em Regularidade e Educação Ambiental ao longo dos 04 anos de execução de ATER.,2022-12-31T00:00:00,"CPREA - Capacitar 25% ao ano das 10.739 propriedades cadastradas para resultado em Regularidade e Educação Ambiental.

ANO BASE 2024 =10.739*5/100
ANO 2025 = 10.739*10/100
ANO 2026 =10.739*15/100
ANO 2027 =10.739*20/100
",1,Porcentagem,%,EMATER/GEPIN,Estadual,Anual,5,23.84,10,,15,,20,,2024,Avaliação Indicador,2024,
286,19025,Entidade Autárquica de Assistência Técnica e Extensão Rural do Estado de Rondônia,Emater,1444,2024,"Apoiar os agricultores familiares tecnicamente na produção agropecuária, com uso racional do meio ambiente e gestão da unidade produtiva, através de informações, tecnologias, insumos, equipamentos e meios que permitam a inovação tecnológica, visando o aumento da produtividade/produção/renda bruta familiar.","CSISPAR - Capacitar  25% ao ano as associações cadastradas e atendidas pela EMATER, 319,  no Sistema Integrado de Parcerias e Descentralização de Políticas Publicas, não Executivos ao Estado - SISPAR RO, durante os 04 anos.",2022-12-31T00:00:00,"CSISPAR = Capacitar para o cadastro de 25% ao ano das associações  cadastradas e atendidas pela EMATER, 369,  no Sistema Integrado de Parcerias e Descentralização de Políticas Publicas, não Executivos ao Estado - SISPAR RO.
ANO BASE 2024 =319*25/100	
ANO 2025 = 319*50/100	
ANO 2026 =319*75/100	
ANO 2027 =319*100/100	
",10,1/10.000,1/10.000,EMATER/GEPIN,Estadual,Anual,25,25.63,50,,75,,100,,2024,Avaliação Indicador,2024,
287,19025,Entidade Autárquica de Assistência Técnica e Extensão Rural do Estado de Rondônia,Emater,1444,2024,"Apoiar os agricultores familiares tecnicamente na produção agropecuária, com uso racional do meio ambiente e gestão da unidade produtiva, através de informações, tecnologias, insumos, equipamentos e meios que permitam a inovação tecnológica, visando o aumento da produtividade/produção/renda bruta familiar.","DSP - Desenvolver a Sanidade na Atividade de Piscicultura em 25% ao ano nas 565 propriedades cadastradas pela EMATER-RO, para resultado.",2022-12-31T00:00:00,"FORMULA - DSP = Desenvolver a Sanidade na Atividade de Piscicultura

ANO BASE 2024 = 565*25/100	
ANO 2025 = 565*50/100	
ANO 2026 =565*75/100	
ANO 2027 = 565*100/100	
			
",25,Porcentagem,%,EMATER/GEPIN,Estadual,Anual,25,29.25,50,,75,,100,,2024,Avaliação Indicador,2024,
288,19025,Entidade Autárquica de Assistência Técnica e Extensão Rural do Estado de Rondônia,Emater,1444,2024,"Apoiar os agricultores familiares tecnicamente na produção agropecuária, com uso racional do meio ambiente e gestão da unidade produtiva, através de informações, tecnologias, insumos, equipamentos e meios que permitam a inovação tecnológica, visando o aumento da produtividade/produção/renda bruta familiar.",FAA - Agricultores Familiares atendidos em relação ao total existente no Estado,2022-12-31T00:00:00,"FAA - Quantidade de Famílias de Agricultores Familiares atendidos / quantidade de Famílias de Agricultores Familiares existentes no Estado
FORMULA = X*100/Y   												
X - ANO CORRENTE												
Y - ANO BASE – referência												",49.66,Porcentagem,%,EMATER/GEPIN,Estadual,Trimestral,55.57,60.18,57.65,,59.81,,62.05,,2024,Avaliação Indicador,2024,
289,19025,Entidade Autárquica de Assistência Técnica e Extensão Rural do Estado de Rondônia,Emater,1444,2024,"Apoiar os agricultores familiares tecnicamente na produção agropecuária, com uso racional do meio ambiente e gestão da unidade produtiva, através de informações, tecnologias, insumos, equipamentos e meios que permitam a inovação tecnológica, visando o aumento da produtividade/produção/renda bruta familiar.",IAAF -  Indicador de Atendimento aos Agricultores Familiares ,2023-08-25T00:00:00,"(IAAF) % = ( X - Y)*100 / Y

X - NÚMERO DE ATENDIMENTOS DO ANO
Y - NÚMERO DE ATENDIMENTO DO ANO BASE",3.93,Porcentagem,%,EMATER/GEPIN,Estadual,Anual,12,14.6,16,,21,,25,,2024,Avaliação Indicador,2024,
290,19025,Entidade Autárquica de Assistência Técnica e Extensão Rural do Estado de Rondônia,Emater,1444,2024,"Apoiar os agricultores familiares tecnicamente na produção agropecuária, com uso racional do meio ambiente e gestão da unidade produtiva, através de informações, tecnologias, insumos, equipamentos e meios que permitam a inovação tecnológica, visando o aumento da produtividade/produção/renda bruta familiar.","IBPM - Implantar em 25% ao ano Boas Práticas de Manejo (reprodutivo, sanitário, alimentar) na Bovinocultura de Corte, nas 3014 propriedades cadastradas para resultados.",2022-12-31T00:00:00,"FORMULA  IBPM - Implantar em 25% ao ano Boas Práticas de Manejo (reprodutivo, sanitário, alimentar) na Bovinocultura de Corte.

ANO BASE 2024 =216*25/100
ANO 2025 = 216*50/100
ANO 2026 =216*75/100
ANO 2027 =216*100/100
					
",19,Porcentagem,%,EMATER/GEPIN,Estadual,Anual,25,25,50,,75,,100,,2024,Avaliação Indicador,2024,
291,19025,Entidade Autárquica de Assistência Técnica e Extensão Rural do Estado de Rondônia,Emater,1444,2024,"Apoiar os agricultores familiares tecnicamente na produção agropecuária, com uso racional do meio ambiente e gestão da unidade produtiva, através de informações, tecnologias, insumos, equipamentos e meios que permitam a inovação tecnológica, visando o aumento da produtividade/produção/renda bruta familiar.","IQSLC - Implantar a Qualidade e Sustentabilidade nas Lavouras Cafeeiras em 25% das lavouras cafeeiras a cada ano, considerando um universo de 2.895 propriedades cadastradas para resultado.",2022-12-31T00:00:00,"QSLC = Qualidade e Sustentabilidade nas Lavouras Cafeeiras
FORMULA 		
ANO BASE 2024 = 100*25/100		
ANO 2025 = 100*50/100		
ANO 2026 = 100*75/100		
ANO 2027 = 100*100/100		

",5.5,Porcentagem,%,EMATER/GEPIN,Estadual,Anual,25,25.89,50,,75,,100,,2024,Avaliação Indicador,2024,
292,19025,Entidade Autárquica de Assistência Técnica e Extensão Rural do Estado de Rondônia,Emater,1444,2024,"Apoiar os agricultores familiares tecnicamente na produção agropecuária, com uso racional do meio ambiente e gestão da unidade produtiva, através de informações, tecnologias, insumos, equipamentos e meios que permitam a inovação tecnológica, visando o aumento da produtividade/produção/renda bruta familiar.",IRBF= Indicador de  Renda  Bruta Familiar,2022-12-31T00:00:00,"Indicador de  Renda  Bruta Familiar - IRBF=( X - Y)*100/Y 											
X - Ano Corrente												
y - Ano base - referência												",12,Porcentagem,%,EMATER/GEPIN,Estadual,Anual,12.72,2.71,13.44,,14.16,,14.88,,2024,Avaliação Indicador,2024,
293,19025,Entidade Autárquica de Assistência Técnica e Extensão Rural do Estado de Rondônia,Emater,1444,2024,"Apoiar os agricultores familiares tecnicamente na produção agropecuária, com uso racional do meio ambiente e gestão da unidade produtiva, através de informações, tecnologias, insumos, equipamentos e meios que permitam a inovação tecnológica, visando o aumento da produtividade/produção/renda bruta familiar.",PCONSULTEC - Trabalhar a profissionaação no projeto CONSULTEC em 30% das Propriedades Leiteiras cadastradas considerando em um universo das 6.362 propriedades ao longo de um período de  quatro anos.,2022-12-31T00:00:00,"PPL - PROFISSIONALIZAÇÃO DAS PROPRIEDADES LEITEIRAS - É UM TRABALHO CONTINUADO E PARA SE OBTER RESULTADOS DE UM MODO GERAL HÁ UM LAPSO DE TEMPO DE NO MÍNIMO 04 (QUATRO) ANOS, DESTA FORMA O INDICADOR SERÁ MANTIDO NOS QUATROS ANOS DE ASSISTÊNCIA TÉCNICA E EXTENSÃO RURAL.

SÓ APÓS O TERMINO DESSA PRIMEIRA ETAPA É POSSÍVEL EXPANDIR O ATENDIMENTO A MAIS PRODUTORES, LEVANDO AINDA EM CONSIDERAÇÃO A DISPONIBILIDADE DE TÉCNICOS, QUE É DEFICITÁRIA.",30,Porcentagem,%,EMATER/GEPIN,Estadual,Anual,30,33.89,30,,30,,30,,2024,Avaliação Indicador,2024,
294,19025,Entidade Autárquica de Assistência Técnica e Extensão Rural do Estado de Rondônia,Emater,1690,2004,"Acompanhar os elos da cadeia produtiva do leite, identificando as limitações e gargalos da atividade no elo da produção, indústria e mercado, pesquisando tecnologias e facilidades para competir no mercado nacional e internacional.",Número de projetos atendidos por região,2023-01-01T00:00:00,Somatório dos projetos apoiados por Região.,0,Unidade,Un,INCRA/SEAGRI/SEDAM,,,3,,4,,5,,6,,2024,Avaliação Indicador,2024,
295,21001,Secretaria de Estado da Justiça,Sejus,1532,2102,"Fortalecimento, modernização e humanização do Sistema Prisional de Rondônia.
","Fortalecimento, modernização e humanização do Sistema Prisional de Rondônia.",2023-07-31T00:00:00,Número de reeducandos monitorados.,5,Unidade,Un,Gerência de Informações Penitenciárias ,Estadual,Anual,2000,,2000,,2000,,2000,,2024,Avaliação Indicador,2024,
296,21001,Secretaria de Estado da Justiça,Sejus,1645,2165,Recepcionar recursos oriundos do Governo Federal em benefício do Sistema Penitenciário de Rondônia. ,Projetos executados,2023-07-31T00:00:00,Somatório dos projetos realizados,9,Unidade,Un,Sistema de Bancos de Dados Convênios,Estadual,Anual,9,,9,,9,,9,,2024,Avaliação Indicador,2024,
297,21011,Fundo Penitenciário do Estado de Rondônia,Fupen,1541,2102,"Fortalecimento, modernização e humanização do Sistema Prisional de Rondônia.
",Vagas de mão de obra reeducanda ocupadas. ,2023-07-31T00:00:00,Número de mão de obra reeducanda. ,738,Unidade,Un,Fundo Penitenciário de Rondônia,Estadual,Anual,738,,738,,738,,738,,2024,Avaliação Indicador,2024,
298,21011,Fundo Penitenciário do Estado de Rondônia,Fupen,1642,2167,"Recepcionar os recursos oriundos do Governo Federal em benefício do Sistema Penitenciário de Rondônia.
",Termos formalizados oriundos de Repasses Fundo a Fundo,2023-07-31T00:00:00,Somatório de termos formalizados. ,1,Unidade,Un,Fundo Penitenciário do Governo Federal,Estadual,Anual,1,,1,,1,,1,,2024,Avaliação Indicador,2024,
299,21011,Fundo Penitenciário do Estado de Rondônia,Fupen,1691,2119,Imóvel Titulados,Imóveis Titulados,2023-07-31T00:00:00,,16478.5,Unidade,Un,Sepat/ Gerência de Regularização Fundiária Urbana,,,1841,,3820,,5192,,5625.5,,2024,Avaliação Indicador,2024,
300,21011,Fundo Penitenciário do Estado de Rondônia,Fupen,1691,2119,Lotes Regularizados,Lotes Regularizados,2023-07-31T00:00:00,,33000,Unidade,Un,Sepat/ Gerência de Regularização Fundiária Urbana,,,4362,,7200,,10570,,11411,,2024,Avaliação Indicador,2024,
301,21011,Fundo Penitenciário do Estado de Rondônia,Fupen,1692,2138,Atualização Cadastral (documentos dos imóveis),Quantidade de cadastro atualizados,2023-07-31T00:00:00,"Cadastros atualizados (CA)
Quantidade de imóveis (QI)
P1: 10 regiões
CA= QI/10",200,Unidade,Un,SEPAT/ Gerencia Imobiliaria,,,300,,325,,350,,355,,2024,Avaliação Indicador,2024,
302,21011,Fundo Penitenciário do Estado de Rondônia,Fupen,1692,2138,Fiscalização e manutenção de imóveis estaduais,Quantidade de imóveis desocupados,2023-07-31T00:00:00,"Quantidade de Imóveis Desocupados (QID)
P1: 10 regiões
Quantidade de manutenções (QM)
QM= QID/10",20,Unidade,Un,Sepat/ Gerência de Regularização Fundiária Urbana,,,21,,23,,25,,26,,2024,Avaliação Indicador,2024,
303,21011,Fundo Penitenciário do Estado de Rondônia,Fupen,1692,2138,Fiscalização e manutenção de imóveis estaduais,Quantidade de imóveis fiscalizados,2023-07-31T00:00:00,"Quantidade de imóveis (QI)
P1: 10 regiões
Quantidade de imóveis fiscalizados (QIF)
QIF = QI/10",300,Unidade,Un,Sepat/ Gerência de Regularização Fundiária,,,400,,450,,500,,600,,2024,Avaliação Indicador,2024,
304,21011,Fundo Penitenciário do Estado de Rondônia,Fupen,1692,2138,Imóveis Regularizados,Quantidade de imóveis regularizados,2023-06-30T00:00:00,"Quantidade de imóveis irregulares (QII)
P1: 10 regiões 
Quantidade de imóveis regularizados (QIR)
QIR= QII/P1",100,Unidade,Un,SEPAT/ Gerencia Imobiliária,,,25,,35,,45,,55,,2024,Avaliação Indicador,2024,
305,21011,Fundo Penitenciário do Estado de Rondônia,Fupen,1692,2138,Laudos de Avaliação Rural e Urbano,Quantidade de Avaliações Rurais e Urbanas,2023-07-31T00:00:00,"Quantidade de imóveis não avaliados (QNA)
P1: 10 regiões
Quantidade de imóveis avaliados (QIA)
QIA= QNA/10",300,Unidade,Un,SEPAT/ Gerencia Imobiliaria,,,100,,100,,100,,100,,2024,Avaliação Indicador,2024,
306,23001,Secretaria de Estado da Assistência e do Desenvolvimento Social,Seas,1509,2163,Fortalecer a política pública de segurança alimentar e nutricional," Quantidade de estabelecimentos credenciados, capacitados e fiscalizados na rede de distribuição de refeições.",2023-07-01T00:00:00,"Indicador = OEM + EA no exercício
Sendo: 
Índice de Indicador (II) = Órgãos Estaduais e Municipais no Exercício (OEM) + Estabelecimentos Atingidos no Exercício
(EA)",0,Unidade,Un,Secretaria de Estado de Assistência Social - SEAS,Estadual,Anual,49,57,55,,60,,56,,2024,Avaliação Indicador,2024,
307,23001,Secretaria de Estado da Assistência e do Desenvolvimento Social,Seas,1509,2163,Fortalecer a política pública de segurança alimentar e nutricional,Municípios em que a Política de Segurança Alimentar e Nutricional foi Difundida,2023-07-28T00:00:00,"Índice de Indicador (II) = Órgãos Estaduais e Municipais no Exercício (OEM) + Estabelecimentos Atingidos no Exercício
(EA)
Indicador = OEM + EA",0,Unidade,Un,Secretaria de Estado da Assistência e do Desenvolvimento Social - SEAS,Estadual,Anual,49,38,55,,60,,56,,2024,Avaliação Indicador,2024,
308,23001,Secretaria de Estado da Assistência e do Desenvolvimento Social,Seas,1512,2112,Promover e difundir os direitos humanos no Estado de Rondônia para efetiva garantia de direitos.,"Número de ações, projetos, programas que promovam o fortalecimento dos Direitos Humanos no Estado de Rondônia.",2019-08-08T00:00:00,"Para chegarmos aos valores do índice do indicador do Programa 2112, houve o planejamento do somatório das ações 2010 e 2837 no exercício.
",0,Unidade,Un,Secretaria de Estado de Assistência Social - SEAS,Estadual,Anual,260,411,260,,364,,364,,2024,Avaliação Indicador,2024,
309,23001,Secretaria de Estado da Assistência e do Desenvolvimento Social,Seas,1512,2112,Promover e difundir os direitos humanos no Estado de Rondônia para efetiva garantia de direitos.,"Número de mulheres do Estado de Rondônia, com direitos violados, participantes das estratégias ofertadas pelo Programa Mulher Protegida",2023-08-01T00:00:00,Soma do numero de mulheres participantes das estratégias ofertadas pelo Programa Mulher Protegida no exercício.,0,Unidade,Un,Secretaria deEstado da Assistência e do Desenvolvimento Social,Estadual,Anual,1040,1945,1139,,1251,,1378,,2024,Avaliação Indicador,2024,
310,23001,Secretaria de Estado da Assistência e do Desenvolvimento Social,Seas,1524,2162,"Estimular o desenvolvimento de indivíduos que possuem vocação artística, valorizar e ampliar as diversidades culturais, bem como potencializar a articulação de redes de produção musical do Estado de Rondônia, com foco nas pessoas em situação de pobreza, atuando como uma facilitadora para os jovens talentos com o mercado externo.",Número de pessoas capacitadas integralmente pela ação “Fortalecer o Desenvolvimento Social”,2024-01-01T00:00:00,Índice de eficácia: Aumento de 20% a cada exercício.,0,Unidade,Un,Secretaria de Estado de Assistência Social - SEAS,Estadual,Anual,50,0,60,,72,,86,,2024,Avaliação Indicador,2024,
311,23001,Secretaria de Estado da Assistência e do Desenvolvimento Social,Seas,1524,2162,"Fortalecer a economia solidária com vistas à emancipação socioeconômica das pessoas hipossuficientes, capacitá-las, formar uma rede de inclusão social produtiva e criar oportunidades para que os indivíduos possam ter autonomia financeira e melhorar suas condições de vida.",Número de pessoas atendidas na ação de Fortalecimento da Inclusão Social Produtiva no exercício.,2024-01-01T00:00:00,Aumento de 25 pessoas atendidas a cada ano.,0,Unidade,Un,Secretaria de Estado de Assistência Social - SEAS,Estadual,Anual,100,202,125,,150,,175,,2024,Avaliação Indicador,2024,
312,23001,Secretaria de Estado da Assistência e do Desenvolvimento Social,Seas,1524,2162,"Oportunizar a capacitação e facilitar a entrada no mercado de trabalho como também auxiliar no desenvolvimento de atividades econômicas por pessoas que encontram-se em situação de extrema pobreza, a fim de proporcionar emancipação socioeconômica e bem-estar social.",Porcentagem de pessoas qualificadas integralmente pela ação “Fortalecer o Desenvolvimento Socioeconômico”,2024-01-01T00:00:00,Aumento de 500 pessoas a cada exercício.,0,Unidade,Un,Secretaria de Estado de Assistência Social - SEAS,Estadual,Anual,6000,854,6500,,7000,,7500,,2024,Avaliação Indicador,2024,
313,23001,Secretaria de Estado da Assistência e do Desenvolvimento Social,Seas,1524,2162,"Prestar atendimentos às pessoas que possuem dificuldade de acesso a serviços essenciais públicos e privados, objetivando dirimir a vulnerabilidade social com foco em promover a cidadania.",Quantidade de atendimentos realizados nas ações do “Rondônia Cidadã” a cada exercício.,2024-01-01T00:00:00,Aumento de 10% na quantidade de atendimentos no “Rondônia Cidadã” a cada ano.,0,Unidade,Un,Secretaria de Estado de Assistência Social - SEAS,Estadual,Anual,20000,44666,22000,,24200,,26620,,2024,Avaliação Indicador,2024,
314,23001,Secretaria de Estado da Assistência e do Desenvolvimento Social,Seas,1542,2175,Possibilitar o acesso à moradia digna,Déficit habitacional,2019-12-31T00:00:00,"Considerando que a última da atualização do índice da Fundação João Pinheiro ocorreu no ano de 2019, utilizou-se a fórmula abaixo para determinar a redução do deficit habitacional: 

Quantidade de Imóveis em deficit – nº de Unidades Entregues = Quantidade de imóveis em deficit atualizada

Qnt de imóveis em deficit atualizada x Indice João Pinheiro / Quantidade de imóveis em deficit = Índice atualizado.",9.27,Porcentagem,%,Fundação João Pinheiro,Estadual,Anual,8.76,8.9,8.29,,8.02,,7.96,,2024,Avaliação Indicador,2024,
315,23002,Superintendência Estadual do Indígena,SI,1650,2188,Promover e difundir os direitos dos povos indígenas no Estado de Rondônia.,"Número de ações, projetos, programas que promovam o fortalecimento e desenvolvimento da política estadual para os povos indígenas ",2023-08-03T00:00:00,"Soma das ações, projetos e programas executadas dentro do exercício",0,Unidade,Un,Superintendencia Estadual do Indígena,Estadual,Anual,16,14,16,,24,,24,,2024,Avaliação Indicador,2024,
316,23011,Fundo Estadual de Combate e Erradicação da Pobreza de Rondônia,FECOEP/RO,1520,2087,"Garantir aos rondonienses em vulnerabilidade social o acesso a políticas públicas, possibilitando que estes superem a situação de pobreza, em especial a extrema pobreza.

",Diminuição do número de famílias em extrema pobreza ,2023-07-28T00:00:00,"Redução de 5.000 famílias por ano, usando como referência o índice atual.
",95741,Unidade,Un,"Ministério do Desenvolvimento e Assistência Social, Família e Combate à Fome",Estadual,Anual,90741,24531,85741,,80741,,75741,,2024,Avaliação Indicador,2024,
317,23012,Fundo Estadual de Assistência Social,Feas,1518,2168,"Aprimorar a gestão do Sistema Único de Assistência Social – SUAS no Estado de Rondônia, buscando a oferta efetiva dos serviços e programas da assistência social, a população do estado que dela necessitar.",Municípios fortalecidos/apoiados,2023-07-26T00:00:00,Soma do número de municípios fortalecidos/ apoiados no exercício.,52,Unidade,Un,Coordenação Estadual da Polítca de Assistência Social - CAS,Estadual,Anual,52,52,52,,52,,52,,2024,Avaliação Indicador,2024,
318,23012,Fundo Estadual de Assistência Social,Feas,1518,2168,"Aprimorar a gestão do Sistema Único de Assistência Social – SUAS no Estado de Rondônia, buscando a oferta efetiva dos serviços e programas da assistência social, a população do estado que dela necessitar.",Percentual de Execução Financeira Repasses Estaduais para o Custeio do SUAS em Rondônia ,2022-12-31T00:00:00,"Ampliar a execução financeira municipal dos repasses dos recursos estaduais em cinco pontos percentuais, com referência a execução financeira do exercício de 2022, monitorada por meio dos Demonstrativos Físicos Financeiros Estadual - DFFE do Fundo Estadual de Assistência Social - FEAS. 
",46.17,Porcentagem,%,Demonstrativos Físicos Financeiros Estadual - DFFE ,Estadual,Anual,46.17,44,51.17,,56.17,,61.17,,2024,Avaliação Indicador,2024,
319,23012,Fundo Estadual de Assistência Social,Feas,1519,2169,"Fortalecer a capacidade protetiva das famílias e a promoção do desenvolvimento articulado e  integral de politicas publicas no estado de Rondônia,  voltadas a famílias com crianças com idade de 0 a 6 anos de idade, compreendendo também as gestantes. ",Evolução Estadual - Percentual de Gestantes com mais de 7 consultas pré-natal,2021-12-31T00:00:00,"Com referencia ao indicador do exercício de 2021, voltado ao acompanhamento do percentual de gestantes que realizam as 7 consultas mínimas do Pré- Natal definido pelo DATASUS, estimamos o avanço em um ponto percentual de modo a evoluir a atenção as gestantes no Estado.",69.59,Porcentagem,%,https://primeirainfanciaprimeiro.fmcsv.org.br/estado/rondonia/,Estadual,Anual,70.59,72.59,71.59,,72.59,,73.59,,2024,Avaliação Indicador,2024,
320,23012,Fundo Estadual de Assistência Social,Feas,1519,2169,"Fortalecer a capacidade protetiva das famílias e a promoção do desenvolvimento articulado e  integral de politicas publicas no estado de Rondônia,  voltadas a famílias com crianças com idade de 0 a 6 anos de idade, compreendendo também as gestantes. ",Municipios Operacionalizando os Programas de Primeira Infância ,2023-07-25T00:00:00,"Projeção de inclusão gradativa estimada de 20% a cada exercício, a partir de 2024.",31,Unidade,Un,Gerencia de Proteção Social Básica – GPSB/SEAS,Estadual,Anual,34,34,40,,48,,52,,2024,Avaliação Indicador,2024,
321,23013,Fundo Estadual dos Direitos da Criança e do Adolescente,FUNEDCA,1498,2115,Promover o fortalecimento do Sistema de Garantia dos Direitos da Criança e do Adolescente no Estado de Rondônia,Municípios fortalecidos no exercício.,2024-01-01T00:00:00,Soma do número de municípios fortalecidos. ,0,Unidade,Un,Secretaria de Estado de Assistência Social - SEAS,Estadual,Anual,52,16,52,,52,,52,,2024,Avaliação Indicador,2024,
322,23013,Fundo Estadual dos Direitos da Criança e do Adolescente,FUNEDCA,1498,2115,Promover o fortalecimento do Sistema de Garantia dos Direitos da Criança e do Adolescente no Estado de Rondônia,Número de Técnicos do Sistema de Garantias de Direitos capacitados no exercício.,2023-07-22T00:00:00,Soma do número de técnicos do Sistema de Garantias de Direito capacitados no exercício.,0,Unidade,Un,Secretaria de Estado de Assistência Social - SEAS,Estadual,Anual,100,20,100,,100,,100,,2024,Avaliação Indicador,2024,
323,23015,Fundo Estadual dos Direitos da Pessoa Idosa,FEDIPI,1499,2117,"Promover os direitos das pessoas idosas através do fortalecimento do controle social e de intervenções intersetoriais que visam sensibilizar, conscientizar, prevenir e mitigar as situações de violação dos direitos.",Número de eventos realizados no exercício,2023-07-21T00:00:00,"Soma do número de capacitações realizadas no exercício.
",0,Unidade,Un,Secretaria de Estado de Assistência Social - SEAS,Estadual,Anual,30,19,30,,30,,30,,2024,Avaliação Indicador,2024,
324,23016,Fundo Estadual dos Direitos da Mulher,FUNEDM,1521,2116,Promover o fortalecimento da política estadual dos direitos para mulheres no Estado de Rondônia.,Municípios fortalecidos no exercício.,2024-01-01T00:00:00,Soma do número de municípios fortalecidos no exercício.,0,Unidade,Un,Secretaria de Estado de Assistência Social - SEAS,Estadual,Anual,52,31,52,,52,,52,,2024,Avaliação Indicador,2024,
325,23016,Fundo Estadual dos Direitos da Mulher,FUNEDM,1521,2116,Promover o fortalecimento da política estadual dos direitos para mulheres no Estado de Rondônia.,Pessoas capacitadas.,2024-01-01T00:00:00,Soma do número de pessoas capacitadas no exercício.,0,Unidade,Un,Secretaria de Estado de Assistência Social - SEAS,Estadual,Anual,100,107,100,,100,,100,,2024,Avaliação Indicador,2024,
326,23030,Fundação Estadual de Atendimento Socioeducativo,Fease,1496,2006,Desenvolver o atendimento socioeducativo desde o início da inserção do adolescente junto ao sistema até o encerramento da medida (Internação e Semiliberdade) estando diretamente relacionado ao ECA e ao que preconiza o SINASE.,Média de  atendimentos mensais realizados,2024-01-01T00:00:00,Somatório de atendimentos mensais realizados em um ano dividido por total de meses em um ano.,226,Unidade,Un,Central de Vagas- ASCV-FEASE,Estadual,Mensal,120,141,125,,125,,125,,2024,Avaliação Indicador,2024,
327,23030,Fundação Estadual de Atendimento Socioeducativo,Fease,1497,2164,"Realizar o aprimoramento das estruturas físicas das Unidades Socioeducativas, bem como, construção de Centros Socioeducativos, possibilitando um atendimento mais humanizado e salubre aos adolescente e servidores.",Manutenções realizadas,2024-01-01T00:00:00,Quantidade de Unidades atendidas com manutenção ao longo do ano.,11,Unidade,Un,Coordenação de  Infraestrutura (CINF),Estadual,Mensal,11,11,11,,11,,11,,2024,Avaliação Indicador,2024,
328,23030,Fundação Estadual de Atendimento Socioeducativo,Fease,1497,2164,"Realizar o aprimoramento das estruturas físicas das Unidades Socioeducativas, bem como, construção de Centros Socioeducativos, possibilitando um atendimento mais humanizado e salubre aos adolescente e servidores.",Obras  realizadas ,2024-01-01T00:00:00,Porcentual de obra realizadas ao longo do ano.,7129.66,Metro Quadrado,m²,Coordenação de  Infraestrutura (CINF),Municipal,Trimestral,2,2,2,,2,,0,,2024,Avaliação Indicador,2024,
329,27001,Secretaria de Estado de Obras e Serviços Públicos ,Seosp,1592,2130,"Desenvolver as ações voltadas para atender a população com saneamento básico junto aos municípios do Estado de Rondônia, possibilitando assim apoiar o crescimento e melhorar a qualidade de vida.",Municípios baneficiados com infastrutura de saneamento básico,2023-08-03T00:00:00,"Unidade de medidas em porcentagem não mede adequadamente este produto, pois não se tem acesso ao total das obras para um ponto de referência, portanto, os cálculos foram elaborados em consonâncias com as planilhas de custos.",100,Porcentagem,%,SEOSP-PAC,Estadual,Anual,33,30.25,33,,34,,0,,2024,Avaliação Indicador,2024,
330,27001,Secretaria de Estado de Obras e Serviços Públicos ,Seosp,1610,2183,"Desenvolvimento da infraestrutura urbana é a revitalização das praças e a construção de prédios públicos funcionais e acessíveis. Isso proporcionaria espaços de convivência e lazer para a comunidade, além de oferecer instalações modernas para abrigar órgãos governamentais e serviços públicos essenciais, melhorando a qualidade de vida dos cidadãos e fortalecendo o senso de pertencimento à cidade.","Construção de empreendimento públicos, realizado no Estado de Rondônia.",2023-08-03T00:00:00,"(2024, 2025, 2026 e 2027)=04
100%/04 = 25

Unidade de medidas em porcentagem não mede adequadamente este produto, pois não se tem acesso ao total das obras para um ponto de referência, portanto, os cálculos foram elaborados em consonâncias com as planilhas de custos.",0,Porcentagem,%,Indicador em construção pela CIS/SEOSP/RO,Estadual,Anual,25,21.84,25,,25,,25,,2024,Avaliação Indicador,2024,
331,29001,Ministério Público,MP,1560,1001,Elaborar e executar projetos relacionados a defesa dos direitos de crianças e adolescentes; proteção do meio ambiente; combater a criminalidade; defesa da probidade na gestão pública; garantia do atendimento de saúde de qualidade; proporcionar acesso a educação de qualidade; assegurar os direitos do cidadãos.,Projetos Realizados,2023-07-24T00:00:00,(quantidade de Projetos Realizados/ quantidade de Projetos Previstos)*100,100,Porcentagem,%,MP RO/COPLAN/Assessoria de Gestão de Indicadores Estratégicos,Estadual,Anual,6,8,7,,8,,9,,2024,Avaliação Indicador,2024,
332,29013,Fundo de Reconstituição de Bens Lesados,FRBL,1562,1001,Elaborar e executar projetos relacionados a defesa dos direitos de crianças e adolescentes; proteção do meio ambiente; combater a criminalidade; defesa da probidade na gestão pública; garantia do atendimento de saúde de qualidade; proporcionar acesso a educação de qualidade; assegurar os direitos do cidadãos.,Projetos Realizados,2024-01-01T00:00:00,(quantidade de Projetos Realizados/ quantidade de Projetos Previstos)*100,100,Porcentagem,%,MP RO/COPLAN/Assessoria de Gestão de Indicadores Estratégicos,Estadual,Anual,2,8,2,,3,,3,,2024,Avaliação Indicador,2024,
333,30001,Defensoria Pública do Estado de Rondonia,DPE,1554,2145,"Aperfeiçoar a área finalística da Defensoria Pública, por meio da promoção de assistência jurídica integral e gratuita aos vulneráveis, atuação extrajudicial e educação em direitos.",Atos de Defesa e Promoção de Direitos Realizados,2023-07-25T00:00:00,"Somatório dos procedimentos de atendimentos, audiências, petições e recursos realizados no ano, por município, pela Defensoria Pública do Estado de Rondônia.",546190,Unidade,Un,Solução Avançada em Atendimento de Referência - SOLAR (DPE/RO),Estadual,Anual,605682,662029,666139,,732754,,806031,,2024,Avaliação Indicador,2024,
334,31001,Secretaria de Estado de Patrimônio e Regularização Fundiária,Sepat,1540,2159,"Garantir o gerenciamento e controle patrimonial mobiliário, por meio de monitoramento e fiscalização, visando eficiência nos registros de incorporação, tombamento, desfazimento e inventário patrimonial das Unidades Gestoras do Poder Executivo Estadual.",Unidades Gestoras fiscalizadas,2023-07-31T00:00:00,,51,Unidade,Un,Sepat/ Gerência de Regularização Fundiária,Estadual,Anual,90,301,90,,90,,90,,2024,Avaliação Indicador,2024,
335,31001,Secretaria de Estado de Patrimônio e Regularização Fundiária,Sepat,1585,2138,Atualização Cadastral (documentos dos imóveis),Quantidade de cadastro atualizados,2023-07-31T00:00:00,"Cadastros atualizados (CA)
Quantidade de imóveis (QI)
P1: 10 regiões
CA= QI/10",200,Unidade,Un,SEPAT/ Gerencia Imobiliaria,Estadual,Anual,300,316,325,,350,,355,,2024,Avaliação Indicador,2024,
336,31001,Secretaria de Estado de Patrimônio e Regularização Fundiária,Sepat,1585,2138,Fiscalização e manutenção de imóveis estaduais,Quantidade de imóveis desocupados,2023-07-31T00:00:00,"Quantidade de Imóveis Desocupados (QID)
P1: 10 regiões
Quantidade de manutenções (QM)
QM= QID/10",20,Unidade,Un,Sepat/ Gerência de Regularização Fundiária Urbana,Estadual,Anual,21,41,23,,25,,26,,2024,Avaliação Indicador,2024,
337,31001,Secretaria de Estado de Patrimônio e Regularização Fundiária,Sepat,1585,2138,Fiscalização e manutenção de imóveis estaduais,Quantidade de imóveis fiscalizados,2023-07-31T00:00:00,"Quantidade de imóveis (QI)
P1: 10 regiões
Quantidade de imóveis fiscalizados (QIF)
QIF = QI/10",300,Unidade,Un,Sepat/ Gerência de Regularização Fundiária,Estadual,Anual,400,400,450,,500,,600,,2024,Avaliação Indicador,2024,
338,31001,Secretaria de Estado de Patrimônio e Regularização Fundiária,Sepat,1585,2138,Imóveis Regularizados,Quantidade de imóveis regularizados,2023-06-30T00:00:00,"Quantidade de imóveis irregulares (QII)
P1: 10 regiões 
Quantidade de imóveis regularizados (QIR)
QIR= QII/P1",100,Unidade,Un,SEPAT/ Gerencia Imobiliária,Estadual,Anual,25,22,35,,45,,55,,2024,Avaliação Indicador,2024,
339,31001,Secretaria de Estado de Patrimônio e Regularização Fundiária,Sepat,1585,2138,Laudos de Avaliação Rural e Urbano,Quantidade de Avaliações Rurais e Urbanas,2023-07-31T00:00:00,"Quantidade de imóveis não avaliados (QNA)
P1: 10 regiões
Quantidade de imóveis avaliados (QIA)
QIA= QNA/10",300,Unidade,Un,SEPAT/ Gerencia Imobiliaria,Estadual,Anual,100,155,100,,100,,100,,2024,Avaliação Indicador,2024,
340,31001,Secretaria de Estado de Patrimônio e Regularização Fundiária,Sepat,1651,2119,Imóvel Titulados,Imóveis Titulados,2023-07-31T00:00:00,,16478.5,Unidade,Un,Sepat/ Gerência de Regularização Fundiária Urbana,Estadual,Anual,1841,,3820,,5192,,5625.5,,2024,Avaliação Indicador,2024,
341,31001,Secretaria de Estado de Patrimônio e Regularização Fundiária,Sepat,1651,2119,Lotes Regularizados,Lotes Regularizados,2023-07-31T00:00:00,,33000,Unidade,Un,Sepat/ Gerência de Regularização Fundiária Urbana,Estadual,Anual,4362,63,7200,,10570,,11411,,2024,Avaliação Indicador,2024,
342,31001,Secretaria de Estado de Patrimônio e Regularização Fundiária,Sepat,1655,2160,Georreferenciamento de imóveis urbanos e do patrimônio do Estado de Rondônia,Áreas Georreferenciadas,2023-07-31T00:00:00,,10000,Unidade,Un,Sepat/ Gerência de Regularização Fundiária,Estadual,Anual,10000,,15000,,20000,,25000,,2024,Avaliação Indicador,2024,
343,31001,Secretaria de Estado de Patrimônio e Regularização Fundiária,Sepat,1655,2160,Georreferenciamento de imóveis urbanos e do patrimônio do Estado de Rondônia,Georreferenciamento de Imóveis Urbanos,2023-07-31T00:00:00,,8000,Unidade,Un,Sepat/ Gerência de Regularização Fundiária Urbana,Estadual,Anual,8000,1670,9000,,10000,,11000,,2024,Avaliação Indicador,2024,
344,31001,Secretaria de Estado de Patrimônio e Regularização Fundiária,Sepat,1655,2160,Georreferenciamento de imóveis urbanos e do patrimônio do Estado de Rondônia,Georreferenciamento do Patrimônio Imobiliário,2023-07-31T00:00:00,,0,Unidade,Un,SEPAT/ Gerencia Imobiliaria,Estadual,Anual,0,,0,,0,,0,,2024,Avaliação Indicador,2024,
345,31010,Fundo Especial de Regularização Fundiária Urbana e Rural do Estado de Rondônia,FRFUR,1575,2161,"Promover a alienação de bens móveis e imóveis ocioso ou antieconômicos do estado, através de leilões.",Realização de Leilões,2023-08-29T00:00:00,,4,Unidade,Un,NUTRANS - Núcleo de Transporte ,Estadual,Semestral,12,,12,,12,,12,,2024,Avaliação Indicador,2024,
346,31010,Fundo Especial de Regularização Fundiária Urbana e Rural do Estado de Rondônia,FRFUR,1675,2129,Lotes Georreferenciados,Lotes Regularizados,2023-08-29T00:00:00,,4,Unidade,Un,Sepat/ Gerência de Regularização Fundiária Urbana,Estadual,Anual,4,515,0,,0,,0,,2024,Avaliação Indicador,2024,
347,32001,"Secretaria de Estado da Juventude, Cultura, Esporte e Lazer",Sejucel,1637,2143,FOMENTAR O PATRIMÔNIO HISTÓRICO E CULTURAL DO ESTADO VISANDO DESENVOLVIEMENTO CULTURAL DO ESTADO,Projetos realizados e apoiados ,2023-08-03T00:00:00,Numero dos Projetos realizados e apoiados sendo Patrimônio Histórico Imaterial do Estado de Rondônia.,5,Unidade,Un,gerência de cultura,Estadual,Anual,5,4,5,,5,,5,,2024,Avaliação Indicador,2024,
348,32001,"Secretaria de Estado da Juventude, Cultura, Esporte e Lazer",Sejucel,1639,2094,"Fomentar recursos do Funder objetivando o apoio financeiro as Entidade Desportivas por meio de projetos de caráter desportivos, que se enquadrem nas diretrizes e prioridades constantes na Política Estadual do Desporto.	",fomentar a pratica esportiva no estado de Rondônia,2023-08-29T00:00:00,,0,1/10.000,1/10.000,SEJUCEL,Municipal,Anual,2,8,4,,6,,8,,2024,Avaliação Indicador,2024,
349,32001,"Secretaria de Estado da Juventude, Cultura, Esporte e Lazer",Sejucel,1686,2010,Ações no Âmbito Juvenil. ,Ações no Âmbito Juvenil. ,2024-01-01T00:00:00,Σ do número de ações realizadas anualmente. Semana da Juventude + Jogos da Juventude Universitária de Rondônia - JOJURO + Forúm Estadual da Juventude + Emprega Jovem + #VOUBEMNOENEM + HACKTHON,5,Unidade,Un,SEJUCEL,Estadual,Anual,0,4,0,,0,,0,,2024,Avaliação Indicador,2024,
350,32001,"Secretaria de Estado da Juventude, Cultura, Esporte e Lazer",Sejucel,1687,2093,Números de eventos realizados ,Números de eventos realizados ,2024-01-01T00:00:00," Σ do número de atendimentos realizados anualmente.
Eventos Culturais com datas comemorativas + Manifestações Culturais Tradicionais e Populares + Feiras Artesanais + Cursos de Capacitações + Congressos + Fiscalizações do Patrimônio Cultural Material e Imaterial.",30,Unidade,Un,SEJUCEL/CODEC,Estadual,Anual,0,58,0,,0,,0,,2024,Avaliação Indicador,2024,
351,32012,Fundo de Desenvolvimento dos Desportos,Funder,1671,2094,"Fomentar recursos do Funder objetivando o apoio financeiro as Entidade Desportivas por meio de projetos de caráter desportivos, que se enquadrem nas diretrizes e prioridades constantes na Política Estadual do Desporto.",O Funder atuará como órgão de fomento ao Desporto e se constitui no principal mecanismo de financiamento das políticas publicas do Desporto no Estado de Rondônia.,2023-08-29T00:00:00,"∑ Número de pessoas atingidas anualmente, prefeituras, federações, associações. Eventos realizados com a participação de sua comissão técnica, atletas, arbitragem, coordenação técnica, coordenação da sejucel. Programa Bolsa atletas, Cursos de arbitragem e iniciação esportiva, atendidos através do programa PROCAD. Atendimentos do Programa Lazer na Comunidade.",4000,Real,R$,SEJUCEL,Estadual,Anual,4000,,4500,,5000,,6000,,2024,Avaliação Indicador,2024,
352,32013,Fundo Estadual de Desenvolvimento da Cultura,Fedec,1615,2093,"Formular e fomentar políticas, projetos e ações que promovam a cidadania por meio de acesso as políticas e bens culturais",Numero de Projetos e Editais realizados,2024-01-01T00:00:00,Numero de Projetos e Editais realizados anualmente. ,5,Unidade,Un,SEJUCEL/FEDEC,Estadual,Anual,5,6,5,,5,,5,,2024,Avaliação Indicador,2024,
