id,acao_detalhe_id,uo_codigo,programa_codigo,acao_codigo,valor_dotacao_inicial_ppa,valor_dotacao_inicial,valor_dotacao_atual,valor_empenhado,valor_liquidado_ano,valor_pago,valor_liquidado_a_pagar,valor_restos_a_pagar,ate_quadrimestre,ate_quadrimestre_fin_rpnp,numero_quadrimestre_fin_rpnp,ano_monitoramento,quadrimestre_monitoramento,tipo_dado,ano,quadrimestre
0,5113,30011,1009,2531,2885720,2885720,2885720.0,1399617.67,554064.0,552706.14,0.0,0.0,2617574.15,0.0,0.0,2024,1,Ação Financeiro,2024,1
1,5030,16001,2158,4059,157198,157198,170696.0,71400.0,21750.8,21300.8,0.0,0.0,117780.0,0.0,0.0,2024,1,Ação Financeiro,2024,1
2,4947,15001,2166,2249,2500000,2500000,2600000.0,899880.22,0.0,0.0,0.0,0.0,801326.74,0.0,0.0,2024,1,Ação Financeiro,2024,1
3,5486,11005,2190,4159,8000,8000,8000.0,0.0,0.0,0.0,0.0,0.0,108500.0,0.0,0.0,2024,1,Ação Financeiro,2024,1
4,4935,19001,1015,2087,3357725,3357725,4557725.0,1754356.32,540984.34,465386.88,0.0,0.0,3819804.77,0.0,0.0,2024,1,Ação Financeiro,2024,1
5,4769,11007,1015,2091,592574,592574,592574.0,164155.67,164155.67,164155.67,0.0,0.0,552590.55,0.0,0.0,2024,1,Ação Financeiro,2024,1
6,5474,11005,2190,2359,220000,220000,220000.0,0.0,0.0,0.0,0.0,0.0,0.0,0.0,0.0,2024,1,Ação Financeiro,2024,1
7,5391,15001,1015,1446,5671548,5671548,5824609.61,2840720.92,2013370.96,2013370.96,0.0,0.0,7708985.34,0.0,0.0,2024,1,Ação Financeiro,2024,1
8,4757,13001,1015,2064,2670880,2670880,4502814.46,2468184.5,5384.5,5384.5,0.0,0.0,4191615.02,0.0,0.0,2024,1,Ação Financeiro,2024,1
9,5379,3011,1018,4140,654000,654000,656450.0,274714.67,91331.72,91252.72,0.0,0.0,453222.67,0.0,0.0,2024,1,Ação Financeiro,2024,1
10,4674,1001,2126,2665,27684736,27684736,27684736.0,21360449.17,8995.79,8995.79,0.0,0.0,20702728.96,0.0,0.0,2024,1,Ação Financeiro,2024,1
11,5296,21011,1015,4103,1000,1000,1000.0,4504050.87,1751095.72,1751095.72,0.0,0.0,7503957.63,0.0,0.0,2024,1,Ação Financeiro,2024,1
12,4662,1001,0,95,38700000,38700000,38700000.0,0.0,0.0,0.0,0.0,0.0,590000.0,0.0,0.0,2024,1,Ação Financeiro,2024,1
13,5213,11023,1015,2091,188051,188051,178051.0,56430.67,56430.67,56430.67,0.0,0.0,534250.87,0.0,0.0,2024,1,Ação Financeiro,2024,1
14,5284,11025,2179,2350,19609981,19609981,19609981.0,0.0,0.0,0.0,0.0,0.0,1010810.16,0.0,0.0,2024,1,Ação Financeiro,2024,1
15,5201,11008,2058,2570,2606,2606,2606.0,1671.0,1671.0,1671.0,0.0,0.0,2625.48,0.0,0.0,2024,1,Ação Financeiro,2024,1
16,5118,30011,1009,2535,1870681,1870681,1870681.0,410954.9,103856.9,84220.9,0.0,0.0,3596836.44,0.0,0.0,2024,1,Ação Financeiro,2024,1
17,5189,15020,2172,2618,2200000,2200000,2200000.0,476176.34,402154.82,332455.62,0.0,0.0,1467635.51,0.0,0.0,2024,1,Ação Financeiro,2024,1
18,5106,30001,2043,2528,14071143,14071143,14067043.0,8206341.63,2194395.28,2191439.17,0.0,0.0,7999134.13,0.0,0.0,2024,1,Ação Financeiro,2024,1
19,5023,16001,2158,4055,1813628,1813628,1800628.0,735313.5,248217.55,163296.12,0.0,0.0,1174403.08,0.0,0.0,2024,1,Ação Financeiro,2024,1
20,5562,15015,2166,2249,0,0,0.0,129584.1,0.0,0.0,0.0,0.0,129584.1,0.0,0.0,2024,1,Ação Financeiro,2024,1
21,5011,11007,1015,1490,2600000,2600000,2600000.0,0.0,0.0,0.0,0.0,0.0,0.0,0.0,0.0,2024,1,Ação Financeiro,2024,1
22,4928,15001,1015,2149,10880364,10880364,8332600.67,2156886.33,2156886.33,2156886.33,0.0,0.0,6834016.38,0.0,0.0,2024,1,Ação Financeiro,2024,1
23,5550,32001,2094,1154,0,0,60000.0,30260.0,30260.0,24920.0,0.0,0.0,71084.0,0.0,0.0,2024,1,Ação Financeiro,2024,1
24,4833,18011,2098,2164,768832,768832,768832.0,162236.37,75028.98,71521.1,0.0,0.0,945701.49,0.0,0.0,2024,1,Ação Financeiro,2024,1
25,5455,16031,2090,2242,50000,50000,3050000.0,22856.72,0.0,0.0,0.0,0.0,3022331.72,0.0,0.0,2024,1,Ação Financeiro,2024,1
26,5372,19014,2095,1644,1749638,1749638,1749638.0,699023.36,682346.16,0.0,0.0,0.0,1035772.2,0.0,0.0,2024,1,Ação Financeiro,2024,1
27,4821,13001,1015,2234,42416924,42416924,35664888.49,5523088.5,5523088.5,5357699.78,0.0,0.0,18202152.44,0.0,0.0,2024,1,Ação Financeiro,2024,1
28,4738,15015,1015,2087,253340,253340,269212.72,177000.0,145.84,145.84,0.0,0.0,354423.97,0.0,0.0,2024,1,Ação Financeiro,2024,1
29,5360,3011,2065,1628,12760000,12760000,14805921.89,8793369.74,1873278.98,1422582.62,0.0,0.0,7778377.89,0.0,0.0,2024,1,Ação Financeiro,2024,1
30,4726,16020,1015,2087,3122000,3122000,3122000.0,950369.99,296682.63,226190.08,0.0,0.0,1837519.24,0.0,0.0,2024,1,Ação Financeiro,2024,1
31,5277,17012,2034,4011,29878686,29878686,35176525.3,17390525.17,7360930.77,5604066.75,0.0,0.0,31886941.73,0.0,0.0,2024,1,Ação Financeiro,2024,1
32,5194,29001,1280,2989,7814500,7814500,7814500.0,2339798.19,2072878.8,2072878.8,0.0,0.0,7034866.43,0.0,0.0,2024,1,Ação Financeiro,2024,1
33,5099,30001,1007,2517,78225050,78225050,78225050.0,23366061.44,23366061.44,23366061.44,0.0,0.0,80577909.46,0.0,0.0,2024,1,Ação Financeiro,2024,1
34,5170,15020,1015,2282,5187680,5187680,5187680.0,1985000.0,535674.13,534509.07,0.0,0.0,2584968.66,0.0,0.0,2024,1,Ação Financeiro,2024,1
35,5087,23001,2175,4069,75187932,75187932,75187932.0,69000.0,15229.82,15229.82,0.0,0.0,306160.64,0.0,0.0,2024,1,Ação Financeiro,2024,1
36,5004,15001,1025,2437,27159188,27159188,27159188.0,7352019.42,7352019.42,7352019.42,0.0,0.0,24115986.71,0.0,0.0,2024,1,Ação Financeiro,2024,1
37,4992,16001,2158,1581,70012443,70012443,69905464.98,388209.63,388209.63,388209.63,0.0,0.0,4315899.04,0.0,0.0,2024,1,Ação Financeiro,2024,1
38,4909,11017,2135,2461,69521,69521,69521.0,0.0,0.0,0.0,0.0,0.0,0.0,0.0,0.0,2024,1,Ação Financeiro,2024,1
39,4826,23001,1015,2091,8251217,8251217,8251217.0,1839649.32,1839649.32,1839649.32,0.0,0.0,5977303.85,0.0,0.0,2024,1,Ação Financeiro,2024,1
40,5448,11013,2000,4147,4510696,4510696,4510696.0,3824241.5,2002.5,2002.5,0.0,0.0,22158704.79,0.0,0.0,2024,1,Ação Financeiro,2024,1
41,4897,23030,2006,2339,288000,288000,288000.0,63924.04,63924.04,63924.04,0.0,0.0,153054.6,0.0,0.0,2024,1,Ação Financeiro,2024,1
42,4814,17034,1015,2096,634246,634246,634246.0,216150.0,89271.8,83676.3,0.0,0.0,1049723.11,0.0,0.0,2024,1,Ação Financeiro,2024,1
43,5519,16001,2158,1650,345185,345185,345185.0,0.0,0.0,0.0,0.0,0.0,0.0,0.0,0.0,2024,1,Ação Financeiro,2024,1
44,4731,16020,1015,2234,3388739,3388739,3388739.0,959325.26,959325.26,939346.07,0.0,0.0,3613660.85,0.0,0.0,2024,1,Ação Financeiro,2024,1
45,5436,11013,2000,4146,4500000,4500000,4500000.0,1324750.4,213710.26,168175.74,0.0,0.0,4594345.93,0.0,0.0,2024,1,Ação Financeiro,2024,1
46,4802,19023,1015,2234,36585630,36585630,47851433.05,29443426.01,29443426.01,29057830.47,0.0,0.0,39235481.19,0.0,0.0,2024,1,Ação Financeiro,2024,1
47,5353,3011,2065,1509,9952000,9952000,8436960.82,0.0,0.0,0.0,0.0,0.0,0.0,0.0,0.0,2024,1,Ação Financeiro,2024,1
48,4719,14023,1000,2064,7997361,7997361,7561659.0,532480.76,68958.3,40638.3,0.0,0.0,4374245.43,0.0,0.0,2024,1,Ação Financeiro,2024,1
49,5341,15017,2166,1381,7999400,7999400,14799400.0,2779634.74,0.0,0.0,0.0,0.0,1159164.12,0.0,0.0,2024,1,Ação Financeiro,2024,1
50,5258,15005,1015,2087,4924587,4924587,4924587.0,1830120.69,1265815.18,1250706.1,0.0,0.0,4645624.83,0.0,0.0,2024,1,Ação Financeiro,2024,1
51,4707,19023,1015,1490,2785125,2785125,2785125.0,638863.63,638863.63,638863.63,0.0,0.0,2355653.77,0.0,0.0,2024,1,Ação Financeiro,2024,1
52,5175,15020,1015,2096,1904584,1904584,2424584.0,1097761.65,531184.15,508621.15,0.0,0.0,2752970.37,0.0,0.0,2024,1,Ação Financeiro,2024,1
53,5246,19001,2055,2388,755000,755000,755000.0,39184.96,34162.96,34162.96,0.0,0.0,101903.41,0.0,0.0,2024,1,Ação Financeiro,2024,1
54,5163,16001,2176,4098,3000000,3000000,3000000.0,0.0,0.0,0.0,0.0,0.0,0.0,0.0,0.0,2024,1,Ação Financeiro,2024,1
55,5080,23012,2169,4084,10000000,10000000,10000000.0,1562128.75,954431.8,706331.8,0.0,0.0,3093016.8,0.0,0.0,2024,1,Ação Financeiro,2024,1
56,5151,11007,2074,2283,1600976,1600976,1600976.0,500000.0,0.0,0.0,0.0,0.0,20000.0,0.0,0.0,2024,1,Ação Financeiro,2024,1
57,4985,16001,2157,4041,110568376,110568376,116360813.56,58007103.54,11052850.02,10298308.88,0.0,0.0,89848171.01,0.0,0.0,2024,1,Ação Financeiro,2024,1
58,5524,32001,2094,4127,1000,1000,1401000.0,420000.0,0.0,0.0,0.0,0.0,707699.52,0.0,0.0,2024,1,Ação Financeiro,2024,1
59,4973,16001,2156,4034,500761673,500761673,480818173.0,148233485.73,148227906.8,148227906.8,0.0,0.0,500024150.25,0.0,0.0,2024,1,Ação Financeiro,2024,1
60,4890,23030,1015,2087,2438000,2438000,2438000.0,751813.03,552235.1,552235.1,0.0,0.0,1945128.67,0.0,0.0,2024,1,Ação Financeiro,2024,1
61,4807,18001,2153,2164,200000,200000,25000.0,0.0,0.0,0.0,0.0,0.0,944164.49,0.0,0.0,2024,1,Ação Financeiro,2024,1
62,5512,3011,2065,1518,5000000,5000000,1044253.46,0.0,0.0,0.0,0.0,0.0,0.0,0.0,0.0,2024,1,Ação Financeiro,2024,1
63,4878,11005,1015,2091,486867,486867,486867.0,76123.04,76123.04,76123.04,0.0,0.0,215203.95,0.0,0.0,2024,1,Ação Financeiro,2024,1
64,5429,11013,2000,4148,3100000,3100000,3100000.0,0.0,0.0,0.0,0.0,0.0,755642.61,0.0,0.0,2024,1,Ação Financeiro,2024,1
65,4795,16001,1015,2096,5107035,5107035,6029593.89,4292888.55,1101279.26,1098164.26,0.0,0.0,4841339.97,0.0,0.0,2024,1,Ação Financeiro,2024,1
66,5500,16001,2158,4106,7061396,7061396,7061396.0,282938.43,282938.43,282938.43,0.0,0.0,1272303.41,0.0,0.0,2024,1,Ação Financeiro,2024,1
67,5334,32001,1015,2091,608740,608740,608740.0,74752.25,74752.25,74752.25,0.0,0.0,263049.95,0.0,0.0,2024,1,Ação Financeiro,2024,1
68,4783,16001,1015,2087,67586101,67586101,66650409.39,30120065.82,9224787.56,9166219.38,0.0,0.0,42563997.8,0.0,0.0,2024,1,Ação Financeiro,2024,1
69,4700,19023,2096,2634,1354000,1354000,1054000.0,308115.5,115438.0,115438.0,0.0,0.0,429426.46,0.0,0.0,2024,1,Ação Financeiro,2024,1
70,5156,16020,2134,2460,7924000,7924000,7924000.0,2490338.8,1130635.44,810877.65,0.0,0.0,4939906.39,0.0,0.0,2024,1,Ação Financeiro,2024,1
71,5227,13006,0,15,2845860,2845860,5714869.16,1866426.3,1866426.3,1866426.3,0.0,0.0,6296554.9,0.0,0.0,2024,1,Ação Financeiro,2024,1
72,5144,29012,1280,2976,8648852,8648852,8648852.0,799564.63,140885.41,38167.12,0.0,0.0,3050666.43,0.0,0.0,2024,1,Ação Financeiro,2024,1
73,5049,21001,2102,2250,500000,500000,500000.0,162848.02,109686.02,10939.35,0.0,0.0,554069.52,0.0,0.0,2024,1,Ação Financeiro,2024,1
74,4966,15014,2103,1276,6245134,6245134,6245134.0,180686.78,0.0,0.0,0.0,0.0,43472.58,0.0,0.0,2024,1,Ação Financeiro,2024,1
75,4954,17012,1015,2091,39363630,39363630,39363630.0,11221977.95,11221977.95,11221977.95,0.0,0.0,33312817.86,0.0,0.0,2024,1,Ação Financeiro,2024,1
76,5505,17033,2070,1646,350000,350000,300000.0,71282.45,55650.0,0.0,0.0,0.0,277371.25,0.0,0.0,2024,1,Ação Financeiro,2024,1
77,4871,2001,1011,2542,2450000,2450000,2450000.0,170360.9,94104.9,94104.9,0.0,0.0,603953.03,0.0,0.0,2024,1,Ação Financeiro,2024,1
78,5493,16001,2157,4104,30049097,30049097,28049097.0,6788249.1,6788249.1,6788249.1,0.0,0.0,21036706.23,0.0,0.0,2024,1,Ação Financeiro,2024,1
79,5410,31001,2138,4060,100000,100000,100000.0,0.0,0.0,0.0,0.0,0.0,0.0,0.0,0.0,2024,1,Ação Financeiro,2024,1
80,4859,11006,2072,2661,200000,200000,200000.0,57327.5,48855.05,48134.84,0.0,0.0,162087.39,0.0,0.0,2024,1,Ação Financeiro,2024,1
81,4776,11007,1015,2234,17753346,17753346,17753346.0,5407988.64,5407988.64,5224840.07,0.0,0.0,17793238.78,0.0,0.0,2024,1,Ação Financeiro,2024,1
82,5481,11006,2142,1505,820000,820000,820000.0,8349.4,0.0,0.0,0.0,0.0,14251.0,0.0,0.0,2024,1,Ação Financeiro,2024,1
83,4764,11020,2148,2536,287400,287400,287400.0,14100.0,0.0,0.0,0.0,0.0,14100.0,0.0,0.0,2024,1,Ação Financeiro,2024,1
84,5315,14012,2139,2488,15022085,15022085,15622085.0,2837720.27,586712.61,557548.33,0.0,0.0,9587619.56,0.0,0.0,2024,1,Ação Financeiro,2024,1
85,4681,2001,2147,2523,150000,150000,150000.0,100000.0,100000.0,100000.0,0.0,0.0,150000.0,0.0,0.0,2024,1,Ação Financeiro,2024,1
86,5303,11025,2057,4112,300000,300000,677000.0,0.0,0.0,0.0,0.0,0.0,555650.4,0.0,0.0,2024,1,Ação Financeiro,2024,1
87,5220,15006,2166,2154,916771,916771,908771.0,258677.5,220242.32,212117.2,0.0,0.0,735748.74,0.0,0.0,2024,1,Ação Financeiro,2024,1
88,5137,19001,2003,2023,11711803,11711803,14841803.0,8837793.77,263437.54,255786.66,0.0,0.0,11157916.89,0.0,0.0,2024,1,Ação Financeiro,2024,1
89,5208,14001,2008,3017,1800000,1800000,1800000.0,0.0,0.0,0.0,0.0,0.0,0.0,0.0,0.0,2024,1,Ação Financeiro,2024,1
90,5184,15020,2170,4088,1500000,1500000,1500000.0,0.0,0.0,0.0,0.0,0.0,0.0,0.0,0.0,2024,1,Ação Financeiro,2024,1
91,5101,19011,2005,1091,190228,190228,190228.0,9198.0,0.0,0.0,0.0,0.0,109934.89,0.0,0.0,2024,1,Ação Financeiro,2024,1
92,5018,16001,2158,1619,18504913,18504913,18589839.19,5879220.7,5877818.93,5877008.39,0.0,0.0,23324079.88,0.0,0.0,2024,1,Ação Financeiro,2024,1
93,5089,23012,2169,4083,270000,270000,270000.0,10084.0,2970.0,2970.0,0.0,0.0,141137.04,0.0,0.0,2024,1,Ação Financeiro,2024,1
94,5006,23001,2162,2296,1282768,1282768,1282768.0,0.0,0.0,0.0,0.0,0.0,155055.27,0.0,0.0,2024,1,Ação Financeiro,2024,1
95,4923,17032,2105,4032,600000,600000,50000.0,0.0,0.0,0.0,0.0,0.0,0.0,0.0,0.0,2024,1,Ação Financeiro,2024,1
96,4994,16001,2158,4044,72741193,72741193,77675547.5,4680800.72,4680800.72,4680800.72,0.0,0.0,22363728.26,0.0,0.0,2024,1,Ação Financeiro,2024,1
97,4911,23002,1015,2087,60000,60000,60000.0,0.0,0.0,0.0,0.0,0.0,40794.3,0.0,0.0,2024,1,Ação Financeiro,2024,1
98,5462,11009,1015,4103,600300,600300,600300.0,0.0,0.0,0.0,0.0,0.0,0.0,0.0,0.0,2024,1,Ação Financeiro,2024,1
99,4828,18001,2154,2599,625657,625657,569422.0,0.0,0.0,0.0,0.0,0.0,5839.6,0.0,0.0,2024,1,Ação Financeiro,2024,1
100,5367,19023,1015,1644,5497905,5497905,500000.0,49690.0,0.0,0.0,0.0,0.0,49690.0,0.0,0.0,2024,1,Ação Financeiro,2024,1
101,4816,19025,1015,2091,1840728,1840728,1840728.0,429479.16,429479.16,429479.16,0.0,0.0,1270254.33,0.0,0.0,2024,1,Ação Financeiro,2024,1
102,4733,16020,1015,1490,4541631,4541631,4541631.0,1332934.65,1332934.64,1293298.75,0.0,0.0,3712375.29,0.0,0.0,2024,1,Ação Financeiro,2024,1
103,5438,31001,2160,4065,430500,430500,280102.0,80632.5,3114.0,3114.0,0.0,0.0,274455.71,0.0,0.0,2024,1,Ação Financeiro,2024,1
104,5355,3011,1017,4081,5017000,5017000,4554024.0,2609403.36,1029618.62,857039.2,0.0,0.0,2915334.23,0.0,0.0,2024,1,Ação Financeiro,2024,1
105,4721,11009,2128,2557,700000,700000,700000.0,340000.0,154804.52,154804.52,0.0,0.0,389662.62,0.0,0.0,2024,1,Ação Financeiro,2024,1
106,5272,11025,1015,2935,8980000,8980000,8980000.0,3686195.96,2114481.8,2050404.24,0.0,0.0,9482016.68,0.0,0.0,2024,1,Ação Financeiro,2024,1
107,5343,15017,2166,2237,12583000,12583000,34866592.97,0.0,0.0,0.0,0.0,0.0,1973897.09,0.0,0.0,2024,1,Ação Financeiro,2024,1
108,5260,3011,0,236,150000,150000,150000.0,95797.1,95797.1,91609.4,0.0,0.0,163546.3,0.0,0.0,2024,1,Ação Financeiro,2024,1
109,5165,16001,2176,4100,3000000,3000000,3000000.0,369839.96,337546.96,337546.96,0.0,0.0,2311911.75,0.0,0.0,2024,1,Ação Financeiro,2024,1
110,5082,14002,0,24,401873404,401873404,401873404.0,54141665.95,49801002.66,47876710.87,0.0,0.0,399793132.59,0.0,0.0,2024,1,Ação Financeiro,2024,1
111,4999,16001,2158,1617,39923325,39923325,40032053.13,5611438.87,5611438.87,5611438.87,0.0,0.0,22491517.71,0.0,0.0,2024,1,Ação Financeiro,2024,1
112,5070,15004,2103,1276,900548,900548,0.0,0.0,0.0,0.0,0.0,0.0,0.0,0.0,0.0,2024,1,Ação Financeiro,2024,1
113,4987,23013,2115,2093,216406,216406,216406.0,116257.0,109699.78,109699.78,0.0,0.0,109699.78,0.0,0.0,2024,1,Ação Financeiro,2024,1
114,5443,11006,2187,4151,6000,6000,6000.0,0.0,0.0,0.0,0.0,0.0,0.0,0.0,0.0,2024,1,Ação Financeiro,2024,1
115,4975,16001,2156,4036,108784814,108784814,106043695.92,66348473.81,14406604.61,13040737.84,0.0,0.0,97064680.96,0.0,0.0,2024,1,Ação Financeiro,2024,1
116,4892,23030,1015,2234,30350486,30350486,30350486.0,9397379.8,9391975.9,9127167.99,0.0,0.0,30014556.54,0.0,0.0,2024,1,Ação Financeiro,2024,1
117,4809,18001,2153,2585,796610,796610,1396610.0,370375.3,30126.5,30126.5,0.0,0.0,1979776.76,0.0,0.0,2024,1,Ação Financeiro,2024,1
118,5514,11011,0,16,12593970,12593970,12593970.0,0.0,0.0,0.0,0.0,0.0,0.0,0.0,0.0,2024,1,Ação Financeiro,2024,1
119,5431,11006,2000,4148,110000,110000,110000.0,0.0,0.0,0.0,0.0,0.0,74645.53,0.0,0.0,2024,1,Ação Financeiro,2024,1
120,4714,11022,1015,2087,2295268,2295268,2295268.0,877729.4,579370.96,576369.46,0.0,0.0,2265996.11,0.0,0.0,2024,1,Ação Financeiro,2024,1
121,5419,23030,2006,4072,4527170,4527170,4527170.0,957318.1,708737.35,707789.5,0.0,0.0,3371475.95,0.0,0.0,2024,1,Ação Financeiro,2024,1
122,5336,32001,2143,2512,1000,1000,438000.0,12670.0,12670.0,12670.0,0.0,0.0,4048380.43,0.0,0.0,2024,1,Ação Financeiro,2024,1
123,5253,21001,2102,1624,6000000,6000000,6000000.0,3272482.74,1688749.08,1688749.08,0.0,0.0,7699999.98,0.0,0.0,2024,1,Ação Financeiro,2024,1
124,5241,14025,1019,4110,62462406,62462406,62462406.0,20851377.74,20740339.42,20740339.42,0.0,0.0,62462405.97,0.0,0.0,2024,1,Ação Financeiro,2024,1
125,5158,16020,2134,2547,3609743,3609743,3609743.0,801065.27,801065.27,801065.27,0.0,0.0,3133724.04,0.0,0.0,2024,1,Ação Financeiro,2024,1
126,5146,29001,1001,2004,1535778,1535778,1535778.0,303596.16,128990.98,128990.98,0.0,0.0,1124696.64,0.0,0.0,2024,1,Ação Financeiro,2024,1
127,5063,11008,1015,2234,8954327,8954327,8954327.0,2652045.47,2652045.47,2564549.41,0.0,0.0,8674495.9,0.0,0.0,2024,1,Ação Financeiro,2024,1
128,4980,23012,2168,2349,74000,74000,74000.0,10000.0,7832.0,7832.0,0.0,0.0,13750.5,0.0,0.0,2024,1,Ação Financeiro,2024,1
129,5051,14001,1015,2234,270854222,270854222,270854222.0,78239537.04,78239537.04,75835132.43,0.0,0.0,255679984.02,0.0,0.0,2024,1,Ação Financeiro,2024,1
130,4968,16001,1015,2367,1740927,1740927,2028429.52,1085741.56,804691.48,802377.22,0.0,0.0,2995774.98,0.0,0.0,2024,1,Ação Financeiro,2024,1
131,4885,11026,1015,2087,943068,943068,943068.0,327885.26,160579.58,139799.58,0.0,0.0,586901.48,0.0,0.0,2024,1,Ação Financeiro,2024,1
132,4956,17012,1015,2234,797812044,797812044,781812044.0,183679217.06,176872820.88,176871820.88,0.0,0.0,602010077.32,0.0,0.0,2024,1,Ação Financeiro,2024,1
133,4790,17034,2023,2263,3729222,3729222,3729222.0,1095312.39,796327.5,784757.5,0.0,0.0,6780656.93,0.0,0.0,2024,1,Ação Financeiro,2024,1
134,5495,16031,1015,2234,696000,696000,696000.0,222660.53,222660.53,212649.0,0.0,0.0,725950.94,0.0,0.0,2024,1,Ação Financeiro,2024,1
135,5329,3011,2073,2449,72535067,72535067,75066883.62,59092225.54,13652520.74,12076347.81,0.0,0.0,56067836.22,0.0,0.0,2024,1,Ação Financeiro,2024,1
136,4778,11009,1015,2091,8155608,8155608,8155608.0,2359426.79,2348019.79,2339426.79,0.0,0.0,7223272.83,0.0,0.0,2024,1,Ação Financeiro,2024,1
137,4695,15015,2075,1119,400000,400000,384127.28,0.0,0.0,0.0,0.0,0.0,0.0,0.0,0.0,2024,1,Ação Financeiro,2024,1
138,5400,11008,1015,4103,21972,21972,21972.0,1412.0,1059.0,1059.0,0.0,0.0,3996.87,0.0,0.0,2024,1,Ação Financeiro,2024,1
139,4683,2001,1010,2981,49877103,49877103,49877103.0,27235676.69,5274126.89,4292736.56,0.0,0.0,29829410.79,0.0,0.0,2024,1,Ação Financeiro,2024,1
140,5234,17012,2070,1614,2229040,2229040,6029040.0,4307971.0,216340.97,188789.87,0.0,0.0,2964660.98,0.0,0.0,2024,1,Ação Financeiro,2024,1
141,5222,11023,2051,2344,200000,200000,200000.0,10000.0,9790.0,9790.0,0.0,0.0,4154393.0,0.0,0.0,2024,1,Ação Financeiro,2024,1
142,5139,29013,1001,4544,1108000,1108000,1108000.0,0.0,0.0,0.0,0.0,0.0,1408464.0,0.0,0.0,2024,1,Ação Financeiro,2024,1
143,5056,21001,1015,2096,600000,600000,600000.0,149490.0,43521.0,43521.0,0.0,0.0,285717.9,0.0,0.0,2024,1,Ação Financeiro,2024,1
144,4961,23001,2163,2663,450000,450000,450000.0,94475.0,8358.45,8358.45,0.0,0.0,235894.79,0.0,0.0,2024,1,Ação Financeiro,2024,1
145,4949,15001,2166,2475,210912,210912,214349.37,0.0,0.0,0.0,0.0,0.0,1269144.89,0.0,0.0,2024,1,Ação Financeiro,2024,1
146,5488,17012,2189,4156,4276228,4276228,4276228.0,0.0,0.0,0.0,0.0,0.0,4276228.0,0.0,0.0,2024,1,Ação Financeiro,2024,1
147,4771,19023,1015,2091,3243305,3243305,5475406.95,1677297.94,1677297.94,1677297.94,0.0,0.0,4612717.71,0.0,0.0,2024,1,Ação Financeiro,2024,1
148,5476,17012,1015,4103,950000,950000,950000.0,0.0,0.0,0.0,0.0,0.0,0.0,0.0,0.0,2024,1,Ação Financeiro,2024,1
149,4688,2001,2146,2538,9185711,9185711,9185711.0,5149196.9,832717.4,747038.22,0.0,0.0,3424061.12,0.0,0.0,2024,1,Ação Financeiro,2024,1
150,5393,11003,1015,4103,110000,110000,110000.0,0.0,0.0,0.0,0.0,0.0,0.0,0.0,0.0,2024,1,Ação Financeiro,2024,1
151,4759,13001,1015,2091,14954686,14954686,14952684.0,1378490.91,1378490.91,1378490.91,0.0,0.0,4098339.21,0.0,0.0,2024,1,Ação Financeiro,2024,1
152,5310,19001,1015,2096,350000,350000,350000.0,34500.0,0.0,0.0,0.0,0.0,69000.0,0.0,0.0,2024,1,Ação Financeiro,2024,1
153,5381,3011,2065,1633,8345000,8345000,9466016.12,1497181.11,276858.28,276858.28,0.0,0.0,3285306.87,0.0,0.0,2024,1,Ação Financeiro,2024,1
154,5215,11025,1015,2091,4291000,4291000,4291000.0,1348544.19,1348494.19,1348494.19,0.0,0.0,3997001.87,0.0,0.0,2024,1,Ação Financeiro,2024,1
155,4664,1001,1006,1379,1000000,1000000,1000000.0,0.0,0.0,0.0,0.0,0.0,0.0,0.0,0.0,2024,1,Ação Financeiro,2024,1
156,5203,27001,1015,2234,24631620,24631620,24631620.0,7861479.18,7861479.18,7615965.56,0.0,0.0,24745842.68,0.0,0.0,2024,1,Ação Financeiro,2024,1
157,5120,11033,1015,2096,58000,58000,58000.0,0.0,0.0,0.0,0.0,0.0,84280.56,0.0,0.0,2024,1,Ação Financeiro,2024,1
158,5037,15015,2075,4087,374930,374930,1124930.0,498425.0,0.0,0.0,0.0,0.0,521894.0,0.0,0.0,2024,1,Ação Financeiro,2024,1
159,5025,16001,2158,1622,7970667,7970667,8078825.03,1331128.93,1329098.43,1328813.64,0.0,0.0,4584634.94,0.0,0.0,2024,1,Ação Financeiro,2024,1
160,4942,15001,2166,1473,4831100,4831100,4831100.0,0.0,0.0,0.0,0.0,0.0,0.0,0.0,0.0,2024,1,Ação Financeiro,2024,1
161,5564,21011,2119,2288,0,0,0.0,5000.0,100.75,100.75,0.0,0.0,5000.0,0.0,0.0,2024,1,Ação Financeiro,2024,1
162,4930,15001,1015,2151,8361096,8361096,8361096.0,2294963.06,2294963.06,2294963.06,0.0,0.0,6805674.7,0.0,0.0,2024,1,Ação Financeiro,2024,1
163,4847,11010,2110,2064,1992000,1992000,1867000.0,308042.0,31433.51,31433.51,0.0,0.0,1035250.8,0.0,0.0,2024,1,Ação Financeiro,2024,1
164,5552,32001,2010,2103,0,0,150000.0,9474.41,9286.76,9286.76,0.0,0.0,129561.14,0.0,0.0,2024,1,Ação Financeiro,2024,1
165,4835,18011,2098,2583,2547560,2547560,2547560.0,218183.9,87360.86,85898.24,0.0,0.0,1220443.19,0.0,0.0,2024,1,Ação Financeiro,2024,1
166,5386,3011,2186,1643,500000,500000,500000.0,0.0,0.0,0.0,0.0,0.0,189979.35,0.0,0.0,2024,1,Ação Financeiro,2024,1
167,4752,19025,2024,4091,5522184,5522184,5522184.0,1797930.5,1797930.5,1797930.5,0.0,0.0,5374719.0,0.0,0.0,2024,1,Ação Financeiro,2024,1
168,5457,11006,1015,1519,1000,1000,1000.0,0.0,0.0,0.0,0.0,0.0,0.0,0.0,0.0,2024,1,Ação Financeiro,2024,1
169,5374,3011,2065,1630,1560000,1560000,1560000.0,0.0,0.0,0.0,0.0,0.0,0.0,0.0,0.0,2024,1,Ação Financeiro,2024,1
170,4669,1001,1020,2062,54028877,54028877,54028877.0,21896231.36,6739955.18,6593871.21,0.0,0.0,29744588.47,0.0,0.0,2024,1,Ação Financeiro,2024,1
171,5291,11025,2181,4114,500000,500000,500000.0,0.0,0.0,0.0,0.0,0.0,0.0,0.0,0.0,2024,1,Ação Financeiro,2024,1
172,4740,14023,1000,2502,360000,360000,360000.0,31440.0,5840.0,5840.0,0.0,0.0,50653.33,0.0,0.0,2024,1,Ação Financeiro,2024,1
173,5362,3011,1031,4136,878000,878000,878450.0,231235.76,34559.16,34559.16,0.0,0.0,315339.06,0.0,0.0,2024,1,Ação Financeiro,2024,1
174,5279,19017,2004,4124,4000000,4000000,4000000.0,0.0,0.0,0.0,0.0,0.0,0.0,0.0,0.0,2024,1,Ação Financeiro,2024,1
175,4799,17032,1015,2096,1153415,1153415,641323.0,0.0,0.0,0.0,0.0,0.0,71308.8,0.0,0.0,2024,1,Ação Financeiro,2024,1
176,4716,14002,0,130,159941129,159941129,160288851.53,40541808.54,40541808.54,40541808.54,0.0,0.0,122022948.54,0.0,0.0,2024,1,Ação Financeiro,2024,1
177,5267,17012,2034,4004,175340958,175340958,229447890.33,153849354.07,57752548.32,49118021.57,0.0,0.0,290626229.76,0.0,0.0,2024,1,Ação Financeiro,2024,1
178,5255,15005,2182,4120,254247,254247,254247.0,23400.0,0.0,0.0,0.0,0.0,27060.0,0.0,0.0,2024,1,Ação Financeiro,2024,1
179,5172,15020,2002,2271,5700000,5700000,6600000.0,3601117.3,370462.5,370462.5,0.0,0.0,5450976.01,0.0,0.0,2024,1,Ação Financeiro,2024,1
180,5160,15020,1015,2091,60337996,60337996,60337996.0,52357363.02,19745471.98,19745471.98,0.0,0.0,54600654.64,0.0,0.0,2024,1,Ação Financeiro,2024,1
181,5077,23012,2168,4082,242000,242000,242000.0,20000.0,13350.0,13350.0,0.0,0.0,105554.0,0.0,0.0,2024,1,Ação Financeiro,2024,1
182,5065,13006,1015,2234,18975484,18975484,18975484.0,6484573.32,6484573.32,6295239.71,0.0,0.0,20351807.48,0.0,0.0,2024,1,Ação Financeiro,2024,1
183,4982,23012,2168,2074,780458,780458,780458.0,55658.0,16331.5,16331.5,0.0,0.0,256040.74,0.0,0.0,2024,1,Ação Financeiro,2024,1
184,4899,23030,0,19,13000,13000,13000.0,0.0,0.0,0.0,0.0,0.0,259255.24,0.0,0.0,2024,1,Ação Financeiro,2024,1
185,4970,16001,1015,4033,1040168,1040168,1015273.0,74800.0,14640.5,14640.5,0.0,0.0,103517.93,0.0,0.0,2024,1,Ação Financeiro,2024,1
186,4887,11026,1015,2234,3952846,3952846,3952846.0,1330162.4,1330162.4,1308617.29,0.0,0.0,4325366.33,0.0,0.0,2024,1,Ação Financeiro,2024,1
187,5509,17012,2034,2442,11899435,11899435,11899435.0,80695.63,80695.62,80695.62,0.0,0.0,80695.62,0.0,0.0,2024,1,Ação Financeiro,2024,1
188,5426,3001,1014,4078,14568000,14568000,14568000.0,13159452.09,2965442.25,2513429.61,0.0,0.0,12203568.23,0.0,0.0,2024,1,Ação Financeiro,2024,1
189,4792,17034,2023,2946,800000,800000,800000.0,206000.0,188813.5,182806.0,0.0,0.0,746929.26,0.0,0.0,2024,1,Ação Financeiro,2024,1
190,4709,19023,0,112,130000,130000,130000.0,85861.58,46325.58,46325.58,0.0,0.0,343151.86,0.0,0.0,2024,1,Ação Financeiro,2024,1
191,5331,3011,2065,1507,18521000,18521000,18521000.0,5816827.65,76406.59,76406.59,0.0,0.0,4738008.93,0.0,0.0,2024,1,Ação Financeiro,2024,1
192,5248,15006,1015,4000,2000,2000,2000.0,0.0,0.0,0.0,0.0,0.0,0.0,0.0,0.0,2024,1,Ação Financeiro,2024,1
193,4697,19025,1015,2087,3913445,3913445,3913445.0,588765.08,336549.41,335127.47,0.0,0.0,1705444.5,0.0,0.0,2024,1,Ação Financeiro,2024,1
194,5236,15014,1015,2096,550000,550000,550000.0,60798.0,0.0,0.0,0.0,0.0,384536.3,0.0,0.0,2024,1,Ação Financeiro,2024,1
195,5153,15020,0,221,969960,969960,969960.0,194784.92,58736.62,58736.62,0.0,0.0,699752.7,0.0,0.0,2024,1,Ação Financeiro,2024,1
196,5224,19001,2011,2485,190000,190000,27825570.54,666734.0,81347.5,81347.5,0.0,0.0,42569328.42,0.0,0.0,2024,1,Ação Financeiro,2024,1
197,5141,29012,1280,2002,2779980,2779980,2699980.0,1482233.46,471955.03,406435.03,0.0,0.0,5774361.39,0.0,0.0,2024,1,Ação Financeiro,2024,1
198,5058,19014,2095,1196,9673362,9673362,9673362.0,2272182.27,0.0,0.0,0.0,0.0,1826810.46,0.0,0.0,2024,1,Ação Financeiro,2024,1
199,5046,23002,1015,2234,3253073,3253073,3253073.0,0.0,0.0,0.0,0.0,0.0,1313066.71,0.0,0.0,2024,1,Ação Financeiro,2024,1
200,4963,15014,1015,2087,5217991,5217991,5217991.0,2966510.23,812856.11,575069.06,0.0,0.0,6546218.16,0.0,0.0,2024,1,Ação Financeiro,2024,1
201,4880,23001,1015,2096,300000,300000,300000.0,162500.0,162500.0,162500.0,0.0,0.0,281950.0,0.0,0.0,2024,1,Ação Financeiro,2024,1
202,4951,17012,1015,1490,85436978,85436978,101436978.0,86331609.69,82698718.23,82698718.23,0.0,0.0,277003025.71,0.0,0.0,2024,1,Ação Financeiro,2024,1
203,5502,16001,2158,4108,202520,202520,217082.49,84091.82,84091.82,84091.82,0.0,0.0,199279.4,0.0,0.0,2024,1,Ação Financeiro,2024,1
204,4868,11006,2000,2009,180000,180000,1330000.0,69066.95,54106.9,49606.9,0.0,0.0,1590516.9,0.0,0.0,2024,1,Ação Financeiro,2024,1
205,4785,17034,1015,2087,7056481,7056481,7056481.0,1581587.28,1197803.67,1072219.35,0.0,0.0,6355389.36,0.0,0.0,2024,1,Ação Financeiro,2024,1
206,5407,3001,1012,1484,487000,487000,627000.0,168500.0,10373.44,10373.44,0.0,0.0,522474.57,0.0,0.0,2024,1,Ação Financeiro,2024,1
207,4773,11004,1015,2234,2065991,2065991,2065991.0,564277.59,564277.59,545500.94,0.0,0.0,2025781.66,0.0,0.0,2024,1,Ação Financeiro,2024,1
208,5395,3011,1013,2189,54492000,54492000,54492000.0,35755380.67,5224282.51,3675485.08,0.0,0.0,31361707.49,0.0,0.0,2024,1,Ação Financeiro,2024,1
209,5312,14012,2139,1487,3750000,3750000,4750000.0,3483040.2,22568.0,0.0,0.0,0.0,3699695.54,0.0,0.0,2024,1,Ação Financeiro,2024,1
210,5229,17012,2084,4007,41898960,41898960,33238272.47,8964155.25,8604155.25,8341147.45,0.0,0.0,84358747.79,0.0,0.0,2024,1,Ação Financeiro,2024,1
211,5300,32013,2093,4023,2824032,2824032,2824032.0,290552.29,290521.69,0.0,0.0,0.0,8257201.69,0.0,0.0,2024,1,Ação Financeiro,2024,1
212,5134,17033,2109,4092,1000,1000,1000.0,0.0,0.0,0.0,0.0,0.0,814959.4,0.0,0.0,2024,1,Ação Financeiro,2024,1
213,5205,15020,2174,2064,22800000,22800000,22800000.0,5056290.06,1741346.87,1734004.48,0.0,0.0,13503023.35,0.0,0.0,2024,1,Ação Financeiro,2024,1
214,5122,15020,1015,2087,30448000,30448000,29948000.0,11513976.64,4230923.05,3809749.98,0.0,0.0,17015259.7,0.0,0.0,2024,1,Ação Financeiro,2024,1
215,5039,15004,1015,2087,8455847,8455847,10407725.9,4116521.49,2062671.36,2048510.26,0.0,0.0,12761460.67,0.0,0.0,2024,1,Ação Financeiro,2024,1
216,5027,16001,2158,4056,3066645,3066645,3086853.41,1532742.4,1532742.4,1532742.4,0.0,0.0,4700212.22,0.0,0.0,2024,1,Ação Financeiro,2024,1
217,4944,15001,2166,2154,58344631,58344631,56481193.63,26440481.75,9040027.04,8609742.13,0.0,0.0,55218968.76,0.0,0.0,2024,1,Ação Financeiro,2024,1
218,5483,18001,1015,4103,332300,332300,332300.0,0.0,0.0,0.0,0.0,0.0,36000.0,0.0,0.0,2024,1,Ação Financeiro,2024,1
219,4932,15001,1015,2411,63878597,63878597,63878597.0,15746714.58,15746714.58,15202413.34,0.0,0.0,52674712.95,0.0,0.0,2024,1,Ação Financeiro,2024,1
220,4849,11008,1015,2087,1031066,1031066,1568178.14,133970.18,84545.23,70025.55,0.0,0.0,666789.66,0.0,0.0,2024,1,Ação Financeiro,2024,1
221,4766,14023,1015,2091,5331656,5331656,6131656.0,1941697.87,1941697.87,1941697.87,0.0,0.0,6118741.65,0.0,0.0,2024,1,Ação Financeiro,2024,1
222,5471,17012,1015,1449,300000,300000,1000000.0,299200.0,53652.0,53652.0,0.0,0.0,2255480.0,0.0,0.0,2024,1,Ação Financeiro,2024,1
223,4837,18011,2098,2590,7040340,7040340,7040340.0,2374339.5,1706330.53,1491408.17,0.0,0.0,10132184.84,0.0,0.0,2024,1,Ação Financeiro,2024,1
224,5388,3001,1012,2481,343510078,343510078,343510078.0,95705145.35,53399786.01,53399786.01,0.0,0.0,162393168.48,0.0,0.0,2024,1,Ação Financeiro,2024,1
225,4754,13001,0,256,278751152,278751152,189274119.94,0.0,0.0,0.0,0.0,0.0,0.0,0.0,0.0,2024,1,Ação Financeiro,2024,1
226,5305,11010,1015,2096,2480000,2480000,2480000.0,611007.78,537661.78,526128.86,0.0,0.0,2226415.29,0.0,0.0,2024,1,Ação Financeiro,2024,1
227,4671,1001,2126,2409,30562400,30562400,30562400.0,26743893.59,6886678.89,6864578.89,0.0,0.0,27221867.59,0.0,0.0,2024,1,Ação Financeiro,2024,1
228,5376,3011,1017,2478,8303000,8303000,8973459.38,6579226.08,1199693.73,955776.09,0.0,0.0,9861181.16,0.0,0.0,2024,1,Ação Financeiro,2024,1
229,5210,27001,1015,2091,5286744,5286744,5286744.0,249226.95,249226.95,249226.95,0.0,0.0,703517.12,0.0,0.0,2024,1,Ação Financeiro,2024,1
230,4659,2001,1019,2854,31783676,31783676,31783676.0,8392787.44,8392787.44,8392787.44,0.0,0.0,28008205.68,0.0,0.0,2024,1,Ação Financeiro,2024,1
231,5281,11025,2106,1386,68358361,68358361,68358361.0,13569264.37,7566916.13,7554189.13,0.0,0.0,118152353.83,0.0,0.0,2024,1,Ação Financeiro,2024,1
232,5198,31010,2161,4070,63000,63000,63000.0,0.0,0.0,0.0,0.0,0.0,1068400.0,0.0,0.0,2024,1,Ação Financeiro,2024,1
233,5115,30011,1009,2532,3010603,3010603,3010603.0,24056.47,0.0,0.0,0.0,0.0,59658.97,0.0,0.0,2024,1,Ação Financeiro,2024,1
234,5186,15020,2171,1634,2000000,2000000,2000000.0,0.0,0.0,0.0,0.0,0.0,0.0,0.0,0.0,2024,1,Ação Financeiro,2024,1
235,5103,30001,1007,1520,1139188,1139188,1139188.0,0.0,0.0,0.0,0.0,0.0,0.0,0.0,0.0,2024,1,Ação Financeiro,2024,1
236,5020,16001,2158,4052,21488718,21488718,21568718.0,6062722.23,6062721.23,6062721.23,0.0,0.0,21523692.82,0.0,0.0,2024,1,Ação Financeiro,2024,1
237,4937,15001,1015,2415,76452,76452,76452.0,17143.25,17143.25,17143.25,0.0,0.0,39086.61,0.0,0.0,2024,1,Ação Financeiro,2024,1
238,5008,23001,2162,4067,3103232,3103232,3103232.0,0.0,0.0,0.0,0.0,0.0,0.0,0.0,0.0,2024,1,Ação Financeiro,2024,1
239,5547,32001,2094,1008,0,0,50000.0,0.0,0.0,0.0,0.0,0.0,463934.0,0.0,0.0,2024,1,Ação Financeiro,2024,1
240,4913,15003,1015,2087,7905920,7905920,8805920.0,3384559.42,2612835.95,2316189.4,0.0,0.0,13703413.45,0.0,0.0,2024,1,Ação Financeiro,2024,1
241,5464,23001,1015,4103,359520,359520,359520.0,0.0,0.0,0.0,0.0,0.0,0.0,0.0,0.0,2024,1,Ação Financeiro,2024,1
242,4830,18001,2153,2587,196100,196100,96100.0,0.0,0.0,0.0,0.0,0.0,11080.5,0.0,0.0,2024,1,Ação Financeiro,2024,1
243,4747,19023,2096,4091,5274027,5274027,5274027.0,886577.23,886577.23,886577.23,0.0,0.0,4414435.22,0.0,0.0,2024,1,Ação Financeiro,2024,1
244,5452,16031,2090,2247,39000,39000,39000.0,6500.0,750.0,750.0,0.0,0.0,19696.76,0.0,0.0,2024,1,Ação Financeiro,2024,1
245,5369,3011,1018,4138,1788000,1788000,1748600.0,733840.87,296718.58,296718.58,0.0,0.0,889648.04,0.0,0.0,2024,1,Ação Financeiro,2024,1
246,5286,17012,0,256,140025576,140025576,111272718.22,0.0,0.0,0.0,0.0,0.0,0.0,0.0,0.0,2024,1,Ação Financeiro,2024,1
247,4818,19025,1015,2234,21724740,21724740,21724740.0,5195040.07,5194636.38,5194636.38,0.0,0.0,17405218.1,0.0,0.0,2024,1,Ação Financeiro,2024,1
248,4735,14002,0,18,653952003,653952003,648828018.64,198991238.12,198991238.12,198991238.12,0.0,0.0,561417771.8,0.0,0.0,2024,1,Ação Financeiro,2024,1
249,5274,14011,2106,4115,54619582,54619582,54619582.0,3793871.65,1174907.22,4124.44,0.0,0.0,61847803.9,0.0,0.0,2024,1,Ação Financeiro,2024,1
250,5191,29001,1280,2001,167373530,167373530,167515530.0,51722012.09,44918941.09,44526552.47,0.0,0.0,179063243.85,0.0,0.0,2024,1,Ação Financeiro,2024,1
251,5262,15005,1015,4123,593290,593290,593290.0,0.0,0.0,0.0,0.0,0.0,21118.0,0.0,0.0,2024,1,Ação Financeiro,2024,1
252,5179,19001,2003,2489,50000,50000,50000.0,8655.0,0.0,0.0,0.0,0.0,0.0,0.0,0.0,2024,1,Ação Financeiro,2024,1
253,5096,11007,2074,1000,12000,12000,12000.0,0.0,0.0,0.0,0.0,0.0,0.0,0.0,0.0,2024,1,Ação Financeiro,2024,1
254,5084,19014,0,9999,1858000,1858000,1858000.0,0.0,0.0,0.0,0.0,0.0,10094.68,0.0,0.0,2024,1,Ação Financeiro,2024,1
255,5001,16001,2158,4049,26844570,26844570,25745194.0,9671438.95,2191987.93,2050827.73,0.0,0.0,22293990.75,0.0,0.0,2024,1,Ação Financeiro,2024,1
256,4918,17032,1015,1490,5236512,5236512,5236512.0,902459.93,902459.93,866885.57,0.0,0.0,2617474.24,0.0,0.0,2024,1,Ação Financeiro,2024,1
257,4989,16001,2157,4042,136203825,136203825,141213715.76,121557947.96,27688618.67,27034820.6,0.0,0.0,135373989.47,0.0,0.0,2024,1,Ação Financeiro,2024,1
258,4906,17012,2069,2764,5143171,5143171,5143171.0,1312806.61,1312806.61,1312806.61,0.0,0.0,2625613.22,0.0,0.0,2024,1,Ação Financeiro,2024,1
259,4823,21001,1015,2234,250681435,250681435,250681435.0,78363206.64,78363206.64,76238188.75,0.0,0.0,261706649.24,0.0,0.0,2024,1,Ação Financeiro,2024,1
260,4894,14025,0,130,4576000,4576000,4576000.0,1073999.0,240466.07,240466.07,0.0,0.0,709545.83,0.0,0.0,2024,1,Ação Financeiro,2024,1
261,4811,11033,2086,2086,3537159,3537159,3537159.0,814000.0,427518.78,409991.98,0.0,0.0,3449790.14,0.0,0.0,2024,1,Ação Financeiro,2024,1
262,5433,11013,2000,4144,8700000,8700000,8700000.0,1694978.63,762606.84,735196.21,0.0,0.0,3258998.74,0.0,0.0,2024,1,Ação Financeiro,2024,1
263,5504,17033,1015,1490,5000,5000,5000.0,0.0,0.0,0.0,0.0,0.0,0.0,0.0,0.0,2024,1,Ação Financeiro,2024,1
264,4870,2001,1011,4073,34269771,34269771,33419771.0,9855766.44,9855766.44,9855766.44,0.0,0.0,37538696.51,0.0,0.0,2024,1,Ação Financeiro,2024,1
265,4787,17034,1015,2234,14480932,14480932,14480932.0,3917166.04,3914289.37,3914289.37,0.0,0.0,13235586.93,0.0,0.0,2024,1,Ação Financeiro,2024,1
266,5492,16001,2156,4109,52315474,52315474,44917308.19,11808111.33,11808111.33,11808111.33,0.0,0.0,33920832.88,0.0,0.0,2024,1,Ação Financeiro,2024,1
267,4704,19023,1015,2096,1000000,1000000,1000000.0,125000.0,0.0,0.0,0.0,0.0,379545.29,0.0,0.0,2024,1,Ação Financeiro,2024,1
268,5409,3011,1013,4077,7071000,7071000,7071000.0,144585.8,39958.41,26856.84,0.0,0.0,6702886.19,0.0,0.0,2024,1,Ação Financeiro,2024,1
269,5326,17010,1015,2087,550000,550000,550000.0,69957.94,69957.94,69957.94,0.0,0.0,478719.56,0.0,0.0,2024,1,Ação Financeiro,2024,1
270,4692,11009,1015,2087,15082020,15082020,17582020.0,8163186.71,4030809.05,3602062.02,0.0,0.0,18594211.09,0.0,0.0,2024,1,Ação Financeiro,2024,1
271,5314,14012,2139,1489,11500000,11500000,9900000.0,861927.64,268212.99,268212.99,0.0,0.0,2652396.53,0.0,0.0,2024,1,Ação Financeiro,2024,1
272,4680,2001,2147,2539,5800000,5800000,5800000.0,870438.15,366738.15,361972.23,0.0,0.0,1756061.64,0.0,0.0,2024,1,Ação Financeiro,2024,1
273,5231,13006,1015,1490,671485,671485,671485.0,375216.56,375216.56,357127.49,0.0,0.0,1081466.89,0.0,0.0,2024,1,Ação Financeiro,2024,1
274,5148,29001,1280,2976,19779850,19779850,19779850.0,6304030.86,885624.01,885624.01,0.0,0.0,6272197.97,0.0,0.0,2024,1,Ação Financeiro,2024,1
275,5219,15006,1015,2087,560672,560672,560672.0,241583.77,174652.64,147309.99,0.0,0.0,651501.5,0.0,0.0,2024,1,Ação Financeiro,2024,1
276,5053,21001,2102,2950,500000,500000,500000.0,31377.2,18382.79,15435.63,0.0,0.0,51386.21,0.0,0.0,2024,1,Ação Financeiro,2024,1
277,5124,11033,1015,2091,32988,32988,34990.0,9996.0,9996.0,9996.0,0.0,0.0,29979.63,0.0,0.0,2024,1,Ação Financeiro,2024,1
278,4958,23001,2112,2010,2000000,2000000,2000000.0,302681.26,142509.71,97704.0,0.0,0.0,992824.28,0.0,0.0,2024,1,Ação Financeiro,2024,1
279,4946,15001,2166,2237,8550138,8550138,8550138.0,7468475.15,5110517.91,3806558.94,0.0,0.0,20787904.45,0.0,0.0,2024,1,Ação Financeiro,2024,1
280,4780,11022,1015,2091,1992624,1992624,1992624.0,338336.36,338336.36,338336.36,0.0,0.0,1022523.07,0.0,0.0,2024,1,Ação Financeiro,2024,1
281,5485,23011,2087,4068,2499999,2499999,615249.0,0.0,0.0,0.0,0.0,0.0,0.0,0.0,0.0,2024,1,Ação Financeiro,2024,1
282,5402,3011,1013,1627,5308000,5308000,5308000.0,0.0,0.0,0.0,0.0,0.0,218044.43,0.0,0.0,2024,1,Ação Financeiro,2024,1
283,4851,11003,1015,2234,83818750,83818750,83818750.0,23283070.28,23283070.28,22591886.19,0.0,0.0,80521258.37,0.0,0.0,2024,1,Ação Financeiro,2024,1
284,5473,15001,1015,4103,549356,549356,549356.0,0.0,0.0,0.0,0.0,0.0,0.0,0.0,0.0,2024,1,Ação Financeiro,2024,1
285,4768,14023,1015,2234,26307819,26307819,26307819.0,8865691.11,8865691.11,8865691.11,0.0,0.0,30306181.15,0.0,0.0,2024,1,Ação Financeiro,2024,1
286,4685,2001,1010,2973,20950000,20950000,20950000.0,11460088.49,1179006.49,1119411.29,0.0,0.0,11849984.14,0.0,0.0,2024,1,Ação Financeiro,2024,1
287,5390,31001,2119,2288,853999,853999,853999.0,222503.15,98096.35,94496.8,0.0,0.0,537594.29,0.0,0.0,2024,1,Ação Financeiro,2024,1
288,4756,16031,1015,2087,2650000,2650000,2650000.0,1628444.91,1234126.43,1233984.04,0.0,0.0,4027783.73,0.0,0.0,2024,1,Ação Financeiro,2024,1
289,4673,1001,2126,2417,150689299,150689299,150689299.0,45444417.74,45444417.74,43858597.07,0.0,0.0,162467817.44,0.0,0.0,2024,1,Ação Financeiro,2024,1
290,5212,11023,1015,2234,3424125,3424125,3424125.0,1082229.75,1058801.7,1051530.65,0.0,0.0,3432964.25,0.0,0.0,2024,1,Ação Financeiro,2024,1
291,5129,17033,1015,2091,187200,187200,187200.0,70106.16,70106.16,70106.16,0.0,0.0,214854.44,0.0,0.0,2024,1,Ação Financeiro,2024,1
292,5117,11033,1015,2087,264536,264536,264536.0,30367.0,13148.89,12551.86,0.0,0.0,149182.81,0.0,0.0,2024,1,Ação Financeiro,2024,1
293,5034,16020,2134,2355,900000,900000,900000.0,32812.5,29315.55,28698.87,0.0,0.0,583517.49,0.0,0.0,2024,1,Ação Financeiro,2024,1
294,5022,16001,2158,4054,1365690,1365690,1365690.0,0.0,0.0,0.0,0.0,0.0,614442.88,0.0,0.0,2024,1,Ação Financeiro,2024,1
295,5561,11033,2098,2583,0,0,0.0,504000.0,246000.0,246000.0,0.0,0.0,825800.0,0.0,0.0,2024,1,Ação Financeiro,2024,1
296,5478,11033,1015,4103,60000,60000,60000.0,17060.0,16230.44,10678.09,0.0,0.0,52464.91,0.0,0.0,2024,1,Ação Financeiro,2024,1
297,4927,15001,1015,2148,100172700,100172700,100172700.0,29042256.94,29042256.94,29031861.46,0.0,0.0,93108259.15,0.0,0.0,2024,1,Ação Financeiro,2024,1
298,5549,32001,2094,1149,0,0,11947200.0,1941234.98,567907.98,567907.98,0.0,0.0,22581560.92,0.0,0.0,2024,1,Ação Financeiro,2024,1
299,4844,18011,2154,2601,1674980,1674980,2329380.0,2029727.6,1837392.6,1820571.6,0.0,0.0,5301058.15,0.0,0.0,2024,1,Ação Financeiro,2024,1
300,4761,11004,1015,2091,142800,142800,142800.0,41892.65,41892.65,41892.65,0.0,0.0,118851.64,0.0,0.0,2024,1,Ação Financeiro,2024,1
301,4832,18011,2098,2026,699540,699540,699540.0,268351.7,158754.7,158754.7,0.0,0.0,496656.3,0.0,0.0,2024,1,Ação Financeiro,2024,1
302,5383,3001,1012,2482,783781619,783781619,783781619.0,330708950.45,207283667.63,207283667.63,0.0,0.0,745518838.99,0.0,0.0,2024,1,Ação Financeiro,2024,1
303,4749,15001,1015,2087,2274961,2274961,3065899.39,1583972.79,842920.23,771401.02,0.0,0.0,3701318.21,0.0,0.0,2024,1,Ação Financeiro,2024,1
304,5454,16031,2090,2448,51000,51000,51000.0,14140.0,14140.0,14140.0,0.0,0.0,14140.0,0.0,0.0,2024,1,Ação Financeiro,2024,1
305,4666,1001,1006,2405,22542271,22542271,22542271.0,7365916.82,2177812.34,2177812.34,0.0,0.0,19273725.8,0.0,0.0,2024,1,Ação Financeiro,2024,1
306,5371,3011,1018,4141,327000,327000,332000.0,108861.66,29356.85,29356.85,0.0,0.0,115463.06,0.0,0.0,2024,1,Ação Financeiro,2024,1
307,5288,11025,2179,2428,1807000,1807000,13115774.78,6307838.71,2155068.17,2155068.17,0.0,0.0,74396009.13,0.0,0.0,2024,1,Ação Financeiro,2024,1
308,5276,15020,2174,4116,18611863,18611863,18211863.0,6482071.54,71537.72,0.0,0.0,0.0,24036239.29,0.0,0.0,2024,1,Ação Financeiro,2024,1
309,5110,30001,2145,2529,18600,18600,22700.0,4100.0,0.0,0.0,0.0,0.0,30415.0,0.0,0.0,2024,1,Ação Financeiro,2024,1
310,5098,11004,2108,2194,484758,484758,3410858.0,776067.7,300695.85,281128.01,0.0,0.0,5684441.0,0.0,0.0,2024,1,Ação Financeiro,2024,1
311,5086,23001,2175,1348,5122235,5122235,3834735.0,21170.0,6154.0,4984.0,0.0,0.0,76158.8,0.0,0.0,2024,1,Ação Financeiro,2024,1
312,5554,32001,2093,1051,0,0,191000.0,69196.89,68845.62,40634.5,0.0,0.0,1375826.38,0.0,0.0,2024,1,Ação Financeiro,2024,1
313,5003,15001,1025,2435,224816560,224816560,224816560.0,89274059.46,89274059.46,89274059.46,0.0,0.0,294285987.32,0.0,0.0,2024,1,Ação Financeiro,2024,1
314,4920,17032,1015,1519,2000000,2000000,100000.0,0.0,0.0,0.0,0.0,0.0,0.0,0.0,0.0,2024,1,Ação Financeiro,2024,1
315,5542,3001,2065,1192,12000000,12000000,12000000.0,0.0,0.0,0.0,0.0,0.0,6735.0,0.0,0.0,2024,1,Ação Financeiro,2024,1
316,4908,11016,2072,2654,413211,413211,413211.0,20120.0,1380.0,1380.0,0.0,0.0,48240.0,0.0,0.0,2024,1,Ação Financeiro,2024,1
317,5459,11006,1015,2096,220000,220000,220000.0,114530.32,98974.76,98974.76,0.0,0.0,196885.8,0.0,0.0,2024,1,Ação Financeiro,2024,1
318,4825,23001,1015,2234,26175318,26175318,26175318.0,7394062.31,7394062.31,7096763.17,0.0,0.0,24917284.45,0.0,0.0,2024,1,Ação Financeiro,2024,1
319,4742,14023,1000,2459,40000,40000,40000.0,7756.25,0.0,0.0,0.0,0.0,0.0,0.0,0.0,2024,1,Ação Financeiro,2024,1
320,5364,21001,2165,4076,1000,1000,1000.0,0.0,0.0,0.0,0.0,0.0,154350.0,0.0,0.0,2024,1,Ação Financeiro,2024,1
321,4813,11033,2086,2567,784365,784365,1354365.0,884629.94,605037.4,130000.0,0.0,0.0,1821872.94,0.0,0.0,2024,1,Ação Financeiro,2024,1
322,5435,11013,2000,4145,11895866,11895866,11895866.0,4582269.8,3508220.64,3028672.48,0.0,0.0,30717385.31,0.0,0.0,2024,1,Ação Financeiro,2024,1
323,5269,11025,0,221,2450758,2450758,2450758.0,1200000.0,819250.41,819250.41,0.0,0.0,3331076.73,0.0,0.0,2024,1,Ação Financeiro,2024,1
324,5257,15005,2182,4121,1086718,1086718,1086718.0,735642.6,674448.97,663167.53,0.0,0.0,1086638.9,0.0,0.0,2024,1,Ação Financeiro,2024,1
325,5091,23016,2116,2267,131272,131272,131272.0,0.0,0.0,0.0,0.0,0.0,63652.84,0.0,0.0,2024,1,Ação Financeiro,2024,1
326,5162,16020,2134,4071,813400,813400,813400.0,153453.46,153453.46,153453.46,0.0,0.0,488806.66,0.0,0.0,2024,1,Ação Financeiro,2024,1
327,4996,16001,2158,4046,2466041,2466041,2466041.0,1671.0,1671.0,0.0,0.0,0.0,449948.4,0.0,0.0,2024,1,Ação Financeiro,2024,1
328,5067,18013,2136,1466,1236537,1236537,1236537.0,0.0,0.0,0.0,0.0,0.0,406589.08,0.0,0.0,2024,1,Ação Financeiro,2024,1
329,4984,16001,2157,4040,2809756,2809756,2809756.0,882759.5,150632.5,150187.5,0.0,0.0,2465993.99,0.0,0.0,2024,1,Ação Financeiro,2024,1
330,5523,32012,2094,2896,1000,1000,1000.0,0.0,0.0,0.0,0.0,0.0,0.0,0.0,0.0,2024,1,Ação Financeiro,2024,1
331,5440,15006,2166,1381,1000,1000,1000.0,0.0,0.0,0.0,0.0,0.0,0.0,0.0,0.0,2024,1,Ação Financeiro,2024,1
332,4889,14025,1019,2030,1237019141,1237019141,1237019141.0,295426517.36,295426517.36,295426517.36,0.0,0.0,974745413.04,0.0,0.0,2024,1,Ação Financeiro,2024,1
333,5511,31001,1015,2091,147840,147840,298238.0,227435.09,227435.09,227435.09,0.0,0.0,666503.48,0.0,0.0,2024,1,Ação Financeiro,2024,1
334,4806,18001,2153,1492,200000,200000,200000.0,0.0,0.0,0.0,0.0,0.0,472865.39,0.0,0.0,2024,1,Ação Financeiro,2024,1
335,4723,11009,2041,2497,550000,550000,550000.0,0.0,0.0,0.0,0.0,0.0,1125000.0,0.0,0.0,2024,1,Ação Financeiro,2024,1
336,5428,11006,2000,4145,1714134,1714134,1900134.0,44616.3,44616.3,43503.8,0.0,0.0,1754843.21,0.0,0.0,2024,1,Ação Financeiro,2024,1
337,4794,16001,1015,1490,27479064,27479064,22482829.59,4348321.01,4340658.72,4339584.05,0.0,0.0,17805739.46,0.0,0.0,2024,1,Ação Financeiro,2024,1
338,4711,19023,0,221,465000,465000,465000.0,70715.48,70715.48,70715.48,0.0,0.0,723983.51,0.0,0.0,2024,1,Ação Financeiro,2024,1
339,5333,32001,1015,2087,2712071,2712071,2796071.0,678257.38,463765.52,385155.63,0.0,0.0,2945872.39,0.0,0.0,2024,1,Ação Financeiro,2024,1
340,5250,13001,2178,4111,1001606,1001606,1001606.0,66255.8,3097.8,3097.8,0.0,0.0,130723.4,0.0,0.0,2024,1,Ação Financeiro,2024,1
341,5167,16001,2176,4101,4800000,4800000,5786753.04,908701.82,0.0,0.0,0.0,0.0,908701.82,0.0,0.0,2024,1,Ação Financeiro,2024,1
342,4699,19023,2096,2631,3465000,3465000,1865000.0,831199.5,548441.71,496844.96,0.0,0.0,2058902.67,0.0,0.0,2024,1,Ação Financeiro,2024,1
343,5238,17012,2084,1118,58492,58492,78492.0,73245.0,53177.5,53177.5,0.0,0.0,94430.8,0.0,0.0,2024,1,Ação Financeiro,2024,1
344,5155,11008,1015,2096,45500,45500,45500.0,12299.0,5399.0,5399.0,0.0,0.0,80989.0,0.0,0.0,2024,1,Ação Financeiro,2024,1
345,5072,19017,2004,1087,7732317,7732317,7732317.0,1606380.96,24697.5,24697.5,0.0,0.0,1790870.5,0.0,0.0,2024,1,Ação Financeiro,2024,1
346,5143,29012,1280,2952,1817687,1817687,1897687.0,842038.52,254739.82,234655.27,0.0,0.0,1193419.54,0.0,0.0,2024,1,Ação Financeiro,2024,1
347,4977,16001,2156,1578,6742423,6742423,7698860.45,3636240.32,947763.88,947763.88,0.0,0.0,10668140.48,0.0,0.0,2024,1,Ação Financeiro,2024,1
348,5048,21001,2102,1001,5744300,5744300,5744300.0,3739178.08,1379290.87,1056704.53,0.0,0.0,4531983.09,0.0,0.0,2024,1,Ação Financeiro,2024,1
349,5516,14001,1015,4103,78200,78200,78200.0,0.0,0.0,0.0,0.0,0.0,0.0,0.0,0.0,2024,1,Ação Financeiro,2024,1
350,4965,15014,2103,1275,7820000,7820000,7820000.0,2376000.0,53103.17,53103.17,0.0,0.0,5710455.87,0.0,0.0,2024,1,Ação Financeiro,2024,1
351,5036,17032,0,221,500000,500000,500000.0,8431.21,8431.21,8431.21,0.0,0.0,21451.21,0.0,0.0,2024,1,Ação Financeiro,2024,1
352,4953,17012,1015,2087,66694300,66694300,16805173.83,12860558.38,4427268.44,3604292.27,0.0,0.0,27100755.34,0.0,0.0,2024,1,Ação Financeiro,2024,1
353,5024,16001,2158,1621,9600000,9600000,7481485.45,0.0,0.0,0.0,0.0,0.0,0.0,0.0,0.0,2024,1,Ação Financeiro,2024,1
354,5563,19025,2004,1087,0,0,0.0,0.0,0.0,0.0,0.0,0.0,59370.0,0.0,0.0,2024,1,Ação Financeiro,2024,1
355,4929,15001,1015,2150,58008012,58008012,58008012.0,15381158.35,15381157.35,15381157.35,0.0,0.0,45300185.02,0.0,0.0,2024,1,Ação Financeiro,2024,1
356,5480,15011,2110,1487,1291553,1291553,1291553.0,184813.8,0.0,0.0,0.0,0.0,966631.82,0.0,0.0,2024,1,Ação Financeiro,2024,1
357,5397,3001,1012,2456,405000,405000,265000.0,28965.6,13331.91,13331.91,0.0,0.0,27431.58,0.0,0.0,2024,1,Ação Financeiro,2024,1
358,5468,27001,1015,4103,1000000,1000000,1000000.0,0.0,0.0,0.0,0.0,0.0,0.0,0.0,0.0,2024,1,Ação Financeiro,2024,1
359,4763,17032,1015,2234,30231214,30231214,30231214.0,8294707.62,8234074.83,8206750.04,0.0,0.0,27787804.75,0.0,0.0,2024,1,Ação Financeiro,2024,1
360,5385,15003,2166,2269,1874600,1874600,1924600.0,456441.13,430836.22,430836.22,0.0,0.0,2330279.92,0.0,0.0,2024,1,Ação Financeiro,2024,1
361,4751,19025,2024,4234,59067967,59067967,59067967.0,16575600.67,16575600.66,16575600.66,0.0,0.0,52985749.48,0.0,0.0,2024,1,Ação Financeiro,2024,1
362,5302,11025,1015,4103,2224000,2224000,2224000.0,0.0,0.0,0.0,0.0,0.0,0.0,0.0,0.0,2024,1,Ação Financeiro,2024,1
363,4668,1001,1006,2408,3834000,3834000,3834000.0,3678999.96,925428.01,925428.01,0.0,0.0,3164015.34,0.0,0.0,2024,1,Ação Financeiro,2024,1
364,5373,3011,2065,1480,6695000,6695000,9179156.46,2400099.41,926163.74,581754.37,0.0,0.0,7072613.0,0.0,0.0,2024,1,Ação Financeiro,2024,1
365,5290,27001,2183,1638,18714629,18714629,18714629.0,6731801.61,84452.45,84452.45,0.0,0.0,9347268.63,0.0,0.0,2024,1,Ação Financeiro,2024,1
366,5207,23012,2168,2348,11609900,11609900,11609900.0,4228617.29,4228617.29,4228617.29,0.0,0.0,10693449.19,0.0,0.0,2024,1,Ação Financeiro,2024,1
367,5195,29001,1019,2854,65765020,65765020,65765020.0,29814409.5,29720491.78,29720491.78,0.0,0.0,65633780.6,0.0,0.0,2024,1,Ação Financeiro,2024,1
368,5112,30011,1008,1520,1000,1000,1000.0,0.0,0.0,0.0,0.0,0.0,0.0,0.0,0.0,2024,1,Ação Financeiro,2024,1
369,5029,16001,2158,4058,410658,410658,410658.0,0.0,0.0,0.0,0.0,0.0,0.0,0.0,0.0,2024,1,Ação Financeiro,2024,1
370,5100,30001,1007,2520,57262625,57262625,57262625.0,16846139.12,16846139.12,16645130.22,0.0,0.0,57717690.62,0.0,0.0,2024,1,Ação Financeiro,2024,1
371,5017,16001,2158,1618,320683,320683,559792.37,364383.9,69170.43,69170.43,0.0,0.0,1016442.8,0.0,0.0,2024,1,Ação Financeiro,2024,1
372,4934,15001,1015,2091,2436060,2436060,2436060.0,653369.9,653369.9,653369.9,0.0,0.0,7196443.06,0.0,0.0,2024,1,Ação Financeiro,2024,1
373,5005,23001,2162,2073,40000,40000,4775000.0,606400.0,0.0,0.0,0.0,0.0,8068495.0,0.0,0.0,2024,1,Ação Financeiro,2024,1
374,4922,17032,2105,4031,2419500,2419500,1419500.0,0.0,0.0,0.0,0.0,0.0,0.0,0.0,0.0,2024,1,Ação Financeiro,2024,1
375,4839,18001,2153,2580,1469339,1469339,1244339.0,445450.5,13750.5,13750.5,0.0,0.0,3164451.08,0.0,0.0,2024,1,Ação Financeiro,2024,1
376,5461,19023,1015,4103,475200,475200,475200.0,50000.0,25416.0,25416.0,0.0,0.0,100619.63,0.0,0.0,2024,1,Ação Financeiro,2024,1
377,5378,3011,2065,1631,855000,855000,855000.0,0.0,0.0,0.0,0.0,0.0,0.0,0.0,0.0,2024,1,Ação Financeiro,2024,1
378,4744,14023,0,221,10400000,10400000,10598000.0,185058.29,180858.32,177056.85,0.0,0.0,9923315.4,0.0,0.0,2024,1,Ação Financeiro,2024,1
379,5449,11013,2000,4149,4800729,4800729,4930729.0,2885012.39,539872.44,526244.1,0.0,0.0,4427215.68,0.0,0.0,2024,1,Ação Financeiro,2024,1
380,5366,21001,2165,1625,1000,1000,1000.0,0.0,0.0,0.0,0.0,0.0,4800.0,0.0,0.0,2024,1,Ação Financeiro,2024,1
381,5283,11005,1015,4000,50000,50000,50000.0,0.0,0.0,0.0,0.0,0.0,0.0,0.0,0.0,2024,1,Ação Financeiro,2024,1
382,5354,3011,2065,1632,6150000,6150000,6150000.0,0.0,0.0,0.0,0.0,0.0,0.0,0.0,0.0,2024,1,Ação Financeiro,2024,1
383,5271,11025,1015,2087,11578600,11578600,11178600.0,2913917.72,1539978.75,1520662.11,0.0,0.0,6167410.12,0.0,0.0,2024,1,Ação Financeiro,2024,1
384,5188,15020,2172,2276,22704000,22704000,22184000.0,8595735.16,4144902.77,4144902.77,0.0,0.0,14412556.56,0.0,0.0,2024,1,Ação Financeiro,2024,1
385,4998,16001,2158,1582,937695,937695,937695.0,0.0,0.0,0.0,0.0,0.0,0.0,0.0,0.0,2024,1,Ação Financeiro,2024,1
386,5525,11009,2041,4545,950000,950000,950000.0,0.0,0.0,0.0,0.0,0.0,950000.0,0.0,0.0,2024,1,Ação Financeiro,2024,1
387,5359,3011,1031,4135,4893000,4893000,4893000.0,2446500.0,1041408.55,1041408.55,0.0,0.0,4104793.33,0.0,0.0,2024,1,Ação Financeiro,2024,1
388,4808,18001,2153,2229,542810,542810,192810.0,3604.5,3604.5,3604.5,0.0,0.0,76789.8,0.0,0.0,2024,1,Ação Financeiro,2024,1
389,5430,3001,1014,4079,3568000,3568000,3568000.0,2854400.0,666330.32,666330.32,0.0,0.0,2863223.38,0.0,0.0,2024,1,Ação Financeiro,2024,1
390,4725,11009,2041,4547,1260846,1260846,1260846.0,0.0,0.0,0.0,0.0,0.0,0.0,0.0,0.0,2024,1,Ação Financeiro,2024,1
391,5264,14011,2106,1386,101293508,101293508,101293508.0,24082959.74,894326.74,625093.09,0.0,0.0,41858180.77,0.0,0.0,2024,1,Ação Financeiro,2024,1
392,5335,32001,1015,2234,4158931,4158931,4158931.0,1337342.23,1337342.23,1289502.25,0.0,0.0,4852769.96,0.0,0.0,2024,1,Ação Financeiro,2024,1
393,5252,15005,1015,2096,148671,148671,148671.0,0.0,0.0,0.0,0.0,0.0,0.0,0.0,0.0,2024,1,Ação Financeiro,2024,1
394,5169,16020,2134,2558,3695000,3695000,3695000.0,505931.45,505931.45,480813.21,0.0,0.0,2220521.54,0.0,0.0,2024,1,Ação Financeiro,2024,1
395,5157,16001,2176,4095,32342036,32342036,37472036.0,0.0,0.0,0.0,0.0,0.0,21867403.92,0.0,0.0,2024,1,Ação Financeiro,2024,1
396,5074,18012,2080,2399,1665101,1665101,1665101.0,79445.92,51041.5,51041.5,0.0,0.0,893715.24,0.0,0.0,2024,1,Ação Financeiro,2024,1
397,4991,16001,2157,4043,1003630,1003630,1965630.0,384318.17,0.0,0.0,0.0,0.0,2130318.17,0.0,0.0,2024,1,Ação Financeiro,2024,1
398,4979,16001,2157,1579,136765557,136765557,173491847.75,26993741.9,26993741.9,26993741.9,0.0,0.0,122507288.96,0.0,0.0,2024,1,Ação Financeiro,2024,1
399,4896,17012,2069,4008,95428507,95428507,95428507.0,12356551.24,938559.0,938559.0,0.0,0.0,29571822.62,0.0,0.0,2024,1,Ação Financeiro,2024,1
400,4967,13001,1015,2486,1000,1000,141000.0,140701.96,701.96,701.96,0.0,0.0,370701.96,0.0,0.0,2024,1,Ação Financeiro,2024,1
401,5518,16001,2157,1648,975247,975247,975247.0,0.0,0.0,0.0,0.0,0.0,0.0,0.0,0.0,2024,1,Ação Financeiro,2024,1
402,4884,16020,1015,2091,728000,728000,728000.0,171815.53,171815.53,171815.53,0.0,0.0,610119.06,0.0,0.0,2024,1,Ação Financeiro,2024,1
403,5506,11023,1015,4103,90000,90000,90000.0,0.0,0.0,0.0,0.0,0.0,41426.98,0.0,0.0,2024,1,Ação Financeiro,2024,1
404,4801,11020,1015,2096,950000,950000,950000.0,281637.8,151138.59,151138.59,0.0,0.0,820465.17,0.0,0.0,2024,1,Ação Financeiro,2024,1
405,4789,11026,2012,2846,1279393,1279393,1279393.0,363901.24,253384.91,253384.91,0.0,0.0,987073.92,0.0,0.0,2024,1,Ação Financeiro,2024,1
406,4706,19023,1015,2087,19192700,19192700,12797700.0,4641743.04,2861767.15,2847257.23,0.0,0.0,12041927.52,0.0,0.0,2024,1,Ação Financeiro,2024,1
407,5411,15003,1015,4103,303744,303744,303744.0,11649.01,8825.0,8825.0,0.0,0.0,37947.5,0.0,0.0,2024,1,Ação Financeiro,2024,1
408,5245,19001,2011,2474,50000,50000,50000.0,9801.0,2447.5,2447.5,0.0,0.0,15797.5,0.0,0.0,2024,1,Ação Financeiro,2024,1
409,4694,17032,1015,2087,6439743,6439743,10905685.0,6237212.65,5233687.27,5109629.31,0.0,0.0,14723067.4,0.0,0.0,2024,1,Ação Financeiro,2024,1
410,5316,31001,1015,2087,128901,128901,128901.0,35000.0,29219.3,29219.3,0.0,0.0,699467.14,0.0,0.0,2024,1,Ação Financeiro,2024,1
411,5233,13006,2097,2096,100000,100000,100000.0,37200.0,0.0,0.0,0.0,0.0,63890.0,0.0,0.0,2024,1,Ação Financeiro,2024,1
412,5150,11022,1260,2330,241300,241300,241300.0,20025.0,20025.0,20025.0,0.0,0.0,171742.79,0.0,0.0,2024,1,Ação Financeiro,2024,1
413,5138,21001,1015,1490,2000000,2000000,2000000.0,1256510.37,1256510.37,1194592.29,0.0,0.0,3925918.39,0.0,0.0,2024,1,Ação Financeiro,2024,1
414,5055,21001,2102,2237,1200000,1200000,1200000.0,0.0,0.0,0.0,0.0,0.0,38328.64,0.0,0.0,2024,1,Ação Financeiro,2024,1
415,4972,16001,2156,1524,210464447,210464447,209841090.58,46338633.57,45426680.44,45426680.44,0.0,0.0,202088476.44,0.0,0.0,2024,1,Ação Financeiro,2024,1
416,5043,21001,1015,1449,900000,900000,900000.0,571874.0,329728.97,329728.97,0.0,0.0,1702696.92,0.0,0.0,2024,1,Ação Financeiro,2024,1
417,4960,23001,2112,2837,5650000,5650000,2937500.0,1000750.59,736554.03,136554.03,0.0,0.0,2546130.2,0.0,0.0,2024,1,Ação Financeiro,2024,1
418,4877,11005,1015,2087,849742,849742,849742.0,229000.7,141837.51,120871.75,0.0,0.0,723956.48,0.0,0.0,2024,1,Ação Financeiro,2024,1
419,5499,16001,2158,4105,11370780,11370780,11370780.0,2391483.94,2391483.94,2391483.94,0.0,0.0,6572679.63,0.0,0.0,2024,1,Ação Financeiro,2024,1
420,4948,15001,2166,2279,727520,727520,1327520.0,354930.0,43799.24,43799.24,0.0,0.0,228180.45,0.0,0.0,2024,1,Ação Financeiro,2024,1
421,4865,11003,2155,2605,200000,200000,200000.0,0.0,0.0,0.0,0.0,0.0,0.0,0.0,0.0,2024,1,Ação Financeiro,2024,1
422,5416,16020,1015,4103,85000,85000,85000.0,0.0,0.0,0.0,0.0,0.0,0.0,0.0,0.0,2024,1,Ação Financeiro,2024,1
423,4782,18001,1015,2087,2915749,2915749,3733129.0,1758600.71,1162137.18,1112407.52,0.0,0.0,4710867.88,0.0,0.0,2024,1,Ação Financeiro,2024,1
424,5487,17012,2189,4158,429972,429972,540276.0,189652.0,32956.8,32956.8,0.0,0.0,168482.0,0.0,0.0,2024,1,Ação Financeiro,2024,1
425,5404,13001,2184,4154,308864,308864,308864.0,64113.2,64113.2,64113.2,0.0,0.0,261892.2,0.0,0.0,2024,1,Ação Financeiro,2024,1
426,5321,11023,2177,1636,1800,1800,1800.0,0.0,0.0,0.0,0.0,0.0,0.0,0.0,0.0,2024,1,Ação Financeiro,2024,1
427,4770,11020,1015,2087,1040191,1040191,1040191.0,4940.45,1601.7,1601.7,0.0,0.0,51648.54,0.0,0.0,2024,1,Ação Financeiro,2024,1
428,5392,3001,1012,2072,15788000,15788000,15788000.0,3997859.06,3767940.24,3758410.24,0.0,0.0,12255454.62,0.0,0.0,2024,1,Ação Financeiro,2024,1
429,4687,2011,1220,2977,3050000,3050000,3050000.0,231827.8,179499.27,179499.27,0.0,0.0,373718.8,0.0,0.0,2024,1,Ação Financeiro,2024,1
430,5309,17013,2152,2507,103919096,103919096,103919096.0,0.0,0.0,0.0,0.0,0.0,0.0,0.0,0.0,2024,1,Ação Financeiro,2024,1
431,5226,29001,1280,2960,4223000,4223000,4223000.0,1194335.77,1007858.73,1007858.73,0.0,0.0,3269839.28,0.0,0.0,2024,1,Ação Financeiro,2024,1
432,5214,11025,1015,2234,118107837,118107837,118107837.0,30959485.29,30959245.29,30959245.29,0.0,0.0,100033742.05,0.0,0.0,2024,1,Ação Financeiro,2024,1
433,5119,11033,1015,2234,2077285,2077285,2141199.21,663521.84,627306.15,606062.56,0.0,0.0,2065546.08,0.0,0.0,2024,1,Ação Financeiro,2024,1
434,5273,15020,2174,4117,18863842,18863842,18863842.0,3032688.86,327740.92,303900.92,0.0,0.0,1469654.2,0.0,0.0,2024,1,Ação Financeiro,2024,1
435,5190,29001,1280,1196,26657844,26657844,26657844.0,192696.14,16600.0,16600.0,0.0,0.0,694850.88,0.0,0.0,2024,1,Ação Financeiro,2024,1
436,5107,30001,2043,2526,350000,350000,350000.0,0.0,0.0,0.0,0.0,0.0,18490.5,0.0,0.0,2024,1,Ação Financeiro,2024,1
437,5178,27001,1015,1490,4667280,4667280,4667280.0,805103.09,805103.09,783429.73,0.0,0.0,4948153.47,0.0,0.0,2024,1,Ação Financeiro,2024,1
438,5012,11007,1015,2087,510000,510000,510000.0,193250.22,26837.13,23606.61,0.0,0.0,218757.99,0.0,0.0,2024,1,Ação Financeiro,2024,1
439,5000,16001,2158,4048,114146769,114146769,114347023.95,30995548.72,30995309.3,30995309.3,0.0,0.0,102267083.95,0.0,0.0,2024,1,Ação Financeiro,2024,1
440,5551,32001,2094,1157,0,0,60000.0,2626.91,2626.77,2523.91,0.0,0.0,104653.94,0.0,0.0,2024,1,Ação Financeiro,2024,1
441,4917,15003,2110,2387,1000000,1000000,100000.0,0.0,0.0,0.0,0.0,0.0,0.0,0.0,0.0,2024,1,Ação Financeiro,2024,1
442,4834,18011,2098,2280,1080600,1080600,1080600.0,258110.71,157232.71,157232.71,0.0,0.0,1526861.01,0.0,0.0,2024,1,Ação Financeiro,2024,1
443,5456,11033,1015,1519,1992,1992,1992.0,0.0,0.0,0.0,0.0,0.0,0.0,0.0,0.0,2024,1,Ação Financeiro,2024,1
444,4905,23030,2164,4075,715192,715192,715192.0,362345.77,46366.55,36708.19,0.0,0.0,592349.15,0.0,0.0,2024,1,Ação Financeiro,2024,1
445,4822,19001,1015,2234,12602915,12602915,12602915.0,3069742.96,3069742.96,2929310.28,0.0,0.0,10737907.29,0.0,0.0,2024,1,Ação Financeiro,2024,1
446,4739,14023,1000,2096,1870000,1870000,1870000.0,965737.13,419560.65,405552.74,0.0,0.0,4267222.25,0.0,0.0,2024,1,Ação Financeiro,2024,1
447,5444,11006,2187,4150,2000,2000,2000.0,0.0,0.0,0.0,0.0,0.0,14962421.49,0.0,0.0,2024,1,Ação Financeiro,2024,1
448,4810,21001,1015,2087,600000,600000,600000.0,381896.13,216829.14,215370.63,0.0,0.0,479956.3,0.0,0.0,2024,1,Ação Financeiro,2024,1
449,5361,3011,1017,2451,500000,500000,536000.0,64667.4,57489.95,57489.95,0.0,0.0,99809.09,0.0,0.0,2024,1,Ação Financeiro,2024,1
450,5278,27001,2130,1640,1000000,1000000,1000000.0,0.0,0.0,0.0,0.0,0.0,0.0,0.0,0.0,2024,1,Ação Financeiro,2024,1
451,4727,13001,1015,2087,9508256,9508256,7676321.54,989791.7,389717.77,329389.09,0.0,0.0,4340325.63,0.0,0.0,2024,1,Ação Financeiro,2024,1
452,5266,17012,2034,2117,355904,355904,355904.0,353438.0,279788.0,240017.0,0.0,0.0,1106023.77,0.0,0.0,2024,1,Ação Financeiro,2024,1
453,5183,11023,2051,2191,400000,400000,400000.0,75000.0,54067.5,54067.5,0.0,0.0,291920.0,0.0,0.0,2024,1,Ação Financeiro,2024,1
454,5254,15005,2182,4119,543735,543735,543735.0,35784.0,19341.0,19341.0,0.0,0.0,70919.42,0.0,0.0,2024,1,Ação Financeiro,2024,1
455,5171,15020,2002,2000,2420000,2420000,2420000.0,997349.51,500402.5,494395.0,0.0,0.0,2157218.77,0.0,0.0,2024,1,Ação Financeiro,2024,1
456,5088,23012,2169,4085,2012000,2012000,2012000.0,1049867.25,397275.75,170467.07,0.0,0.0,3759086.05,0.0,0.0,2024,1,Ação Financeiro,2024,1
457,5159,16001,2176,4096,7449000,7449000,6462246.96,171174.9,0.0,0.0,0.0,0.0,501802.88,0.0,0.0,2024,1,Ação Financeiro,2024,1
458,5076,15004,2103,1275,10162394,10162394,9111063.1,700000.0,0.0,0.0,0.0,0.0,499748.58,0.0,0.0,2024,1,Ação Financeiro,2024,1
459,4993,13006,1015,1446,528320,528320,528320.0,80000.0,46104.0,46104.0,0.0,0.0,305045.0,0.0,0.0,2024,1,Ação Financeiro,2024,1
460,5532,31010,2129,2427,173000,173000,173000.0,0.0,0.0,0.0,0.0,0.0,810734.67,0.0,0.0,2024,1,Ação Financeiro,2024,1
461,4981,16001,2157,4039,307742350,307742350,291183835.38,90476303.61,90442942.19,90442402.19,0.0,0.0,330444139.92,0.0,0.0,2024,1,Ação Financeiro,2024,1
462,4898,14025,1019,2546,3300000,3300000,3300000.0,146071.52,73195.58,73195.58,0.0,0.0,1128990.73,0.0,0.0,2024,1,Ação Financeiro,2024,1
463,4815,11010,2085,4027,1464159,1464159,1589159.0,984194.44,257742.01,95389.95,0.0,0.0,1292696.34,0.0,0.0,2024,1,Ação Financeiro,2024,1
464,5520,16001,2158,1649,118050,118050,118050.0,0.0,0.0,0.0,0.0,0.0,0.0,0.0,0.0,2024,1,Ação Financeiro,2024,1
465,4886,11026,1015,2091,200144,200144,200144.0,50633.37,50633.37,50633.37,0.0,0.0,150947.84,0.0,0.0,2024,1,Ação Financeiro,2024,1
466,5437,13001,2184,4153,187300,187300,187300.0,0.0,0.0,0.0,0.0,0.0,54335.3,0.0,0.0,2024,1,Ação Financeiro,2024,1
467,5425,11006,2000,4144,100000,100000,100000.0,16106.9,0.0,0.0,0.0,0.0,12773.37,0.0,0.0,2024,1,Ação Financeiro,2024,1
468,4720,11009,2128,2172,26674219,26674219,26674219.0,10500000.0,3600468.2,1767241.58,0.0,0.0,19326625.95,0.0,0.0,2024,1,Ação Financeiro,2024,1
469,5342,15017,2166,2176,955000,955000,4249166.15,0.0,0.0,0.0,0.0,0.0,1389779.21,0.0,0.0,2024,1,Ação Financeiro,2024,1
470,4791,17034,2023,2496,570000,570000,570000.0,100000.0,97455.0,97455.0,0.0,0.0,601115.57,0.0,0.0,2024,1,Ação Financeiro,2024,1
471,5259,15005,2182,4122,7603073,7603073,7603073.0,4630000.0,3304398.4,3304398.4,0.0,0.0,14166167.11,0.0,0.0,2024,1,Ação Financeiro,2024,1
472,5247,15006,1015,2096,2100,2100,10100.0,6980.0,6980.0,6980.0,0.0,0.0,17146.4,0.0,0.0,2024,1,Ação Financeiro,2024,1
473,5164,16001,2176,4099,2700000,2700000,2700000.0,0.0,0.0,0.0,0.0,0.0,0.0,0.0,0.0,2024,1,Ação Financeiro,2024,1
474,5235,17012,2084,4029,653600,653600,14274904.71,277413.04,277413.04,277413.04,0.0,0.0,29623862.02,0.0,0.0,2024,1,Ação Financeiro,2024,1
475,5152,15020,0,112,416736,416736,416736.0,114197.61,61970.75,61970.75,0.0,0.0,466714.07,0.0,0.0,2024,1,Ação Financeiro,2024,1
476,5069,14023,2173,4090,1304080,1304080,710102.0,93962.42,62391.0,48156.87,0.0,0.0,293517.12,0.0,0.0,2024,1,Ação Financeiro,2024,1
477,5140,29013,1001,2268,192000,192000,192000.0,3240.0,3240.0,3240.0,0.0,0.0,63653.71,0.0,0.0,2024,1,Ação Financeiro,2024,1
478,4974,16001,2156,4035,792101,792101,792101.0,56515.0,3115.0,3115.0,0.0,0.0,607161.02,0.0,0.0,2024,1,Ação Financeiro,2024,1
479,4891,23030,1015,2091,2656800,2656800,2656800.0,783297.78,783297.78,783297.78,0.0,0.0,2268195.29,0.0,0.0,2024,1,Ação Financeiro,2024,1
480,4962,15014,1015,1490,798000,798000,798000.0,174537.97,141550.77,141550.77,0.0,0.0,572537.71,0.0,0.0,2024,1,Ação Financeiro,2024,1
481,5513,17012,2189,4157,19115,19115,39115.0,0.0,0.0,0.0,0.0,0.0,77267.72,0.0,0.0,2024,1,Ação Financeiro,2024,1
482,4879,11005,1015,2234,13671700,13671700,13671700.0,4471564.88,4471564.88,4361615.09,0.0,0.0,14821707.35,0.0,0.0,2024,1,Ação Financeiro,2024,1
483,5501,16001,2158,4107,1540755,1540755,1540755.0,306729.6,306729.6,306729.6,0.0,0.0,873208.37,0.0,0.0,2024,1,Ação Financeiro,2024,1
484,4796,11009,2112,2011,10579742,10579742,10579742.0,2934456.31,1888919.37,1580223.82,0.0,0.0,8251978.67,0.0,0.0,2024,1,Ação Financeiro,2024,1
485,4784,18001,1015,2234,45565612,45565612,45565612.0,12653695.84,12653695.84,12249803.38,0.0,0.0,39742897.95,0.0,0.0,2024,1,Ação Financeiro,2024,1
486,4701,19023,2096,2515,701600,701600,401600.0,89555.0,21137.5,21137.5,0.0,0.0,140274.0,0.0,0.0,2024,1,Ação Financeiro,2024,1
487,5406,17012,2049,4542,552080,552080,1247080.0,1117200.0,316348.48,265996.34,0.0,0.0,1277978.98,0.0,0.0,2024,1,Ação Financeiro,2024,1
488,4772,11020,1015,2091,592574,592574,592574.0,87646.64,87646.64,87646.64,0.0,0.0,265993.84,0.0,0.0,2024,1,Ação Financeiro,2024,1
489,5323,18001,2154,2601,1351130,1351130,939985.0,125205.0,53578.0,53578.0,0.0,0.0,1075859.3,0.0,0.0,2024,1,Ação Financeiro,2024,1
490,5240,17012,2084,4006,390123,390123,2200000.0,214957.64,80800.44,80800.44,0.0,0.0,970254.37,0.0,0.0,2024,1,Ação Financeiro,2024,1
491,5311,11025,2180,4113,1000000,1000000,1000000.0,0.0,0.0,0.0,0.0,0.0,0.0,0.0,0.0,2024,1,Ação Financeiro,2024,1
492,5228,27001,2130,1497,63528420,63528420,63528420.0,30966858.61,20654994.94,15618373.86,0.0,0.0,89128611.04,0.0,0.0,2024,1,Ação Financeiro,2024,1
493,5216,11025,1015,1490,25000000,25000000,25000000.0,5419345.63,5419235.63,5419235.63,0.0,0.0,17252119.08,0.0,0.0,2024,1,Ação Financeiro,2024,1
494,5133,17033,2109,4094,1000,1000,1000.0,0.0,0.0,0.0,0.0,0.0,161500.0,0.0,0.0,2024,1,Ação Financeiro,2024,1
495,5050,21001,2102,2818,3500000,3500000,3500000.0,387417.53,387417.53,387417.53,0.0,0.0,2732423.72,0.0,0.0,2024,1,Ação Financeiro,2024,1
496,5038,14001,1015,2087,33900385,33900385,33600385.0,9295410.99,5166965.84,4856294.82,0.0,0.0,21555362.29,0.0,0.0,2024,1,Ação Financeiro,2024,1
497,4955,17012,1015,2096,500000,500000,500000.0,0.0,0.0,0.0,0.0,0.0,0.0,0.0,0.0,2024,1,Ação Financeiro,2024,1
498,4872,2001,1011,2543,5550000,5550000,4250000.0,819752.4,657745.59,657745.59,0.0,0.0,2310136.55,0.0,0.0,2024,1,Ação Financeiro,2024,1
499,5494,32001,1015,4103,250000,250000,250000.0,10250.0,8472.0,8472.0,0.0,0.0,50126.0,0.0,0.0,2024,1,Ação Financeiro,2024,1
500,4943,15001,2166,1475,14137500,14137500,14137500.0,0.0,0.0,0.0,0.0,0.0,1775947.49,0.0,0.0,2024,1,Ação Financeiro,2024,1
501,4860,17033,1015,2087,1806800,1806800,1590200.0,405699.3,340095.49,302982.64,0.0,0.0,1307798.12,0.0,0.0,2024,1,Ação Financeiro,2024,1
502,5565,21011,2138,4061,0,0,0.0,10000.0,10000.0,10000.0,0.0,0.0,28141.94,0.0,0.0,2024,1,Ação Financeiro,2024,1
503,4777,11009,1015,2234,130453257,130453257,130453257.0,30299475.01,30299475.01,29282239.62,0.0,0.0,97694708.1,0.0,0.0,2024,1,Ação Financeiro,2024,1
504,5482,15011,1015,2087,897808,897808,897808.0,170218.03,158653.2,158653.2,0.0,0.0,1163287.6,0.0,0.0,2024,1,Ação Financeiro,2024,1
505,4765,17032,1015,2091,4470187,4470187,4470187.0,548579.82,548579.82,548579.82,0.0,0.0,1696793.62,0.0,0.0,2024,1,Ação Financeiro,2024,1
506,5387,23002,2188,4152,100000,100000,100000.0,0.0,0.0,0.0,0.0,0.0,109124.1,0.0,0.0,2024,1,Ação Financeiro,2024,1
507,4682,2001,1010,1421,3000000,3000000,3000000.0,0.0,0.0,0.0,0.0,0.0,315125.53,0.0,0.0,2024,1,Ação Financeiro,2024,1
508,5304,11010,1015,1519,1000,1000,1000.0,0.0,0.0,0.0,0.0,0.0,0.0,0.0,0.0,2024,1,Ação Financeiro,2024,1
509,4670,1001,1020,2418,130529263,130529263,130529263.0,40505322.92,38602039.86,37505811.77,0.0,0.0,131304636.23,0.0,0.0,2024,1,Ação Financeiro,2024,1
510,5292,11025,2180,1318,11681478,11681478,11931478.0,4356235.0,1211281.28,1211281.28,0.0,0.0,7437549.5,0.0,0.0,2024,1,Ação Financeiro,2024,1
511,5126,15020,1015,2234,147394344,147394344,147394344.0,89459618.11,31958849.67,30865788.68,0.0,0.0,106587650.94,0.0,0.0,2024,1,Ação Financeiro,2024,1
512,5031,16001,2158,1623,400000,400000,400000.0,0.0,0.0,0.0,0.0,0.0,0.0,0.0,0.0,2024,1,Ação Financeiro,2024,1
513,5570,21011,1015,2087,0,0,0.0,67776.0,28501.51,28501.51,0.0,0.0,176127.01,0.0,0.0,2024,1,Ação Financeiro,2024,1
514,5019,19001,2101,2100,400000,400000,400000.0,64610.0,17444.0,17444.0,0.0,0.0,378578.7,0.0,0.0,2024,1,Ação Financeiro,2024,1
515,4936,15001,1015,2414,591344,591344,591344.0,143185.23,143185.23,143185.23,0.0,0.0,310175.03,0.0,0.0,2024,1,Ação Financeiro,2024,1
516,4853,11003,0,23,16499305,16499305,16499305.0,13987557.78,13860420.94,13749435.07,0.0,0.0,42542348.15,0.0,0.0,2024,1,Ação Financeiro,2024,1
517,4924,17032,2105,2145,14343847,14343847,14053847.0,4945379.21,3050879.4,2908056.85,0.0,0.0,15305283.95,0.0,0.0,2024,1,Ação Financeiro,2024,1
518,5475,17012,1015,1519,100000,100000,100000.0,0.0,0.0,0.0,0.0,0.0,0.0,0.0,0.0,2024,1,Ação Financeiro,2024,1
519,4841,18011,2154,2602,647495,647495,280245.0,71014.9,71014.9,71014.9,0.0,0.0,238630.4,0.0,0.0,2024,1,Ação Financeiro,2024,1
520,5463,23030,1015,4103,96000,96000,96000.0,0.0,0.0,0.0,0.0,0.0,0.0,0.0,0.0,2024,1,Ação Financeiro,2024,1
521,4758,15001,1015,1490,4552884,4552884,4552884.0,1664331.57,1664331.57,1664331.57,0.0,0.0,5826391.73,0.0,0.0,2024,1,Ação Financeiro,2024,1
522,5380,3011,2065,1629,1670000,1670000,229430.42,0.0,0.0,0.0,0.0,0.0,0.0,0.0,0.0,2024,1,Ação Financeiro,2024,1
523,4829,18001,2153,2578,221300,221300,221300.0,22250.0,22250.0,22250.0,0.0,0.0,183473.5,0.0,0.0,2024,1,Ação Financeiro,2024,1
524,4746,19023,2096,4234,92501534,92501534,92501534.0,8685473.89,8685473.89,8685473.89,0.0,0.0,87366728.4,0.0,0.0,2024,1,Ação Financeiro,2024,1
525,4663,1001,0,140,2145403,2145403,2145403.0,521029.44,521029.44,521029.44,0.0,0.0,1709259.48,0.0,0.0,2024,1,Ação Financeiro,2024,1
526,5368,21001,2165,1626,3000,3000,3000.0,0.0,0.0,0.0,0.0,0.0,491268.28,0.0,0.0,2024,1,Ação Financeiro,2024,1
527,5285,11004,2108,4126,283440,283440,283440.0,142500.0,81397.86,81397.86,0.0,0.0,329105.99,0.0,0.0,2024,1,Ação Financeiro,2024,1
528,4722,11009,2133,4546,2608456,2608456,2608456.0,715828.5,263736.69,263736.69,0.0,0.0,1443713.68,0.0,0.0,2024,1,Ação Financeiro,2024,1
529,5427,3001,1014,4080,208000,208000,208000.0,58000.0,707.28,707.28,0.0,0.0,36778.56,0.0,0.0,2024,1,Ação Financeiro,2024,1
530,5344,15017,2166,2269,6000000,6000000,25458543.52,0.0,0.0,0.0,0.0,0.0,6465437.52,0.0,0.0,2024,1,Ação Financeiro,2024,1
531,5261,15005,2182,1637,720351,720351,720351.0,0.0,0.0,0.0,0.0,0.0,99599.1,0.0,0.0,2024,1,Ação Financeiro,2024,1
532,4710,19023,0,205,500000,500000,500000.0,171713.62,171179.05,171179.05,0.0,0.0,706776.25,0.0,0.0,2024,1,Ação Financeiro,2024,1
533,5249,23011,2087,2197,7362930,7362930,9247680.0,2026662.0,440612.0,391500.0,0.0,0.0,2839862.0,0.0,0.0,2024,1,Ação Financeiro,2024,1
534,5166,15020,1015,2281,58743100,58743100,58043100.0,28415349.61,12058653.94,11355796.15,0.0,0.0,47883390.26,0.0,0.0,2024,1,Ação Financeiro,2024,1
535,5154,15020,0,205,4201637,4201637,4201637.0,2000000.0,1088650.9,1088650.9,0.0,0.0,4618244.62,0.0,0.0,2024,1,Ação Financeiro,2024,1
536,5071,21011,2102,1143,14819000,14819000,14819000.0,3209108.13,3196041.16,3196041.16,0.0,0.0,12549840.76,0.0,0.0,2024,1,Ação Financeiro,2024,1
537,4988,23015,2117,2266,196732,196732,196732.0,0.0,0.0,0.0,0.0,0.0,130672.36,0.0,0.0,2024,1,Ação Financeiro,2024,1
538,5059,19014,2095,2501,5260000,5260000,5260000.0,1483632.0,1033800.0,1033800.0,0.0,0.0,3757350.0,0.0,0.0,2024,1,Ação Financeiro,2024,1
539,4976,16001,2156,4037,166695385,166695385,161629045.83,132009066.7,30277118.51,28770954.31,0.0,0.0,142258958.65,0.0,0.0,2024,1,Ação Financeiro,2024,1
540,4893,23030,1015,2096,150000,150000,150000.0,23754.6,23754.6,23754.6,0.0,0.0,23754.6,0.0,0.0,2024,1,Ação Financeiro,2024,1
541,5515,3001,1019,2854,375132672,375132672,375132672.0,80063375.43,51637970.36,51637970.36,0.0,0.0,216035776.54,0.0,0.0,2024,1,Ação Financeiro,2024,1
542,4881,11013,2000,2009,10500000,10500000,10500000.0,5647971.97,1155742.9,1145360.86,0.0,0.0,8227062.04,0.0,0.0,2024,1,Ação Financeiro,2024,1
543,4798,16001,1015,2351,194905639,194905639,196849909.56,63888229.48,63130180.62,63015573.96,0.0,0.0,208168806.19,0.0,0.0,2024,1,Ação Financeiro,2024,1
544,4786,17034,1015,2091,878752,878752,878752.0,287532.35,287532.35,287532.35,0.0,0.0,818292.7,0.0,0.0,2024,1,Ação Financeiro,2024,1
545,4703,19023,2096,2516,750000,750000,845000.0,752093.05,13410.0,5340.0,0.0,0.0,616458.55,0.0,0.0,2024,1,Ação Financeiro,2024,1
546,5242,19001,2011,2021,51062829,51062829,51062829.0,19532005.0,43610.0,43610.0,0.0,0.0,37611034.53,0.0,0.0,2024,1,Ação Financeiro,2024,1
547,5230,13006,1015,2087,4812793,4812793,4812793.0,503644.41,189655.18,174341.13,0.0,0.0,1286779.28,0.0,0.0,2024,1,Ação Financeiro,2024,1
548,5147,29001,1280,2002,70418166,70418166,69996166.0,15612474.07,4491003.06,3690398.17,0.0,0.0,19930114.75,0.0,0.0,2024,1,Ação Financeiro,2024,1
549,5064,11008,1015,2091,324395,324395,356395.0,117892.21,117892.21,117892.21,0.0,0.0,363015.14,0.0,0.0,2024,1,Ação Financeiro,2024,1
550,5135,17033,2109,4093,1000,1000,251000.0,228384.0,0.0,0.0,0.0,0.0,1038835.0,0.0,0.0,2024,1,Ação Financeiro,2024,1
551,5052,21001,2102,2893,41396686,41396686,41396686.0,19603015.2,14210404.6,10933790.58,0.0,0.0,50610523.25,0.0,0.0,2024,1,Ação Financeiro,2024,1
552,4969,16001,1015,2398,21569338,21569338,21569338.0,1592843.06,507850.01,507850.01,0.0,0.0,5969091.01,0.0,0.0,2024,1,Ação Financeiro,2024,1
553,5040,14001,1015,2091,2523683,2523683,2823683.0,841307.57,841307.57,841307.57,0.0,0.0,2363735.85,0.0,0.0,2024,1,Ação Financeiro,2024,1
554,4957,17012,1015,2476,503116,503116,1120289.41,36945.57,0.0,0.0,0.0,0.0,563388.78,0.0,0.0,2024,1,Ação Financeiro,2024,1
555,5508,17012,2034,4005,23257004,23257004,11984345.83,8085413.96,5813111.26,5793095.32,0.0,0.0,79119842.13,0.0,0.0,2024,1,Ação Financeiro,2024,1
556,5496,16031,1015,2091,84000,84000,84000.0,21056.94,21056.94,21056.94,0.0,0.0,59675.99,0.0,0.0,2024,1,Ação Financeiro,2024,1
557,5413,3001,1012,1486,1097000,1097000,1097000.0,323000.0,105983.98,105783.12,0.0,0.0,568907.3,0.0,0.0,2024,1,Ação Financeiro,2024,1
558,4779,11022,1015,2234,7233971,7233971,7233971.0,2246644.87,2246644.87,2171702.09,0.0,0.0,7519159.63,0.0,0.0,2024,1,Ação Financeiro,2024,1
559,5484,15011,2166,1527,100000,100000,100000.0,0.0,0.0,0.0,0.0,0.0,0.0,0.0,0.0,2024,1,Ação Financeiro,2024,1
560,4696,19025,0,112,396609,396609,396609.0,180571.63,172577.01,172577.01,0.0,0.0,385231.11,0.0,0.0,2024,1,Ação Financeiro,2024,1
561,4684,2001,1010,1221,8400000,8400000,8400000.0,516158.0,5898.0,5898.0,0.0,0.0,719692.85,0.0,0.0,2024,1,Ação Financeiro,2024,1
562,5389,15001,2166,4125,1718525,1718525,2418525.0,1887500.0,1201648.26,1201648.26,0.0,0.0,4513843.05,0.0,0.0,2024,1,Ação Financeiro,2024,1
563,5306,11025,2057,1384,2000000,2000000,2000000.0,2000000.0,0.0,0.0,0.0,0.0,2988650.65,0.0,0.0,2024,1,Ação Financeiro,2024,1
564,5223,11023,2051,2345,200000,200000,200000.0,35000.0,22917.5,22917.5,0.0,0.0,80990.0,0.0,0.0,2024,1,Ação Financeiro,2024,1
565,4672,1001,2126,2416,2500000,2500000,2500000.0,170000.0,60500.0,60500.0,0.0,0.0,295350.0,0.0,0.0,2024,1,Ação Financeiro,2024,1
566,5211,27001,1015,2087,9816799,9816799,9816799.0,3023491.63,1443397.12,1402331.13,0.0,0.0,6726160.59,0.0,0.0,2024,1,Ação Financeiro,2024,1
567,5128,17033,1015,2234,3011734,3011734,3028334.0,758572.46,758572.46,758572.46,0.0,0.0,2639614.04,0.0,0.0,2024,1,Ação Financeiro,2024,1
568,5045,21001,1015,2909,100000,100000,100000.0,10000.0,0.0,0.0,0.0,0.0,43103.3,0.0,0.0,2024,1,Ação Financeiro,2024,1
569,5116,30011,1009,2534,988726,988726,988726.0,304275.31,85919.54,85919.54,0.0,0.0,434075.76,0.0,0.0,2024,1,Ação Financeiro,2024,1
570,5033,16020,2134,2354,617750,617750,617750.0,130825.5,101103.34,23526.64,0.0,0.0,537987.01,0.0,0.0,2024,1,Ação Financeiro,2024,1
571,4950,11004,1015,2087,211394,211394,211394.0,99288.59,46729.34,42083.71,0.0,0.0,246097.08,0.0,0.0,2024,1,Ação Financeiro,2024,1
572,5021,16001,2158,4053,1957104,1957104,4528729.7,1976618.54,455830.57,455830.57,0.0,0.0,4080127.1,0.0,0.0,2024,1,Ação Financeiro,2024,1
573,5477,11005,2190,2361,75496,75496,75496.0,0.0,0.0,0.0,0.0,0.0,20000.0,0.0,0.0,2024,1,Ação Financeiro,2024,1
574,4843,18011,2154,2603,419400,419400,132250.0,13062.0,13062.0,13062.0,0.0,0.0,242296.15,0.0,0.0,2024,1,Ação Financeiro,2024,1
575,4760,11020,2148,2533,4466772,4466772,4466772.0,1600000.0,393451.76,393451.76,0.0,0.0,3827100.2,0.0,0.0,2024,1,Ação Financeiro,2024,1
576,5382,15003,2166,1527,20000,20000,20000.0,0.0,0.0,0.0,0.0,0.0,0.0,0.0,0.0,2024,1,Ação Financeiro,2024,1
577,5299,27001,1015,2096,400000,400000,400000.0,114059.11,0.0,0.0,0.0,0.0,108075.64,0.0,0.0,2024,1,Ação Financeiro,2024,1
578,4748,19025,2024,2019,9313811,9313811,10474411.0,3264681.32,1721301.34,1698095.28,0.0,0.0,9594556.56,0.0,0.0,2024,1,Ação Financeiro,2024,1
579,4665,1001,1006,2253,1526900,1526900,1526900.0,286867.68,189193.75,189193.75,0.0,0.0,701473.65,0.0,0.0,2024,1,Ação Financeiro,2024,1
580,5287,11005,1015,2096,65000,65000,65000.0,0.0,0.0,0.0,0.0,0.0,84948.0,0.0,0.0,2024,1,Ação Financeiro,2024,1
581,5204,19001,2011,1018,100000,100000,100000.0,0.0,0.0,0.0,0.0,0.0,52925.56,0.0,0.0,2024,1,Ação Financeiro,2024,1
582,5192,29001,1280,2025,220669894,220669894,220949894.0,55324752.3,51748478.12,51748478.12,0.0,0.0,273843608.2,0.0,0.0,2024,1,Ação Financeiro,2024,1
583,5109,30001,2145,2527,100000,100000,100000.0,53379.5,53379.5,53379.5,0.0,0.0,263027.0,0.0,0.0,2024,1,Ação Financeiro,2024,1
584,5026,14001,1015,1498,5000,5000,5000.0,0.0,0.0,0.0,0.0,0.0,0.0,0.0,0.0,2024,1,Ação Financeiro,2024,1
585,5097,11007,2074,2285,6520000,6520000,6520000.0,1782271.49,867934.86,722970.86,0.0,0.0,2908443.76,0.0,0.0,2024,1,Ação Financeiro,2024,1
586,5014,16001,2158,4051,3877226,3877226,3967785.0,1994926.0,719229.2,661614.2,0.0,0.0,3103428.2,0.0,0.0,2024,1,Ação Financeiro,2024,1
587,4931,15001,1015,2234,33275985,33275985,33275985.0,11189319.15,11189319.15,11011926.17,0.0,0.0,36705732.27,0.0,0.0,2024,1,Ação Financeiro,2024,1
588,5002,16001,2158,4050,243724,243724,243724.0,0.0,0.0,0.0,0.0,0.0,233891.92,0.0,0.0,2024,1,Ação Financeiro,2024,1
589,5553,32001,2093,1049,0,0,7886428.44,28640.8,24475.0,0.0,0.0,0.0,22815834.06,0.0,0.0,2024,1,Ação Financeiro,2024,1
590,4919,17032,1015,4000,563850,563850,350000.0,0.0,0.0,0.0,0.0,0.0,0.0,0.0,0.0,2024,1,Ação Financeiro,2024,1
591,5470,16001,1015,4103,1188000,1188000,1188000.0,148260.0,25063.0,25063.0,0.0,0.0,157438.0,0.0,0.0,2024,1,Ação Financeiro,2024,1
592,4836,18011,2098,2589,638150,638150,638150.0,11303.0,11303.0,11303.0,0.0,0.0,453564.2,0.0,0.0,2024,1,Ação Financeiro,2024,1
593,5458,11006,1015,2091,829980,829980,829980.0,193846.92,193846.92,193846.92,0.0,0.0,588673.01,0.0,0.0,2024,1,Ação Financeiro,2024,1
594,5375,3011,1018,4142,940000,940000,944000.0,487677.2,35876.64,34824.35,0.0,0.0,282363.81,0.0,0.0,2024,1,Ação Financeiro,2024,1
595,4824,21001,1015,2091,30118439,30118439,30118439.0,7517028.02,7517028.02,7517028.02,0.0,0.0,22258811.58,0.0,0.0,2024,1,Ação Financeiro,2024,1
596,4741,14023,1000,2503,143040,143040,114720.0,81828.19,15600.0,15600.0,0.0,0.0,383483.68,0.0,0.0,2024,1,Ação Financeiro,2024,1
597,4658,2001,0,163,100000,100000,100000.0,0.0,0.0,0.0,0.0,0.0,0.0,0.0,0.0,2024,1,Ação Financeiro,2024,1
598,5363,3011,2065,1508,9952000,9952000,8436960.83,0.0,0.0,0.0,0.0,0.0,0.0,0.0,0.0,2024,1,Ação Financeiro,2024,1
599,5280,19001,2003,2033,500000,500000,170000.0,53905.5,1468.5,1468.5,0.0,0.0,48282.5,0.0,0.0,2024,1,Ação Financeiro,2024,1
600,5268,11025,0,112,440000,440000,440000.0,177681.39,177681.39,177681.39,0.0,0.0,768486.54,0.0,0.0,2024,1,Ação Financeiro,2024,1
601,5185,15020,2170,4089,12000000,12000000,12000000.0,1136795.77,301898.15,301898.15,0.0,0.0,6571757.82,0.0,0.0,2024,1,Ação Financeiro,2024,1
602,5102,30001,1007,2525,5611500,5611500,5611500.0,1486209.73,1483371.73,1483371.73,0.0,0.0,5095432.15,0.0,0.0,2024,1,Ação Financeiro,2024,1
603,5173,15020,2002,2272,1200000,1200000,1200000.0,352924.36,223078.5,223078.5,0.0,0.0,1021476.01,0.0,0.0,2024,1,Ação Financeiro,2024,1
604,5090,23012,2168,4086,627000,627000,627000.0,15000.0,10502.0,10502.0,0.0,0.0,429628.66,0.0,0.0,2024,1,Ação Financeiro,2024,1
605,5007,23001,2162,4066,4234000,4234000,4234000.0,706641.0,564910.0,564910.0,0.0,0.0,1379915.0,0.0,0.0,2024,1,Ação Financeiro,2024,1
606,4995,16001,2158,4045,15536147,15536147,15490341.0,437920.86,161730.74,138226.42,0.0,0.0,2613047.16,0.0,0.0,2024,1,Ação Financeiro,2024,1
607,4912,15001,1015,2146,562846760,562846760,562846760.0,148930629.38,148930629.38,148930629.38,0.0,0.0,490994371.03,0.0,0.0,2024,1,Ação Financeiro,2024,1
608,5451,16031,2090,2219,56999,56999,56999.0,11340.0,0.0,0.0,0.0,0.0,21375.0,0.0,0.0,2024,1,Ação Financeiro,2024,1
609,4817,18001,2154,2594,590375,590375,490375.0,19669.0,19669.0,19669.0,0.0,0.0,55356.5,0.0,0.0,2024,1,Ação Financeiro,2024,1
610,4734,14002,0,12,139148442,139148442,144272426.36,83345760.57,83345760.57,83345760.57,0.0,0.0,241970016.0,0.0,0.0,2024,1,Ação Financeiro,2024,1
611,4805,23001,1015,2087,8840480,8840480,8840480.0,2996183.05,1703328.64,1702516.48,0.0,0.0,6307536.28,0.0,0.0,2024,1,Ação Financeiro,2024,1
612,5356,21011,2167,4076,1200000,1200000,3971784.02,390000.0,128532.72,128532.72,0.0,0.0,826859.28,0.0,0.0,2024,1,Ação Financeiro,2024,1
613,4959,23001,2112,2509,7000000,7000000,7000000.0,2091100.0,2000800.0,2000800.0,0.0,0.0,8306627.51,0.0,0.0,2024,1,Ação Financeiro,2024,1
614,5510,31001,1015,2234,12655349,12655349,12655349.0,3871204.13,3871204.13,3698071.69,0.0,0.0,12934001.56,0.0,0.0,2024,1,Ação Financeiro,2024,1
615,4793,18001,1015,2091,1393728,1393728,1393728.0,417780.87,417780.87,417780.87,0.0,0.0,1230488.4,0.0,0.0,2024,1,Ação Financeiro,2024,1
616,5415,11004,1015,4103,31680,31680,31680.0,0.0,0.0,0.0,0.0,0.0,0.0,0.0,0.0,2024,1,Ação Financeiro,2024,1
617,5332,17010,2039,4014,200000,200000,200000.0,0.0,0.0,0.0,0.0,0.0,88294.16,0.0,0.0,2024,1,Ação Financeiro,2024,1
618,4864,11003,2155,2604,200000,200000,200000.0,0.0,0.0,0.0,0.0,0.0,0.0,0.0,0.0,2024,1,Ação Financeiro,2024,1
619,4781,14023,1015,2087,4342842,4342842,4402842.0,1609347.54,1056143.61,990357.48,0.0,0.0,4589239.99,0.0,0.0,2024,1,Ação Financeiro,2024,1
620,5403,31001,2159,4063,218400,218400,218400.0,39152.0,20420.5,18420.5,0.0,0.0,109372.9,0.0,0.0,2024,1,Ação Financeiro,2024,1
621,5320,14001,1015,2096,1250000,1250000,1250000.0,0.0,0.0,0.0,0.0,0.0,44072.5,0.0,0.0,2024,1,Ação Financeiro,2024,1
622,4686,2011,1220,2640,1739000,1739000,1739000.0,0.0,0.0,0.0,0.0,0.0,258784.5,0.0,0.0,2024,1,Ação Financeiro,2024,1
623,5237,17012,2070,1615,2207280,2207280,5567080.0,685963.79,274949.59,274949.59,0.0,0.0,4340925.88,0.0,0.0,2024,1,Ação Financeiro,2024,1
624,5308,17013,2152,1516,130814502,130814502,130814502.0,0.0,0.0,0.0,0.0,0.0,0.0,0.0,0.0,2024,1,Ação Financeiro,2024,1
625,5142,29012,1280,2951,3893481,3893481,3893481.0,2048840.63,634230.45,586459.93,0.0,0.0,2752942.73,0.0,0.0,2024,1,Ação Financeiro,2024,1
626,5130,17033,1015,2096,16000,16000,16000.0,0.0,0.0,0.0,0.0,0.0,98320.95,0.0,0.0,2024,1,Ação Financeiro,2024,1
627,5047,23002,1015,2091,139200,139200,139200.0,0.0,0.0,0.0,0.0,0.0,47576.32,0.0,0.0,2024,1,Ação Financeiro,2024,1
628,4964,23012,2168,2061,752065,752065,752065.0,242838.56,119412.76,119412.76,0.0,0.0,464341.63,0.0,0.0,2024,1,Ação Financeiro,2024,1
629,5035,11004,2108,1215,22381,22381,22381.0,0.0,0.0,0.0,0.0,0.0,0.0,0.0,0.0,2024,1,Ação Financeiro,2024,1
630,4952,17012,1015,2064,1334741,1334741,3584741.0,1894599.03,564824.05,384069.37,0.0,0.0,2234255.56,0.0,0.0,2024,1,Ação Financeiro,2024,1
631,4869,2001,1011,2101,124709244,124709244,126859244.0,43422712.45,43422712.45,43060014.84,0.0,0.0,165026768.32,0.0,0.0,2024,1,Ação Financeiro,2024,1
632,5491,16001,1015,2091,14865134,14865134,14865134.0,3153294.46,3153294.46,3153294.46,0.0,0.0,8854922.73,0.0,0.0,2024,1,Ação Financeiro,2024,1
633,4940,15001,2166,1276,2286000,2286000,2286000.0,1415299.12,0.0,0.0,0.0,0.0,1270009.56,0.0,0.0,2024,1,Ação Financeiro,2024,1
634,4857,11006,1015,2087,2726221,2726221,3075221.0,1109785.21,770804.86,553208.94,0.0,0.0,2486609.22,0.0,0.0,2024,1,Ação Financeiro,2024,1
635,4774,11020,1015,2234,16382530,16382530,16382530.0,4361439.09,4361439.09,4244222.01,0.0,0.0,14523497.9,0.0,0.0,2024,1,Ação Financeiro,2024,1
636,5479,15011,2110,2387,1000000,1000000,1000000.0,0.0,0.0,0.0,0.0,0.0,0.0,0.0,0.0,2024,1,Ação Financeiro,2024,1
637,4845,11003,1015,2087,10679307,10679307,10679307.0,2338964.99,1657921.6,1657921.6,0.0,0.0,6203392.64,0.0,0.0,2024,1,Ação Financeiro,2024,1
638,4762,19001,1015,2091,650208,650208,650208.0,180525.12,180525.12,180525.12,0.0,0.0,521444.73,0.0,0.0,2024,1,Ação Financeiro,2024,1
639,5313,11023,2177,1635,2057,2057,2057.0,0.0,0.0,0.0,0.0,0.0,0.0,0.0,0.0,2024,1,Ação Financeiro,2024,1
640,5384,31001,2138,4061,550000,550000,550000.0,73713.12,22040.12,22040.12,0.0,0.0,288190.79,0.0,0.0,2024,1,Ação Financeiro,2024,1
641,5301,23011,2087,1494,34193358,34193358,34193358.0,8972890.8,5648670.21,5369723.36,0.0,0.0,21517239.8,0.0,0.0,2024,1,Ação Financeiro,2024,1
642,5218,15006,2166,1006,124000,124000,124000.0,68904.45,68904.45,68904.45,0.0,0.0,68904.45,0.0,0.0,2024,1,Ação Financeiro,2024,1
643,4667,1001,1006,2406,30866113,30866113,30866113.0,1002267.64,87843.71,87843.71,0.0,0.0,4099631.66,0.0,0.0,2024,1,Ação Financeiro,2024,1
644,5289,27001,2183,2465,26868621,26868621,27368621.0,2012406.62,742713.06,742713.06,0.0,0.0,8429195.74,0.0,0.0,2024,1,Ação Financeiro,2024,1
645,5206,11023,1015,2087,1745036,1745036,1755036.0,371220.27,200490.17,199592.53,0.0,0.0,1099590.93,0.0,0.0,2024,1,Ação Financeiro,2024,1
646,5111,30011,1008,2530,1027530,1027530,1027530.0,606547.86,333967.5,333397.0,0.0,0.0,1875241.99,0.0,0.0,2024,1,Ação Financeiro,2024,1
647,5028,16001,2158,4057,188730,188730,981005.26,596424.27,186969.45,186969.45,0.0,0.0,1503058.57,0.0,0.0,2024,1,Ação Financeiro,2024,1
648,4945,15001,1015,2096,4474000,4474000,7081763.33,3674831.12,3562331.12,3562331.12,0.0,0.0,6119413.74,0.0,0.0,2024,1,Ação Financeiro,2024,1
649,5016,18001,1015,2096,448500,448500,448500.0,24875.5,24875.5,0.0,0.0,0.0,154610.1,0.0,0.0,2024,1,Ação Financeiro,2024,1
650,4933,15001,1015,2412,1994256,1994256,1994256.0,260994.01,260994.01,260994.01,0.0,0.0,856329.32,0.0,0.0,2024,1,Ação Financeiro,2024,1
651,4850,11003,1015,2091,5603508,5603508,5603508.0,2067790.97,2067790.97,2067790.97,0.0,0.0,6521140.43,0.0,0.0,2024,1,Ação Financeiro,2024,1
652,4921,17032,2105,4030,1300000,1300000,1300000.0,0.0,0.0,0.0,0.0,0.0,0.0,0.0,0.0,2024,1,Ação Financeiro,2024,1
653,5472,17012,1015,4155,1800000,1800000,1800000.0,0.0,0.0,0.0,0.0,0.0,0.0,0.0,0.0,2024,1,Ação Financeiro,2024,1
654,4755,13001,0,9999,70012793,70012793,70012793.0,0.0,0.0,0.0,0.0,0.0,0.0,0.0,0.0,2024,1,Ação Financeiro,2024,1
655,5460,11006,1015,2234,10000000,10000000,10000000.0,2857482.59,2857482.59,2739462.48,0.0,0.0,9074399.72,0.0,0.0,2024,1,Ação Financeiro,2024,1
656,5377,3011,1018,1642,224000,224000,224000.0,84000.0,0.0,0.0,0.0,0.0,113280.0,0.0,0.0,2024,1,Ação Financeiro,2024,1
657,5294,27001,2183,2428,500000,500000,9862636.93,10000.0,0.0,0.0,0.0,0.0,7901011.04,0.0,0.0,2024,1,Ação Financeiro,2024,1
658,4743,14023,0,205,4365608,4365608,4365608.0,3433461.18,3433461.09,3433461.09,0.0,0.0,4725633.11,0.0,0.0,2024,1,Ação Financeiro,2024,1
659,5365,15017,1015,4000,4300000,4300000,11329796.86,0.0,0.0,0.0,0.0,0.0,3589082.57,0.0,0.0,2024,1,Ação Financeiro,2024,1
660,5282,11025,2106,1515,16030000,16030000,16030000.0,576000.0,406507.2,406507.2,0.0,0.0,813735.7,0.0,0.0,2024,1,Ação Financeiro,2024,1
661,5199,11008,2058,1523,64500,64500,64500.0,0.0,0.0,0.0,0.0,0.0,6452.5,0.0,0.0,2024,1,Ação Financeiro,2024,1
662,5270,17012,2034,4009,212349164,212349164,227320172.9,149425379.09,53636989.88,45377658.16,0.0,0.0,325840024.56,0.0,0.0,2024,1,Ação Financeiro,2024,1
663,5187,15020,2172,2290,560000,560000,1260000.0,210000.0,154637.5,146627.5,0.0,0.0,979287.82,0.0,0.0,2024,1,Ação Financeiro,2024,1
664,5104,14001,2007,1053,3345000,3345000,3345000.0,1034463.0,686999.95,437000.0,0.0,0.0,2914918.07,0.0,0.0,2024,1,Ação Financeiro,2024,1
665,5092,11022,0,205,120000,120000,120000.0,44028.81,33409.29,33409.29,0.0,0.0,124874.96,0.0,0.0,2024,1,Ação Financeiro,2024,1
666,5009,23001,2162,4068,50000000,50000000,50000000.0,3463370.62,30670.5,30670.5,0.0,0.0,3940639.95,0.0,0.0,2024,1,Ação Financeiro,2024,1
667,4926,15001,1015,2147,328197283,328197283,328197283.0,88097038.44,88097038.44,85236992.14,0.0,0.0,295822618.28,0.0,0.0,2024,1,Ação Financeiro,2024,1
668,4997,16001,2158,4047,15225913,15225913,15276905.0,3176427.82,491245.02,479725.02,0.0,0.0,5728296.77,0.0,0.0,2024,1,Ação Financeiro,2024,1
669,5548,32001,2094,1064,0,0,1434300.0,844418.52,387247.29,268663.39,0.0,0.0,7886500.48,0.0,0.0,2024,1,Ação Financeiro,2024,1
670,4914,15003,1015,2096,141400,141400,141400.0,20042.8,8569.71,8569.71,0.0,0.0,325137.8,0.0,0.0,2024,1,Ação Financeiro,2024,1
671,4831,18011,1015,1490,4048314,4048314,4048314.0,1028849.64,930146.1,930146.1,0.0,0.0,3248408.36,0.0,0.0,2024,1,Ação Financeiro,2024,1
672,5453,16031,2090,2252,23000,23000,23000.0,0.0,0.0,0.0,0.0,0.0,14110.0,0.0,0.0,2024,1,Ação Financeiro,2024,1
673,5370,3011,1018,4139,205000,205000,205000.0,39500.0,707.28,707.28,0.0,0.0,18379.17,0.0,0.0,2024,1,Ação Financeiro,2024,1
674,4736,14002,0,124,3244708,3244708,3244708.0,0.0,0.0,0.0,0.0,0.0,3533202.32,0.0,0.0,2024,1,Ação Financeiro,2024,1
675,5441,11006,2000,4146,150000,150000,150000.0,19405.6,19405.6,19405.6,0.0,0.0,19405.6,0.0,0.0,2024,1,Ação Financeiro,2024,1
676,5358,3011,1031,1641,55000,55000,2055000.0,36000.0,616.91,616.91,0.0,0.0,16947.84,0.0,0.0,2024,1,Ação Financeiro,2024,1
677,5251,15005,2182,4118,6457465,6457465,6457465.0,1095444.05,883359.7,877574.7,0.0,0.0,10788823.53,0.0,0.0,2024,1,Ação Financeiro,2024,1
678,5168,16001,2176,4102,1500000,1500000,2518438.0,0.0,0.0,0.0,0.0,0.0,3948248.15,0.0,0.0,2024,1,Ação Financeiro,2024,1
679,5085,19023,0,9999,100000,100000,100000.0,0.0,0.0,0.0,0.0,0.0,0.0,0.0,0.0,2024,1,Ação Financeiro,2024,1
680,5073,21011,2102,2953,2689068,2689068,2689068.0,612146.24,110918.74,110918.74,0.0,0.0,1825717.14,0.0,0.0,2024,1,Ação Financeiro,2024,1
681,4990,16001,2157,1580,5149256,5149256,6222223.73,3905854.84,489330.76,489330.76,0.0,0.0,7316846.33,0.0,0.0,2024,1,Ação Financeiro,2024,1
682,4978,16001,2156,4038,6193283,6193283,8385266.37,2419448.21,0.0,0.0,0.0,0.0,22728179.57,0.0,0.0,2024,1,Ação Financeiro,2024,1
683,4895,14025,0,206,1960000,1960000,1960000.0,100546.69,100545.79,91945.6,0.0,0.0,2608798.5,0.0,0.0,2024,1,Ação Financeiro,2024,1
684,4812,11033,2086,2561,123915,123915,123915.0,0.0,0.0,0.0,0.0,0.0,41698.0,0.0,0.0,2024,1,Ação Financeiro,2024,1
685,5517,16001,2156,1647,1561518,1561518,1561518.0,0.0,0.0,0.0,0.0,0.0,0.0,0.0,0.0,2024,1,Ação Financeiro,2024,1
686,4800,19025,0,205,15532,15532,15532.0,7000.0,2603.61,2603.61,0.0,0.0,9583.0,0.0,0.0,2024,1,Ação Financeiro,2024,1
687,5351,3011,2185,4137,777000,777000,804500.0,265912.9,70904.86,68829.9,0.0,0.0,906030.72,0.0,0.0,2024,1,Ação Financeiro,2024,1
688,4717,11009,1015,2174,26683845,26683845,24183845.0,6300957.96,4503076.53,4392656.37,0.0,0.0,20028010.18,0.0,0.0,2024,1,Ação Financeiro,2024,1
689,5256,15005,1015,4000,178405,178405,178405.0,0.0,0.0,0.0,0.0,0.0,7052.12,0.0,0.0,2024,1,Ação Financeiro,2024,1
690,5327,15017,2166,1276,2401780,2401780,43998780.0,399909.0,0.0,0.0,0.0,0.0,4040336.85,0.0,0.0,2024,1,Ação Financeiro,2024,1
691,5244,19001,2011,2340,3000000,3000000,3250000.0,39204.0,15797.5,15797.5,0.0,0.0,2835015.64,0.0,0.0,2024,1,Ação Financeiro,2024,1
692,5161,16001,2176,4097,3220000,3220000,3220000.0,0.0,0.0,0.0,0.0,0.0,1824090.3,0.0,0.0,2024,1,Ação Financeiro,2024,1
693,5232,13006,2097,1382,1000,1000,1000.0,0.0,0.0,0.0,0.0,0.0,0.0,0.0,0.0,2024,1,Ação Financeiro,2024,1
694,5066,13006,1015,2091,7320456,7320456,7320456.0,2089293.97,2089293.97,2089293.97,0.0,0.0,5850906.84,0.0,0.0,2024,1,Ação Financeiro,2024,1
695,4983,23012,2168,2510,1612711,1612711,1612711.0,590983.96,376066.0,361731.56,0.0,0.0,1024499.19,0.0,0.0,2024,1,Ação Financeiro,2024,1
696,5054,21001,2102,2953,37330000,37330000,37390000.0,16937135.9,7587872.35,6753530.13,0.0,0.0,37278815.86,0.0,0.0,2024,1,Ação Financeiro,2024,1
697,4971,16001,1015,1005,8929943,8929943,8779943.0,1945113.88,863348.42,860010.92,0.0,0.0,2650417.5,0.0,0.0,2024,1,Ação Financeiro,2024,1
698,4888,17012,2069,2129,9231223,9231223,9231223.0,2047428.5,1509048.3,1297890.0,0.0,0.0,8437119.9,0.0,0.0,2024,1,Ação Financeiro,2024,1
699,5380,3011,2065,1629,1670000,1670000,229430.42,0.0,0.0,0.0,0.0,0.0,0.0,0.0,0.0,2024,2,Ação Financeiro,2024,2
700,4829,18001,2153,2578,221300,221300,313300.0,117391.0,95141.0,94028.5,0.0,0.0,183473.5,0.0,0.0,2024,2,Ação Financeiro,2024,2
701,4746,19023,2096,4234,92501534,92501534,92501534.0,49240556.14,40555082.25,40555082.25,0.0,0.0,87366728.4,0.0,0.0,2024,2,Ação Financeiro,2024,2
702,5451,16031,2090,2219,56999,56999,56999.0,22320.0,15705.0,15705.0,0.0,0.0,21375.0,0.0,0.0,2024,2,Ação Financeiro,2024,2
703,5368,21001,2165,1626,3000,3000,3000.0,0.0,0.0,0.0,0.0,0.0,491268.28,0.0,0.0,2024,2,Ação Financeiro,2024,2
704,4663,1001,0,140,2145403,2145403,2145403.0,1049131.68,528102.24,528102.24,0.0,0.0,1709259.48,0.0,0.0,2024,2,Ação Financeiro,2024,2
705,5285,11004,2108,4126,283440,283440,248240.0,218120.13,129943.55,111575.85,0.0,0.0,329105.99,0.0,0.0,2024,2,Ação Financeiro,2024,2
706,4734,14002,0,12,139148442,139148442,231682673.22,161682873.05,78337112.48,78337112.48,0.0,0.0,241970016.0,0.0,0.0,2024,2,Ação Financeiro,2024,2
707,5356,21011,2167,4076,1200000,1200000,3971784.02,390000.0,171376.96,130589.24,0.0,0.0,826859.28,0.0,0.0,2024,2,Ação Financeiro,2024,2
708,5019,19001,2101,2100,400000,400000,400000.0,153796.7,40317.0,40317.0,0.0,0.0,378578.7,0.0,0.0,2024,2,Ação Financeiro,2024,2
709,4936,15001,1015,2414,591344,591344,818126.29,232206.92,89021.69,89021.69,0.0,0.0,310175.03,0.0,0.0,2024,2,Ação Financeiro,2024,2
710,5007,23001,2162,4066,4234000,4234000,4234000.0,1156641.0,533733.0,533733.0,0.0,0.0,1379915.0,0.0,0.0,2024,2,Ação Financeiro,2024,2
711,5475,17012,1015,1519,100000,100000,100000.0,0.0,0.0,0.0,0.0,0.0,0.0,0.0,0.0,2024,2,Ação Financeiro,2024,2
712,4924,17032,2105,2145,14343847,14343847,16891099.66,9646826.97,5389384.73,5425059.82,0.0,0.0,15305283.95,0.0,0.0,2024,2,Ação Financeiro,2024,2
713,4841,18011,2154,2602,647495,647495,280245.0,225280.4,135235.5,135235.5,0.0,0.0,238630.4,0.0,0.0,2024,2,Ação Financeiro,2024,2
714,5463,23030,1015,4103,96000,96000,96000.0,0.0,0.0,0.0,0.0,0.0,0.0,0.0,0.0,2024,2,Ação Financeiro,2024,2
715,4658,2001,0,163,100000,100000,100000.0,0.0,0.0,0.0,0.0,0.0,0.0,0.0,0.0,2024,2,Ação Financeiro,2024,2
716,5031,16001,2158,1623,400000,400000,839558.32,0.0,0.0,0.0,0.0,0.0,0.0,0.0,0.0,2024,2,Ação Financeiro,2024,2
717,5102,30001,1007,2525,5611500,5611500,5611500.0,3189021.54,1703579.79,1703579.79,0.0,0.0,5095432.15,0.0,0.0,2024,2,Ação Financeiro,2024,2
718,4765,17032,1015,2091,4470187,4470187,4470187.0,1139111.01,590531.19,590531.19,0.0,0.0,1696793.62,0.0,0.0,2024,2,Ação Financeiro,2024,2
719,5470,16001,1015,4103,1188000,1188000,1188000.0,148260.0,58598.0,58598.0,0.0,0.0,157438.0,0.0,0.0,2024,2,Ação Financeiro,2024,2
720,5387,23002,2188,4152,100000,100000,100000.0,18211.1,18210.6,18210.6,0.0,0.0,109124.1,0.0,0.0,2024,2,Ação Financeiro,2024,2
721,4682,2001,1010,1421,3000000,3000000,3430000.0,2292919.07,0.0,0.0,0.0,0.0,315125.53,0.0,0.0,2024,2,Ação Financeiro,2024,2
722,5304,11010,1015,1519,1000,1000,1000.0,0.0,0.0,0.0,0.0,0.0,0.0,0.0,0.0,2024,2,Ação Financeiro,2024,2
723,4670,1001,1020,2418,130529263,130529263,130529263.0,81986928.83,42363493.46,42348273.51,0.0,0.0,131304636.23,0.0,0.0,2024,2,Ação Financeiro,2024,2
724,5375,3011,1018,4142,940000,940000,504000.0,429715.39,97210.5,92636.03,0.0,0.0,282363.81,0.0,0.0,2024,2,Ação Financeiro,2024,2
725,5292,11025,2180,1318,11681478,11681478,19335451.31,10982833.52,4135044.59,3679525.78,0.0,0.0,7437549.5,0.0,0.0,2024,2,Ação Financeiro,2024,2
726,5026,14001,1015,1498,5000,5000,5000.0,0.0,0.0,0.0,0.0,0.0,0.0,0.0,0.0,2024,2,Ação Financeiro,2024,2
727,4943,15001,2166,1475,14137500,14137500,15328297.69,1536571.53,65548.75,65548.75,0.0,0.0,1775947.49,0.0,0.0,2024,2,Ação Financeiro,2024,2
728,4860,17033,1015,2087,1806800,1806800,1596697.86,922411.99,532715.33,556664.18,0.0,0.0,1307798.12,0.0,0.0,2024,2,Ação Financeiro,2024,2
729,5565,21011,2138,4061,0,0,0.0,28240.0,5262.59,5262.59,0.0,0.0,28141.94,0.0,0.0,2024,2,Ação Financeiro,2024,2
730,5482,15011,1015,2087,897808,897808,897808.0,507775.48,93105.56,93105.56,0.0,0.0,1163287.6,0.0,0.0,2024,2,Ação Financeiro,2024,2
731,5216,11025,1015,1490,25000000,25000000,25000000.0,11163574.61,5509140.85,5509140.85,0.0,0.0,17252119.08,0.0,0.0,2024,2,Ação Financeiro,2024,2
732,5133,17033,2109,4094,1000,1000,501000.0,0.0,0.0,0.0,0.0,0.0,161500.0,0.0,0.0,2024,2,Ação Financeiro,2024,2
733,5050,21001,2102,2818,3500000,3500000,3500000.0,1956978.02,1569560.49,1569560.49,0.0,0.0,2732423.72,0.0,0.0,2024,2,Ação Financeiro,2024,2
734,5038,14001,1015,2087,33900385,33900385,34650385.0,21680598.38,8067256.99,7548001.35,0.0,0.0,21555362.29,0.0,0.0,2024,2,Ação Financeiro,2024,2
735,4955,17012,1015,2096,500000,500000,500000.0,0.0,0.0,0.0,0.0,0.0,0.0,0.0,0.0,2024,2,Ação Financeiro,2024,2
736,5323,18001,2154,2601,1351130,1351130,1189985.0,377501.8,216608.8,216608.8,0.0,0.0,1075859.3,0.0,0.0,2024,2,Ação Financeiro,2024,2
737,4772,11020,1015,2091,592574,592574,592574.0,176568.41,88921.77,88921.77,0.0,0.0,265993.84,0.0,0.0,2024,2,Ação Financeiro,2024,2
738,5311,11025,2180,4113,1000000,1000000,0.0,0.0,0.0,0.0,0.0,0.0,0.0,0.0,0.0,2024,2,Ação Financeiro,2024,2
739,5228,27001,2130,1497,63528420,63528420,100385872.75,73356516.48,31686811.64,35748760.79,0.0,0.0,89128611.04,0.0,0.0,2024,2,Ação Financeiro,2024,2
740,4962,15014,1015,1490,798000,798000,798000.0,313966.88,134905.99,134905.99,0.0,0.0,572537.71,0.0,0.0,2024,2,Ação Financeiro,2024,2
741,4879,11005,1015,2234,13671700,13671700,13904202.63,9380740.63,4909175.75,4912040.9,0.0,0.0,14821707.35,0.0,0.0,2024,2,Ação Financeiro,2024,2
742,5501,16001,2158,4107,1540755,1540755,1540755.0,594582.66,287853.06,287853.06,0.0,0.0,873208.37,0.0,0.0,2024,2,Ação Financeiro,2024,2
743,4950,11004,1015,2087,211394,211394,254614.0,168166.66,97411.61,97598.85,0.0,0.0,246097.08,0.0,0.0,2024,2,Ação Financeiro,2024,2
744,4784,18001,1015,2234,45565612,45565612,45565612.0,25965375.65,13311679.81,13313488.94,0.0,0.0,39742897.95,0.0,0.0,2024,2,Ação Financeiro,2024,2
745,5406,17012,2049,4542,552080,552080,1247080.0,1208200.0,620143.92,564703.9,0.0,0.0,1277978.98,0.0,0.0,2024,2,Ação Financeiro,2024,2
746,4701,19023,2096,2515,701600,701600,176600.0,103220.0,51397.5,51397.5,0.0,0.0,140274.0,0.0,0.0,2024,2,Ação Financeiro,2024,2
747,5069,14023,2173,4090,1304080,1304080,464743.69,178150.74,84465.68,98699.81,0.0,0.0,293517.12,0.0,0.0,2024,2,Ação Financeiro,2024,2
748,5140,29013,1001,2268,192000,192000,5592000.0,54435.08,51195.08,49007.03,0.0,0.0,63653.71,0.0,0.0,2024,2,Ação Financeiro,2024,2
749,4974,16001,2156,4035,792101,792101,979471.9,161812.36,78785.51,78785.51,0.0,0.0,607161.02,0.0,0.0,2024,2,Ação Financeiro,2024,2
750,5045,21001,1015,2909,100000,100000,100000.0,10000.0,0.0,0.0,0.0,0.0,43103.3,0.0,0.0,2024,2,Ação Financeiro,2024,2
751,5413,3001,1012,1486,1097000,1097000,1383158.49,467656.63,134199.14,134199.14,0.0,0.0,568907.3,0.0,0.0,2024,2,Ação Financeiro,2024,2
752,5247,15006,1015,2096,2100,2100,20100.0,15980.0,0.0,0.0,0.0,0.0,17146.4,0.0,0.0,2024,2,Ação Financeiro,2024,2
753,4696,19025,0,112,396609,396609,396609.0,301562.53,128985.52,128044.19,0.0,0.0,385231.11,0.0,0.0,2024,2,Ação Financeiro,2024,2
754,5235,17012,2084,4029,653600,653600,38347242.03,24547628.49,24270215.45,24270215.45,0.0,0.0,29623862.02,0.0,0.0,2024,2,Ação Financeiro,2024,2
755,5152,15020,0,112,416736,416736,766736.0,298669.85,188431.6,175870.82,0.0,0.0,466714.07,0.0,0.0,2024,2,Ação Financeiro,2024,2
756,5520,16001,2158,1649,118050,118050,147000.0,0.0,0.0,0.0,0.0,0.0,0.0,0.0,0.0,2024,2,Ação Financeiro,2024,2
757,4969,16001,1015,2398,21569338,21569338,9679236.52,2490751.48,398541.62,398541.62,0.0,0.0,5969091.01,0.0,0.0,2024,2,Ação Financeiro,2024,2
758,5437,13001,2184,4153,187300,187300,187300.0,39667.7,39667.7,24717.7,0.0,0.0,54335.3,0.0,0.0,2024,2,Ação Financeiro,2024,2
759,4886,11026,1015,2091,200144,200144,200144.0,103689.24,53055.87,53055.87,0.0,0.0,150947.84,0.0,0.0,2024,2,Ação Financeiro,2024,2
760,5508,17012,2034,4005,23257004,23257004,44484345.83,41370872.92,17180430.73,16604092.27,0.0,0.0,79119842.13,0.0,0.0,2024,2,Ação Financeiro,2024,2
761,5425,11006,2000,4144,100000,100000,100000.0,12875.3,7875.3,5128.57,0.0,0.0,12773.37,0.0,0.0,2024,2,Ação Financeiro,2024,2
762,5342,15017,2166,2176,955000,955000,4249166.15,1532426.15,1044045.46,1028517.96,0.0,0.0,1389779.21,0.0,0.0,2024,2,Ação Financeiro,2024,2
763,4791,17034,2023,2496,570000,570000,570000.0,394095.21,251472.24,251472.24,0.0,0.0,601115.57,0.0,0.0,2024,2,Ação Financeiro,2024,2
764,5076,15004,2103,1275,10162394,10162394,9111063.1,700000.0,0.0,0.0,0.0,0.0,499748.58,0.0,0.0,2024,2,Ação Financeiro,2024,2
765,4993,13006,1015,1446,528320,528320,528320.0,160000.0,84106.0,84106.0,0.0,0.0,305045.0,0.0,0.0,2024,2,Ação Financeiro,2024,2
766,5064,11008,1015,2091,324395,324395,375895.0,242798.46,124906.25,124906.25,0.0,0.0,363015.14,0.0,0.0,2024,2,Ação Financeiro,2024,2
767,4981,16001,2157,4039,307742350,307742350,295856690.2,202365975.82,111854016.46,111841746.46,0.0,0.0,330444139.92,0.0,0.0,2024,2,Ação Financeiro,2024,2
768,4898,14025,1019,2546,3300000,3300000,3300000.0,659125.71,479308.6,441430.52,0.0,0.0,1128990.73,0.0,0.0,2024,2,Ação Financeiro,2024,2
769,5266,17012,2034,2117,355904,355904,2102904.0,699201.62,350109.12,389880.12,0.0,0.0,1106023.77,0.0,0.0,2024,2,Ação Financeiro,2024,2
770,5254,15005,2182,4119,543735,543735,543735.0,59544.0,25788.44,25788.44,0.0,0.0,70919.42,0.0,0.0,2024,2,Ação Financeiro,2024,2
771,5171,15020,2002,2000,2420000,2420000,2420000.0,2105574.89,934544.5,934989.5,0.0,0.0,2157218.77,0.0,0.0,2024,2,Ação Financeiro,2024,2
772,5088,23012,2169,4085,2012000,2012000,4622000.0,2449755.25,1359549.0,1586357.68,0.0,0.0,3759086.05,0.0,0.0,2024,2,Ação Financeiro,2024,2
773,5159,16001,2176,4096,7449000,7449000,6462246.96,524408.46,144198.63,144198.63,0.0,0.0,501802.88,0.0,0.0,2024,2,Ação Financeiro,2024,2
774,4822,19001,1015,2234,12602915,12602915,12602915.0,6629137.76,3559354.87,3557997.78,0.0,0.0,10737907.29,0.0,0.0,2024,2,Ação Financeiro,2024,2
775,5444,11006,2187,4150,2000,2000,2000.0,0.0,0.0,0.0,0.0,0.0,14962421.49,0.0,0.0,2024,2,Ação Financeiro,2024,2
776,5361,3011,1017,2451,500000,500000,536000.0,94029.37,33463.37,32183.37,0.0,0.0,99809.09,0.0,0.0,2024,2,Ação Financeiro,2024,2
777,4810,21001,1015,2087,600000,600000,600000.0,469010.29,216652.09,218110.6,0.0,0.0,479956.3,0.0,0.0,2024,2,Ação Financeiro,2024,2
778,4727,13001,1015,2087,9508256,9508256,9531942.4,3570663.4,2738894.32,2694735.9,0.0,0.0,4340325.63,0.0,0.0,2024,2,Ação Financeiro,2024,2
779,5000,16001,2158,4048,114146769,114146769,114652350.61,63823878.18,32827086.66,32827086.66,0.0,0.0,102267083.95,0.0,0.0,2024,2,Ação Financeiro,2024,2
780,4917,15003,2110,2387,1000000,1000000,100000.0,0.0,0.0,0.0,0.0,0.0,0.0,0.0,0.0,2024,2,Ação Financeiro,2024,2
781,4988,23015,2117,2266,196732,196732,196732.0,81766.86,81766.86,81766.86,0.0,0.0,130672.36,0.0,0.0,2024,2,Ação Financeiro,2024,2
782,5456,11033,1015,1519,1992,1992,1992.0,0.0,0.0,0.0,0.0,0.0,0.0,0.0,0.0,2024,2,Ação Financeiro,2024,2
783,4905,23030,2164,4075,715192,715192,715192.0,597847.34,424903.62,409894.97,0.0,0.0,592349.15,0.0,0.0,2024,2,Ação Financeiro,2024,2
784,5273,15020,2174,4117,18863842,18863842,18863842.0,3032688.86,612512.63,636352.63,0.0,0.0,1469654.2,0.0,0.0,2024,2,Ação Financeiro,2024,2
785,5190,29001,1280,1196,26657844,26657844,25857844.0,3191481.64,187938.06,187938.06,0.0,0.0,694850.88,0.0,0.0,2024,2,Ação Financeiro,2024,2
786,5178,27001,1015,1490,4667280,4667280,5567280.0,2729073.65,1923970.56,1851447.62,0.0,0.0,4948153.47,0.0,0.0,2024,2,Ação Financeiro,2024,2
787,5012,11007,1015,2087,510000,510000,510000.0,249589.33,117830.16,120866.96,0.0,0.0,218757.99,0.0,0.0,2024,2,Ação Financeiro,2024,2
788,4912,15001,1015,2146,562846760,562846760,487721952.25,318837297.49,169906668.11,169900960.16,0.0,0.0,490994371.03,0.0,0.0,2024,2,Ação Financeiro,2024,2
789,4983,23012,2168,2510,1612711,1612711,1612711.0,872259.19,341830.51,343305.14,0.0,0.0,1024499.19,0.0,0.0,2024,2,Ação Financeiro,2024,2
790,4817,18001,2154,2594,590375,590375,490375.0,55356.5,35687.5,35687.5,0.0,0.0,55356.5,0.0,0.0,2024,2,Ação Financeiro,2024,2
791,4888,17012,2069,2129,9231223,9231223,9231223.0,6730046.18,1823133.52,2034291.82,0.0,0.0,8437119.9,0.0,0.0,2024,2,Ação Financeiro,2024,2
792,5256,15005,1015,4000,178405,178405,178405.0,7052.12,0.0,0.0,0.0,0.0,7052.12,0.0,0.0,2024,2,Ação Financeiro,2024,2
793,5173,15020,2002,2272,1200000,1200000,1200000.0,952924.36,242745.66,242745.66,0.0,0.0,1021476.01,0.0,0.0,2024,2,Ação Financeiro,2024,2
794,5090,23012,2168,4086,627000,627000,627000.0,330101.42,32800.0,32800.0,0.0,0.0,429628.66,0.0,0.0,2024,2,Ação Financeiro,2024,2
795,4995,16001,2158,4045,15536147,15536147,17459883.12,3014761.44,774354.5,795674.82,0.0,0.0,2613047.16,0.0,0.0,2024,2,Ação Financeiro,2024,2
796,5363,3011,2065,1508,9952000,9952000,3946960.83,0.0,0.0,0.0,0.0,0.0,0.0,0.0,0.0,2024,2,Ação Financeiro,2024,2
797,4812,11033,2086,2561,123915,123915,123915.0,0.0,0.0,0.0,0.0,0.0,41698.0,0.0,0.0,2024,2,Ação Financeiro,2024,2
798,5280,19001,2003,2033,500000,500000,170000.0,53905.5,8633.0,8633.0,0.0,0.0,48282.5,0.0,0.0,2024,2,Ação Financeiro,2024,2
799,5351,3011,2185,4137,777000,777000,1239681.0,593596.62,489886.88,491961.84,0.0,0.0,906030.72,0.0,0.0,2024,2,Ação Financeiro,2024,2
800,5268,11025,0,112,440000,440000,540000.0,488739.18,311057.79,311057.79,0.0,0.0,768486.54,0.0,0.0,2024,2,Ação Financeiro,2024,2
801,5185,15020,2170,4089,12000000,12000000,12000000.0,2896504.31,2096223.83,2096223.83,0.0,0.0,6571757.82,0.0,0.0,2024,2,Ação Financeiro,2024,2
802,4919,17032,1015,4000,563850,563850,350000.0,0.0,0.0,0.0,0.0,0.0,0.0,0.0,0.0,2024,2,Ação Financeiro,2024,2
803,4836,18011,2098,2589,638150,638150,1122150.0,409676.0,2892.5,2892.5,0.0,0.0,453564.2,0.0,0.0,2024,2,Ação Financeiro,2024,2
804,5458,11006,1015,2091,829980,829980,829980.0,388245.59,194398.67,194398.67,0.0,0.0,588673.01,0.0,0.0,2024,2,Ação Financeiro,2024,2
805,4824,21001,1015,2091,30118439,30118439,29488439.0,14966086.33,7449058.31,7449058.31,0.0,0.0,22258811.58,0.0,0.0,2024,2,Ação Financeiro,2024,2
806,4741,14023,1000,2503,143040,143040,539857.11,116828.19,66228.19,66228.19,0.0,0.0,383483.68,0.0,0.0,2024,2,Ação Financeiro,2024,2
807,5109,30001,2145,2527,100000,100000,200000.0,178850.0,125470.5,110971.5,0.0,0.0,263027.0,0.0,0.0,2024,2,Ação Financeiro,2024,2
808,5097,11007,2074,2285,6520000,6520000,6520000.0,3902274.83,951243.04,1096207.04,0.0,0.0,2908443.76,0.0,0.0,2024,2,Ação Financeiro,2024,2
809,5014,16001,2158,4051,3877226,3877226,4356225.2,3085248.2,1931245.8,1835143.0,0.0,0.0,3103428.2,0.0,0.0,2024,2,Ação Financeiro,2024,2
810,4931,15001,1015,2234,33275985,33275985,36552918.22,23726115.08,12536795.93,12539695.33,0.0,0.0,36705732.27,0.0,0.0,2024,2,Ação Financeiro,2024,2
811,5553,32001,2093,1049,0,0,25550652.33,17237374.3,15867545.42,15414207.84,0.0,0.0,22815834.06,0.0,0.0,2024,2,Ação Financeiro,2024,2
812,5002,16001,2158,4050,243724,243724,643724.0,138522.24,4432.8,4432.8,0.0,0.0,233891.92,0.0,0.0,2024,2,Ação Financeiro,2024,2
813,4665,1001,1006,2253,1526900,1526900,1526900.0,577448.45,175843.2,175843.2,0.0,0.0,701473.65,0.0,0.0,2024,2,Ação Financeiro,2024,2
814,5370,3011,1018,4139,205000,205000,33500.0,33500.0,0.0,0.0,0.0,0.0,18379.17,0.0,0.0,2024,2,Ação Financeiro,2024,2
815,5287,11005,1015,2096,65000,65000,65000.0,36970.0,12000.0,12000.0,0.0,0.0,84948.0,0.0,0.0,2024,2,Ação Financeiro,2024,2
816,5204,19001,2011,1018,100000,100000,100000.0,0.0,0.0,0.0,0.0,0.0,52925.56,0.0,0.0,2024,2,Ação Financeiro,2024,2
817,5192,29001,1280,2025,220669894,220669894,229997584.87,137790848.62,82290894.0,82245221.87,0.0,0.0,273843608.2,0.0,0.0,2024,2,Ação Financeiro,2024,2
818,5560,17012,2034,4161,0,0,95465665.99,92217899.72,46246607.38,39359640.39,0.0,0.0,95465665.99,0.0,0.0,2024,2,Ação Financeiro,2024,2
819,5477,11005,2190,2361,75496,75496,63496.0,20000.0,20000.0,20000.0,0.0,0.0,20000.0,0.0,0.0,2024,2,Ação Financeiro,2024,2
820,4926,15001,1015,2147,328197283,328197283,301967589.77,187229194.31,99132155.87,98812824.25,0.0,0.0,295822618.28,0.0,0.0,2024,2,Ação Financeiro,2024,2
821,4843,18011,2154,2603,419400,419400,980460.27,34585.6,21503.6,17943.6,0.0,0.0,242296.15,0.0,0.0,2024,2,Ação Financeiro,2024,2
822,4760,11020,2148,2533,4466772,4466772,4466772.0,3150000.0,2065098.18,1470291.8,0.0,0.0,3827100.2,0.0,0.0,2024,2,Ação Financeiro,2024,2
823,5382,15003,2166,1527,20000,20000,20000.0,0.0,0.0,0.0,0.0,0.0,0.0,0.0,0.0,2024,2,Ação Financeiro,2024,2
824,4831,18011,1015,1490,4048314,4048314,4048314.0,2125434.62,1093743.72,1093743.72,0.0,0.0,3248408.36,0.0,0.0,2024,2,Ação Financeiro,2024,2
825,5299,27001,1015,2096,400000,400000,400000.0,148236.75,88545.64,74145.64,0.0,0.0,108075.64,0.0,0.0,2024,2,Ação Financeiro,2024,2
826,4748,19025,2024,2019,9313811,9313811,21729352.54,11920531.69,2664819.5,2682806.08,0.0,0.0,9594556.56,0.0,0.0,2024,2,Ação Financeiro,2024,2
827,5116,30011,1009,2534,988726,988726,1993104.46,260881.83,46714.94,46714.94,0.0,0.0,434075.76,0.0,0.0,2024,2,Ação Financeiro,2024,2
828,5033,16020,2134,2354,617750,617750,617750.0,464187.93,62680.93,139402.47,0.0,0.0,537987.01,0.0,0.0,2024,2,Ação Financeiro,2024,2
829,5021,16001,2158,4053,1957104,1957104,5627521.18,2892674.32,1682728.64,1682728.64,0.0,0.0,4080127.1,0.0,0.0,2024,2,Ação Financeiro,2024,2
830,5223,11023,2051,2345,200000,200000,200000.0,55000.0,29147.5,29147.5,0.0,0.0,80990.0,0.0,0.0,2024,2,Ação Financeiro,2024,2
831,4672,1001,2126,2416,2500000,2500000,2500000.0,588000.0,219550.0,219550.0,0.0,0.0,295350.0,0.0,0.0,2024,2,Ação Financeiro,2024,2
832,5294,27001,2183,2428,500000,500000,18409329.86,1210000.0,1210000.0,1210000.0,0.0,0.0,7901011.04,0.0,0.0,2024,2,Ação Financeiro,2024,2
833,5211,27001,1015,2087,9816799,9816799,9816799.0,8390988.91,2411357.33,2292974.57,0.0,0.0,6726160.59,0.0,0.0,2024,2,Ação Financeiro,2024,2
834,5128,17033,1015,2234,3011734,3011734,3078734.0,1616596.54,858024.08,789982.36,0.0,0.0,2639614.04,0.0,0.0,2024,2,Ação Financeiro,2024,2
835,5199,11008,2058,1523,64500,64500,64500.0,0.0,0.0,0.0,0.0,0.0,6452.5,0.0,0.0,2024,2,Ação Financeiro,2024,2
836,4779,11022,1015,2234,7233971,7233971,7533971.0,4798830.22,2476066.03,2504874.26,0.0,0.0,7519159.63,0.0,0.0,2024,2,Ação Financeiro,2024,2
837,5484,15011,2166,1527,100000,100000,100000.0,0.0,0.0,0.0,0.0,0.0,0.0,0.0,0.0,2024,2,Ação Financeiro,2024,2
838,4850,11003,1015,2091,5603508,5603508,6703508.0,4285954.79,2218163.82,2218163.82,0.0,0.0,6521140.43,0.0,0.0,2024,2,Ação Financeiro,2024,2
839,4684,2001,1010,1221,8400000,8400000,8400000.0,3984356.73,515020.0,515020.0,0.0,0.0,719692.85,0.0,0.0,2024,2,Ação Financeiro,2024,2
840,5389,15001,2166,4125,1718525,1718525,2603525.0,2438586.68,1041031.25,1041031.25,0.0,0.0,4513843.05,0.0,0.0,2024,2,Ação Financeiro,2024,2
841,5306,11025,2057,1384,2000000,2000000,53566724.08,31083528.77,0.0,0.0,0.0,0.0,2988650.65,0.0,0.0,2024,2,Ação Financeiro,2024,2
842,5040,14001,1015,2091,2523683,2523683,2823683.0,1625316.68,784009.11,784009.11,0.0,0.0,2363735.85,0.0,0.0,2024,2,Ação Financeiro,2024,2
843,4957,17012,1015,2476,503116,503116,1120289.41,563391.68,563388.78,563388.78,0.0,0.0,563388.78,0.0,0.0,2024,2,Ação Financeiro,2024,2
844,5496,16031,1015,2091,84000,84000,84000.0,41990.69,20686.9,20686.9,0.0,0.0,59675.99,0.0,0.0,2024,2,Ação Financeiro,2024,2
845,4945,15001,1015,2096,4474000,4474000,6891763.33,5802822.7,2231998.58,2231153.52,0.0,0.0,6119413.74,0.0,0.0,2024,2,Ação Financeiro,2024,2
846,5313,11023,2177,1635,2057,2057,2057.0,0.0,0.0,0.0,0.0,0.0,0.0,0.0,0.0,2024,2,Ação Financeiro,2024,2
847,5230,13006,1015,2087,4812793,4812793,5302537.0,1753751.34,750811.9,765700.21,0.0,0.0,1286779.28,0.0,0.0,2024,2,Ação Financeiro,2024,2
848,5147,29001,1280,2002,70418166,70418166,61766166.0,22164938.98,7530418.98,7410418.46,0.0,0.0,19930114.75,0.0,0.0,2024,2,Ação Financeiro,2024,2
849,5218,15006,2166,1006,124000,124000,79000.0,68904.45,0.0,0.0,0.0,0.0,68904.45,0.0,0.0,2024,2,Ação Financeiro,2024,2
850,5135,17033,2109,4093,1000,1000,1386000.0,749182.79,292815.19,290367.69,0.0,0.0,1038835.0,0.0,0.0,2024,2,Ação Financeiro,2024,2
851,5052,21001,2102,2893,41396686,41396686,41396686.0,37366116.49,18188165.87,21283486.62,0.0,0.0,50610523.25,0.0,0.0,2024,2,Ação Financeiro,2024,2
852,4869,2001,1011,2101,124709244,124709244,139259244.0,90509000.84,47086288.39,47120937.57,0.0,0.0,165026768.32,0.0,0.0,2024,2,Ação Financeiro,2024,2
853,4786,17034,1015,2091,878752,878752,878752.0,558918.97,271386.62,271386.62,0.0,0.0,818292.7,0.0,0.0,2024,2,Ação Financeiro,2024,2
854,4703,19023,2096,2516,750000,750000,845000.0,766648.05,526807.3,534877.3,0.0,0.0,616458.55,0.0,0.0,2024,2,Ação Financeiro,2024,2
855,5242,19001,2011,2021,51062829,51062829,51012829.0,32101686.28,14643941.5,12999441.5,0.0,0.0,37611034.53,0.0,0.0,2024,2,Ação Financeiro,2024,2
856,5059,19014,2095,2501,5260000,5260000,5260000.0,2863632.0,1364150.0,1364150.0,0.0,0.0,3757350.0,0.0,0.0,2024,2,Ação Financeiro,2024,2
857,4976,16001,2156,4037,166695385,166695385,166290245.49,144084612.2,69497214.62,68502077.21,0.0,0.0,142258958.65,0.0,0.0,2024,2,Ação Financeiro,2024,2
858,4893,23030,1015,2096,150000,150000,150000.0,23754.6,0.0,0.0,0.0,0.0,23754.6,0.0,0.0,2024,2,Ação Financeiro,2024,2
859,5515,3001,1019,2854,375132672,375132672,375132672.0,160886385.62,69248174.51,64269876.08,0.0,0.0,216035776.54,0.0,0.0,2024,2,Ação Financeiro,2024,2
860,4964,23012,2168,2061,752065,752065,752065.0,432229.4,229113.22,221725.1,0.0,0.0,464341.63,0.0,0.0,2024,2,Ação Financeiro,2024,2
861,4881,11013,2000,2009,10500000,10500000,13838703.33,8341898.28,2318275.0,1742457.04,0.0,0.0,8227062.04,0.0,0.0,2024,2,Ação Financeiro,2024,2
862,4798,16001,1015,2351,194905639,194905639,209013633.73,132248375.53,68531084.1,68630403.19,0.0,0.0,208168806.19,0.0,0.0,2024,2,Ação Financeiro,2024,2
863,5166,15020,1015,2281,58743100,58743100,58043100.0,49402838.53,17034194.23,17024920.24,0.0,0.0,47883390.26,0.0,0.0,2024,2,Ação Financeiro,2024,2
864,5237,17012,2070,1615,2207280,2207280,56251971.41,5802143.02,623569.32,538669.32,0.0,0.0,4340925.88,0.0,0.0,2024,2,Ação Financeiro,2024,2
865,5154,15020,0,205,4201637,4201637,4201637.0,3456560.27,1747122.98,1747122.98,0.0,0.0,4618244.62,0.0,0.0,2024,2,Ação Financeiro,2024,2
866,5071,21011,2102,1143,14819000,14819000,14564000.0,7614219.66,4416000.22,4416000.22,0.0,0.0,12549840.76,0.0,0.0,2024,2,Ação Financeiro,2024,2
867,4805,23001,1015,2087,8840480,8840480,8418706.6,5397885.49,2223525.85,2172247.94,0.0,0.0,6307536.28,0.0,0.0,2024,2,Ação Financeiro,2024,2
868,4722,11009,2133,4546,2608456,2608456,2551273.25,1308228.5,712265.62,704878.62,0.0,0.0,1443713.68,0.0,0.0,2024,2,Ação Financeiro,2024,2
869,5427,3001,1014,4080,208000,208000,208000.0,58000.0,31827.6,31827.6,0.0,0.0,36778.56,0.0,0.0,2024,2,Ação Financeiro,2024,2
870,5344,15017,2166,2269,6000000,6000000,25458543.52,7877801.38,238888.88,238888.88,0.0,0.0,6465437.52,0.0,0.0,2024,2,Ação Financeiro,2024,2
871,5261,15005,2182,1637,720351,720351,720351.0,81749.29,0.0,0.0,0.0,0.0,99599.1,0.0,0.0,2024,2,Ação Financeiro,2024,2
872,4710,19023,0,205,500000,500000,750000.0,433713.62,259991.91,259991.91,0.0,0.0,706776.25,0.0,0.0,2024,2,Ação Financeiro,2024,2
873,5332,17010,2039,4014,200000,200000,200000.0,44669.7,44669.7,44669.7,0.0,0.0,88294.16,0.0,0.0,2024,2,Ação Financeiro,2024,2
874,5249,23011,2087,2197,7362930,7362930,11721353.59,2789038.49,68400.0,117512.0,0.0,0.0,2839862.0,0.0,0.0,2024,2,Ação Financeiro,2024,2
875,5066,13006,1015,2091,7320456,7320456,6830712.0,3962554.73,1873260.76,1873260.76,0.0,0.0,5850906.84,0.0,0.0,2024,2,Ação Financeiro,2024,2
876,5137,19001,2003,2023,11711803,11711803,14313635.86,11989648.74,10051544.54,9782641.81,0.0,0.0,11157916.89,0.0,0.0,2024,2,Ação Financeiro,2024,2
877,5054,21001,2102,2953,37330000,37330000,37020554.02,30725337.95,13148669.13,13643842.96,0.0,0.0,37278815.86,0.0,0.0,2024,2,Ação Financeiro,2024,2
878,4971,16001,1015,1005,8929943,8929943,3820937.61,2738561.07,1347111.4,1348891.4,0.0,0.0,2650417.5,0.0,0.0,2024,2,Ação Financeiro,2024,2
879,5327,15017,2166,1276,2401780,2401780,43998780.0,5217602.3,784064.4,784064.4,0.0,0.0,4040336.85,0.0,0.0,2024,2,Ação Financeiro,2024,2
880,5244,19001,2011,2340,3000000,3000000,3250000.0,3110944.29,119757.03,19522.37,0.0,0.0,2835015.64,0.0,0.0,2024,2,Ação Financeiro,2024,2
881,5161,16001,2176,4097,3220000,3220000,3664590.3,1905690.3,1675090.3,1675090.3,0.0,0.0,1824090.3,0.0,0.0,2024,2,Ação Financeiro,2024,2
882,5232,13006,2097,1382,1000,1000,1000.0,0.0,0.0,0.0,0.0,0.0,0.0,0.0,0.0,2024,2,Ação Financeiro,2024,2
883,5517,16001,2156,1647,1561518,1561518,1177366.0,0.0,0.0,0.0,0.0,0.0,0.0,0.0,0.0,2024,2,Ação Financeiro,2024,2
884,5505,17033,2070,1646,350000,350000,300000.0,227116.25,35912.25,91562.25,0.0,0.0,277371.25,0.0,0.0,2024,2,Ação Financeiro,2024,2
885,4800,19025,0,205,15532,15532,15532.0,9000.0,3335.04,3335.04,0.0,0.0,9583.0,0.0,0.0,2024,2,Ação Financeiro,2024,2
886,4717,11009,1015,2174,26683845,26683845,23583845.0,14606013.65,6439458.35,6241570.83,0.0,0.0,20028010.18,0.0,0.0,2024,2,Ação Financeiro,2024,2
887,5156,16020,2134,2460,7924000,7924000,7924000.0,4456587.04,1681562.54,1640008.7,0.0,0.0,4939906.39,0.0,0.0,2024,2,Ação Financeiro,2024,2
888,5073,21011,2102,2953,2689068,2689068,2944068.0,1515964.2,1095534.8,927887.07,0.0,0.0,1825717.14,0.0,0.0,2024,2,Ação Financeiro,2024,2
889,4990,16001,2157,1580,5149256,5149256,11029738.46,9689262.52,3966843.92,3966843.92,0.0,0.0,7316846.33,0.0,0.0,2024,2,Ação Financeiro,2024,2
890,4978,16001,2156,4038,6193283,6193283,22011750.13,15567510.09,13442818.01,13442818.01,0.0,0.0,22728179.57,0.0,0.0,2024,2,Ação Financeiro,2024,2
891,4895,14025,0,206,1960000,1960000,1960000.0,201001.48,100454.79,109054.98,0.0,0.0,2608798.5,0.0,0.0,2024,2,Ação Financeiro,2024,2
892,5251,15005,2182,4118,6457465,6457465,11607465.0,6538359.3,3204314.49,3126745.79,0.0,0.0,10788823.53,0.0,0.0,2024,2,Ação Financeiro,2024,2
893,5168,16001,2176,4102,1500000,1500000,8730488.9,4272938.9,2015000.0,2015000.0,0.0,0.0,3948248.15,0.0,0.0,2024,2,Ação Financeiro,2024,2
894,5085,19023,0,9999,100000,100000,100000.0,0.0,0.0,0.0,0.0,0.0,0.0,0.0,0.0,2024,2,Ação Financeiro,2024,2
895,5524,32001,2094,4127,1000,1000,1021000.25,1020000.25,0.0,0.0,0.0,0.0,707699.52,0.0,0.0,2024,2,Ação Financeiro,2024,2
896,4736,14002,0,124,3244708,3244708,3244708.0,1676606.2,1676606.2,1676606.2,0.0,0.0,3533202.32,0.0,0.0,2024,2,Ação Financeiro,2024,2
897,5441,11006,2000,4146,150000,150000,150000.0,21265.08,0.0,0.0,0.0,0.0,19405.6,0.0,0.0,2024,2,Ação Financeiro,2024,2
898,5358,3011,1031,1641,55000,55000,2045000.0,35000.0,2974.51,2974.51,0.0,0.0,16947.84,0.0,0.0,2024,2,Ação Financeiro,2024,2
899,4807,18001,2153,2164,200000,200000,1025000.0,1002631.0,0.0,0.0,0.0,0.0,944164.49,0.0,0.0,2024,2,Ação Financeiro,2024,2
900,5429,11013,2000,4148,3100000,3100000,1769000.0,231093.12,110480.48,69273.68,0.0,0.0,755642.61,0.0,0.0,2024,2,Ação Financeiro,2024,2
901,5009,23001,2162,4068,50000000,50000000,46886193.0,3713239.85,807303.12,551443.92,0.0,0.0,3940639.95,0.0,0.0,2024,2,Ação Financeiro,2024,2
902,5080,23012,2169,4084,10000000,10000000,7390000.0,2399410.78,1082718.34,1330818.34,0.0,0.0,3093016.8,0.0,0.0,2024,2,Ação Financeiro,2024,2
903,5548,32001,2094,1064,0,0,9035525.8,5731348.49,1804173.56,1652078.65,0.0,0.0,7886500.48,0.0,0.0,2024,2,Ação Financeiro,2024,2
904,4997,16001,2158,4047,15225913,15225913,11183221.0,3562871.22,1120433.92,1085691.92,0.0,0.0,5728296.77,0.0,0.0,2024,2,Ação Financeiro,2024,2
905,4914,15003,1015,2096,141400,141400,715550.0,53192.8,0.0,0.0,0.0,0.0,325137.8,0.0,0.0,2024,2,Ação Financeiro,2024,2
906,5453,16031,2090,2252,23000,23000,23000.0,0.0,0.0,0.0,0.0,0.0,14110.0,0.0,0.0,2024,2,Ação Financeiro,2024,2
907,5270,17012,2034,4009,212349164,212349164,397923920.98,282369477.35,107409891.54,105892423.89,0.0,0.0,325840024.56,0.0,0.0,2024,2,Ação Financeiro,2024,2
908,5187,15020,2172,2290,560000,560000,1260000.0,658661.32,234899.78,212304.06,0.0,0.0,979287.82,0.0,0.0,2024,2,Ação Financeiro,2024,2
909,5104,14001,2007,1053,3345000,3345000,3345000.0,2476418.18,751918.13,1001918.08,0.0,0.0,2914918.07,0.0,0.0,2024,2,Ação Financeiro,2024,2
910,5175,15020,1015,2096,1904584,1904584,2424584.0,1954975.7,1244409.89,1201546.32,0.0,0.0,2752970.37,0.0,0.0,2024,2,Ação Financeiro,2024,2
911,5092,11022,0,205,120000,120000,200000.0,151049.39,46889.66,46889.66,0.0,0.0,124874.96,0.0,0.0,2024,2,Ação Financeiro,2024,2
912,4755,13001,0,9999,70012793,70012793,70012793.0,0.0,0.0,0.0,0.0,0.0,0.0,0.0,0.0,2024,2,Ação Financeiro,2024,2
913,5460,11006,1015,2234,10000000,10000000,10000000.0,5896582.53,3039099.94,3045857.79,0.0,0.0,9074399.72,0.0,0.0,2024,2,Ação Financeiro,2024,2
914,5377,3011,1018,1642,224000,224000,199300.0,80000.0,13286.67,7988.96,0.0,0.0,113280.0,0.0,0.0,2024,2,Ação Financeiro,2024,2
915,4826,23001,1015,2091,8251217,8251217,8251217.0,3892163.18,2052513.86,2052513.86,0.0,0.0,5977303.85,0.0,0.0,2024,2,Ação Financeiro,2024,2
916,5448,11013,2000,4147,4510696,4510696,38928383.72,37051815.05,5106591.25,4572380.25,0.0,0.0,22158704.79,0.0,0.0,2024,2,Ação Financeiro,2024,2
917,4743,14023,0,205,4365608,4365608,5063876.6,3975585.67,542124.58,542124.58,0.0,0.0,4725633.11,0.0,0.0,2024,2,Ação Financeiro,2024,2
918,5365,15017,1015,4000,4300000,4300000,11329796.86,3659082.57,631346.57,631346.57,0.0,0.0,3589082.57,0.0,0.0,2024,2,Ação Financeiro,2024,2
919,5282,11025,2106,1515,16030000,16030000,15846405.7,626000.0,216662.8,216662.8,0.0,0.0,813735.7,0.0,0.0,2024,2,Ação Financeiro,2024,2
920,4731,16020,1015,2234,3388739,3388739,3388739.0,2132616.05,1173290.79,1190748.91,0.0,0.0,3613660.85,0.0,0.0,2024,2,Ação Financeiro,2024,2
921,5099,30001,1007,2517,78225050,78225050,81925050.0,48017991.85,24651930.41,24651930.41,0.0,0.0,80577909.46,0.0,0.0,2024,2,Ação Financeiro,2024,2
922,5016,18001,1015,2096,448500,448500,262500.0,143008.1,103162.6,128038.1,0.0,0.0,154610.1,0.0,0.0,2024,2,Ação Financeiro,2024,2
923,4933,15001,1015,2412,1994256,1994256,1090722.02,561406.65,300412.64,300412.64,0.0,0.0,856329.32,0.0,0.0,2024,2,Ação Financeiro,2024,2
924,5472,17012,1015,4155,1800000,1800000,1800000.0,0.0,0.0,0.0,0.0,0.0,0.0,0.0,0.0,2024,2,Ação Financeiro,2024,2
925,4921,17032,2105,4030,1300000,1300000,1300000.0,0.0,0.0,0.0,0.0,0.0,0.0,0.0,0.0,2024,2,Ação Financeiro,2024,2
926,5206,11023,1015,2087,1745036,1745036,1335336.0,692774.13,243255.73,236127.77,0.0,0.0,1099590.93,0.0,0.0,2024,2,Ação Financeiro,2024,2
927,5194,29001,1280,2989,7814500,7814500,7814500.0,4578169.49,2341761.0,2335215.0,0.0,0.0,7034866.43,0.0,0.0,2024,2,Ação Financeiro,2024,2
928,5111,30011,1008,2530,1027530,1027530,2150500.0,1495572.49,802239.23,799392.05,0.0,0.0,1875241.99,0.0,0.0,2024,2,Ação Financeiro,2024,2
929,5028,16001,2158,4057,188730,188730,1658645.26,996935.86,566602.03,566157.03,0.0,0.0,1503058.57,0.0,0.0,2024,2,Ação Financeiro,2024,2
930,4762,19001,1015,2091,650208,650208,650208.0,360261.69,179736.57,179736.57,0.0,0.0,521444.73,0.0,0.0,2024,2,Ação Financeiro,2024,2
931,5384,31001,2138,4061,550000,550000,497000.0,155616.05,92503.66,91535.55,0.0,0.0,288190.79,0.0,0.0,2024,2,Ação Financeiro,2024,2
932,5301,23011,2087,1494,34193358,34193358,31719684.41,17990657.94,7832101.29,7626852.05,0.0,0.0,21517239.8,0.0,0.0,2024,2,Ação Financeiro,2024,2
933,4750,19025,2024,1447,0,0,50868.58,41350.49,0.0,0.0,0.0,0.0,0.0,0.0,0.0,2024,2,Ação Financeiro,2024,2
934,4667,1001,1006,2406,30866113,30866113,29866113.0,4246649.68,1544059.5,1544059.5,0.0,0.0,4099631.66,0.0,0.0,2024,2,Ação Financeiro,2024,2
935,5289,27001,2183,2465,26868621,26868621,43446579.95,24637747.28,1091218.27,1071408.51,0.0,0.0,8429195.74,0.0,0.0,2024,2,Ação Financeiro,2024,2
936,4952,17012,1015,2064,1334741,1334741,5584741.0,2412534.34,820984.86,793557.0,0.0,0.0,2234255.56,0.0,0.0,2024,2,Ação Financeiro,2024,2
937,5491,16001,1015,2091,14865134,14865134,12369721.51,6068418.19,2915123.73,2915123.73,0.0,0.0,8854922.73,0.0,0.0,2024,2,Ação Financeiro,2024,2
938,4940,15001,2166,1276,2286000,2286000,3590875.03,1613235.28,1115640.0,1115640.0,0.0,0.0,1270009.56,0.0,0.0,2024,2,Ação Financeiro,2024,2
939,5562,15015,2166,2249,0,0,0.0,129584.1,129584.1,0.0,0.0,0.0,129584.1,0.0,0.0,2024,2,Ação Financeiro,2024,2
940,4857,11006,1015,2087,2726221,2726221,3063553.03,2071213.91,882012.2,1072046.68,0.0,0.0,2486609.22,0.0,0.0,2024,2,Ação Financeiro,2024,2
941,4774,11020,1015,2234,16382530,16382530,16382530.0,9332384.28,4970909.66,4967534.97,0.0,0.0,14523497.9,0.0,0.0,2024,2,Ação Financeiro,2024,2
942,5479,15011,2110,2387,1000000,1000000,1000000.0,0.0,0.0,0.0,0.0,0.0,0.0,0.0,0.0,2024,2,Ação Financeiro,2024,2
943,4845,11003,1015,2087,10679307,10679307,10029307.0,7219851.09,1906199.75,1894905.37,0.0,0.0,6203392.64,0.0,0.0,2024,2,Ação Financeiro,2024,2
944,5213,11023,1015,2091,188051,188051,597751.0,234977.34,178546.67,178546.67,0.0,0.0,534250.87,0.0,0.0,2024,2,Ação Financeiro,2024,2
945,5130,17033,1015,2096,16000,16000,50000.0,50000.0,50000.0,50000.0,0.0,0.0,98320.95,0.0,0.0,2024,2,Ação Financeiro,2024,2
946,5047,23002,1015,2091,139200,139200,139200.0,14733.68,14733.68,14733.68,0.0,0.0,47576.32,0.0,0.0,2024,2,Ação Financeiro,2024,2
947,5118,30011,1009,2535,1870681,1870681,11408829.45,3564062.6,374855.4,374855.4,0.0,0.0,3596836.44,0.0,0.0,2024,2,Ação Financeiro,2024,2
948,5035,11004,2108,1215,22381,22381,0.0,0.0,0.0,0.0,0.0,0.0,0.0,0.0,0.0,2024,2,Ação Financeiro,2024,2
949,5403,31001,2159,4063,218400,218400,123400.0,82908.5,35957.4,34843.29,0.0,0.0,109372.9,0.0,0.0,2024,2,Ação Financeiro,2024,2
950,5320,14001,1015,2096,1250000,1250000,200000.0,18040.0,11160.0,11160.0,0.0,0.0,44072.5,0.0,0.0,2024,2,Ação Financeiro,2024,2
951,4769,11007,1015,2091,592574,592574,592574.0,370002.36,205846.69,205846.69,0.0,0.0,552590.55,0.0,0.0,2024,2,Ação Financeiro,2024,2
952,4686,2011,1220,2640,1739000,1739000,1739000.0,0.0,0.0,0.0,0.0,0.0,258784.5,0.0,0.0,2024,2,Ação Financeiro,2024,2
953,5308,17013,2152,1516,130814502,130814502,4168238.0,0.0,0.0,0.0,0.0,0.0,0.0,0.0,0.0,2024,2,Ação Financeiro,2024,2
954,4674,1001,2126,2665,27684736,27684736,27684736.0,21360449.17,9850751.51,9850751.51,0.0,0.0,20702728.96,0.0,0.0,2024,2,Ação Financeiro,2024,2
955,5142,29012,1280,2951,3893481,3893481,6843481.0,2446445.03,1006116.24,1018170.84,0.0,0.0,2752942.73,0.0,0.0,2024,2,Ação Financeiro,2024,2
956,5510,31001,1015,2234,12655349,12655349,12655349.0,8391531.93,4498022.88,4477267.95,0.0,0.0,12934001.56,0.0,0.0,2024,2,Ação Financeiro,2024,2
957,4959,23001,2112,2509,7000000,7000000,9071200.0,5287891.16,2991289.26,2991289.26,0.0,0.0,8306627.51,0.0,0.0,2024,2,Ação Financeiro,2024,2
958,5581,13001,0,261,0,0,4100001.0,4100000.0,4100000.0,4100000.0,0.0,0.0,4840000.0,0.0,0.0,2024,2,Ação Financeiro,2024,2
959,4793,18001,1015,2091,1393728,1393728,1393728.0,835576.53,417795.66,417795.66,0.0,0.0,1230488.4,0.0,0.0,2024,2,Ação Financeiro,2024,2
960,5415,11004,1015,4103,31680,31680,0.0,0.0,0.0,0.0,0.0,0.0,0.0,0.0,0.0,2024,2,Ação Financeiro,2024,2
961,4864,11003,2155,2604,200000,200000,0.0,0.0,0.0,0.0,0.0,0.0,0.0,0.0,0.0,2024,2,Ação Financeiro,2024,2
962,5486,11005,2190,4159,8000,8000,115000.0,0.0,0.0,0.0,0.0,0.0,108500.0,0.0,0.0,2024,2,Ação Financeiro,2024,2
963,4781,14023,1015,2087,4342842,4342842,6453190.89,3539998.6,1580964.28,1646750.41,0.0,0.0,4589239.99,0.0,0.0,2024,2,Ação Financeiro,2024,2
964,5303,11025,2057,4112,300000,300000,1258000.0,377000.0,377000.0,377000.0,0.0,0.0,555650.4,0.0,0.0,2024,2,Ação Financeiro,2024,2
965,5220,15006,2166,2154,916771,916771,908771.0,549403.54,258126.86,263581.98,0.0,0.0,735748.74,0.0,0.0,2024,2,Ação Financeiro,2024,2
966,4669,1001,1020,2062,54028877,54028877,53728877.0,31438199.67,10792445.69,9979170.25,0.0,0.0,29744588.47,0.0,0.0,2024,2,Ação Financeiro,2024,2
967,5291,11025,2181,4114,500000,500000,0.0,0.0,0.0,0.0,0.0,0.0,0.0,0.0,0.0,2024,2,Ação Financeiro,2024,2
968,5208,14001,2008,3017,1800000,1800000,1800000.0,0.0,0.0,0.0,0.0,0.0,0.0,0.0,0.0,2024,2,Ação Financeiro,2024,2
969,4942,15001,2166,1473,4831100,4831100,4831100.0,0.0,0.0,0.0,0.0,0.0,0.0,0.0,0.0,2024,2,Ação Financeiro,2024,2
970,5410,31001,2138,4060,100000,100000,0.0,0.0,0.0,0.0,0.0,0.0,0.0,0.0,0.0,2024,2,Ação Financeiro,2024,2
971,4859,11006,2072,2661,200000,200000,200000.0,118387.4,57098.25,53318.46,0.0,0.0,162087.39,0.0,0.0,2024,2,Ação Financeiro,2024,2
972,5481,11006,2142,1505,820000,820000,820000.0,15763.0,8830.6,8830.6,0.0,0.0,14251.0,0.0,0.0,2024,2,Ação Financeiro,2024,2
973,4776,11007,1015,2234,17753346,17753346,19353346.0,11513170.39,6105181.75,6105784.83,0.0,0.0,17793238.78,0.0,0.0,2024,2,Ação Financeiro,2024,2
974,5315,14012,2139,2488,15022085,15022085,16822085.0,6291310.98,2629719.25,2332262.99,0.0,0.0,9587619.56,0.0,0.0,2024,2,Ação Financeiro,2024,2
975,4764,11020,2148,2536,287400,287400,287400.0,14100.0,14100.0,14100.0,0.0,0.0,14100.0,0.0,0.0,2024,2,Ação Financeiro,2024,2
976,5386,3011,2186,1643,500000,500000,500000.0,365254.0,11196.98,9838.03,0.0,0.0,189979.35,0.0,0.0,2024,2,Ação Financeiro,2024,2
977,4681,2001,2147,2523,150000,150000,150000.0,100000.0,0.0,0.0,0.0,0.0,150000.0,0.0,0.0,2024,2,Ação Financeiro,2024,2
978,5049,21001,2102,2250,500000,500000,950845.98,552069.52,252487.5,351234.17,0.0,0.0,554069.52,0.0,0.0,2024,2,Ação Financeiro,2024,2
979,4966,15014,2103,1276,6245134,6245134,6245134.0,2083364.02,2881.17,2881.17,0.0,0.0,43472.58,0.0,0.0,2024,2,Ação Financeiro,2024,2
980,5037,15015,2075,4087,374930,374930,1966534.78,521894.0,521894.0,521894.0,0.0,0.0,521894.0,0.0,0.0,2024,2,Ação Financeiro,2024,2
981,4954,17012,1015,2091,39363630,39363630,35043630.0,22451718.53,11229740.58,11229740.58,0.0,0.0,33312817.86,0.0,0.0,2024,2,Ação Financeiro,2024,2
982,4871,2001,1011,2542,2450000,2450000,1150000.0,466639.03,137231.63,119561.63,0.0,0.0,603953.03,0.0,0.0,2024,2,Ação Financeiro,2024,2
983,5493,16001,2157,4104,30049097,30049097,22214376.0,13907185.39,7118936.29,7118936.29,0.0,0.0,21036706.23,0.0,0.0,2024,2,Ação Financeiro,2024,2
984,5310,19001,1015,2096,350000,350000,350000.0,69000.0,69000.0,69000.0,0.0,0.0,69000.0,0.0,0.0,2024,2,Ação Financeiro,2024,2
985,5227,13006,0,15,2845860,2845860,5714869.16,3810503.99,1944077.69,1944077.69,0.0,0.0,6296554.9,0.0,0.0,2024,2,Ação Financeiro,2024,2
986,5144,29012,1280,2976,8648852,8648852,23164407.13,3166466.28,977386.9,1061843.13,0.0,0.0,3050666.43,0.0,0.0,2024,2,Ação Financeiro,2024,2
987,5500,16001,2158,4106,7061396,7061396,4319396.0,819014.31,536075.88,536075.88,0.0,0.0,1272303.41,0.0,0.0,2024,2,Ação Financeiro,2024,2
988,4795,16001,1015,2096,5107035,5107035,6612507.25,5629018.06,2015082.9,1976725.4,0.0,0.0,4841339.97,0.0,0.0,2024,2,Ação Financeiro,2024,2
989,5334,32001,1015,2091,608740,608740,433740.0,162765.13,88012.88,68008.88,0.0,0.0,263049.95,0.0,0.0,2024,2,Ação Financeiro,2024,2
990,4783,16001,1015,2087,67586101,67586101,55348249.47,45816504.25,19274173.37,19311380.13,0.0,0.0,42563997.8,0.0,0.0,2024,2,Ação Financeiro,2024,2
991,4700,19023,2096,2634,1354000,1354000,1054000.0,440555.5,181102.38,180657.38,0.0,0.0,429426.46,0.0,0.0,2024,2,Ação Financeiro,2024,2
992,4688,2001,2146,2538,9185711,9185711,7185711.0,5170335.26,1837893.29,1923572.47,0.0,0.0,3424061.12,0.0,0.0,2024,2,Ação Financeiro,2024,2
993,5056,21001,1015,2096,600000,600000,600000.0,246740.0,156528.5,156528.5,0.0,0.0,285717.9,0.0,0.0,2024,2,Ação Financeiro,2024,2
994,4973,16001,2156,4034,500761673,500761673,480818173.0,312568946.48,164333701.39,164333701.39,0.0,0.0,500024150.25,0.0,0.0,2024,2,Ação Financeiro,2024,2
995,4890,23030,1015,2087,2438000,2438000,2138000.0,1516583.54,713567.59,712942.52,0.0,0.0,1945128.67,0.0,0.0,2024,2,Ação Financeiro,2024,2
996,5512,3011,2065,1518,5000000,5000000,928780.89,0.0,0.0,0.0,0.0,0.0,0.0,0.0,0.0,2024,2,Ação Financeiro,2024,2
997,4961,23001,2163,2663,450000,450000,450000.0,247849.89,156081.91,128523.62,0.0,0.0,235894.79,0.0,0.0,2024,2,Ação Financeiro,2024,2
998,4878,11005,1015,2091,486867,486867,254364.37,154277.37,78154.33,78154.33,0.0,0.0,215203.95,0.0,0.0,2024,2,Ação Financeiro,2024,2
999,5246,19001,2055,2388,755000,755000,755000.0,85485.08,23686.33,23686.33,0.0,0.0,101903.41,0.0,0.0,2024,2,Ação Financeiro,2024,2
1000,5163,16001,2176,4098,3000000,3000000,1820000.0,0.0,0.0,0.0,0.0,0.0,0.0,0.0,0.0,2024,2,Ação Financeiro,2024,2
1001,5151,11007,2074,2283,1600976,1600976,1600976.0,500000.0,0.0,0.0,0.0,0.0,20000.0,0.0,0.0,2024,2,Ação Financeiro,2024,2
1002,4985,16001,2157,4041,110568376,110568376,129778390.66,76858458.96,40410623.32,41121297.44,0.0,0.0,89848171.01,0.0,0.0,2024,2,Ação Financeiro,2024,2
1003,5353,3011,2065,1509,9952000,9952000,8436960.82,0.0,0.0,0.0,0.0,0.0,0.0,0.0,0.0,2024,2,Ação Financeiro,2024,2
1004,4802,19023,1015,2234,36585630,36585630,47851433.05,32251573.65,2808147.64,3088616.24,0.0,0.0,39235481.19,0.0,0.0,2024,2,Ação Financeiro,2024,2
1005,4719,14023,1000,2064,7997361,7997361,20346107.49,8927674.24,648822.13,677142.13,0.0,0.0,4374245.43,0.0,0.0,2024,2,Ação Financeiro,2024,2
1006,5341,15017,2166,1381,7999400,7999400,14799400.0,4334356.74,62600.38,62600.38,0.0,0.0,1159164.12,0.0,0.0,2024,2,Ação Financeiro,2024,2
1007,5258,15005,1015,2087,4924587,4924587,4924587.0,4171490.34,1458056.26,1349641.49,0.0,0.0,4645624.83,0.0,0.0,2024,2,Ação Financeiro,2024,2
1008,4707,19023,1015,1490,2785125,2785125,2785125.0,1344434.34,705570.71,705570.71,0.0,0.0,2355653.77,0.0,0.0,2024,2,Ação Financeiro,2024,2
1009,5329,3011,2073,2449,72535067,72535067,79422990.62,65227764.42,21553443.21,20446417.69,0.0,0.0,56067836.22,0.0,0.0,2024,2,Ação Financeiro,2024,2
1010,4909,11017,2135,2461,69521,69521,81188.97,0.0,0.0,0.0,0.0,0.0,0.0,0.0,0.0,2024,2,Ação Financeiro,2024,2
1011,4980,23012,2168,2349,74000,74000,74000.0,15000.0,5918.5,5918.5,0.0,0.0,13750.5,0.0,0.0,2024,2,Ação Financeiro,2024,2
1012,4897,23030,2006,2339,288000,288000,288000.0,94355.08,30431.04,30431.04,0.0,0.0,153054.6,0.0,0.0,2024,2,Ação Financeiro,2024,2
1013,5519,16001,2158,1650,345185,345185,0.0,0.0,0.0,0.0,0.0,0.0,0.0,0.0,0.0,2024,2,Ação Financeiro,2024,2
1014,4814,17034,1015,2096,634246,634246,634246.0,469400.0,316949.63,297608.09,0.0,0.0,1049723.11,0.0,0.0,2024,2,Ação Financeiro,2024,2
1015,5436,11013,2000,4146,4500000,4500000,4500000.0,2492944.64,1273084.02,1284585.01,0.0,0.0,4594345.93,0.0,0.0,2024,2,Ação Financeiro,2024,2
1016,5170,15020,1015,2282,5187680,5187680,5187680.0,3058260.47,1054056.14,870262.8,0.0,0.0,2584968.66,0.0,0.0,2024,2,Ação Financeiro,2024,2
1017,5087,23001,2175,4069,75187932,75187932,75285539.0,153308.24,94552.56,63414.42,0.0,0.0,306160.64,0.0,0.0,2024,2,Ação Financeiro,2024,2
1018,5004,15001,1025,2437,27159188,27159188,23923862.04,15650147.53,8298128.11,8298128.11,0.0,0.0,24115986.71,0.0,0.0,2024,2,Ação Financeiro,2024,2
1019,4992,16001,2158,1581,70012443,70012443,56872630.99,3040208.7,2480150.37,2480150.37,0.0,0.0,4315899.04,0.0,0.0,2024,2,Ação Financeiro,2024,2
1020,5360,3011,2065,1628,12760000,12760000,14921394.46,10656337.24,2912391.22,2906264.85,0.0,0.0,7778377.89,0.0,0.0,2024,2,Ação Financeiro,2024,2
1021,5277,17012,2034,4011,29878686,29878686,40448620.26,23393982.78,9757045.6,10730120.29,0.0,0.0,31886941.73,0.0,0.0,2024,2,Ação Financeiro,2024,2
1022,4726,16020,1015,2087,3122000,3122000,3122000.0,1717479.37,828009.59,846409.17,0.0,0.0,1837519.24,0.0,0.0,2024,2,Ação Financeiro,2024,2
1023,5550,32001,2094,1154,0,0,81084.0,50089.0,19829.0,25169.0,0.0,0.0,71084.0,0.0,0.0,2024,2,Ação Financeiro,2024,2
1024,4999,16001,2158,1617,39923325,39923325,38032053.13,12150894.07,6437457.67,6437457.67,0.0,0.0,22491517.71,0.0,0.0,2024,2,Ação Financeiro,2024,2
1025,4833,18011,2098,2164,768832,768832,1184832.0,572921.78,387681.44,389409.32,0.0,0.0,945701.49,0.0,0.0,2024,2,Ação Financeiro,2024,2
1026,5455,16031,2090,2242,50000,50000,3050000.0,3022856.72,3017816.72,3017816.72,0.0,0.0,3022331.72,0.0,0.0,2024,2,Ação Financeiro,2024,2
1027,5372,19014,2095,1644,1749638,1749638,1749638.0,975023.36,9487.2,682346.16,0.0,0.0,1035772.2,0.0,0.0,2024,2,Ação Financeiro,2024,2
1028,4821,13001,1015,2234,42416924,42416924,24501606.49,11592292.32,6069203.82,6066283.44,0.0,0.0,18202152.44,0.0,0.0,2024,2,Ação Financeiro,2024,2
1029,5443,11006,2187,4151,6000,6000,6000.0,0.0,0.0,0.0,0.0,0.0,0.0,0.0,0.0,2024,2,Ação Financeiro,2024,2
1030,4738,15015,1015,2087,253340,253340,797343.93,406336.37,100600.29,100600.29,0.0,0.0,354423.97,0.0,0.0,2024,2,Ação Financeiro,2024,2
1031,5106,30001,2043,2528,14071143,14071143,10697043.0,9557993.73,2923627.24,2875471.41,0.0,0.0,7999134.13,0.0,0.0,2024,2,Ação Financeiro,2024,2
1032,5023,16001,2158,4055,1813628,1813628,1399646.0,1174313.08,783119.13,852425.56,0.0,0.0,1174403.08,0.0,0.0,2024,2,Ação Financeiro,2024,2
1033,5011,11007,1015,1490,2600000,2600000,1000000.0,0.0,0.0,0.0,0.0,0.0,0.0,0.0,0.0,2024,2,Ação Financeiro,2024,2
1034,4928,15001,1015,2149,10880364,10880364,10812670.09,4365439.05,2208552.72,2208552.72,0.0,0.0,6834016.38,0.0,0.0,2024,2,Ação Financeiro,2024,2
1035,5367,19023,1015,1644,5497905,5497905,100000.0,49690.0,49690.0,49690.0,0.0,0.0,49690.0,0.0,0.0,2024,2,Ação Financeiro,2024,2
1036,4662,1001,0,95,38700000,38700000,38700000.0,590000.0,590000.0,393334.0,0.0,0.0,590000.0,0.0,0.0,2024,2,Ação Financeiro,2024,2
1037,5284,11025,2179,2350,19609981,19609981,49910587.85,13160188.23,0.0,0.0,0.0,0.0,1010810.16,0.0,0.0,2024,2,Ação Financeiro,2024,2
1038,5201,11008,2058,2570,2606,2606,2606.0,1671.0,0.0,0.0,0.0,0.0,2625.48,0.0,0.0,2024,2,Ação Financeiro,2024,2
1039,5189,15020,2172,2618,2200000,2200000,2200000.0,1165399.18,561724.68,611286.5,0.0,0.0,1467635.51,0.0,0.0,2024,2,Ação Financeiro,2024,2
1040,5474,11005,2190,2359,220000,220000,220000.0,0.0,0.0,0.0,0.0,0.0,0.0,0.0,0.0,2024,2,Ação Financeiro,2024,2
1041,4923,17032,2105,4032,600000,600000,50000.0,0.0,0.0,0.0,0.0,0.0,0.0,0.0,0.0,2024,2,Ação Financeiro,2024,2
1042,5391,15001,1015,1446,5671548,5671548,8827518.77,5355072.65,2884931.53,2884931.53,0.0,0.0,7708985.34,0.0,0.0,2024,2,Ação Financeiro,2024,2
1043,5462,11009,1015,4103,600300,600300,1200300.0,0.0,0.0,0.0,0.0,0.0,0.0,0.0,0.0,2024,2,Ação Financeiro,2024,2
1044,4757,13001,1015,2064,2670880,2670880,4502814.46,4043756.39,2492155.8,29355.8,0.0,0.0,4191615.02,0.0,0.0,2024,2,Ação Financeiro,2024,2
1045,5379,3011,1018,4140,654000,654000,527450.0,375714.67,212742.98,206714.83,0.0,0.0,453222.67,0.0,0.0,2024,2,Ação Financeiro,2024,2
1046,5296,21011,1015,4103,1000,1000,1000.0,7617273.61,2687342.45,2687342.45,0.0,0.0,7503957.63,0.0,0.0,2024,2,Ação Financeiro,2024,2
1047,5113,30011,1009,2531,2885720,2885720,6452147.55,2015476.83,812163.97,740049.14,0.0,0.0,2617574.15,0.0,0.0,2024,2,Ação Financeiro,2024,2
1048,5030,16001,2158,4059,157198,157198,154987.62,117690.0,76231.4,74971.4,0.0,0.0,117780.0,0.0,0.0,2024,2,Ação Financeiro,2024,2
1049,4947,15001,2166,2249,2500000,2500000,7550670.59,2389267.75,5656.33,5656.33,0.0,0.0,801326.74,0.0,0.0,2024,2,Ação Financeiro,2024,2
1050,5569,19025,2024,4162,0,0,2500000.0,0.0,0.0,0.0,0.0,0.0,0.0,0.0,0.0,2024,2,Ação Financeiro,2024,2
1051,5018,16001,2158,1619,18504913,18504913,18589839.19,13888481.61,8009260.91,8007080.6,0.0,0.0,23324079.88,0.0,0.0,2024,2,Ação Financeiro,2024,2
1052,4935,19001,1015,2087,3357725,3357725,6372807.98,3209007.94,1544263.16,1541534.85,0.0,0.0,3819804.77,0.0,0.0,2024,2,Ação Financeiro,2024,2
1053,5457,11006,1015,1519,1000,1000,1000.0,0.0,0.0,0.0,0.0,0.0,0.0,0.0,0.0,2024,2,Ação Financeiro,2024,2
1054,4752,19025,2024,4091,5522184,5522184,5522184.0,3595845.5,1797915.0,1797915.0,0.0,0.0,5374719.0,0.0,0.0,2024,2,Ação Financeiro,2024,2
1055,5374,3011,2065,1630,1560000,1560000,1560000.0,0.0,0.0,0.0,0.0,0.0,0.0,0.0,0.0,2024,2,Ação Financeiro,2024,2
1056,4823,21001,1015,2234,250681435,250681435,250681435.0,168276842.23,89913635.59,89729610.29,0.0,0.0,261706649.24,0.0,0.0,2024,2,Ação Financeiro,2024,2
1057,4740,14023,1000,2502,360000,360000,155750.0,43120.0,33133.33,33133.33,0.0,0.0,50653.33,0.0,0.0,2024,2,Ação Financeiro,2024,2
1058,5362,3011,1031,4136,878000,878000,1386450.0,215235.76,67140.54,67140.54,0.0,0.0,315339.06,0.0,0.0,2024,2,Ação Financeiro,2024,2
1059,5279,19017,2004,4124,4000000,4000000,2826768.3,0.0,0.0,0.0,0.0,0.0,0.0,0.0,0.0,2024,2,Ação Financeiro,2024,2
1060,5564,21011,2119,2288,0,0,0.0,5000.0,4899.25,4899.25,0.0,0.0,5000.0,0.0,0.0,2024,2,Ação Financeiro,2024,2
1061,4930,15001,1015,2151,8361096,8361096,7292205.27,4546408.03,2251444.97,2251444.97,0.0,0.0,6805674.7,0.0,0.0,2024,2,Ação Financeiro,2024,2
1062,5552,32001,2010,2103,0,0,216800.0,132158.71,100307.9,65347.9,0.0,0.0,129561.14,0.0,0.0,2024,2,Ação Financeiro,2024,2
1063,4847,11010,2110,2064,1992000,1992000,1867000.0,1180102.19,458503.32,355756.27,0.0,0.0,1035250.8,0.0,0.0,2024,2,Ação Financeiro,2024,2
1064,4918,17032,1015,1490,5236512,5236512,5236512.0,1827762.11,925302.18,926523.69,0.0,0.0,2617474.24,0.0,0.0,2024,2,Ação Financeiro,2024,2
1065,4835,18011,2098,2583,2547560,2547560,3397560.0,920570.12,249548.0,248276.62,0.0,0.0,1220443.19,0.0,0.0,2024,2,Ação Financeiro,2024,2
1066,5203,27001,1015,2234,24631620,24631620,27431620.0,16032676.2,8171197.02,8156709.71,0.0,0.0,24745842.68,0.0,0.0,2024,2,Ação Financeiro,2024,2
1067,5120,11033,1015,2096,58000,58000,95000.0,68101.0,46995.79,46995.79,0.0,0.0,84280.56,0.0,0.0,2024,2,Ação Financeiro,2024,2
1068,5191,29001,1280,2001,167373530,167373530,172249530.0,103294282.74,54056356.51,54030121.28,0.0,0.0,179063243.85,0.0,0.0,2024,2,Ação Financeiro,2024,2
1069,5025,16001,2158,1622,7970667,7970667,8078825.03,2616290.91,1285161.98,1285161.98,0.0,0.0,4584634.94,0.0,0.0,2024,2,Ação Financeiro,2024,2
1070,5393,11003,1015,4103,110000,110000,60000.0,0.0,0.0,0.0,0.0,0.0,0.0,0.0,0.0,2024,2,Ação Financeiro,2024,2
1071,4759,13001,1015,2091,14954686,14954686,7865966.0,2713904.74,1335413.83,1335413.83,0.0,0.0,4098339.21,0.0,0.0,2024,2,Ação Financeiro,2024,2
1072,5381,3011,2065,1633,8345000,8345000,9466016.12,4319820.1,880759.03,747454.1,0.0,0.0,3285306.87,0.0,0.0,2024,2,Ação Financeiro,2024,2
1073,5215,11025,1015,2091,4291000,4291000,4291000.0,2724414.63,1375870.44,1375870.44,0.0,0.0,3997001.87,0.0,0.0,2024,2,Ação Financeiro,2024,2
1074,4664,1001,1006,1379,1000000,1000000,1000000.0,0.0,0.0,0.0,0.0,0.0,0.0,0.0,0.0,2024,2,Ação Financeiro,2024,2
1075,5286,17012,0,256,140025576,140025576,38047385.85,0.0,0.0,0.0,0.0,0.0,0.0,0.0,0.0,2024,2,Ação Financeiro,2024,2
1076,4949,15001,2166,2475,210912,210912,294040.77,83128.77,0.0,0.0,0.0,0.0,1269144.89,0.0,0.0,2024,2,Ação Financeiro,2024,2
1077,5488,17012,2189,4156,4276228,4276228,4276228.0,4276228.0,4276228.0,4276228.0,0.0,0.0,4276228.0,0.0,0.0,2024,2,Ação Financeiro,2024,2
1078,4937,15001,1015,2415,76452,76452,78155.82,28114.93,10971.68,10971.68,0.0,0.0,39086.61,0.0,0.0,2024,2,Ação Financeiro,2024,2
1079,5476,17012,1015,4103,950000,950000,950000.0,0.0,0.0,0.0,0.0,0.0,0.0,0.0,0.0,2024,2,Ação Financeiro,2024,2
1080,4771,19023,1015,2091,3243305,3243305,5475406.95,2159970.95,482673.01,482673.01,0.0,0.0,4612717.71,0.0,0.0,2024,2,Ação Financeiro,2024,2
1081,5210,27001,1015,2091,5286744,5286744,1586744.0,493452.44,244225.49,244225.49,0.0,0.0,703517.12,0.0,0.0,2024,2,Ação Financeiro,2024,2
1082,5400,11008,1015,4103,21972,21972,21972.0,2824.0,1412.0,1412.0,0.0,0.0,3996.87,0.0,0.0,2024,2,Ação Financeiro,2024,2
1083,4695,15015,2075,1119,400000,400000,929777.54,0.0,0.0,0.0,0.0,0.0,0.0,0.0,0.0,2024,2,Ação Financeiro,2024,2
1084,4766,14023,1015,2091,5331656,5331656,6131656.0,4003305.0,2061607.13,2061607.13,0.0,0.0,6118741.65,0.0,0.0,2024,2,Ação Financeiro,2024,2
1085,5234,17012,2070,1614,2229040,2229040,10529040.0,4425188.29,1240712.72,1268263.82,0.0,0.0,2964660.98,0.0,0.0,2024,2,Ação Financeiro,2024,2
1086,4683,2001,1010,2981,49877103,49877103,43797103.0,31131507.64,10273096.63,10687816.12,0.0,0.0,29829410.79,0.0,0.0,2024,2,Ação Financeiro,2024,2
1087,5305,11010,1015,2096,2480000,2480000,2472100.0,1601176.41,702335.67,695977.96,0.0,0.0,2226415.29,0.0,0.0,2024,2,Ação Financeiro,2024,2
1088,5222,11023,2051,2344,200000,200000,4325023.0,4155023.0,4134813.0,4134813.0,0.0,0.0,4154393.0,0.0,0.0,2024,2,Ação Financeiro,2024,2
1089,5139,29013,1001,4544,1108000,1108000,10763687.5,2940000.0,0.0,0.0,0.0,0.0,1408464.0,0.0,0.0,2024,2,Ação Financeiro,2024,2
1090,4956,17012,1015,2234,797812044,797812044,607712044.0,393971668.75,209323337.58,209324337.58,0.0,0.0,602010077.32,0.0,0.0,2024,2,Ação Financeiro,2024,2
1091,5495,16031,1015,2234,696000,696000,696000.0,452420.92,229760.39,239771.92,0.0,0.0,725950.94,0.0,0.0,2024,2,Ação Financeiro,2024,2
1092,4790,17034,2023,2263,3729222,3729222,4089222.0,2707219.08,1641789.58,1646017.08,0.0,0.0,6780656.93,0.0,0.0,2024,2,Ação Financeiro,2024,2
1093,4778,11009,1015,2091,8155608,8155608,7955608.0,4847251.24,2449464.42,2201743.15,0.0,0.0,7223272.83,0.0,0.0,2024,2,Ação Financeiro,2024,2
1094,5146,29001,1001,2004,1535778,1535778,1631778.0,868979.41,594159.98,594159.98,0.0,0.0,1124696.64,0.0,0.0,2024,2,Ação Financeiro,2024,2
1095,5063,11008,1015,2234,8954327,8954327,8998327.0,5465519.91,2813474.44,2814798.91,0.0,0.0,8674495.9,0.0,0.0,2024,2,Ação Financeiro,2024,2
1096,5051,14001,1015,2234,270854222,270854222,270854222.0,165777991.37,87538454.33,87511161.92,0.0,0.0,255679984.02,0.0,0.0,2024,2,Ação Financeiro,2024,2
1097,4968,16001,1015,2367,1740927,1740927,2880429.52,2298856.24,1077325.84,1077977.26,0.0,0.0,2995774.98,0.0,0.0,2024,2,Ação Financeiro,2024,2
1098,4885,11026,1015,2087,943068,943068,943068.0,427300.35,182469.92,191453.13,0.0,0.0,586901.48,0.0,0.0,2024,2,Ação Financeiro,2024,2
1099,4785,17034,1015,2087,7056481,7056481,7056481.0,3894917.51,2306580.2,2313636.8,0.0,0.0,6355389.36,0.0,0.0,2024,2,Ação Financeiro,2024,2
1100,5253,21001,2102,1624,6000000,6000000,6000000.0,5999311.65,1654108.02,1654108.02,0.0,0.0,7699999.98,0.0,0.0,2024,2,Ação Financeiro,2024,2
1101,5241,14025,1019,4110,62462406,62462406,62462406.0,41773037.33,20921659.58,20921659.58,0.0,0.0,62462405.97,0.0,0.0,2024,2,Ação Financeiro,2024,2
1102,5158,16020,2134,2547,3609743,3609743,3609743.0,1724008.79,922943.52,899085.72,0.0,0.0,3133724.04,0.0,0.0,2024,2,Ação Financeiro,2024,2
1103,5229,17012,2084,4007,41898960,41898960,127335783.3,63958280.94,53687825.29,53950833.09,0.0,0.0,84358747.79,0.0,0.0,2024,2,Ação Financeiro,2024,2
1104,4892,23030,1015,2234,30350486,30350486,30350486.0,19475799.38,10083823.48,10083881.37,0.0,0.0,30014556.54,0.0,0.0,2024,2,Ação Financeiro,2024,2
1105,5514,11011,0,16,12593970,12593970,12593970.0,0.0,0.0,0.0,0.0,0.0,0.0,0.0,0.0,2024,2,Ação Financeiro,2024,2
1106,4809,18001,2153,2585,796610,796610,3838810.0,1457014.98,367171.3,367171.3,0.0,0.0,1979776.76,0.0,0.0,2024,2,Ação Financeiro,2024,2
1107,5431,11006,2000,4148,110000,110000,110000.0,11029.8,9479.21,9479.21,0.0,0.0,74645.53,0.0,0.0,2024,2,Ação Financeiro,2024,2
1108,4880,23001,1015,2096,300000,300000,355000.0,281950.0,119450.0,119450.0,0.0,0.0,281950.0,0.0,0.0,2024,2,Ação Financeiro,2024,2
1109,5419,23030,2006,4072,4527170,4527170,4600379.01,2480620.09,1202682.06,1158715.53,0.0,0.0,3371475.95,0.0,0.0,2024,2,Ação Financeiro,2024,2
1110,4714,11022,1015,2087,2295268,2295268,4095051.68,2119303.58,844806.32,843895.83,0.0,0.0,2265996.11,0.0,0.0,2024,2,Ação Financeiro,2024,2
1111,5336,32001,2143,2512,1000,1000,2088000.0,1956288.52,1750168.52,1604368.52,0.0,0.0,4048380.43,0.0,0.0,2024,2,Ação Financeiro,2024,2
1112,5153,15020,0,221,969960,969960,969960.0,546587.99,136048.3,136048.3,0.0,0.0,699752.7,0.0,0.0,2024,2,Ação Financeiro,2024,2
1113,5070,15004,2103,1276,900548,900548,0.0,0.0,0.0,0.0,0.0,0.0,0.0,0.0,0.0,2024,2,Ação Financeiro,2024,2
1114,4987,23013,2115,2093,216406,216406,216406.0,109699.78,0.0,0.0,0.0,0.0,109699.78,0.0,0.0,2024,2,Ação Financeiro,2024,2
1115,4975,16001,2156,4036,108784814,108784814,118197059.65,91642576.84,39662766.01,40858867.84,0.0,0.0,97064680.96,0.0,0.0,2024,2,Ação Financeiro,2024,2
1116,5343,15017,2166,2237,12583000,12583000,34866592.97,4273119.18,407794.16,407794.16,0.0,0.0,1973897.09,0.0,0.0,2024,2,Ação Financeiro,2024,2
1117,5260,3011,0,236,150000,150000,190000.0,148824.48,53027.38,56915.08,0.0,0.0,163546.3,0.0,0.0,2024,2,Ação Financeiro,2024,2
1118,5248,15006,1015,4000,2000,2000,0.0,0.0,0.0,0.0,0.0,0.0,0.0,0.0,0.0,2024,2,Ação Financeiro,2024,2
1119,5165,16001,2176,4100,3000000,3000000,3362887.04,364276.09,26729.13,26729.13,0.0,0.0,2311911.75,0.0,0.0,2024,2,Ação Financeiro,2024,2
1120,5082,14002,0,24,401873404,401873404,401873404.0,218623864.82,109275469.97,65509129.09,0.0,0.0,399793132.59,0.0,0.0,2024,2,Ação Financeiro,2024,2
1121,4899,23030,0,19,13000,13000,313000.0,214974.43,110977.45,110977.45,0.0,0.0,259255.24,0.0,0.0,2024,2,Ação Financeiro,2024,2
1122,4816,19025,1015,2091,1840728,1840728,1840728.0,849916.66,420437.5,420437.5,0.0,0.0,1270254.33,0.0,0.0,2024,2,Ação Financeiro,2024,2
1123,5438,31001,2160,4065,430500,430500,249717.0,131224.71,75091.45,75091.45,0.0,0.0,274455.71,0.0,0.0,2024,2,Ação Financeiro,2024,2
1124,4733,16020,1015,1490,4541631,4541631,4541631.0,2578528.76,1245594.11,1285230.0,0.0,0.0,3712375.29,0.0,0.0,2024,2,Ação Financeiro,2024,2
1125,5355,3011,1017,4081,5017000,5017000,4554024.0,3148336.75,920298.52,919750.78,0.0,0.0,2915334.23,0.0,0.0,2024,2,Ação Financeiro,2024,2
1126,5272,11025,1015,2935,8980000,8980000,11845000.0,10728612.68,3534227.26,3013824.07,0.0,0.0,9482016.68,0.0,0.0,2024,2,Ação Financeiro,2024,2
1127,4721,11009,2128,2557,700000,700000,1190000.0,510000.0,176898.42,176898.42,0.0,0.0,389662.62,0.0,0.0,2024,2,Ação Financeiro,2024,2
1128,5089,23012,2169,4083,270000,270000,270000.0,16807.8,12935.6,12935.6,0.0,0.0,141137.04,0.0,0.0,2024,2,Ação Financeiro,2024,2
1129,5006,23001,2162,2296,1282768,1282768,1282768.0,166679.4,0.0,0.0,0.0,0.0,155055.27,0.0,0.0,2024,2,Ação Financeiro,2024,2
1130,5545,11003,2085,4160,0,0,1250000.0,45292.88,40111.2,40111.2,0.0,0.0,40111.2,0.0,0.0,2024,2,Ação Financeiro,2024,2
1131,4994,16001,2158,4044,72741193,72741193,84317321.32,13264712.63,8548427.73,8548427.73,0.0,0.0,22363728.26,0.0,0.0,2024,2,Ação Financeiro,2024,2
1132,4911,23002,1015,2087,60000,60000,60000.0,12492.3,12492.3,12492.3,0.0,0.0,40794.3,0.0,0.0,2024,2,Ação Financeiro,2024,2
1133,4828,18001,2154,2599,625657,625657,319422.0,5839.6,5839.6,5839.6,0.0,0.0,5839.6,0.0,0.0,2024,2,Ação Financeiro,2024,2
1134,5267,17012,2034,4004,175340958,175340958,361264818.01,245061601.95,109798580.64,109428123.45,0.0,0.0,290626229.76,0.0,0.0,2024,2,Ação Financeiro,2024,2
1135,5184,15020,2170,4088,1500000,1500000,1500000.0,0.0,0.0,0.0,0.0,0.0,0.0,0.0,0.0,2024,2,Ação Financeiro,2024,2
1136,5101,19011,2005,1091,190228,190228,190228.0,71140.0,13884.0,13884.0,0.0,0.0,109934.89,0.0,0.0,2024,2,Ação Financeiro,2024,2
1137,5172,15020,2002,2271,5700000,5700000,6600000.0,4957891.53,1295753.36,1110754.08,0.0,0.0,5450976.01,0.0,0.0,2024,2,Ação Financeiro,2024,2
1138,4989,16001,2157,4042,136203825,136203825,147260226.48,134516728.56,65701189.29,65033950.73,0.0,0.0,135373989.47,0.0,0.0,2024,2,Ação Financeiro,2024,2
1139,4906,17012,2069,2764,5143171,5143171,5253171.0,2625613.22,1312806.61,1312806.61,0.0,0.0,2625613.22,0.0,0.0,2024,2,Ação Financeiro,2024,2
1140,4894,14025,0,130,4576000,4576000,4576000.0,1073999.0,251983.93,251983.93,0.0,0.0,709545.83,0.0,0.0,2024,2,Ação Financeiro,2024,2
1141,4811,11033,2086,2086,3537159,3537159,4583209.0,2038400.0,1413459.42,1355426.22,0.0,0.0,3449790.14,0.0,0.0,2024,2,Ação Financeiro,2024,2
1142,5516,14001,1015,4103,78200,78200,78200.0,0.0,0.0,0.0,0.0,0.0,0.0,0.0,0.0,2024,2,Ação Financeiro,2024,2
1143,5433,11013,2000,4144,8700000,8700000,8700000.0,2989035.77,1440144.83,1348282.97,0.0,0.0,3258998.74,0.0,0.0,2024,2,Ação Financeiro,2024,2
1144,5096,11007,2074,1000,12000,12000,12000.0,0.0,0.0,0.0,0.0,0.0,0.0,0.0,0.0,2024,2,Ação Financeiro,2024,2
1145,5167,16001,2176,4101,4800000,4800000,4701266.47,908701.82,908701.82,908701.82,0.0,0.0,908701.82,0.0,0.0,2024,2,Ação Financeiro,2024,2
1146,5084,19014,0,9999,1858000,1858000,1858000.0,1008.2,1008.2,1008.2,0.0,0.0,10094.68,0.0,0.0,2024,2,Ação Financeiro,2024,2
1147,5001,16001,2158,4049,26844570,26844570,29281454.95,13714932.01,6030831.98,6168362.35,0.0,0.0,22293990.75,0.0,0.0,2024,2,Ação Financeiro,2024,2
1148,5072,19017,2004,1087,7732317,7732317,8905548.7,1711334.39,1588439.55,1432761.13,0.0,0.0,1790870.5,0.0,0.0,2024,2,Ação Financeiro,2024,2
1149,4735,14002,0,18,653952003,653952003,561417771.78,380204504.96,181213266.84,181213266.84,0.0,0.0,561417771.8,0.0,0.0,2024,2,Ação Financeiro,2024,2
1150,5440,15006,2166,1381,1000,1000,1000.0,0.0,0.0,0.0,0.0,0.0,0.0,0.0,0.0,2024,2,Ação Financeiro,2024,2
1151,5274,14011,2106,4115,54619582,54619582,70717803.14,56144745.68,46704533.38,46792315.87,0.0,0.0,61847803.9,0.0,0.0,2024,2,Ação Financeiro,2024,2
1152,4723,11009,2041,2497,550000,550000,680000.0,680000.0,680000.0,680000.0,0.0,0.0,1125000.0,0.0,0.0,2024,2,Ação Financeiro,2024,2
1153,5262,15005,1015,4123,593290,593290,593290.0,21118.0,21118.0,21118.0,0.0,0.0,21118.0,0.0,0.0,2024,2,Ação Financeiro,2024,2
1154,5179,19001,2003,2489,50000,50000,50000.0,8655.0,0.0,0.0,0.0,0.0,0.0,0.0,0.0,2024,2,Ação Financeiro,2024,2
1155,5547,32001,2094,1008,0,0,241994.0,179994.0,178934.0,178934.0,0.0,0.0,463934.0,0.0,0.0,2024,2,Ação Financeiro,2024,2
1156,4996,16001,2158,4046,2466041,2466041,1266285.02,149371.34,122611.84,124282.84,0.0,0.0,449948.4,0.0,0.0,2024,2,Ação Financeiro,2024,2
1157,5464,23001,1015,4103,359520,359520,402240.0,0.0,0.0,0.0,0.0,0.0,0.0,0.0,0.0,2024,2,Ação Financeiro,2024,2
1158,4913,15003,1015,2087,7905920,7905920,16929920.0,9883094.08,5536773.35,5761592.36,0.0,0.0,13703413.45,0.0,0.0,2024,2,Ação Financeiro,2024,2
1159,4830,18001,2153,2587,196100,196100,96100.0,6408.0,6408.0,6408.0,0.0,0.0,11080.5,0.0,0.0,2024,2,Ação Financeiro,2024,2
1160,5452,16031,2090,2247,39000,39000,39000.0,23600.0,17600.0,17600.0,0.0,0.0,19696.76,0.0,0.0,2024,2,Ação Financeiro,2024,2
1161,4747,19023,2096,4091,5274027,5274027,5274027.0,2972273.34,2085696.11,2085696.11,0.0,0.0,4414435.22,0.0,0.0,2024,2,Ação Financeiro,2024,2
1162,5369,3011,1018,4138,1788000,1788000,958755.0,765338.87,275139.7,256380.74,0.0,0.0,889648.04,0.0,0.0,2024,2,Ação Financeiro,2024,2
1163,4818,19025,1015,2234,21724740,21724740,20824740.0,11226030.46,6031394.08,6031394.08,0.0,0.0,17405218.1,0.0,0.0,2024,2,Ação Financeiro,2024,2
1164,5186,15020,2171,1634,2000000,2000000,1650000.0,0.0,0.0,0.0,0.0,0.0,0.0,0.0,0.0,2024,2,Ação Financeiro,2024,2
1165,5103,30001,1007,1520,1139188,1139188,909188.0,0.0,0.0,0.0,0.0,0.0,0.0,0.0,0.0,2024,2,Ação Financeiro,2024,2
1166,5020,16001,2158,4052,21488718,21488718,21568718.0,13269227.4,6916865.76,6916865.76,0.0,0.0,21523692.82,0.0,0.0,2024,2,Ação Financeiro,2024,2
1167,5091,23016,2116,2267,131272,131272,131272.0,21000.0,8136.65,8136.65,0.0,0.0,63652.84,0.0,0.0,2024,2,Ação Financeiro,2024,2
1168,5008,23001,2162,4067,3103232,3103232,3103232.0,0.0,0.0,0.0,0.0,0.0,0.0,0.0,0.0,2024,2,Ação Financeiro,2024,2
1169,4742,14023,1000,2459,40000,40000,7756.25,7756.25,0.0,0.0,0.0,0.0,0.0,0.0,0.0,2024,2,Ação Financeiro,2024,2
1170,4659,2001,1019,2854,31783676,31783676,31783676.0,18176607.68,9783820.24,9663616.05,0.0,0.0,28008205.68,0.0,0.0,2024,2,Ação Financeiro,2024,2
1171,5281,11025,2106,1386,68358361,68358361,194666745.83,152410968.44,26677005.23,25415325.82,0.0,0.0,118152353.83,0.0,0.0,2024,2,Ação Financeiro,2024,2
1172,5198,31010,2161,4070,63000,63000,63000.0,0.0,0.0,0.0,0.0,0.0,1068400.0,0.0,0.0,2024,2,Ação Financeiro,2024,2
1173,5115,30011,1009,2532,3010603,3010603,4970243.18,58133.96,298.92,298.92,0.0,0.0,59658.97,0.0,0.0,2024,2,Ação Financeiro,2024,2
1174,4932,15001,1015,2411,63878597,63878597,51915132.55,33932031.93,18177398.2,18184882.4,0.0,0.0,52674712.95,0.0,0.0,2024,2,Ação Financeiro,2024,2
1175,4849,11008,1015,2087,1031066,1031066,1461878.14,555242.89,279994.95,275853.81,0.0,0.0,666789.66,0.0,0.0,2024,2,Ação Financeiro,2024,2
1176,5554,32001,2093,1051,0,0,1901000.0,1132774.28,986924.43,1005150.99,0.0,0.0,1375826.38,0.0,0.0,2024,2,Ação Financeiro,2024,2
1177,5471,17012,1015,1449,300000,300000,2500000.0,899200.0,761940.0,761940.0,0.0,0.0,2255480.0,0.0,0.0,2024,2,Ação Financeiro,2024,2
1178,5388,3001,1012,2481,343510078,343510078,343510078.0,134275376.05,54656489.2,54656489.2,0.0,0.0,162393168.48,0.0,0.0,2024,2,Ação Financeiro,2024,2
1179,4837,18011,2098,2590,7040340,7040340,15367377.25,11040675.08,2552512.21,2751503.57,0.0,0.0,10132184.84,0.0,0.0,2024,2,Ação Financeiro,2024,2
1180,4754,13001,0,256,278751152,278751152,66472104.03,0.0,0.0,0.0,0.0,0.0,0.0,0.0,0.0,2024,2,Ação Financeiro,2024,2
1181,5459,11006,1015,2096,220000,220000,220000.0,210654.6,46177.76,46177.76,0.0,0.0,196885.8,0.0,0.0,2024,2,Ação Financeiro,2024,2
1182,5376,3011,1017,2478,8303000,8303000,9728359.38,9112729.75,4095218.55,3872159.77,0.0,0.0,9861181.16,0.0,0.0,2024,2,Ação Financeiro,2024,2
1183,4671,1001,2126,2409,30562400,30562400,31862400.0,30857918.07,10091828.47,10006371.36,0.0,0.0,27221867.59,0.0,0.0,2024,2,Ação Financeiro,2024,2
1184,5039,15004,1015,2087,8455847,8455847,10537725.9,8608062.68,4695213.6,4437797.01,0.0,0.0,12761460.67,0.0,0.0,2024,2,Ação Financeiro,2024,2
1185,5110,30001,2145,2529,18600,18600,37700.0,22902.0,22902.0,22902.0,0.0,0.0,30415.0,0.0,0.0,2024,2,Ação Financeiro,2024,2
1186,5027,16001,2158,4056,3066645,3066645,4236991.11,3009393.16,1476650.76,1476650.76,0.0,0.0,4700212.22,0.0,0.0,2024,2,Ação Financeiro,2024,2
1187,4944,15001,2166,2154,58344631,58344631,79580493.4,50152410.16,22175634.69,21088070.4,0.0,0.0,55218968.76,0.0,0.0,2024,2,Ação Financeiro,2024,2
1188,5483,18001,1015,4103,332300,332300,368300.0,36000.0,0.0,0.0,0.0,0.0,36000.0,0.0,0.0,2024,2,Ação Financeiro,2024,2
1189,5383,3001,1012,2482,783781619,783781619,783781619.0,645803835.58,235107589.96,234224493.25,0.0,0.0,745518838.99,0.0,0.0,2024,2,Ação Financeiro,2024,2
1190,5300,32013,2093,4023,2824032,2824032,28939518.68,412232.29,0.0,290521.69,0.0,0.0,8257201.69,0.0,0.0,2024,2,Ação Financeiro,2024,2
1191,4666,1001,1006,2405,22542271,22542271,22542271.0,19289811.47,3073756.47,2953148.9,0.0,0.0,19273725.8,0.0,0.0,2024,2,Ação Financeiro,2024,2
1192,5134,17033,2109,4092,1000,1000,1168781.43,225305.37,161157.97,135271.47,0.0,0.0,814959.4,0.0,0.0,2024,2,Ação Financeiro,2024,2
1193,5205,15020,2174,2064,22800000,22800000,24300000.0,14616779.27,5196526.93,2984107.22,0.0,0.0,13503023.35,0.0,0.0,2024,2,Ação Financeiro,2024,2
1194,5122,15020,1015,2087,30448000,30448000,29948000.0,19082665.48,6311208.8,6248382.17,0.0,0.0,17015259.7,0.0,0.0,2024,2,Ação Financeiro,2024,2
1195,5407,3001,1012,1484,487000,487000,671000.0,420213.0,110518.51,108070.65,0.0,0.0,522474.57,0.0,0.0,2024,2,Ação Financeiro,2024,2
1196,4773,11004,1015,2234,2065991,2065991,2065991.0,1234567.13,670289.54,670888.43,0.0,0.0,2025781.66,0.0,0.0,2024,2,Ação Financeiro,2024,2
1197,5478,11033,1015,4103,60000,60000,60000.0,38240.0,15468.98,21021.33,0.0,0.0,52464.91,0.0,0.0,2024,2,Ação Financeiro,2024,2
1198,5395,3011,1013,2189,54492000,54492000,54492000.0,38899318.32,10085528.88,9434330.54,0.0,0.0,31361707.49,0.0,0.0,2024,2,Ação Financeiro,2024,2
1199,5312,14012,2139,1487,3750000,3750000,4750000.0,3658682.92,3553829.84,3576397.84,0.0,0.0,3699695.54,0.0,0.0,2024,2,Ação Financeiro,2024,2
1200,4761,11004,1015,2091,142800,142800,142800.0,80134.65,38242.0,38242.0,0.0,0.0,118851.64,0.0,0.0,2024,2,Ação Financeiro,2024,2
1201,5046,23002,1015,2234,3253073,3253073,3253073.0,450295.45,450295.45,372112.96,0.0,0.0,1313066.71,0.0,0.0,2024,2,Ação Financeiro,2024,2
1202,4963,15014,1015,2087,5217991,5217991,6626991.0,8329560.72,3008387.93,2886404.37,0.0,0.0,6546218.16,0.0,0.0,2024,2,Ação Financeiro,2024,2
1203,5034,16020,2134,2355,900000,900000,1916160.0,311770.81,69611.25,70227.93,0.0,0.0,583517.49,0.0,0.0,2024,2,Ação Financeiro,2024,2
1204,5502,16001,2158,4108,202520,202520,220562.73,142446.34,58354.52,58354.52,0.0,0.0,199279.4,0.0,0.0,2024,2,Ação Financeiro,2024,2
1205,4951,17012,1015,1490,85436978,85436978,279856978.0,178068541.65,91809489.34,91809489.34,0.0,0.0,277003025.71,0.0,0.0,2024,2,Ação Financeiro,2024,2
1206,4868,11006,2000,2009,180000,180000,2910000.0,795765.95,713416.71,717916.71,0.0,0.0,1590516.9,0.0,0.0,2024,2,Ação Financeiro,2024,2
1207,5236,15014,1015,2096,550000,550000,550000.0,487632.97,255469.0,97969.0,0.0,0.0,384536.3,0.0,0.0,2024,2,Ação Financeiro,2024,2
1208,4685,2001,1010,2973,20950000,20950000,20950000.0,16303405.85,7036114.03,6999464.7,0.0,0.0,11849984.14,0.0,0.0,2024,2,Ação Financeiro,2024,2
1209,5224,19001,2011,2485,190000,190000,49977353.1,22284529.63,13500260.13,12708483.13,0.0,0.0,42569328.42,0.0,0.0,2024,2,Ação Financeiro,2024,2
1210,5141,29012,1280,2002,2779980,2779980,17875963.61,5727284.56,1705783.61,1738941.75,0.0,0.0,5774361.39,0.0,0.0,2024,2,Ação Financeiro,2024,2
1211,5058,19014,2095,1196,9673362,9673362,9673362.0,2473152.25,850831.88,850831.88,0.0,0.0,1826810.46,0.0,0.0,2024,2,Ação Financeiro,2024,2
1212,5129,17033,1015,2091,187200,187200,187200.0,143226.28,73120.12,73120.12,0.0,0.0,214854.44,0.0,0.0,2024,2,Ação Financeiro,2024,2
1213,4792,17034,2023,2946,800000,800000,800000.0,495998.81,270057.81,276065.31,0.0,0.0,746929.26,0.0,0.0,2024,2,Ação Financeiro,2024,2
1214,4709,19023,0,112,130000,130000,380000.0,224010.89,177685.31,177685.31,0.0,0.0,343151.86,0.0,0.0,2024,2,Ação Financeiro,2024,2
1215,5331,3011,2065,1507,18521000,18521000,18521000.0,6284589.37,2228028.81,2150598.73,0.0,0.0,4738008.93,0.0,0.0,2024,2,Ação Financeiro,2024,2
1216,4780,11022,1015,2091,1992624,1992624,1572624.0,682429.56,344093.2,344093.2,0.0,0.0,1022523.07,0.0,0.0,2024,2,Ação Financeiro,2024,2
1217,4697,19025,1015,2087,3913445,3913445,4033250.78,1028972.49,481678.07,451807.15,0.0,0.0,1705444.5,0.0,0.0,2024,2,Ação Financeiro,2024,2
1218,5402,3011,1013,1627,5308000,5308000,3970830.0,510419.81,0.0,0.0,0.0,0.0,218044.43,0.0,0.0,2024,2,Ação Financeiro,2024,2
1219,5053,21001,2102,2950,500000,500000,500000.0,52530.45,17452.42,20399.58,0.0,0.0,51386.21,0.0,0.0,2024,2,Ação Financeiro,2024,2
1220,4970,16001,1015,4033,1040168,1040168,802652.7,124497.43,85484.9,85484.9,0.0,0.0,103517.93,0.0,0.0,2024,2,Ação Financeiro,2024,2
1221,4887,11026,1015,2234,3952846,3952846,3952846.0,2875444.53,1501466.75,1523011.86,0.0,0.0,4325366.33,0.0,0.0,2024,2,Ação Financeiro,2024,2
1222,5509,17012,2034,2442,11899435,11899435,11899435.0,80695.63,0.0,0.0,0.0,0.0,80695.62,0.0,0.0,2024,2,Ação Financeiro,2024,2
1223,5426,3001,1014,4078,14568000,14568000,14568000.0,13285238.29,4233443.31,3759309.18,0.0,0.0,12203568.23,0.0,0.0,2024,2,Ação Financeiro,2024,2
1224,5160,15020,1015,2091,60337996,60337996,67337996.0,52357363.02,17692279.98,17692279.98,0.0,0.0,54600654.64,0.0,0.0,2024,2,Ação Financeiro,2024,2
1225,5077,23012,2168,4082,242000,242000,242000.0,80000.0,56114.5,56114.5,0.0,0.0,105554.0,0.0,0.0,2024,2,Ação Financeiro,2024,2
1226,5148,29001,1280,2976,19779850,19779850,19779850.0,6921990.58,2596544.35,2517735.63,0.0,0.0,6272197.97,0.0,0.0,2024,2,Ação Financeiro,2024,2
1227,5065,13006,1015,2234,18975484,18975484,18561484.0,13210083.1,6725509.78,6728001.57,0.0,0.0,20351807.48,0.0,0.0,2024,2,Ação Financeiro,2024,2
1228,4982,23012,2168,2074,780458,780458,780458.0,195430.18,113998.64,108766.58,0.0,0.0,256040.74,0.0,0.0,2024,2,Ação Financeiro,2024,2
1229,4799,17032,1015,2096,1153415,1153415,641323.0,63431.3,63431.3,24672.87,0.0,0.0,71308.8,0.0,0.0,2024,2,Ação Financeiro,2024,2
1230,4716,14002,0,130,159941129,159941129,160288851.53,81961636.21,39636534.7,39607557.83,0.0,0.0,122022948.54,0.0,0.0,2024,2,Ação Financeiro,2024,2
1231,5255,15005,2182,4120,254247,254247,254247.0,27060.0,23400.0,23400.0,0.0,0.0,27060.0,0.0,0.0,2024,2,Ação Financeiro,2024,2
1232,4704,19023,1015,2096,1000000,1000000,550000.0,272862.5,184267.71,184267.71,0.0,0.0,379545.29,0.0,0.0,2024,2,Ação Financeiro,2024,2
1233,5143,29012,1280,2952,1817687,1817687,3097687.0,1067570.07,452980.27,443085.66,0.0,0.0,1193419.54,0.0,0.0,2024,2,Ação Financeiro,2024,2
1234,4977,16001,2156,1578,6742423,6742423,21303445.83,15690185.24,4089587.78,4089587.78,0.0,0.0,10668140.48,0.0,0.0,2024,2,Ação Financeiro,2024,2
1235,5048,21001,2102,1001,5744300,5744300,5869300.0,5550884.31,2143770.72,2326667.24,0.0,0.0,4531983.09,0.0,0.0,2024,2,Ação Financeiro,2024,2
1236,4965,15014,2103,1275,7820000,7820000,7820000.0,6106654.91,1316962.96,1316962.96,0.0,0.0,5710455.87,0.0,0.0,2024,2,Ação Financeiro,2024,2
1237,5333,32001,1015,2087,2712071,2712071,2838071.0,2498605.48,1369654.03,1432555.55,0.0,0.0,2945872.39,0.0,0.0,2024,2,Ação Financeiro,2024,2
1238,5250,13001,2178,4111,1001606,1001606,1001606.0,130723.4,10467.6,10467.6,0.0,0.0,130723.4,0.0,0.0,2024,2,Ação Financeiro,2024,2
1239,4699,19023,2096,2631,3465000,3465000,2090000.0,1373732.75,759100.75,799257.5,0.0,0.0,2058902.67,0.0,0.0,2024,2,Ação Financeiro,2024,2
1240,5321,11023,2177,1636,1800,1800,1800.0,0.0,0.0,0.0,0.0,0.0,0.0,0.0,0.0,2024,2,Ação Financeiro,2024,2
1241,5238,17012,2084,1118,58492,58492,410938.08,256066.08,375.0,375.0,0.0,0.0,94430.8,0.0,0.0,2024,2,Ação Financeiro,2024,2
1242,5155,11008,1015,2096,45500,45500,88300.0,79439.0,20790.0,20790.0,0.0,0.0,80989.0,0.0,0.0,2024,2,Ação Financeiro,2024,2
1243,4889,14025,1019,2030,1237019141,1237019141,1237019141.0,633179777.51,337753260.15,337753260.15,0.0,0.0,974745413.04,0.0,0.0,2024,2,Ação Financeiro,2024,2
1244,4806,18001,2153,1492,200000,200000,2200000.0,465148.18,177793.15,177793.15,0.0,0.0,472865.39,0.0,0.0,2024,2,Ação Financeiro,2024,2
1245,5511,31001,1015,2091,147840,147840,523838.0,454036.0,226600.91,167655.96,0.0,0.0,666503.48,0.0,0.0,2024,2,Ação Financeiro,2024,2
1246,5428,11006,2000,4145,1714134,1714134,2200134.0,1078068.3,1028452.0,1028452.0,0.0,0.0,1754843.21,0.0,0.0,2024,2,Ação Financeiro,2024,2
1247,4877,11005,1015,2087,849742,849742,779742.0,578646.45,163940.74,184906.5,0.0,0.0,723956.48,0.0,0.0,2024,2,Ação Financeiro,2024,2
1248,4794,16001,1015,1490,27479064,27479064,20795829.59,10247811.16,5907152.44,5908227.11,0.0,0.0,17805739.46,0.0,0.0,2024,2,Ação Financeiro,2024,2
1249,4711,19023,0,221,465000,465000,865000.0,670891.89,407168.66,407168.66,0.0,0.0,723983.51,0.0,0.0,2024,2,Ação Financeiro,2024,2
1250,5416,16020,1015,4103,85000,85000,85000.0,0.0,0.0,0.0,0.0,0.0,0.0,0.0,0.0,2024,2,Ação Financeiro,2024,2
1251,5067,18013,2136,1466,1236537,1236537,1236537.0,0.0,0.0,0.0,0.0,0.0,406589.08,0.0,0.0,2024,2,Ação Financeiro,2024,2
1252,4984,16001,2157,4040,2809756,2809756,3569749.6,1343640.14,747155.4,744262.9,0.0,0.0,2465993.99,0.0,0.0,2024,2,Ação Financeiro,2024,2
1253,5523,32012,2094,2896,1000,1000,1000.0,0.0,0.0,0.0,0.0,0.0,0.0,0.0,0.0,2024,2,Ação Financeiro,2024,2
1254,4972,16001,2156,1524,210464447,210464447,206033928.55,107384812.12,60719286.43,60719286.43,0.0,0.0,202088476.44,0.0,0.0,2024,2,Ação Financeiro,2024,2
1255,5257,15005,2182,4121,1086718,1086718,1086718.0,735642.6,58421.29,69702.73,0.0,0.0,1086638.9,0.0,0.0,2024,2,Ação Financeiro,2024,2
1256,5245,19001,2011,2474,50000,50000,100000.0,14910.0,9790.0,9790.0,0.0,0.0,15797.5,0.0,0.0,2024,2,Ação Financeiro,2024,2
1257,5162,16020,2134,4071,813400,813400,813400.0,335368.66,181915.2,181915.2,0.0,0.0,488806.66,0.0,0.0,2024,2,Ação Financeiro,2024,2
1258,4896,17012,2069,4008,95428507,95428507,71928507.0,30394051.79,13085620.41,12080178.15,0.0,0.0,29571822.62,0.0,0.0,2024,2,Ação Financeiro,2024,2
1259,5364,21001,2165,4076,1000,1000,1000.0,0.0,0.0,0.0,0.0,0.0,154350.0,0.0,0.0,2024,2,Ação Financeiro,2024,2
1260,4813,11033,2086,2567,784365,784365,5268665.0,1476777.94,279592.54,754629.94,0.0,0.0,1821872.94,0.0,0.0,2024,2,Ação Financeiro,2024,2
1261,5435,11013,2000,4145,11895866,11895866,17537533.92,15204788.42,8941546.85,7706072.85,0.0,0.0,30717385.31,0.0,0.0,2024,2,Ação Financeiro,2024,2
1262,5269,11025,0,221,2450758,2450758,3301172.8,3301172.8,1231859.31,1231859.31,0.0,0.0,3331076.73,0.0,0.0,2024,2,Ação Financeiro,2024,2
1263,5086,23001,2175,1348,5122235,5122235,3834735.0,51170.0,14845.8,16015.8,0.0,0.0,76158.8,0.0,0.0,2024,2,Ação Financeiro,2024,2
1264,5003,15001,1025,2435,224816560,224816560,283168911.98,191090248.14,101816188.68,101816188.68,0.0,0.0,294285987.32,0.0,0.0,2024,2,Ação Financeiro,2024,2
1265,4920,17032,1015,1519,2000000,2000000,100000.0,0.0,0.0,0.0,0.0,0.0,0.0,0.0,0.0,2024,2,Ação Financeiro,2024,2
1266,5542,3001,2065,1192,12000000,12000000,12000000.0,35159.0,0.0,0.0,0.0,0.0,6735.0,0.0,0.0,2024,2,Ação Financeiro,2024,2
1267,4991,16001,2157,4043,1003630,1003630,4902375.22,1486496.39,256212.12,256212.12,0.0,0.0,2130318.17,0.0,0.0,2024,2,Ação Financeiro,2024,2
1268,4908,11016,2072,2654,413211,413211,413211.0,48240.0,24510.0,24510.0,0.0,0.0,48240.0,0.0,0.0,2024,2,Ação Financeiro,2024,2
1269,4825,23001,1015,2234,26175318,26175318,26175318.0,15859848.93,8465786.62,8481977.71,0.0,0.0,24917284.45,0.0,0.0,2024,2,Ação Financeiro,2024,2
1270,5264,14011,2106,1386,101293508,101293508,101140504.0,61754292.64,20013595.04,19427683.86,0.0,0.0,41858180.77,0.0,0.0,2024,2,Ação Financeiro,2024,2
1271,5098,11004,2108,2194,484758,484758,4806899.0,4181662.23,3068626.5,2963387.58,0.0,0.0,5684441.0,0.0,0.0,2024,2,Ação Financeiro,2024,2
1272,4832,18011,2098,2026,699540,699540,499540.0,387472.5,172467.8,172467.8,0.0,0.0,496656.3,0.0,0.0,2024,2,Ação Financeiro,2024,2
1273,4749,15001,1015,2087,2274961,2274961,3902839.84,2808368.22,1363332.38,1418910.41,0.0,0.0,3701318.21,0.0,0.0,2024,2,Ação Financeiro,2024,2
1274,5454,16031,2090,2448,51000,51000,51000.0,14140.0,0.0,0.0,0.0,0.0,14140.0,0.0,0.0,2024,2,Ação Financeiro,2024,2
1275,5371,3011,1018,4141,327000,327000,292857.0,134861.66,48132.81,41759.27,0.0,0.0,115463.06,0.0,0.0,2024,2,Ação Financeiro,2024,2
1276,5288,11025,2179,2428,1807000,1807000,81821491.73,73270115.16,63269861.86,63269861.86,0.0,0.0,74396009.13,0.0,0.0,2024,2,Ação Financeiro,2024,2
1277,5359,3011,1031,4135,4893000,4893000,4893000.0,4428500.0,1573641.07,1573641.07,0.0,0.0,4104793.33,0.0,0.0,2024,2,Ação Financeiro,2024,2
1278,5276,15020,2174,4116,18611863,18611863,18211863.0,17313047.53,2705142.47,2776680.19,0.0,0.0,24036239.29,0.0,0.0,2024,2,Ação Financeiro,2024,2
1279,5561,11033,2098,2583,0,0,0.0,1008000.0,345500.0,284300.0,0.0,0.0,825800.0,0.0,0.0,2024,2,Ação Financeiro,2024,2
1280,4927,15001,1015,2148,100172700,100172700,94070153.2,60462603.58,31420346.64,31405188.57,0.0,0.0,93108259.15,0.0,0.0,2024,2,Ação Financeiro,2024,2
1281,4844,18011,2154,2601,1674980,1674980,5499380.0,4258665.65,823862.55,840683.55,0.0,0.0,5301058.15,0.0,0.0,2024,2,Ação Financeiro,2024,2
1282,5549,32001,2094,1149,0,0,24187720.24,14590874.8,12095495.15,11178358.15,0.0,0.0,22581560.92,0.0,0.0,2024,2,Ação Financeiro,2024,2
1283,5283,11005,1015,4000,50000,50000,25000.0,0.0,0.0,0.0,0.0,0.0,0.0,0.0,0.0,2024,2,Ação Financeiro,2024,2
1284,5117,11033,1015,2087,264536,264536,227536.0,136458.12,89902.23,89041.13,0.0,0.0,149182.81,0.0,0.0,2024,2,Ação Financeiro,2024,2
1285,5022,16001,2158,4054,1365690,1365690,1368137.5,785429.41,0.0,0.0,0.0,0.0,614442.88,0.0,0.0,2024,2,Ação Financeiro,2024,2
1286,5390,31001,2119,2288,853999,853999,652399.0,411051.79,225836.74,225805.41,0.0,0.0,537594.29,0.0,0.0,2024,2,Ação Financeiro,2024,2
1287,4756,16031,1015,2087,2650000,2650000,5150000.0,3856707.61,1443872.71,1426929.46,0.0,0.0,4027783.73,0.0,0.0,2024,2,Ação Financeiro,2024,2
1288,4673,1001,2126,2417,150689299,150689299,150689299.0,96248788.62,50802370.88,50704435.91,0.0,0.0,162467817.44,0.0,0.0,2024,2,Ação Financeiro,2024,2
1289,5378,3011,2065,1631,855000,855000,855000.0,0.0,0.0,0.0,0.0,0.0,0.0,0.0,0.0,2024,2,Ação Financeiro,2024,2
1290,5212,11023,1015,2234,3424125,3424125,3424125.0,2257678.3,1198876.6,1176585.78,0.0,0.0,3432964.25,0.0,0.0,2024,2,Ação Financeiro,2024,2
1291,5029,16001,2158,4058,410658,410658,410658.0,0.0,0.0,0.0,0.0,0.0,0.0,0.0,0.0,2024,2,Ação Financeiro,2024,2
1292,4946,15001,2166,2237,8550138,8550138,22435425.45,15156727.51,5726809.89,7022318.86,0.0,0.0,20787904.45,0.0,0.0,2024,2,Ação Financeiro,2024,2
1293,5568,23030,2164,1651,0,0,11597289.09,11597289.09,0.0,0.0,0.0,0.0,4017976.99,0.0,0.0,2024,2,Ação Financeiro,2024,2
1294,5485,23011,2087,4068,2499999,2499999,615249.0,0.0,0.0,0.0,0.0,0.0,0.0,0.0,0.0,2024,2,Ação Financeiro,2024,2
1295,4934,15001,1015,2091,2436060,2436060,1963672.86,4016421.04,3363051.14,2966651.14,0.0,0.0,7196443.06,0.0,0.0,2024,2,Ação Financeiro,2024,2
1296,4851,11003,1015,2234,83818750,83818750,83818750.0,51875328.57,28592258.29,28584660.41,0.0,0.0,80521258.37,0.0,0.0,2024,2,Ação Financeiro,2024,2
1297,4768,14023,1015,2234,26307819,26307819,29762547.15,19254202.99,10295453.27,10295453.27,0.0,0.0,30306181.15,0.0,0.0,2024,2,Ação Financeiro,2024,2
1298,5473,15001,1015,4103,549356,549356,549356.0,0.0,0.0,0.0,0.0,0.0,0.0,0.0,0.0,2024,2,Ação Financeiro,2024,2
1299,5124,11033,1015,2091,32988,32988,34990.0,20239.63,10243.63,10243.63,0.0,0.0,29979.63,0.0,0.0,2024,2,Ação Financeiro,2024,2
1300,4958,23001,2112,2010,2000000,2000000,1905000.0,630242.92,337186.08,229212.16,0.0,0.0,992824.28,0.0,0.0,2024,2,Ação Financeiro,2024,2
1301,4692,11009,1015,2087,15082020,15082020,28647260.04,15378223.69,6580912.46,6704756.38,0.0,0.0,18594211.09,0.0,0.0,2024,2,Ação Financeiro,2024,2
1302,5397,3001,1012,2456,405000,405000,109841.51,31251.76,7639.75,7639.75,0.0,0.0,27431.58,0.0,0.0,2024,2,Ação Financeiro,2024,2
1303,5314,14012,2139,1489,11500000,11500000,8700000.0,2444500.0,1223263.02,1223263.02,0.0,0.0,2652396.53,0.0,0.0,2024,2,Ação Financeiro,2024,2
1304,5231,13006,1015,1490,671485,671485,1085485.0,740734.56,365518.0,371768.44,0.0,0.0,1081466.89,0.0,0.0,2024,2,Ação Financeiro,2024,2
1305,4680,2001,2147,2539,5800000,5800000,4300000.0,2117281.55,836509.8,728775.72,0.0,0.0,1756061.64,0.0,0.0,2024,2,Ação Financeiro,2024,2
1306,5302,11025,1015,4103,2224000,2224000,2224000.0,0.0,0.0,0.0,0.0,0.0,0.0,0.0,0.0,2024,2,Ação Financeiro,2024,2
1307,5219,15006,1015,2087,560672,560672,597672.0,459741.52,255126.12,279853.39,0.0,0.0,651501.5,0.0,0.0,2024,2,Ação Financeiro,2024,2
1308,5504,17033,1015,1490,5000,5000,5000.0,0.0,0.0,0.0,0.0,0.0,0.0,0.0,0.0,2024,2,Ação Financeiro,2024,2
1309,4953,17012,1015,2087,66694300,66694300,35538312.85,24050596.97,13889322.79,13669393.37,0.0,0.0,27100755.34,0.0,0.0,2024,2,Ação Financeiro,2024,2
1310,4870,2001,1011,4073,34269771,34269771,32869771.0,21037547.59,11181781.15,11181781.15,0.0,0.0,37538696.51,0.0,0.0,2024,2,Ação Financeiro,2024,2
1311,4787,17034,1015,2234,14480932,14480932,14480932.0,8599386.09,4685094.69,4685094.69,0.0,0.0,13235586.93,0.0,0.0,2024,2,Ação Financeiro,2024,2
1312,5492,16001,2156,4109,52315474,52315474,36614248.27,22822878.58,11014767.25,11014767.25,0.0,0.0,33920832.88,0.0,0.0,2024,2,Ação Financeiro,2024,2
1313,5409,3011,1013,4077,7071000,7071000,8408170.0,144585.8,53277.88,57599.54,0.0,0.0,6702886.19,0.0,0.0,2024,2,Ação Financeiro,2024,2
1314,5326,17010,1015,2087,550000,550000,550000.0,269885.3,199927.36,187524.68,0.0,0.0,478719.56,0.0,0.0,2024,2,Ação Financeiro,2024,2
1315,5226,29001,1280,2960,4223000,4223000,4223000.0,2196489.88,1141000.54,1141000.54,0.0,0.0,3269839.28,0.0,0.0,2024,2,Ação Financeiro,2024,2
1316,5214,11025,1015,2234,118107837,118107837,118107837.0,64815763.05,32894517.66,32894517.66,0.0,0.0,100033742.05,0.0,0.0,2024,2,Ação Financeiro,2024,2
1317,5119,11033,1015,2234,2077285,2077285,2141199.21,1343161.6,705823.8,690188.73,0.0,0.0,2065546.08,0.0,0.0,2024,2,Ação Financeiro,2024,2
1318,4782,18001,1015,2087,2915749,2915749,3883129.0,3470056.59,1660897.37,1690351.77,0.0,0.0,4710867.88,0.0,0.0,2024,2,Ação Financeiro,2024,2
1319,5487,17012,2189,4158,429972,429972,693276.0,314205.0,121499.19,120374.19,0.0,0.0,168482.0,0.0,0.0,2024,2,Ação Financeiro,2024,2
1320,5404,13001,2184,4154,308864,308864,408864.0,200756.3,129959.1,129959.1,0.0,0.0,261892.2,0.0,0.0,2024,2,Ação Financeiro,2024,2
1321,4853,11003,0,23,16499305,16499305,28979734.08,28664783.41,14488013.31,14354436.82,0.0,0.0,42542348.15,0.0,0.0,2024,2,Ação Financeiro,2024,2
1322,4770,11020,1015,2087,1040191,1040191,866379.0,25118.39,7012.04,7012.04,0.0,0.0,51648.54,0.0,0.0,2024,2,Ação Financeiro,2024,2
1323,4687,2011,1220,2977,3050000,3050000,3050000.0,312862.96,133363.69,133021.69,0.0,0.0,373718.8,0.0,0.0,2024,2,Ação Financeiro,2024,2
1324,5392,3001,1012,2072,15788000,15788000,15613000.0,8097164.03,4156680.97,4151140.97,0.0,0.0,12255454.62,0.0,0.0,2024,2,Ação Financeiro,2024,2
1325,5309,17013,2152,2507,103919096,103919096,0.0,0.0,0.0,0.0,0.0,0.0,0.0,0.0,0.0,2024,2,Ação Financeiro,2024,2
1326,4758,15001,1015,1490,4552884,4552884,5289404.04,3524222.89,1859891.32,1859891.32,0.0,0.0,5826391.73,0.0,0.0,2024,2,Ação Financeiro,2024,2
1327,5126,15020,1015,2234,147394344,147394344,140394344.0,102672996.35,35555731.84,35867612.0,0.0,0.0,106587650.94,0.0,0.0,2024,2,Ação Financeiro,2024,2
1328,5043,21001,1015,1449,900000,900000,1233600.0,1083600.0,618859.12,618859.12,0.0,0.0,1702696.92,0.0,0.0,2024,2,Ação Financeiro,2024,2
1329,4960,23001,2112,2837,5650000,5650000,4301553.4,2432606.84,1049215.36,1649215.36,0.0,0.0,2546130.2,0.0,0.0,2024,2,Ação Financeiro,2024,2
1330,5499,16001,2158,4105,11370780,11370780,8545780.0,4467421.82,2075937.88,2075937.88,0.0,0.0,6572679.63,0.0,0.0,2024,2,Ação Financeiro,2024,2
1331,4948,15001,2166,2279,727520,727520,1327520.0,489393.01,136994.26,111546.05,0.0,0.0,228180.45,0.0,0.0,2024,2,Ação Financeiro,2024,2
1332,5570,21011,1015,2087,0,0,0.0,208034.67,45804.95,45804.95,0.0,0.0,176127.01,0.0,0.0,2024,2,Ação Financeiro,2024,2
1333,4865,11003,2155,2605,200000,200000,0.0,0.0,0.0,0.0,0.0,0.0,0.0,0.0,0.0,2024,2,Ação Financeiro,2024,2
1334,5233,13006,2097,2096,100000,100000,100000.0,45540.0,44100.0,44100.0,0.0,0.0,63890.0,0.0,0.0,2024,2,Ação Financeiro,2024,2
1335,5150,11022,1260,2330,241300,241300,241300.0,150002.3,117245.13,109984.3,0.0,0.0,171742.79,0.0,0.0,2024,2,Ação Financeiro,2024,2
1336,5138,21001,1015,1490,2000000,2000000,2630000.0,2592504.56,1335994.19,1354487.84,0.0,0.0,3925918.39,0.0,0.0,2024,2,Ação Financeiro,2024,2
1337,5055,21001,2102,2237,1200000,1200000,1200000.0,0.0,0.0,0.0,0.0,0.0,38328.64,0.0,0.0,2024,2,Ação Financeiro,2024,2
1338,4872,2001,1011,2543,5550000,5550000,2850000.0,1562252.72,742500.32,742500.32,0.0,0.0,2310136.55,0.0,0.0,2024,2,Ação Financeiro,2024,2
1339,5494,32001,1015,4103,250000,250000,250000.0,34017.0,19062.0,19062.0,0.0,0.0,50126.0,0.0,0.0,2024,2,Ação Financeiro,2024,2
1340,4789,11026,2012,2846,1279393,1279393,1279393.0,553234.94,271836.98,271836.98,0.0,0.0,987073.92,0.0,0.0,2024,2,Ação Financeiro,2024,2
1341,4706,19023,1015,2087,19192700,19192700,12747700.0,9201893.84,4425261.29,4197460.88,0.0,0.0,12041927.52,0.0,0.0,2024,2,Ação Financeiro,2024,2
1342,5411,15003,1015,4103,303744,303744,303744.0,38386.01,13061.0,13061.0,0.0,0.0,37947.5,0.0,0.0,2024,2,Ação Financeiro,2024,2
1343,4777,11009,1015,2234,130453257,130453257,130653257.0,62946784.97,32647309.96,32647855.66,0.0,0.0,97694708.1,0.0,0.0,2024,2,Ação Financeiro,2024,2
1344,4694,17032,1015,2087,6439743,6439743,15499423.76,9814071.22,3946877.29,3637571.67,0.0,0.0,14723067.4,0.0,0.0,2024,2,Ação Financeiro,2024,2
1345,5316,31001,1015,2087,128901,128901,383286.0,172054.43,109614.3,109207.5,0.0,0.0,699467.14,0.0,0.0,2024,2,Ação Financeiro,2024,2
1346,4979,16001,2157,1579,136765557,136765557,167491847.75,64879097.21,37783788.96,37783788.96,0.0,0.0,122507288.96,0.0,0.0,2024,2,Ação Financeiro,2024,2
1347,5518,16001,2157,1648,975247,975247,217725.0,0.0,0.0,0.0,0.0,0.0,0.0,0.0,0.0,2024,2,Ação Financeiro,2024,2
1348,4967,13001,1015,2486,1000,1000,375000.0,370701.96,140000.0,140000.0,0.0,0.0,370701.96,0.0,0.0,2024,2,Ação Financeiro,2024,2
1349,4884,16020,1015,2091,728000,728000,728000.0,388649.39,216833.86,216833.86,0.0,0.0,610119.06,0.0,0.0,2024,2,Ação Financeiro,2024,2
1350,4801,11020,1015,2096,950000,950000,1123812.0,738992.6,385831.23,329623.29,0.0,0.0,820465.17,0.0,0.0,2024,2,Ação Financeiro,2024,2
1351,5506,11023,1015,4103,90000,90000,90000.0,20000.0,15592.71,15592.71,0.0,0.0,41426.98,0.0,0.0,2024,2,Ação Financeiro,2024,2
1352,5240,17012,2084,4006,390123,390123,2270000.0,969497.34,518844.7,498704.08,0.0,0.0,970254.37,0.0,0.0,2024,2,Ação Financeiro,2024,2
1353,5157,16001,2176,4095,32342036,32342036,44686036.0,10668433.02,10321523.05,9798638.78,0.0,0.0,21867403.92,0.0,0.0,2024,2,Ação Financeiro,2024,2
1354,5074,18012,2080,2399,1665101,1665101,1665101.0,329212.87,128527.42,128527.42,0.0,0.0,893715.24,0.0,0.0,2024,2,Ação Financeiro,2024,2
1355,4725,11009,2041,4547,1260846,1260846,1260846.0,0.0,0.0,0.0,0.0,0.0,0.0,0.0,0.0,2024,2,Ação Financeiro,2024,2
1356,5430,3001,1014,4079,3568000,3568000,3568000.0,2854400.0,1226370.24,1226370.24,0.0,0.0,2863223.38,0.0,0.0,2024,2,Ação Financeiro,2024,2
1357,4796,11009,2112,2011,10579742,10579742,10951684.71,6803804.17,2971603.78,3171311.58,0.0,0.0,8251978.67,0.0,0.0,2024,2,Ação Financeiro,2024,2
1358,5335,32001,1015,2234,4158931,4158931,4339931.0,2851252.83,1513910.6,1425939.9,0.0,0.0,4852769.96,0.0,0.0,2024,2,Ação Financeiro,2024,2
1359,5252,15005,1015,2096,148671,148671,148671.0,0.0,0.0,0.0,0.0,0.0,0.0,0.0,0.0,2024,2,Ação Financeiro,2024,2
1360,5169,16020,2134,2558,3695000,3695000,3695000.0,1300131.1,794199.65,819317.89,0.0,0.0,2220521.54,0.0,0.0,2024,2,Ação Financeiro,2024,2
1361,5525,11009,2041,4545,950000,950000,950000.0,0.0,0.0,0.0,0.0,0.0,950000.0,0.0,0.0,2024,2,Ação Financeiro,2024,2
1362,4891,23030,1015,2091,2656800,2656800,2656800.0,1552713.13,769415.35,769415.35,0.0,0.0,2268195.29,0.0,0.0,2024,2,Ação Financeiro,2024,2
1363,5513,17012,2189,4157,19115,19115,315480.78,221634.22,35436.82,35436.82,0.0,0.0,77267.72,0.0,0.0,2024,2,Ação Financeiro,2024,2
1364,4808,18001,2153,2229,542810,542810,192810.0,65593.0,61988.5,61988.5,0.0,0.0,76789.8,0.0,0.0,2024,2,Ação Financeiro,2024,2
1365,5164,16001,2176,4099,2700000,2700000,2700000.0,0.0,0.0,0.0,0.0,0.0,0.0,0.0,0.0,2024,2,Ação Financeiro,2024,2
1366,4998,16001,2158,1582,937695,937695,0.0,0.0,0.0,0.0,0.0,0.0,0.0,0.0,0.0,2024,2,Ação Financeiro,2024,2
1367,5354,3011,2065,1632,6150000,6150000,6150000.0,0.0,0.0,0.0,0.0,0.0,0.0,0.0,0.0,2024,2,Ação Financeiro,2024,2
1368,5271,11025,1015,2087,11578600,11578600,9987194.3,6204666.78,2222790.17,2135311.35,0.0,0.0,6167410.12,0.0,0.0,2024,2,Ação Financeiro,2024,2
1369,4720,11009,2128,2172,26674219,26674219,26674219.0,17547790.13,8310526.82,8474766.56,0.0,0.0,19326625.95,0.0,0.0,2024,2,Ação Financeiro,2024,2
1370,5188,15020,2172,2276,22704000,22704000,20684000.0,10625905.16,5900273.59,4342174.16,0.0,0.0,14412556.56,0.0,0.0,2024,2,Ação Financeiro,2024,2
1371,5259,15005,2182,4122,7603073,7603073,17603073.0,11325000.0,5161688.01,3827691.36,0.0,0.0,14166167.11,0.0,0.0,2024,2,Ação Financeiro,2024,2
1372,4922,17032,2105,4031,2419500,2419500,2288508.58,0.0,0.0,0.0,0.0,0.0,0.0,0.0,0.0,2024,2,Ação Financeiro,2024,2
1373,4839,18001,2153,2580,1469339,1469339,3537112.0,756889.6,20649.3,20649.3,0.0,0.0,3164451.08,0.0,0.0,2024,2,Ação Financeiro,2024,2
1374,5461,19023,1015,4103,475200,475200,475200.0,65000.0,34241.0,34241.0,0.0,0.0,100619.63,0.0,0.0,2024,2,Ação Financeiro,2024,2
1375,5532,31010,2129,2427,173000,173000,473000.0,300000.0,192729.5,192729.5,0.0,0.0,810734.67,0.0,0.0,2024,2,Ação Financeiro,2024,2
1376,4744,14023,0,221,10400000,10400000,10678000.0,275170.66,93914.26,97715.73,0.0,0.0,9923315.4,0.0,0.0,2024,2,Ação Financeiro,2024,2
1377,5449,11013,2000,4149,4800729,4800729,6475408.45,3731885.45,1662551.01,1676179.35,0.0,0.0,4427215.68,0.0,0.0,2024,2,Ação Financeiro,2024,2
1378,5366,21001,2165,1625,1000,1000,1000.0,0.0,0.0,0.0,0.0,0.0,4800.0,0.0,0.0,2024,2,Ação Financeiro,2024,2
1379,4815,11010,2085,4027,1464159,1464159,1597059.0,1206942.93,680576.01,842928.07,0.0,0.0,1292696.34,0.0,0.0,2024,2,Ação Financeiro,2024,2
1380,5183,11023,2051,2191,400000,400000,400000.0,175000.0,99235.0,99235.0,0.0,0.0,291920.0,0.0,0.0,2024,2,Ação Financeiro,2024,2
1381,5100,30001,1007,2520,57262625,57262625,57262625.0,35010516.73,18164377.61,18143410.83,0.0,0.0,57717690.62,0.0,0.0,2024,2,Ação Financeiro,2024,2
1382,5017,16001,2158,1618,320683,320683,1955125.44,709457.38,194786.42,194786.42,0.0,0.0,1016442.8,0.0,0.0,2024,2,Ação Financeiro,2024,2
1383,5005,23001,2162,2073,40000,40000,11457056.44,4081600.0,2674100.0,2644400.0,0.0,0.0,8068495.0,0.0,0.0,2024,2,Ação Financeiro,2024,2
1384,5373,3011,2065,1480,6695000,6695000,9179156.46,8041228.98,2382702.04,2193302.33,0.0,0.0,7072613.0,0.0,0.0,2024,2,Ação Financeiro,2024,2
1385,5290,27001,2183,1638,18714629,18714629,20383241.94,10465294.45,3078851.99,2802840.48,0.0,0.0,9347268.63,0.0,0.0,2024,2,Ação Financeiro,2024,2
1386,4739,14023,1000,2096,1870000,1870000,3209406.59,2694842.49,2023136.56,1944942.35,0.0,0.0,4267222.25,0.0,0.0,2024,2,Ação Financeiro,2024,2
1387,5207,23012,2168,2348,11609900,11609900,11609900.0,7145710.0,2910426.04,2910426.04,0.0,0.0,10693449.19,0.0,0.0,2024,2,Ação Financeiro,2024,2
1388,5278,27001,2130,1640,1000000,1000000,1000000.0,0.0,0.0,0.0,0.0,0.0,0.0,0.0,0.0,2024,2,Ação Financeiro,2024,2
1389,5195,29001,1019,2854,65765020,65765020,65765020.0,45970294.99,16121933.83,16121933.83,0.0,0.0,65633780.6,0.0,0.0,2024,2,Ação Financeiro,2024,2
1390,5112,30011,1008,1520,1000,1000,1000.0,0.0,0.0,0.0,0.0,0.0,0.0,0.0,0.0,2024,2,Ação Financeiro,2024,2
1391,5480,15011,2110,1487,1291553,1291553,1493553.0,476979.98,184813.8,184813.8,0.0,0.0,966631.82,0.0,0.0,2024,2,Ação Financeiro,2024,2
1392,4929,15001,1015,2150,58008012,58008012,48234111.07,30351749.48,14970591.13,14970591.13,0.0,0.0,45300185.02,0.0,0.0,2024,2,Ação Financeiro,2024,2
1393,5551,32001,2094,1157,0,0,180000.0,104756.94,48291.71,48394.57,0.0,0.0,104653.94,0.0,0.0,2024,2,Ação Financeiro,2024,2
1394,4763,17032,1015,2234,30231214,30231214,30231214.0,18064911.57,9829585.19,9828371.23,0.0,0.0,27787804.75,0.0,0.0,2024,2,Ação Financeiro,2024,2
1395,5468,27001,1015,4103,1000000,1000000,2277154.0,0.0,0.0,0.0,0.0,0.0,0.0,0.0,0.0,2024,2,Ação Financeiro,2024,2
1396,5385,15003,2166,2269,1874600,1874600,2313600.0,1678792.89,940855.3,931955.3,0.0,0.0,2330279.92,0.0,0.0,2024,2,Ação Financeiro,2024,2
1397,4834,18011,2098,2280,1080600,1080600,880600.0,385025.25,135005.04,135005.04,0.0,0.0,1526861.01,0.0,0.0,2024,2,Ação Financeiro,2024,2
1398,4751,19025,2024,4234,59067967,59067967,57467967.0,34296187.43,17720586.77,17720586.77,0.0,0.0,52985749.48,0.0,0.0,2024,2,Ação Financeiro,2024,2
1399,4668,1001,1006,2408,3834000,3834000,3834000.0,3678999.96,1083149.33,1083149.33,0.0,0.0,3164015.34,0.0,0.0,2024,2,Ação Financeiro,2024,2
1400,5036,17032,0,221,500000,500000,500000.0,21451.21,13020.0,13020.0,0.0,0.0,21451.21,0.0,0.0,2024,2,Ação Financeiro,2024,2
1401,5107,30001,2043,2526,350000,350000,135000.0,0.0,0.0,0.0,0.0,0.0,18490.5,0.0,0.0,2024,2,Ação Financeiro,2024,2
1402,5024,16001,2158,1621,9600000,9600000,3896.06,0.0,0.0,0.0,0.0,0.0,0.0,0.0,0.0,2024,2,Ação Financeiro,2024,2
1403,5563,19025,2004,1087,0,0,0.0,0.0,0.0,0.0,0.0,0.0,59370.0,0.0,0.0,2024,2,Ação Financeiro,2024,2
1404,5250,13001,2178,4111,1001606,1001606,1001606.0,130723.4,117158.0,117158.0,0.0,0.0,130723.4,0.0,0.0,2024,3,Ação Financeiro,2024,3
1405,5167,16001,2176,4101,4800000,4800000,2957443.34,908701.82,0.0,0.0,0.0,0.0,908701.82,0.0,0.0,2024,3,Ação Financeiro,2024,3
1406,5084,19014,0,9999,1858000,1858000,1858000.0,10094.68,9086.48,9086.48,0.0,0.0,10094.68,0.0,0.0,2024,3,Ação Financeiro,2024,3
1407,5072,19017,2004,1087,7732317,7732317,8905548.7,2186038.88,177733.45,304080.68,0.0,0.0,1790870.5,0.0,0.0,2024,3,Ação Financeiro,2024,3
1408,4989,16001,2157,4042,136203825,136203825,139745914.24,136630372.46,41984181.51,42978057.57,0.0,0.0,135373989.47,0.0,0.0,2024,3,Ação Financeiro,2024,3
1409,4906,17012,2069,2764,5143171,5143171,5251226.44,5251225.98,0.0,0.0,0.0,0.0,2625613.22,0.0,0.0,2024,3,Ação Financeiro,2024,3
1410,4977,16001,2156,1578,6742423,6742423,35333308.63,35113308.63,5630788.82,5630788.82,0.0,0.0,10668140.48,0.0,0.0,2024,3,Ação Financeiro,2024,3
1411,4894,14025,0,130,4576000,4576000,4576000.0,1073999.0,217095.83,217095.83,0.0,0.0,709545.83,0.0,0.0,2024,3,Ação Financeiro,2024,3
1412,4811,11033,2086,2086,3537159,3537159,4553946.0,3449790.14,1608811.94,1672371.94,0.0,0.0,3449790.14,0.0,0.0,2024,3,Ação Financeiro,2024,3
1413,5516,14001,1015,4103,78200,78200,78200.0,0.0,0.0,0.0,0.0,0.0,0.0,0.0,0.0,2024,3,Ação Financeiro,2024,3
1414,5547,32001,2094,1008,0,0,493230.6,464994.0,285000.0,285000.0,0.0,0.0,463934.0,0.0,0.0,2024,3,Ação Financeiro,2024,3
1415,4996,16001,2158,4046,2466041,2466041,450158.67,450158.67,325665.56,325665.56,0.0,0.0,449948.4,0.0,0.0,2024,3,Ação Financeiro,2024,3
1416,4913,15003,1015,2087,7905920,7905920,16794940.12,16338799.02,5553804.15,5625631.69,0.0,0.0,13703413.45,0.0,0.0,2024,3,Ação Financeiro,2024,3
1417,4830,18001,2153,2587,196100,196100,39100.0,11080.5,4672.5,4672.5,0.0,0.0,11080.5,0.0,0.0,2024,3,Ação Financeiro,2024,3
1418,5452,16031,2090,2247,39000,39000,39000.0,26742.44,1346.76,1346.76,0.0,0.0,19696.76,0.0,0.0,2024,3,Ação Financeiro,2024,3
1419,4818,19025,1015,2234,21724740,21724740,18524740.0,17405218.1,6179187.64,6179187.64,0.0,0.0,17405218.1,0.0,0.0,2024,3,Ação Financeiro,2024,3
1420,4735,14002,0,18,653952003,653952003,561417771.8,561417771.8,181213266.84,181213266.84,0.0,0.0,561417771.8,0.0,0.0,2024,3,Ação Financeiro,2024,3
1421,5440,15006,2166,1381,1000,1000,1000.0,0.0,0.0,0.0,0.0,0.0,0.0,0.0,0.0,2024,3,Ação Financeiro,2024,3
1422,4806,18001,2153,1492,200000,200000,1674258.7,1277206.82,295072.24,295072.24,0.0,0.0,472865.39,0.0,0.0,2024,3,Ação Financeiro,2024,3
1423,5274,14011,2106,4115,54619582,54619582,70717803.14,64174761.45,13968363.3,15051363.59,0.0,0.0,61847803.9,0.0,0.0,2024,3,Ação Financeiro,2024,3
1424,4723,11009,2041,2497,550000,550000,1125000.0,1125000.0,445000.0,445000.0,0.0,0.0,1125000.0,0.0,0.0,2024,3,Ação Financeiro,2024,3
1425,5262,15005,1015,4123,593290,593290,21118.0,21118.0,0.0,0.0,0.0,0.0,21118.0,0.0,0.0,2024,3,Ação Financeiro,2024,3
1426,5179,19001,2003,2489,50000,50000,50000.0,0.0,0.0,0.0,0.0,0.0,0.0,0.0,0.0,2024,3,Ação Financeiro,2024,3
1427,4825,23001,1015,2234,26175318,26175318,26174761.0,24917284.45,9057435.52,9338543.57,0.0,0.0,24917284.45,0.0,0.0,2024,3,Ação Financeiro,2024,3
1428,4742,14023,1000,2459,40000,40000,7756.25,7756.25,0.0,0.0,0.0,0.0,0.0,0.0,0.0,2024,3,Ação Financeiro,2024,3
1429,4659,2001,1019,2854,31783676,31783676,31783676.0,28008205.68,9831598.0,9951802.19,0.0,0.0,28008205.68,0.0,0.0,2024,3,Ação Financeiro,2024,3
1430,5364,21001,2165,4076,1000,1000,791332.03,204155.39,154350.0,154350.0,0.0,0.0,154350.0,0.0,0.0,2024,3,Ação Financeiro,2024,3
1431,5281,11025,2106,1386,68358361,68358361,219691662.91,197207807.25,83908432.47,76640001.44,0.0,0.0,118152353.83,0.0,0.0,2024,3,Ação Financeiro,2024,3
1432,5198,31010,2161,4070,63000,63000,1300614.43,1068400.0,1068400.0,1068400.0,0.0,0.0,1068400.0,0.0,0.0,2024,3,Ação Financeiro,2024,3
1433,5269,11025,0,221,2450758,2450758,3420358.65,3420358.65,1279967.01,1279967.01,0.0,0.0,3331076.73,0.0,0.0,2024,3,Ação Financeiro,2024,3
1434,5186,15020,2171,1634,2000000,2000000,0.0,0.0,0.0,0.0,0.0,0.0,0.0,0.0,0.0,2024,3,Ação Financeiro,2024,3
1435,5103,30001,1007,1520,1139188,1139188,359188.0,0.0,0.0,0.0,0.0,0.0,0.0,0.0,0.0,2024,3,Ação Financeiro,2024,3
1436,5091,23016,2116,2267,131272,131272,131096.85,63652.84,55516.19,55516.19,0.0,0.0,63652.84,0.0,0.0,2024,3,Ação Financeiro,2024,3
1437,5008,23001,2162,4067,3103232,3103232,2085676.74,0.0,0.0,0.0,0.0,0.0,0.0,0.0,0.0,2024,3,Ação Financeiro,2024,3
1438,5110,30001,2145,2529,18600,18600,41800.0,30415.0,7513.0,6924.4,0.0,0.0,30415.0,0.0,0.0,2024,3,Ação Financeiro,2024,3
1439,5027,16001,2158,4056,3066645,3066645,4740761.34,4700212.22,1690819.06,1690819.06,0.0,0.0,4700212.22,0.0,0.0,2024,3,Ação Financeiro,2024,3
1440,4944,15001,2166,2154,58344631,58344631,60675460.65,60204830.84,24003307.03,25521156.23,0.0,0.0,55218968.76,0.0,0.0,2024,3,Ação Financeiro,2024,3
1441,5566,31010,1015,1490,0,0,10000.0,274.75,274.75,274.75,0.0,0.0,274.75,0.0,0.0,2024,3,Ação Financeiro,2024,3
1442,4932,15001,1015,2411,63878597,63878597,52689693.78,52682632.1,18750600.17,19287417.21,0.0,0.0,52674712.95,0.0,0.0,2024,3,Ação Financeiro,2024,3
1443,4849,11008,1015,2087,1031066,1031066,1366394.58,729755.78,302249.48,282541.7,0.0,0.0,666789.66,0.0,0.0,2024,3,Ação Financeiro,2024,3
1444,5554,32001,2093,1051,0,0,2541370.44,2332644.72,320056.33,200850.89,0.0,0.0,1375826.38,0.0,0.0,2024,3,Ação Financeiro,2024,3
1445,5471,17012,1015,1449,300000,300000,3050000.0,3050000.0,1439888.0,1439888.0,0.0,0.0,2255480.0,0.0,0.0,2024,3,Ação Financeiro,2024,3
1446,4920,17032,1015,1519,2000000,2000000,0.0,0.0,0.0,0.0,0.0,0.0,0.0,0.0,0.0,2024,3,Ação Financeiro,2024,3
1447,4837,18011,2098,2590,7040340,7040340,15079997.17,12688198.12,5873342.1,5889273.1,0.0,0.0,10132184.84,0.0,0.0,2024,3,Ação Financeiro,2024,3
1448,4754,13001,0,256,278751152,278751152,29282741.5,0.0,0.0,0.0,0.0,0.0,0.0,0.0,0.0,2024,3,Ação Financeiro,2024,3
1449,5459,11006,1015,2096,220000,220000,220000.0,204663.56,51733.28,51733.28,0.0,0.0,196885.8,0.0,0.0,2024,3,Ação Financeiro,2024,3
1450,5376,3011,1017,2478,8303000,8303000,11029834.38,10158980.37,4566268.88,4686980.29,0.0,0.0,9861181.16,0.0,0.0,2024,3,Ação Financeiro,2024,3
1451,4773,11004,1015,2234,2065991,2065991,2061597.86,2025881.66,791214.53,809392.29,0.0,0.0,2025781.66,0.0,0.0,2024,3,Ação Financeiro,2024,3
1452,5478,11033,1015,4103,60000,60000,60000.0,57807.0,20765.49,20765.49,0.0,0.0,52464.91,0.0,0.0,2024,3,Ação Financeiro,2024,3
1453,5395,3011,1013,2189,54492000,54492000,50792992.0,46946816.58,16051896.1,13096893.49,0.0,0.0,31361707.49,0.0,0.0,2024,3,Ação Financeiro,2024,3
1454,4844,18011,2154,2601,1674980,1674980,5452745.08,5390580.85,2639803.0,2639803.0,0.0,0.0,5301058.15,0.0,0.0,2024,3,Ação Financeiro,2024,3
1455,5312,14012,2139,1487,3750000,3750000,4750000.0,3764286.24,123297.7,24727.27,0.0,0.0,3699695.54,0.0,0.0,2024,3,Ação Financeiro,2024,3
1456,4761,11004,1015,2091,142800,142800,136209.0,118851.64,38716.99,38716.99,0.0,0.0,118851.64,0.0,0.0,2024,3,Ação Financeiro,2024,3
1457,5383,3001,1012,2482,783781619,783781619,783781619.0,745518838.99,303127581.4,294928561.9,0.0,0.0,745518838.99,0.0,0.0,2024,3,Ação Financeiro,2024,3
1458,5300,32013,2093,4023,2824032,2824032,28939518.68,25458993.32,7966680.0,6281680.0,0.0,0.0,8257201.69,0.0,0.0,2024,3,Ação Financeiro,2024,3
1459,4666,1001,1006,2405,22542271,22542271,25635732.6,23767253.25,14022156.99,14142764.56,0.0,0.0,19273725.8,0.0,0.0,2024,3,Ação Financeiro,2024,3
1460,5288,11025,2179,2428,1807000,1807000,108958339.72,106276843.89,8971079.1,8971079.1,0.0,0.0,74396009.13,0.0,0.0,2024,3,Ação Financeiro,2024,3
1461,5205,15020,2174,2064,22800000,22800000,35624604.7,14944540.41,6565149.55,5665743.77,0.0,0.0,13503023.35,0.0,0.0,2024,3,Ação Financeiro,2024,3
1462,5122,15020,1015,2087,30448000,30448000,29103774.63,23720339.34,6473127.85,6901411.28,0.0,0.0,17015259.7,0.0,0.0,2024,3,Ação Financeiro,2024,3
1463,5236,15014,1015,2096,550000,550000,550000.0,516384.97,129067.3,286567.3,0.0,0.0,384536.3,0.0,0.0,2024,3,Ação Financeiro,2024,3
1464,4685,2001,1010,2973,20950000,20950000,12839000.0,12464108.87,3634863.62,3731108.15,0.0,0.0,11849984.14,0.0,0.0,2024,3,Ação Financeiro,2024,3
1465,5224,19001,2011,2485,190000,190000,59150763.1,57979117.13,28987720.79,25292835.79,0.0,0.0,42569328.42,0.0,0.0,2024,3,Ação Financeiro,2024,3
1466,5141,29012,1280,2002,2779980,2779980,16875963.61,7101329.04,3596622.75,3628984.61,0.0,0.0,5774361.39,0.0,0.0,2024,3,Ação Financeiro,2024,3
1467,5212,11023,1015,2234,3424125,3424125,3944077.26,3564731.42,1175285.95,1204847.82,0.0,0.0,3432964.25,0.0,0.0,2024,3,Ação Financeiro,2024,3
1468,5129,17033,1015,2091,187200,187200,237600.0,214854.44,71628.16,71628.16,0.0,0.0,214854.44,0.0,0.0,2024,3,Ação Financeiro,2024,3
1469,5046,23002,1015,2234,3253073,3253073,3192350.0,1313066.71,862771.26,940953.75,0.0,0.0,1313066.71,0.0,0.0,2024,3,Ação Financeiro,2024,3
1470,5034,16020,2134,2355,900000,900000,2228160.0,1100652.65,484590.69,484590.69,0.0,0.0,583517.49,0.0,0.0,2024,3,Ação Financeiro,2024,3
1471,4951,17012,1015,1490,85436978,85436978,277159562.1,277003025.71,102494818.14,102494818.14,0.0,0.0,277003025.71,0.0,0.0,2024,3,Ação Financeiro,2024,3
1472,4868,11006,2000,2009,180000,180000,1720000.0,1598756.9,822993.29,822993.29,0.0,0.0,1590516.9,0.0,0.0,2024,3,Ação Financeiro,2024,3
1473,5604,15015,2087,2197,0,0,0.0,307390.0,0.0,0.0,0.0,0.0,0.0,0.0,0.0,2024,3,Ação Financeiro,2024,3
1474,5053,21001,2102,2950,500000,500000,163920.45,52587.95,15551.0,15551.0,0.0,0.0,51386.21,0.0,0.0,2024,3,Ação Financeiro,2024,3
1475,4970,16001,1015,4033,1040168,1040168,112017.93,112017.93,3392.53,3392.53,0.0,0.0,103517.93,0.0,0.0,2024,3,Ação Financeiro,2024,3
1476,4887,11026,1015,2234,3952846,3952846,4365838.15,4325366.33,1493737.18,1493737.18,0.0,0.0,4325366.33,0.0,0.0,2024,3,Ação Financeiro,2024,3
1477,5592,2011,1010,2973,0,0,6553786.9,6474182.62,1857714.49,1857714.49,0.0,0.0,1857714.49,0.0,0.0,2024,3,Ação Financeiro,2024,3
1478,5509,17012,2034,2442,11899435,11899435,11899435.0,80695.63,0.0,0.0,0.0,0.0,80695.62,0.0,0.0,2024,3,Ação Financeiro,2024,3
1479,4958,23001,2112,2010,2000000,2000000,2782555.26,1903477.91,513128.49,266685.41,0.0,0.0,992824.28,0.0,0.0,2024,3,Ação Financeiro,2024,3
1480,4792,17034,2023,2946,800000,800000,1405767.0,1200167.48,288057.95,288057.95,0.0,0.0,746929.26,0.0,0.0,2024,3,Ação Financeiro,2024,3
1481,5331,3011,2065,1507,18521000,18521000,17921000.0,6416266.43,2433573.53,2211500.88,0.0,0.0,4738008.93,0.0,0.0,2024,3,Ação Financeiro,2024,3
1482,4780,11022,1015,2091,1992624,1992624,1472624.0,1022523.07,340093.51,340093.51,0.0,0.0,1022523.07,0.0,0.0,2024,3,Ação Financeiro,2024,3
1483,4697,19025,1015,2087,3913445,3913445,3670067.88,1763299.77,887217.02,910543.64,0.0,0.0,1705444.5,0.0,0.0,2024,3,Ação Financeiro,2024,3
1484,5402,3011,1013,1627,5308000,5308000,2242446.0,1606421.44,218044.43,143711.1,0.0,0.0,218044.43,0.0,0.0,2024,3,Ação Financeiro,2024,3
1485,5433,11013,2000,4144,8700000,8700000,8700000.0,3429121.82,1056247.07,1114622.04,0.0,0.0,3258998.74,0.0,0.0,2024,3,Ação Financeiro,2024,3
1486,4799,17032,1015,2096,1153415,1153415,197628.0,105808.8,7877.5,38535.93,0.0,0.0,71308.8,0.0,0.0,2024,3,Ação Financeiro,2024,3
1487,4716,14002,0,130,159941129,159941129,158714197.58,122022948.54,41844605.3,41873582.17,0.0,0.0,122022948.54,0.0,0.0,2024,3,Ação Financeiro,2024,3
1488,5255,15005,2182,4120,254247,254247,27060.0,27060.0,3660.0,3660.0,0.0,0.0,27060.0,0.0,0.0,2024,3,Ação Financeiro,2024,3
1489,4704,19023,1015,2096,1000000,1000000,550000.0,381295.29,195277.58,195277.58,0.0,0.0,379545.29,0.0,0.0,2024,3,Ação Financeiro,2024,3
1490,5326,17010,1015,2087,550000,550000,550000.0,532111.45,208834.26,221236.94,0.0,0.0,478719.56,0.0,0.0,2024,3,Ação Financeiro,2024,3
1491,5160,15020,1015,2091,60337996,60337996,67337996.0,54600654.64,17162902.68,17162902.68,0.0,0.0,54600654.64,0.0,0.0,2024,3,Ação Financeiro,2024,3
1492,5231,13006,1015,1490,671485,671485,1121539.04,1081466.89,340732.33,352570.96,0.0,0.0,1081466.89,0.0,0.0,2024,3,Ação Financeiro,2024,3
1493,5148,29001,1280,2976,19779850,19779850,8716850.0,6756390.85,2790029.61,2868838.33,0.0,0.0,6272197.97,0.0,0.0,2024,3,Ação Financeiro,2024,3
1494,5065,13006,1015,2234,18975484,18975484,20376268.88,20351807.48,7141724.38,7012931.19,0.0,0.0,20351807.48,0.0,0.0,2024,3,Ação Financeiro,2024,3
1495,5333,32001,1015,2087,2712071,2712071,3756474.63,3608974.63,1112452.84,1066023.11,0.0,0.0,2945872.39,0.0,0.0,2024,3,Ação Financeiro,2024,3
1496,4782,18001,1015,2087,2915749,2915749,5580068.01,5348334.91,1887833.33,1905513.89,0.0,0.0,4710867.88,0.0,0.0,2024,3,Ação Financeiro,2024,3
1497,4699,19023,2096,2631,3465000,3465000,2390000.0,2102305.73,751360.21,720790.21,0.0,0.0,2058902.67,0.0,0.0,2024,3,Ação Financeiro,2024,3
1498,5321,11023,2177,1636,1800,1800,1800.0,0.0,0.0,0.0,0.0,0.0,0.0,0.0,0.0,2024,3,Ação Financeiro,2024,3
1499,5238,17012,2084,1118,58492,58492,280011.38,94430.8,40878.3,40878.3,0.0,0.0,94430.8,0.0,0.0,2024,3,Ação Financeiro,2024,3
1500,4687,2011,1220,2977,3050000,3050000,880000.0,384259.99,60855.84,61197.84,0.0,0.0,373718.8,0.0,0.0,2024,3,Ação Financeiro,2024,3
1501,5155,11008,1015,2096,45500,45500,88300.0,81439.0,54800.0,54800.0,0.0,0.0,80989.0,0.0,0.0,2024,3,Ação Financeiro,2024,3
1502,5226,29001,1280,2960,4223000,4223000,3269839.28,3269839.28,1120980.01,1120980.01,0.0,0.0,3269839.28,0.0,0.0,2024,3,Ação Financeiro,2024,3
1503,5143,29012,1280,2952,1817687,1817687,3097687.0,1343872.66,485699.45,515678.61,0.0,0.0,1193419.54,0.0,0.0,2024,3,Ação Financeiro,2024,3
1504,5048,21001,2102,1001,5744300,5744300,4838609.64,4838609.64,1008921.5,1148611.32,0.0,0.0,4531983.09,0.0,0.0,2024,3,Ação Financeiro,2024,3
1505,4965,15014,2103,1275,7820000,7820000,23293339.25,21954488.91,4340389.74,4340389.74,0.0,0.0,5710455.87,0.0,0.0,2024,3,Ação Financeiro,2024,3
1506,5150,11022,1260,2330,241300,241300,241300.0,171742.79,34472.66,41733.49,0.0,0.0,171742.79,0.0,0.0,2024,3,Ação Financeiro,2024,3
1507,5067,18013,2136,1466,1236537,1236537,5642908.34,406589.08,406589.08,406589.08,0.0,0.0,406589.08,0.0,0.0,2024,3,Ação Financeiro,2024,3
1508,4984,16001,2157,4040,2809756,2809756,2520642.72,2478267.37,1568206.09,1571543.59,0.0,0.0,2465993.99,0.0,0.0,2024,3,Ação Financeiro,2024,3
1509,5055,21001,2102,2237,1200000,1200000,38328.64,38328.64,38328.64,38328.64,0.0,0.0,38328.64,0.0,0.0,2024,3,Ação Financeiro,2024,3
1510,5523,32012,2094,2896,1000,1000,1000.0,0.0,0.0,0.0,0.0,0.0,0.0,0.0,0.0,2024,3,Ação Financeiro,2024,3
1511,4972,16001,2156,1524,210464447,210464447,202088476.44,202088476.44,95942509.57,95937232.68,0.0,0.0,202088476.44,0.0,0.0,2024,3,Ação Financeiro,2024,3
1512,4889,14025,1019,2030,1237019141,1237019141,1235217264.75,974745413.04,341565635.53,341565635.53,0.0,0.0,974745413.04,0.0,0.0,2024,3,Ação Financeiro,2024,3
1513,5511,31001,1015,2091,147840,147840,837814.77,666503.48,212467.48,271412.43,0.0,0.0,666503.48,0.0,0.0,2024,3,Ação Financeiro,2024,3
1514,5428,11006,2000,4145,1714134,1714134,2646924.0,1895280.8,681774.91,681472.68,0.0,0.0,1754843.21,0.0,0.0,2024,3,Ação Financeiro,2024,3
1515,4877,11005,1015,2087,849742,849742,782742.0,726550.0,418178.23,418178.23,0.0,0.0,723956.48,0.0,0.0,2024,3,Ação Financeiro,2024,3
1516,4794,16001,1015,1490,27479064,27479064,17805739.46,17805739.46,7557928.3,7402196.95,0.0,0.0,17805739.46,0.0,0.0,2024,3,Ação Financeiro,2024,3
1517,5499,16001,2158,4105,11370780,11370780,6572679.63,6572679.63,2105257.81,2105257.81,0.0,0.0,6572679.63,0.0,0.0,2024,3,Ação Financeiro,2024,3
1518,4711,19023,0,221,465000,465000,815000.0,723983.51,246099.37,246099.37,0.0,0.0,723983.51,0.0,0.0,2024,3,Ação Financeiro,2024,3
1519,5416,16020,1015,4103,85000,85000,85000.0,0.0,0.0,0.0,0.0,0.0,0.0,0.0,0.0,2024,3,Ação Financeiro,2024,3
1520,4896,17012,2069,4008,95428507,95428507,43298515.65,41486027.51,15547643.21,16553085.47,0.0,0.0,29571822.62,0.0,0.0,2024,3,Ação Financeiro,2024,3
1521,4813,11033,2086,2567,784365,784365,6475116.5,1821872.94,937243.0,937243.0,0.0,0.0,1821872.94,0.0,0.0,2024,3,Ação Financeiro,2024,3
1522,5518,16001,2157,1648,975247,975247,10767874.35,10767874.34,0.0,0.0,0.0,0.0,0.0,0.0,0.0,2024,3,Ação Financeiro,2024,3
1523,5435,11013,2000,4145,11895866,11895866,34158414.37,31206477.03,18267617.82,19982639.98,0.0,0.0,30717385.31,0.0,0.0,2024,3,Ação Financeiro,2024,3
1524,4801,11020,1015,2096,950000,950000,910467.63,869487.23,283495.35,313234.77,0.0,0.0,820465.17,0.0,0.0,2024,3,Ação Financeiro,2024,3
1525,5257,15005,2182,4121,1086718,1086718,1086718.0,1086718.0,353768.64,353768.64,0.0,0.0,1086638.9,0.0,0.0,2024,3,Ação Financeiro,2024,3
1526,4706,19023,1015,2087,19192700,19192700,13799700.0,13078585.07,4754899.08,4949474.45,0.0,0.0,12041927.52,0.0,0.0,2024,3,Ação Financeiro,2024,3
1527,5245,19001,2011,2474,50000,50000,100000.0,15797.5,3560.0,3560.0,0.0,0.0,15797.5,0.0,0.0,2024,3,Ação Financeiro,2024,3
1528,5162,16020,2134,4071,813400,813400,813400.0,488806.66,153438.0,153438.0,0.0,0.0,488806.66,0.0,0.0,2024,3,Ação Financeiro,2024,3
1529,5276,15020,2174,4116,18611863,18611863,26324513.0,25949864.98,21259559.1,21259559.1,0.0,0.0,24036239.29,0.0,0.0,2024,3,Ação Financeiro,2024,3
1530,4725,11009,2041,4547,1260846,1260846,1260846.0,0.0,0.0,0.0,0.0,0.0,0.0,0.0,0.0,2024,3,Ação Financeiro,2024,3
1531,5264,14011,2106,1386,101293508,101293508,101140504.0,84326595.93,20950258.99,21426250.25,0.0,0.0,41858180.77,0.0,0.0,2024,3,Ação Financeiro,2024,3
1532,5098,11004,2108,2194,484758,484758,6704344.62,6363091.0,2315118.65,2439925.41,0.0,0.0,5684441.0,0.0,0.0,2024,3,Ação Financeiro,2024,3
1533,5169,16020,2134,2558,3695000,3695000,3425000.0,2220521.54,920390.44,920390.44,0.0,0.0,2220521.54,0.0,0.0,2024,3,Ação Financeiro,2024,3
1534,5086,23001,2175,1348,5122235,5122235,3834735.0,76158.8,55159.0,55159.0,0.0,0.0,76158.8,0.0,0.0,2024,3,Ação Financeiro,2024,3
1535,5003,15001,1025,2435,224816560,224816560,313722439.19,294285987.32,103195739.18,103195739.18,0.0,0.0,294285987.32,0.0,0.0,2024,3,Ação Financeiro,2024,3
1536,5074,18012,2080,2399,1665101,1665101,6675801.91,3793314.03,714146.32,678646.32,0.0,0.0,893715.24,0.0,0.0,2024,3,Ação Financeiro,2024,3
1537,5542,3001,2065,1192,12000000,12000000,12000000.0,864711.0,6735.0,6735.0,0.0,0.0,6735.0,0.0,0.0,2024,3,Ação Financeiro,2024,3
1538,4991,16001,2157,4043,1003630,1003630,4657020.69,4619020.69,1874106.05,1874106.05,0.0,0.0,2130318.17,0.0,0.0,2024,3,Ação Financeiro,2024,3
1539,4908,11016,2072,2654,413211,413211,413211.0,151314.42,22350.0,22350.0,0.0,0.0,48240.0,0.0,0.0,2024,3,Ação Financeiro,2024,3
1540,5561,11033,2098,2583,0,0,0.0,825800.0,234300.0,295500.0,0.0,0.0,825800.0,0.0,0.0,2024,3,Ação Financeiro,2024,3
1541,4927,15001,1015,2148,100172700,100172700,93108259.15,93108259.15,32645655.57,32671209.12,0.0,0.0,93108259.15,0.0,0.0,2024,3,Ação Financeiro,2024,3
1542,5549,32001,2094,1149,0,0,24727748.08,24271664.78,9918157.79,10276879.79,0.0,0.0,22581560.92,0.0,0.0,2024,3,Ação Financeiro,2024,3
1543,4832,18011,2098,2026,699540,699540,499540.0,497238.0,165433.8,165433.8,0.0,0.0,496656.3,0.0,0.0,2024,3,Ação Financeiro,2024,3
1544,4749,15001,1015,2087,2274961,2274961,4621033.63,3896807.92,1495065.6,1511006.78,0.0,0.0,3701318.21,0.0,0.0,2024,3,Ação Financeiro,2024,3
1545,5454,16031,2090,2448,51000,51000,36000.0,14140.0,0.0,0.0,0.0,0.0,14140.0,0.0,0.0,2024,3,Ação Financeiro,2024,3
1546,5371,3011,1018,4141,327000,327000,292857.0,115835.72,37973.4,44346.94,0.0,0.0,115463.06,0.0,0.0,2024,3,Ação Financeiro,2024,3
1547,5359,3011,1031,4135,4893000,4893000,4893000.0,4643689.92,1489743.71,1489743.71,0.0,0.0,4104793.33,0.0,0.0,2024,3,Ação Financeiro,2024,3
1548,5390,31001,2119,2288,853999,853999,1230179.89,1084577.25,213661.2,214761.2,0.0,0.0,537594.29,0.0,0.0,2024,3,Ação Financeiro,2024,3
1549,4839,18001,2153,2580,1469339,1469339,4265853.3,3775001.1,3130051.28,3130051.28,0.0,0.0,3164451.08,0.0,0.0,2024,3,Ação Financeiro,2024,3
1550,4756,16031,1015,2087,2650000,2650000,5302167.49,4382399.03,1349784.59,1349485.72,0.0,0.0,4027783.73,0.0,0.0,2024,3,Ação Financeiro,2024,3
1551,5461,19023,1015,4103,475200,475200,475200.0,100619.63,40962.63,40962.63,0.0,0.0,100619.63,0.0,0.0,2024,3,Ação Financeiro,2024,3
1552,4673,1001,2126,2417,150689299,150689299,163673299.0,162467817.44,66221028.82,66296688.45,0.0,0.0,162467817.44,0.0,0.0,2024,3,Ação Financeiro,2024,3
1553,5378,3011,2065,1631,855000,855000,855000.0,0.0,0.0,0.0,0.0,0.0,0.0,0.0,0.0,2024,3,Ação Financeiro,2024,3
1554,4744,14023,0,221,10400000,10400000,10120717.21,9923315.4,9648542.82,9648542.82,0.0,0.0,9923315.4,0.0,0.0,2024,3,Ação Financeiro,2024,3
1555,5283,11005,1015,4000,50000,50000,0.0,0.0,0.0,0.0,0.0,0.0,0.0,0.0,0.0,2024,3,Ação Financeiro,2024,3
1556,5117,11033,1015,2087,264536,264536,200936.0,155222.97,46131.69,47589.82,0.0,0.0,149182.81,0.0,0.0,2024,3,Ação Financeiro,2024,3
1557,5188,15020,2172,2276,22704000,22704000,19284000.0,18625905.16,4367380.2,5925479.63,0.0,0.0,14412556.56,0.0,0.0,2024,3,Ação Financeiro,2024,3
1558,5022,16001,2158,4054,1365690,1365690,614695.12,614695.12,614442.88,614442.88,0.0,0.0,614442.88,0.0,0.0,2024,3,Ação Financeiro,2024,3
1559,4668,1001,1006,2408,3834000,3834000,3834000.0,3178999.96,1155438.0,1155438.0,0.0,0.0,3164015.34,0.0,0.0,2024,3,Ação Financeiro,2024,3
1560,5207,23012,2168,2348,11609900,11609900,11609900.0,10693449.19,3554405.86,3554405.86,0.0,0.0,10693449.19,0.0,0.0,2024,3,Ação Financeiro,2024,3
1561,5124,11033,1015,2091,32988,32988,34392.0,29979.63,9740.0,9740.0,0.0,0.0,29979.63,0.0,0.0,2024,3,Ação Financeiro,2024,3
1562,5112,30011,1008,1520,1000,1000,82520.0,81520.0,0.0,0.0,0.0,0.0,0.0,0.0,0.0,2024,3,Ação Financeiro,2024,3
1563,5029,16001,2158,4058,410658,410658,0.0,0.0,0.0,0.0,0.0,0.0,0.0,0.0,0.0,2024,3,Ação Financeiro,2024,3
1564,4946,15001,2166,2237,8550138,8550138,22574903.12,22479431.78,9950576.65,9959026.65,0.0,0.0,20787904.45,0.0,0.0,2024,3,Ação Financeiro,2024,3
1565,5568,23030,2164,1651,0,0,11597289.09,11597289.09,4017976.99,4017976.99,0.0,0.0,4017976.99,0.0,0.0,2024,3,Ação Financeiro,2024,3
1566,5485,23011,2087,4068,2499999,2499999,615249.0,0.0,0.0,0.0,0.0,0.0,0.0,0.0,0.0,2024,3,Ação Financeiro,2024,3
1567,4934,15001,1015,2091,2436060,2436060,1958623.06,7196443.06,3180022.02,3180522.02,0.0,0.0,7196443.06,0.0,0.0,2024,3,Ação Financeiro,2024,3
1568,4851,11003,1015,2234,83818750,83818750,83818750.0,80521258.37,28645929.8,29344711.77,0.0,0.0,80521258.37,0.0,0.0,2024,3,Ação Financeiro,2024,3
1569,4768,14023,1015,2234,26307819,26307819,30514205.24,30324753.87,11145036.77,11145036.77,0.0,0.0,30306181.15,0.0,0.0,2024,3,Ação Financeiro,2024,3
1570,5473,15001,1015,4103,549356,549356,549356.0,0.0,0.0,0.0,0.0,0.0,0.0,0.0,0.0,2024,3,Ação Financeiro,2024,3
1571,5504,17033,1015,1490,5000,5000,5000.0,0.0,0.0,0.0,0.0,0.0,0.0,0.0,0.0,2024,3,Ação Financeiro,2024,3
1572,4953,17012,1015,2087,66694300,66694300,37042356.97,33681500.78,8784164.11,9607439.58,0.0,0.0,27100755.34,0.0,0.0,2024,3,Ação Financeiro,2024,3
1573,4870,2001,1011,4073,34269771,34269771,37719771.0,37538696.51,16501148.92,16501148.92,0.0,0.0,37538696.51,0.0,0.0,2024,3,Ação Financeiro,2024,3
1574,4787,17034,1015,2234,14480932,14480932,14480932.0,13243520.44,4636202.87,4635525.99,0.0,0.0,13235586.93,0.0,0.0,2024,3,Ação Financeiro,2024,3
1575,5492,16001,2156,4109,52315474,52315474,33920832.88,33920832.88,11097954.3,11097954.3,0.0,0.0,33920832.88,0.0,0.0,2024,3,Ação Financeiro,2024,3
1576,5409,3011,1013,4077,7071000,7071000,13827607.0,12928977.14,6609649.9,46468.56,0.0,0.0,6702886.19,0.0,0.0,2024,3,Ação Financeiro,2024,3
1577,5480,15011,2110,1487,1291553,1291553,4847022.5,2795906.57,781818.02,781818.02,0.0,0.0,966631.82,0.0,0.0,2024,3,Ação Financeiro,2024,3
1578,4692,11009,1015,2087,15082020,15082020,26087260.04,24310239.96,7982489.58,7674235.02,0.0,0.0,18594211.09,0.0,0.0,2024,3,Ação Financeiro,2024,3
1579,5397,3001,1012,2456,405000,405000,109841.51,30378.66,6459.92,6459.92,0.0,0.0,27431.58,0.0,0.0,2024,3,Ação Financeiro,2024,3
1580,5314,14012,2139,1489,11500000,11500000,7700000.0,3675732.42,1160920.52,1160920.52,0.0,0.0,2652396.53,0.0,0.0,2024,3,Ação Financeiro,2024,3
1581,4763,17032,1015,2234,30231214,30231214,30231214.0,27800482.82,9724144.73,9688575.2,0.0,0.0,27787804.75,0.0,0.0,2024,3,Ação Financeiro,2024,3
1582,4680,2001,2147,2539,5800000,5800000,2637000.0,1756061.64,552813.69,665313.69,0.0,0.0,1756061.64,0.0,0.0,2024,3,Ação Financeiro,2024,3
1583,5302,11025,1015,4103,2224000,2224000,2224000.0,0.0,0.0,0.0,0.0,0.0,0.0,0.0,0.0,2024,3,Ação Financeiro,2024,3
1584,5219,15006,1015,2087,560672,560672,747157.17,747157.17,221722.74,224338.12,0.0,0.0,651501.5,0.0,0.0,2024,3,Ação Financeiro,2024,3
1585,5570,21011,1015,2087,0,0,0.0,271772.48,101820.55,101820.55,0.0,0.0,176127.01,0.0,0.0,2024,3,Ação Financeiro,2024,3
1586,5487,17012,2189,4158,429972,429972,651829.0,185382.0,14026.01,15151.01,0.0,0.0,168482.0,0.0,0.0,2024,3,Ação Financeiro,2024,3
1587,4936,15001,1015,2414,591344,591344,790175.03,310175.03,77968.11,77968.11,0.0,0.0,310175.03,0.0,0.0,2024,3,Ação Financeiro,2024,3
1588,5404,13001,2184,4154,308864,308864,408864.0,261892.2,67819.9,67819.9,0.0,0.0,261892.2,0.0,0.0,2024,3,Ação Financeiro,2024,3
1589,4853,11003,0,23,16499305,16499305,48979734.08,46702111.58,14193913.9,4075225.95,0.0,0.0,42542348.15,0.0,0.0,2024,3,Ação Financeiro,2024,3
1590,4770,11020,1015,2087,1040191,1040191,858382.0,51952.39,43034.8,43034.8,0.0,0.0,51648.54,0.0,0.0,2024,3,Ação Financeiro,2024,3
1591,5475,17012,1015,1519,100000,100000,0.0,0.0,0.0,0.0,0.0,0.0,0.0,0.0,0.0,2024,3,Ação Financeiro,2024,3
1592,5392,3001,1012,2072,15788000,15788000,15613000.0,12353538.62,4330833.41,4345903.41,0.0,0.0,12255454.62,0.0,0.0,2024,3,Ação Financeiro,2024,3
1593,5309,17013,2152,2507,103919096,103919096,0.0,0.0,0.0,0.0,0.0,0.0,0.0,0.0,0.0,2024,3,Ação Financeiro,2024,3
1594,4758,15001,1015,1490,4552884,4552884,5826391.73,5826391.73,2302168.84,2302168.84,0.0,0.0,5826391.73,0.0,0.0,2024,3,Ação Financeiro,2024,3
1595,5380,3011,2065,1629,1670000,1670000,229430.42,0.0,0.0,0.0,0.0,0.0,0.0,0.0,0.0,2024,3,Ação Financeiro,2024,3
1596,5214,11025,1015,2234,118107837,118107837,105107837.0,100033742.05,36179979.1,36179979.1,0.0,0.0,100033742.05,0.0,0.0,2024,3,Ação Financeiro,2024,3
1597,4663,1001,0,140,2145403,2145403,1745403.0,1709259.48,660127.8,660127.8,0.0,0.0,1709259.48,0.0,0.0,2024,3,Ação Financeiro,2024,3
1598,5233,13006,2097,2096,100000,100000,91000.0,63890.0,19790.0,19790.0,0.0,0.0,63890.0,0.0,0.0,2024,3,Ação Financeiro,2024,3
1599,4682,2001,1010,1421,3000000,3000000,1293000.0,315125.53,315125.53,315125.53,0.0,0.0,315125.53,0.0,0.0,2024,3,Ação Financeiro,2024,3
1600,5304,11010,1015,1519,1000,1000,1000.0,0.0,0.0,0.0,0.0,0.0,0.0,0.0,0.0,2024,3,Ação Financeiro,2024,3
1601,5138,21001,1015,1490,2000000,2000000,3925918.39,3925918.39,1333413.83,1376838.26,0.0,0.0,3925918.39,0.0,0.0,2024,3,Ação Financeiro,2024,3
1602,5126,15020,1015,2234,147394344,147394344,140394344.0,106791270.31,39073069.43,39096746.13,0.0,0.0,106587650.94,0.0,0.0,2024,3,Ação Financeiro,2024,3
1603,5043,21001,1015,1449,900000,900000,1743400.0,1743400.0,754108.83,754108.83,0.0,0.0,1702696.92,0.0,0.0,2024,3,Ação Financeiro,2024,3
1604,4960,23001,2112,2837,5650000,5650000,4441553.4,2911905.93,760360.81,760360.81,0.0,0.0,2546130.2,0.0,0.0,2024,3,Ação Financeiro,2024,3
1605,5031,16001,2158,1623,400000,400000,0.0,0.0,0.0,0.0,0.0,0.0,0.0,0.0,0.0,2024,3,Ação Financeiro,2024,3
1606,4948,15001,2166,2279,727520,727520,876856.7,475967.01,47386.95,72835.16,0.0,0.0,228180.45,0.0,0.0,2024,3,Ação Financeiro,2024,3
1607,4865,11003,2155,2605,200000,200000,0.0,0.0,0.0,0.0,0.0,0.0,0.0,0.0,0.0,2024,3,Ação Financeiro,2024,3
1608,4979,16001,2157,1579,136765557,136765557,122507288.96,122507288.96,57729758.1,57725355.46,0.0,0.0,122507288.96,0.0,0.0,2024,3,Ação Financeiro,2024,3
1609,5601,11004,2000,4149,0,0,0.0,231255.4,231255.4,231255.4,0.0,0.0,231255.4,0.0,0.0,2024,3,Ação Financeiro,2024,3
1610,5050,21001,2102,2818,3500000,3500000,2842423.72,2842423.72,775445.7,775445.7,0.0,0.0,2732423.72,0.0,0.0,2024,3,Ação Financeiro,2024,3
1611,4967,13001,1015,2486,1000,1000,375000.0,370701.96,230000.0,230000.0,0.0,0.0,370701.96,0.0,0.0,2024,3,Ação Financeiro,2024,3
1612,4884,16020,1015,2091,728000,728000,728000.0,610119.06,221469.67,221469.67,0.0,0.0,610119.06,0.0,0.0,2024,3,Ação Financeiro,2024,3
1613,5589,15004,2193,4177,0,0,31291762.84,22239588.5,17252060.14,15137096.9,0.0,0.0,17252060.14,0.0,0.0,2024,3,Ação Financeiro,2024,3
1614,5506,11023,1015,4103,90000,90000,90000.0,41426.98,25834.27,25834.27,0.0,0.0,41426.98,0.0,0.0,2024,3,Ação Financeiro,2024,3
1615,4955,17012,1015,2096,500000,500000,43000.0,0.0,0.0,0.0,0.0,0.0,0.0,0.0,0.0,2024,3,Ação Financeiro,2024,3
1616,4872,2001,1011,2543,5550000,5550000,2706000.0,2310136.55,909890.64,909890.64,0.0,0.0,2310136.55,0.0,0.0,2024,3,Ação Financeiro,2024,3
1617,4789,11026,2012,2846,1279393,1279393,1979393.0,1078169.7,461852.03,461852.03,0.0,0.0,987073.92,0.0,0.0,2024,3,Ação Financeiro,2024,3
1618,5494,32001,1015,4103,250000,250000,225445.0,52452.53,22592.0,22592.0,0.0,0.0,50126.0,0.0,0.0,2024,3,Ação Financeiro,2024,3
1619,5411,15003,1015,4103,303744,303744,256744.0,44386.01,16061.5,16061.5,0.0,0.0,37947.5,0.0,0.0,2024,3,Ação Financeiro,2024,3
1620,4777,11009,1015,2234,130453257,130453257,103780722.17,97703024.98,34747923.13,35762748.38,0.0,0.0,97694708.1,0.0,0.0,2024,3,Ação Financeiro,2024,3
1621,4694,17032,1015,2087,6439743,6439743,17213026.6,16681632.62,5542502.84,5658121.28,0.0,0.0,14723067.4,0.0,0.0,2024,3,Ação Financeiro,2024,3
1622,5316,31001,1015,2087,128901,128901,2194821.53,1870873.54,560633.54,256198.93,0.0,0.0,699467.14,0.0,0.0,2024,3,Ação Financeiro,2024,3
1623,5430,3001,1014,4079,3568000,3568000,3568000.0,3522169.92,970522.82,970522.82,0.0,0.0,2863223.38,0.0,0.0,2024,3,Ação Financeiro,2024,3
1624,4796,11009,2112,2011,10579742,10579742,10951684.71,9969362.07,3391455.52,3205963.35,0.0,0.0,8251978.67,0.0,0.0,2024,3,Ação Financeiro,2024,3
1625,5335,32001,1015,2234,4158931,4158931,4861486.71,4852769.96,2001517.13,1693880.5,0.0,0.0,4852769.96,0.0,0.0,2024,3,Ação Financeiro,2024,3
1626,5252,15005,1015,2096,148671,148671,0.0,0.0,0.0,0.0,0.0,0.0,0.0,0.0,0.0,2024,3,Ação Financeiro,2024,3
1627,4701,19023,2096,2515,701600,701600,176600.0,140274.0,67739.0,67739.0,0.0,0.0,140274.0,0.0,0.0,2024,3,Ação Financeiro,2024,3
1628,5323,18001,2154,2601,1351130,1351130,1777969.91,1635113.43,805672.5,805672.5,0.0,0.0,1075859.3,0.0,0.0,2024,3,Ação Financeiro,2024,3
1629,5240,17012,2084,4006,390123,390123,1491055.18,1402709.8,370609.23,364681.17,0.0,0.0,970254.37,0.0,0.0,2024,3,Ação Financeiro,2024,3
1630,5157,16001,2176,4095,32342036,32342036,39469206.74,21867403.92,11545880.87,12068214.54,0.0,0.0,21867403.92,0.0,0.0,2024,3,Ação Financeiro,2024,3
1631,5164,16001,2176,4099,2700000,2700000,0.0,0.0,0.0,0.0,0.0,0.0,0.0,0.0,0.0,2024,3,Ação Financeiro,2024,3
1632,4998,16001,2158,1582,937695,937695,0.0,0.0,0.0,0.0,0.0,0.0,0.0,0.0,0.0,2024,3,Ação Financeiro,2024,3
1633,5069,14023,2173,4090,1304080,1304080,731586.58,727009.48,146660.44,146660.44,0.0,0.0,293517.12,0.0,0.0,2024,3,Ação Financeiro,2024,3
1634,5525,11009,2041,4545,950000,950000,991071.43,950000.0,950000.0,950000.0,0.0,0.0,950000.0,0.0,0.0,2024,3,Ação Financeiro,2024,3
1635,4974,16001,2156,4035,792101,792101,646547.08,607691.15,525260.51,525260.51,0.0,0.0,607161.02,0.0,0.0,2024,3,Ação Financeiro,2024,3
1636,4891,23030,1015,2091,2656800,2656800,2656800.0,2268195.29,715482.16,715482.16,0.0,0.0,2268195.29,0.0,0.0,2024,3,Ação Financeiro,2024,3
1637,4808,18001,2153,2229,542810,542810,84132.3,76789.8,11196.8,11196.8,0.0,0.0,76789.8,0.0,0.0,2024,3,Ação Financeiro,2024,3
1638,5513,17012,2189,4157,19115,19115,222749.22,77267.72,41830.9,41830.9,0.0,0.0,77267.72,0.0,0.0,2024,3,Ação Financeiro,2024,3
1639,4922,17032,2105,4031,2419500,2419500,334635.62,295735.0,0.0,0.0,0.0,0.0,0.0,0.0,0.0,2024,3,Ação Financeiro,2024,3
1640,4993,13006,1015,1446,528320,528320,528320.0,305045.0,174835.0,174835.0,0.0,0.0,305045.0,0.0,0.0,2024,3,Ação Financeiro,2024,3
1641,5532,31010,2129,2427,173000,173000,6403696.53,1228350.8,618005.17,618005.17,0.0,0.0,810734.67,0.0,0.0,2024,3,Ação Financeiro,2024,3
1642,5449,11013,2000,4149,4800729,4800729,6475408.45,4904906.92,2224792.23,2209582.48,0.0,0.0,4427215.68,0.0,0.0,2024,3,Ação Financeiro,2024,3
1643,5366,21001,2165,1625,1000,1000,26662.45,4800.0,4800.0,4800.0,0.0,0.0,4800.0,0.0,0.0,2024,3,Ação Financeiro,2024,3
1644,4815,11010,2085,4027,1464159,1464159,6715059.0,1836383.73,354378.32,354378.32,0.0,0.0,1292696.34,0.0,0.0,2024,3,Ação Financeiro,2024,3
1645,5437,13001,2184,4153,187300,187300,187300.0,54335.3,14667.6,14667.6,0.0,0.0,54335.3,0.0,0.0,2024,3,Ação Financeiro,2024,3
1646,5354,3011,2065,1632,6150000,6150000,1150000.0,0.0,0.0,0.0,0.0,0.0,0.0,0.0,0.0,2024,3,Ação Financeiro,2024,3
1647,5271,11025,1015,2087,11578600,11578600,11100388.0,10961693.86,2404641.2,2498093.66,0.0,0.0,6167410.12,0.0,0.0,2024,3,Ação Financeiro,2024,3
1648,4720,11009,2128,2172,26674219,26674219,26674219.0,25247790.13,7415630.93,7694114.61,0.0,0.0,19326625.95,0.0,0.0,2024,3,Ação Financeiro,2024,3
1649,5342,15017,2166,2176,955000,955000,4306980.76,1389779.21,345733.75,361261.25,0.0,0.0,1389779.21,0.0,0.0,2024,3,Ação Financeiro,2024,3
1650,5259,15005,2182,4122,7603073,7603073,15801033.51,15801033.51,5700080.7,7034077.35,0.0,0.0,14166167.11,0.0,0.0,2024,3,Ação Financeiro,2024,3
1651,5373,3011,2065,1480,6695000,6695000,9818538.0,8875210.52,3763747.22,3371841.49,0.0,0.0,7072613.0,0.0,0.0,2024,3,Ação Financeiro,2024,3
1652,5290,27001,2183,1638,18714629,18714629,25794761.12,12117515.08,6183964.19,6459975.7,0.0,0.0,9347268.63,0.0,0.0,2024,3,Ação Financeiro,2024,3
1653,4739,14023,1000,2096,1870000,1870000,5082348.43,4511701.25,1824525.04,1916727.16,0.0,0.0,4267222.25,0.0,0.0,2024,3,Ação Financeiro,2024,3
1654,5361,3011,1017,2451,500000,500000,567800.0,520555.87,8855.77,8686.77,0.0,0.0,99809.09,0.0,0.0,2024,3,Ação Financeiro,2024,3
1655,5278,27001,2130,1640,1000000,1000000,1000000.0,0.0,0.0,0.0,0.0,0.0,0.0,0.0,0.0,2024,3,Ação Financeiro,2024,3
1656,5195,29001,1019,2854,65765020,65765020,65765020.0,65633780.6,19791354.99,19791354.99,0.0,0.0,65633780.6,0.0,0.0,2024,3,Ação Financeiro,2024,3
1657,5183,11023,2051,2191,400000,400000,400000.0,291920.0,138617.5,138617.5,0.0,0.0,291920.0,0.0,0.0,2024,3,Ação Financeiro,2024,3
1658,5100,30001,1007,2520,57262625,57262625,57892625.0,57722957.24,22707173.89,22713994.41,0.0,0.0,57717690.62,0.0,0.0,2024,3,Ação Financeiro,2024,3
1659,5017,16001,2158,1618,320683,320683,2514527.02,2359527.02,752485.95,752485.95,0.0,0.0,1016442.8,0.0,0.0,2024,3,Ação Financeiro,2024,3
1660,5088,23012,2169,4085,2012000,2012000,4622000.0,4583174.45,2002261.3,2002261.3,0.0,0.0,3759086.05,0.0,0.0,2024,3,Ação Financeiro,2024,3
1661,5005,23001,2162,2073,40000,40000,11957184.44,11568481.44,5394395.0,4354113.0,0.0,0.0,8068495.0,0.0,0.0,2024,3,Ação Financeiro,2024,3
1662,5119,11033,1015,2234,2077285,2077285,2170512.21,2065546.08,732416.13,769294.79,0.0,0.0,2065546.08,0.0,0.0,2024,3,Ação Financeiro,2024,3
1663,5036,17032,0,221,500000,500000,500000.0,21451.21,0.0,0.0,0.0,0.0,21451.21,0.0,0.0,2024,3,Ação Financeiro,2024,3
1664,5107,30001,2043,2526,350000,350000,891449.0,501175.87,18490.5,18490.5,0.0,0.0,18490.5,0.0,0.0,2024,3,Ação Financeiro,2024,3
1665,5024,16001,2158,1621,9600000,9600000,0.0,0.0,0.0,0.0,0.0,0.0,0.0,0.0,0.0,2024,3,Ação Financeiro,2024,3
1666,5563,19025,2004,1087,0,0,0.0,59370.0,59370.0,59370.0,0.0,0.0,59370.0,0.0,0.0,2024,3,Ação Financeiro,2024,3
1667,5012,11007,1015,2087,510000,510000,497816.67,270324.64,74090.7,74284.42,0.0,0.0,218757.99,0.0,0.0,2024,3,Ação Financeiro,2024,3
1668,4929,15001,1015,2150,58008012,58008012,46386611.54,45300186.02,14948436.54,14948436.54,0.0,0.0,45300185.02,0.0,0.0,2024,3,Ação Financeiro,2024,3
1669,5551,32001,2094,1157,0,0,115232.0,104756.94,53735.46,53735.46,0.0,0.0,104653.94,0.0,0.0,2024,3,Ação Financeiro,2024,3
1670,5468,27001,1015,4103,1000000,1000000,2277154.0,0.0,0.0,0.0,0.0,0.0,0.0,0.0,0.0,2024,3,Ação Financeiro,2024,3
1671,4917,15003,2110,2387,1000000,1000000,533000.0,474241.32,0.0,0.0,0.0,0.0,0.0,0.0,0.0,2024,3,Ação Financeiro,2024,3
1672,5385,15003,2166,2269,1874600,1874600,2405268.0,2330279.93,958588.4,967488.4,0.0,0.0,2330279.92,0.0,0.0,2024,3,Ação Financeiro,2024,3
1673,4834,18011,2098,2280,1080600,1080600,1680600.0,1526861.01,1234623.26,1234623.26,0.0,0.0,1526861.01,0.0,0.0,2024,3,Ação Financeiro,2024,3
1674,4751,19025,2024,4234,59067967,59067967,57467967.0,53000749.48,18689562.05,18689562.05,0.0,0.0,52985749.48,0.0,0.0,2024,3,Ação Financeiro,2024,3
1675,5456,11033,1015,1519,1992,1992,1992.0,0.0,0.0,0.0,0.0,0.0,0.0,0.0,0.0,2024,3,Ação Financeiro,2024,3
1676,5019,19001,2101,2100,400000,400000,1130274.12,396538.7,320817.7,320817.7,0.0,0.0,378578.7,0.0,0.0,2024,3,Ação Financeiro,2024,3
1677,5558,11006,1015,4103,0,0,69880.0,0.0,0.0,0.0,0.0,0.0,0.0,0.0,0.0,2024,3,Ação Financeiro,2024,3
1678,5007,23001,2162,4066,4234000,4234000,2734000.0,1397739.32,281272.0,281272.0,0.0,0.0,1379915.0,0.0,0.0,2024,3,Ação Financeiro,2024,3
1679,4924,17032,2105,2145,14343847,14343847,25518297.38,21809829.55,6865019.82,6272243.98,0.0,0.0,15305283.95,0.0,0.0,2024,3,Ação Financeiro,2024,3
1680,4841,18011,2154,2602,647495,647495,280245.0,238630.4,32380.0,32380.0,0.0,0.0,238630.4,0.0,0.0,2024,3,Ação Financeiro,2024,3
1681,5463,23030,1015,4103,96000,96000,96000.0,0.0,0.0,0.0,0.0,0.0,0.0,0.0,0.0,2024,3,Ação Financeiro,2024,3
1682,4912,15001,1015,2146,562846760,562846760,492571635.44,490994471.03,172157073.54,172162781.49,0.0,0.0,490994371.03,0.0,0.0,2024,3,Ação Financeiro,2024,3
1683,4829,18001,2153,2578,221300,221300,313300.0,275473.5,66082.5,67195.0,0.0,0.0,183473.5,0.0,0.0,2024,3,Ação Financeiro,2024,3
1684,4746,19023,2096,4234,92501534,92501534,90017771.0,87366728.4,38126172.26,38126172.26,0.0,0.0,87366728.4,0.0,0.0,2024,3,Ação Financeiro,2024,3
1685,5451,16031,2090,2219,56999,56999,56999.0,30186.01,5670.0,5670.0,0.0,0.0,21375.0,0.0,0.0,2024,3,Ação Financeiro,2024,3
1686,5368,21001,2165,1626,3000,3000,3545292.76,1584049.2,491268.28,414731.06,0.0,0.0,491268.28,0.0,0.0,2024,3,Ação Financeiro,2024,3
1687,4817,18001,2154,2594,590375,590375,281906.5,55356.5,0.0,0.0,0.0,0.0,55356.5,0.0,0.0,2024,3,Ação Financeiro,2024,3
1688,5285,11004,2108,4126,283440,283440,393640.0,367984.34,117764.58,136132.28,0.0,0.0,329105.99,0.0,0.0,2024,3,Ação Financeiro,2024,3
1689,4734,14002,0,12,139148442,139148442,244817385.25,241970016.0,80287142.95,80287142.95,0.0,0.0,241970016.0,0.0,0.0,2024,3,Ação Financeiro,2024,3
1690,5356,21011,2167,4076,1200000,1200000,4835784.02,2255639.02,526949.6,401602.12,0.0,0.0,826859.28,0.0,0.0,2024,3,Ação Financeiro,2024,3
1691,4765,17032,1015,2091,4470187,4470187,4470187.0,1696793.62,557682.61,557682.61,0.0,0.0,1696793.62,0.0,0.0,2024,3,Ação Financeiro,2024,3
1692,5470,16001,1015,4103,1188000,1188000,1071940.0,168260.0,73777.0,73777.0,0.0,0.0,157438.0,0.0,0.0,2024,3,Ação Financeiro,2024,3
1693,5387,23002,2188,4152,100000,100000,113058.0,109124.1,90913.5,90913.5,0.0,0.0,109124.1,0.0,0.0,2024,3,Ação Financeiro,2024,3
1694,4836,18011,2098,2589,638150,638150,1122150.0,992712.9,439368.7,439368.7,0.0,0.0,453564.2,0.0,0.0,2024,3,Ação Financeiro,2024,3
1695,4670,1001,1020,2418,130529263,130529263,132452055.0,131333428.7,50339102.91,50316450.53,0.0,0.0,131304636.23,0.0,0.0,2024,3,Ação Financeiro,2024,3
1696,5375,3011,1018,4142,940000,940000,482000.0,322655.88,149276.67,154903.43,0.0,0.0,282363.81,0.0,0.0,2024,3,Ação Financeiro,2024,3
1697,5292,11025,2180,1318,11681478,11681478,16784619.55,11233684.7,2091223.63,2546742.44,0.0,0.0,7437549.5,0.0,0.0,2024,3,Ação Financeiro,2024,3
1698,4658,2001,0,163,100000,100000,10000.0,0.0,0.0,0.0,0.0,0.0,0.0,0.0,0.0,2024,3,Ação Financeiro,2024,3
1699,5280,19001,2003,2033,500000,500000,170000.0,48282.5,38181.0,38181.0,0.0,0.0,48282.5,0.0,0.0,2024,3,Ação Financeiro,2024,3
1700,5185,15020,2170,4089,12000000,12000000,9993312.5,6571757.82,4173635.84,4173635.84,0.0,0.0,6571757.82,0.0,0.0,2024,3,Ação Financeiro,2024,3
1701,5102,30001,1007,2525,5611500,5611500,5121500.0,5095492.35,1908480.63,1908480.63,0.0,0.0,5095432.15,0.0,0.0,2024,3,Ação Financeiro,2024,3
1702,5216,11025,1015,1490,25000000,25000000,20745107.47,17252119.08,6323742.6,6323742.6,0.0,0.0,17252119.08,0.0,0.0,2024,3,Ação Financeiro,2024,3
1703,5133,17033,2109,4094,1000,1000,4126840.0,3787340.0,161500.0,161500.0,0.0,0.0,161500.0,0.0,0.0,2024,3,Ação Financeiro,2024,3
1704,5204,19001,2011,1018,100000,100000,100000.0,52925.56,52925.56,52925.56,0.0,0.0,52925.56,0.0,0.0,2024,3,Ação Financeiro,2024,3
1705,5038,14001,1015,2087,33900385,33900385,45128092.61,25767145.16,8321139.46,7700220.68,0.0,0.0,21555362.29,0.0,0.0,2024,3,Ação Financeiro,2024,3
1706,5026,14001,1015,1498,5000,5000,115000.0,2000.0,0.0,0.0,0.0,0.0,0.0,0.0,0.0,2024,3,Ação Financeiro,2024,3
1707,4943,15001,2166,1475,14137500,14137500,13906355.1,13525557.41,1710398.74,1710398.74,0.0,0.0,1775947.49,0.0,0.0,2024,3,Ação Financeiro,2024,3
1708,4860,17033,1015,2087,1806800,1806800,1596697.86,1375944.73,434987.3,447311.06,0.0,0.0,1307798.12,0.0,0.0,2024,3,Ação Financeiro,2024,3
1709,5565,21011,2138,4061,0,0,0.0,28240.0,12879.35,12879.35,0.0,0.0,28141.94,0.0,0.0,2024,3,Ação Financeiro,2024,3
1710,5482,15011,1015,2087,897808,897808,4111895.43,3214458.09,911528.84,911528.84,0.0,0.0,1163287.6,0.0,0.0,2024,3,Ação Financeiro,2024,3
1711,4931,15001,1015,2234,33275985,33275985,37105732.27,36705732.27,12979617.19,13154110.77,0.0,0.0,36705732.27,0.0,0.0,2024,3,Ação Financeiro,2024,3
1712,5553,32001,2093,1049,0,0,27888759.36,27542515.24,6923813.64,7120106.47,0.0,0.0,22815834.06,0.0,0.0,2024,3,Ação Financeiro,2024,3
1713,4962,15014,1015,1490,798000,798000,918000.0,592012.1,296080.95,282951.47,0.0,0.0,572537.71,0.0,0.0,2024,3,Ação Financeiro,2024,3
1714,4879,11005,1015,2234,13671700,13671700,14839190.59,14821707.35,5440966.72,5544270.02,0.0,0.0,14821707.35,0.0,0.0,2024,3,Ação Financeiro,2024,3
1715,5501,16001,2158,4107,1540755,1540755,873208.37,873208.37,278625.71,278625.71,0.0,0.0,873208.37,0.0,0.0,2024,3,Ação Financeiro,2024,3
1716,4950,11004,1015,2087,211394,211394,279508.92,274793.52,101956.13,106414.52,0.0,0.0,246097.08,0.0,0.0,2024,3,Ação Financeiro,2024,3
1717,4784,18001,1015,2234,45565612,45565612,42565612.0,39742897.95,13777522.3,14179605.63,0.0,0.0,39742897.95,0.0,0.0,2024,3,Ação Financeiro,2024,3
1718,5406,17012,2049,4542,552080,552080,1790030.89,1730108.49,341486.58,416164.59,0.0,0.0,1277978.98,0.0,0.0,2024,3,Ação Financeiro,2024,3
1719,4772,11020,1015,2091,592574,592574,581823.0,265993.84,89425.43,89425.43,0.0,0.0,265993.84,0.0,0.0,2024,3,Ação Financeiro,2024,3
1720,5311,11025,2180,4113,1000000,1000000,0.0,0.0,0.0,0.0,0.0,0.0,0.0,0.0,0.0,2024,3,Ação Financeiro,2024,3
1721,4760,11020,2148,2533,4466772,4466772,4735280.4,4400000.0,1368550.26,1963356.64,0.0,0.0,3827100.2,0.0,0.0,2024,3,Ação Financeiro,2024,3
1722,5228,27001,2130,1497,63528420,63528420,122165591.05,117802033.58,36786804.46,31871604.87,0.0,0.0,89128611.04,0.0,0.0,2024,3,Ação Financeiro,2024,3
1723,5299,27001,1015,2096,400000,400000,400000.0,167766.75,19530.0,33930.0,0.0,0.0,108075.64,0.0,0.0,2024,3,Ação Financeiro,2024,3
1724,5413,3001,1012,1486,1097000,1097000,1383158.49,834279.87,328724.18,284241.5,0.0,0.0,568907.3,0.0,0.0,2024,3,Ação Financeiro,2024,3
1725,4779,11022,1015,2234,7233971,7233971,7723971.0,7519159.63,2796448.73,2842583.28,0.0,0.0,7519159.63,0.0,0.0,2024,3,Ação Financeiro,2024,3
1726,5247,15006,1015,2096,2100,2100,17146.4,17146.4,10166.4,10166.4,0.0,0.0,17146.4,0.0,0.0,2024,3,Ação Financeiro,2024,3
1727,4696,19025,0,112,396609,396609,395441.21,385231.11,83668.58,84609.91,0.0,0.0,385231.11,0.0,0.0,2024,3,Ação Financeiro,2024,3
1728,5235,17012,2084,4029,653600,653600,48517704.07,46521058.47,5076233.53,5076233.53,0.0,0.0,29623862.02,0.0,0.0,2024,3,Ação Financeiro,2024,3
1729,5152,15020,0,112,416736,416736,766736.0,526722.36,216311.72,225798.41,0.0,0.0,466714.07,0.0,0.0,2024,3,Ação Financeiro,2024,3
1730,5223,11023,2051,2345,200000,200000,200000.0,80990.0,28925.0,28925.0,0.0,0.0,80990.0,0.0,0.0,2024,3,Ação Financeiro,2024,3
1731,5140,29013,1001,2268,192000,192000,5592000.0,63653.71,9218.63,11406.68,0.0,0.0,63653.71,0.0,0.0,2024,3,Ação Financeiro,2024,3
1732,5596,3011,2065,1653,0,0,7974000.0,0.0,0.0,0.0,0.0,0.0,0.0,0.0,0.0,2024,3,Ação Financeiro,2024,3
1733,5045,21001,1015,2909,100000,100000,60000.0,43103.3,43103.3,43103.3,0.0,0.0,43103.3,0.0,0.0,2024,3,Ação Financeiro,2024,3
1734,5076,15004,2103,1275,10162394,10162394,4611063.1,695200.0,499748.58,499748.58,0.0,0.0,499748.58,0.0,0.0,2024,3,Ação Financeiro,2024,3
1735,5147,29001,1280,2002,70418166,70418166,25140521.01,22775981.44,7908692.71,8773094.21,0.0,0.0,19930114.75,0.0,0.0,2024,3,Ação Financeiro,2024,3
1736,5064,11008,1015,2091,324395,324395,396111.78,363015.14,120216.68,120216.68,0.0,0.0,363015.14,0.0,0.0,2024,3,Ação Financeiro,2024,3
1737,4981,16001,2157,4039,307742350,307742350,356595700.11,341767161.56,128147181.27,128159991.27,0.0,0.0,330444139.92,0.0,0.0,2024,3,Ação Financeiro,2024,3
1738,4898,14025,1019,2546,3300000,3300000,4358876.25,2251395.4,576486.55,614364.63,0.0,0.0,1128990.73,0.0,0.0,2024,3,Ação Financeiro,2024,3
1739,5603,11004,2000,4145,0,0,0.0,1515866.0,1515866.0,1515866.0,0.0,0.0,1515866.0,0.0,0.0,2024,3,Ação Financeiro,2024,3
1740,5520,16001,2158,1649,118050,118050,2111895.81,2074470.94,0.0,0.0,0.0,0.0,0.0,0.0,0.0,2024,3,Ação Financeiro,2024,3
1741,4969,16001,1015,2398,21569338,21569338,14446681.99,14102755.79,5062699.38,5062699.38,0.0,0.0,5969091.01,0.0,0.0,2024,3,Ação Financeiro,2024,3
1742,4886,11026,1015,2091,200144,200144,200144.0,150947.84,47258.6,47258.6,0.0,0.0,150947.84,0.0,0.0,2024,3,Ação Financeiro,2024,3
1743,5591,2011,1010,1421,0,0,1977793.54,1977793.54,174184.18,174184.18,0.0,0.0,174184.18,0.0,0.0,2024,3,Ação Financeiro,2024,3
1744,5508,17012,2034,4005,23257004,23257004,88032552.12,84646455.7,56126300.14,56074780.07,0.0,0.0,79119842.13,0.0,0.0,2024,3,Ação Financeiro,2024,3
1745,5425,11006,2000,4144,100000,100000,12891.3,12875.3,4898.07,2746.73,0.0,0.0,12773.37,0.0,0.0,2024,3,Ação Financeiro,2024,3
1746,4791,17034,2023,2496,570000,570000,1965470.36,1461577.47,252188.33,252188.33,0.0,0.0,601115.57,0.0,0.0,2024,3,Ação Financeiro,2024,3
1747,4822,19001,1015,2234,12602915,12602915,12498816.73,10737907.29,4108809.46,4250599.23,0.0,0.0,10737907.29,0.0,0.0,2024,3,Ação Financeiro,2024,3
1748,5444,11006,2187,4150,2000,2000,14963421.49,14962421.49,14962421.49,14962421.49,0.0,0.0,14962421.49,0.0,0.0,2024,3,Ação Financeiro,2024,3
1749,4893,23030,1015,2096,150000,150000,24000.0,23754.6,0.0,0.0,0.0,0.0,23754.6,0.0,0.0,2024,3,Ação Financeiro,2024,3
1750,4810,21001,1015,2087,600000,600000,481802.88,479956.3,46475.07,46475.07,0.0,0.0,479956.3,0.0,0.0,2024,3,Ação Financeiro,2024,3
1751,4727,13001,1015,2087,9508256,9508256,9578749.4,4613773.45,1211713.54,1316200.64,0.0,0.0,4340325.63,0.0,0.0,2024,3,Ação Financeiro,2024,3
1752,4798,16001,1015,2351,194905639,194905639,240690435.13,229364290.68,76507541.47,76477409.77,0.0,0.0,208168806.19,0.0,0.0,2024,3,Ação Financeiro,2024,3
1753,5266,17012,2034,2117,355904,355904,2200541.21,1745426.04,476126.65,476126.65,0.0,0.0,1106023.77,0.0,0.0,2024,3,Ação Financeiro,2024,3
1754,5254,15005,2182,4119,543735,543735,77364.0,77364.0,25789.98,25789.98,0.0,0.0,70919.42,0.0,0.0,2024,3,Ação Financeiro,2024,3
1755,5171,15020,2002,2000,2420000,2420000,2920000.0,2474465.39,722271.77,727834.27,0.0,0.0,2157218.77,0.0,0.0,2024,3,Ação Financeiro,2024,3
1756,5242,19001,2011,2021,51062829,51062829,78676371.97,53984332.27,22923483.03,24518491.03,0.0,0.0,37611034.53,0.0,0.0,2024,3,Ação Financeiro,2024,3
1757,5159,16001,2176,4096,7449000,7449000,652753.26,540453.26,357604.25,357604.25,0.0,0.0,501802.88,0.0,0.0,2024,3,Ação Financeiro,2024,3
1758,5273,15020,2174,4117,18863842,18863842,3793587.3,3042834.33,529400.65,216072.99,0.0,0.0,1469654.2,0.0,0.0,2024,3,Ação Financeiro,2024,3
1759,5190,29001,1280,1196,26657844,26657844,22857844.0,14014808.64,490312.82,490312.82,0.0,0.0,694850.88,0.0,0.0,2024,3,Ação Financeiro,2024,3
1760,5261,15005,2182,1637,720351,720351,102061.07,100194.69,99599.1,99599.1,0.0,0.0,99599.1,0.0,0.0,2024,3,Ação Financeiro,2024,3
1761,5178,27001,1015,1490,4667280,4667280,5445280.0,4948153.47,2219079.82,2313276.12,0.0,0.0,4948153.47,0.0,0.0,2024,3,Ação Financeiro,2024,3
1762,5166,15020,1015,2281,58743100,58743100,56382609.65,53985023.83,18790542.09,18397569.67,0.0,0.0,47883390.26,0.0,0.0,2024,3,Ação Financeiro,2024,3
1763,5000,16001,2158,4048,114146769,114146769,114205362.24,102267083.95,38444687.99,38444687.99,0.0,0.0,102267083.95,0.0,0.0,2024,3,Ação Financeiro,2024,3
1764,4988,23015,2117,2266,196732,196732,196732.0,130672.36,48905.5,48905.5,0.0,0.0,130672.36,0.0,0.0,2024,3,Ação Financeiro,2024,3
1765,4905,23030,2164,4075,715192,715192,715192.0,643116.46,121078.98,145745.99,0.0,0.0,592349.15,0.0,0.0,2024,3,Ação Financeiro,2024,3
1766,5256,15005,1015,4000,178405,178405,7052.12,7052.12,7052.12,7052.12,0.0,0.0,7052.12,0.0,0.0,2024,3,Ação Financeiro,2024,3
1767,5173,15020,2002,2272,1200000,1200000,1200000.0,1021476.01,555651.85,545267.65,0.0,0.0,1021476.01,0.0,0.0,2024,3,Ação Financeiro,2024,3
1768,5090,23012,2168,4086,627000,627000,627000.0,586507.06,386326.66,386326.66,0.0,0.0,429628.66,0.0,0.0,2024,3,Ação Financeiro,2024,3
1769,5161,16001,2176,4097,3220000,3220000,1892990.3,1892990.3,149000.0,149000.0,0.0,0.0,1824090.3,0.0,0.0,2024,3,Ação Financeiro,2024,3
1770,4995,16001,2158,4045,15536147,15536147,10143380.62,10141553.92,1676961.92,1679145.92,0.0,0.0,2613047.16,0.0,0.0,2024,3,Ação Financeiro,2024,3
1771,5066,13006,1015,2091,7320456,7320456,5941048.72,5850906.84,1888352.11,1888352.11,0.0,0.0,5850906.84,0.0,0.0,2024,3,Ação Financeiro,2024,3
1772,4983,23012,2168,2510,1612711,1612711,1710411.0,1116042.38,306602.68,319462.49,0.0,0.0,1024499.19,0.0,0.0,2024,3,Ação Financeiro,2024,3
1773,5605,14023,0,130,0,0,0.0,13284998.88,11849584.96,11849584.96,0.0,0.0,11849584.96,0.0,0.0,2024,3,Ação Financeiro,2024,3
1774,4888,17012,2069,2129,9231223,9231223,13115319.36,11484546.07,5104938.08,4374290.08,0.0,0.0,8437119.9,0.0,0.0,2024,3,Ação Financeiro,2024,3
1775,4919,17032,1015,4000,563850,563850,0.0,0.0,0.0,0.0,0.0,0.0,0.0,0.0,0.0,2024,3,Ação Financeiro,2024,3
1776,5458,11006,1015,2091,829980,829980,829980.0,588673.01,200427.42,200427.42,0.0,0.0,588673.01,0.0,0.0,2024,3,Ação Financeiro,2024,3
1777,4824,21001,1015,2091,30118439,30118439,22258811.58,22258811.58,7292725.25,7292725.25,0.0,0.0,22258811.58,0.0,0.0,2024,3,Ação Financeiro,2024,3
1778,4741,14023,1000,2503,143040,143040,564126.95,492195.25,301655.49,301655.49,0.0,0.0,383483.68,0.0,0.0,2024,3,Ação Financeiro,2024,3
1779,5363,3011,2065,1508,9952000,9952000,295.08,0.0,0.0,0.0,0.0,0.0,0.0,0.0,0.0,2024,3,Ação Financeiro,2024,3
1780,4812,11033,2086,2561,123915,123915,41698.0,41698.0,41698.0,41698.0,0.0,0.0,41698.0,0.0,0.0,2024,3,Ação Financeiro,2024,3
1781,5351,3011,2185,4137,777000,777000,1207881.0,942039.12,345238.98,345238.98,0.0,0.0,906030.72,0.0,0.0,2024,3,Ação Financeiro,2024,3
1782,5268,11025,0,112,440000,440000,957366.06,768486.54,279747.36,279747.36,0.0,0.0,768486.54,0.0,0.0,2024,3,Ação Financeiro,2024,3
1783,4717,11009,1015,2174,26683845,26683845,26633845.0,23351562.6,9085475.3,7568186.37,0.0,0.0,20028010.18,0.0,0.0,2024,3,Ação Financeiro,2024,3
1784,4665,1001,1006,2253,1526900,1526900,1426900.0,808970.95,336436.7,336436.7,0.0,0.0,701473.65,0.0,0.0,2024,3,Ação Financeiro,2024,3
1785,5370,3011,1018,4139,205000,205000,33500.0,18707.28,17671.89,17671.89,0.0,0.0,18379.17,0.0,0.0,2024,3,Ação Financeiro,2024,3
1786,5287,11005,1015,2096,65000,65000,100496.0,84948.0,72948.0,72948.0,0.0,0.0,84948.0,0.0,0.0,2024,3,Ação Financeiro,2024,3
1787,4736,14002,0,124,3244708,3244708,3533202.32,3533202.32,1856596.12,1856596.12,0.0,0.0,3533202.32,0.0,0.0,2024,3,Ação Financeiro,2024,3
1788,5192,29001,1280,2025,220669894,220669894,273869234.97,273843608.2,139804236.08,123321421.8,0.0,0.0,273843608.2,0.0,0.0,2024,3,Ação Financeiro,2024,3
1789,5109,30001,2145,2527,100000,100000,290000.0,263027.0,84177.0,98676.0,0.0,0.0,263027.0,0.0,0.0,2024,3,Ação Financeiro,2024,3
1790,5097,11007,2074,2285,6520000,6520000,6520000.0,5230274.83,1089265.86,1089265.86,0.0,0.0,2908443.76,0.0,0.0,2024,3,Ação Financeiro,2024,3
1791,5014,16001,2158,4051,3877226,3877226,3120807.4,3103428.2,452953.2,606671.0,0.0,0.0,3103428.2,0.0,0.0,2024,3,Ação Financeiro,2024,3
1792,5085,19023,0,9999,100000,100000,0.0,0.0,0.0,0.0,0.0,0.0,0.0,0.0,0.0,2024,3,Ação Financeiro,2024,3
1793,5002,16001,2158,4050,243724,243724,410299.3,233891.92,229459.12,229459.12,0.0,0.0,233891.92,0.0,0.0,2024,3,Ação Financeiro,2024,3
1794,5116,30011,1009,2534,988726,988726,1993104.46,651629.96,301441.28,281971.4,0.0,0.0,434075.76,0.0,0.0,2024,3,Ação Financeiro,2024,3
1795,5033,16020,2134,2354,617750,617750,617750.0,597866.83,374202.74,328443.9,0.0,0.0,537987.01,0.0,0.0,2024,3,Ação Financeiro,2024,3
1796,5104,14001,2007,1053,3345000,3345000,3345000.0,3164918.18,1475999.99,1475999.99,0.0,0.0,2914918.07,0.0,0.0,2024,3,Ação Financeiro,2024,3
1797,5021,16001,2158,4053,1957104,1957104,5491878.42,5293982.42,1941567.89,1941567.89,0.0,0.0,4080127.1,0.0,0.0,2024,3,Ação Financeiro,2024,3
1798,5560,17012,2034,4161,0,0,95465665.99,95465665.99,49219058.61,56106025.6,0.0,0.0,95465665.99,0.0,0.0,2024,3,Ação Financeiro,2024,3
1799,5009,23001,2162,4068,50000000,50000000,22000000.0,6344040.48,3102666.33,3358525.53,0.0,0.0,3940639.95,0.0,0.0,2024,3,Ação Financeiro,2024,3
1800,5477,11005,2190,2361,75496,75496,20000.0,20000.0,0.0,0.0,0.0,0.0,20000.0,0.0,0.0,2024,3,Ação Financeiro,2024,3
1801,4926,15001,1015,2147,328197283,328197283,298070634.57,295822618.28,108593423.97,108494958.57,0.0,0.0,295822618.28,0.0,0.0,2024,3,Ação Financeiro,2024,3
1802,4843,18011,2154,2603,419400,419400,980460.27,242316.15,207730.55,211290.55,0.0,0.0,242296.15,0.0,0.0,2024,3,Ação Financeiro,2024,3
1803,5548,32001,2094,1064,0,0,9709712.2,9166406.14,5695079.63,5311359.17,0.0,0.0,7886500.48,0.0,0.0,2024,3,Ação Financeiro,2024,3
1804,5382,15003,2166,1527,20000,20000,20000.0,0.0,0.0,0.0,0.0,0.0,0.0,0.0,0.0,2024,3,Ação Financeiro,2024,3
1805,4831,18011,1015,1490,4048314,4048314,4048314.0,3340398.09,1224518.54,1224518.54,0.0,0.0,3248408.36,0.0,0.0,2024,3,Ação Financeiro,2024,3
1806,4748,19025,2024,2019,9313811,9313811,23691214.37,20024851.0,5208435.72,5193605.83,0.0,0.0,9594556.56,0.0,0.0,2024,3,Ação Financeiro,2024,3
1807,5453,16031,2090,2252,23000,23000,23000.0,14110.0,14110.0,14110.0,0.0,0.0,14110.0,0.0,0.0,2024,3,Ação Financeiro,2024,3
1808,5484,15011,2166,1527,100000,100000,100000.0,0.0,0.0,0.0,0.0,0.0,0.0,0.0,0.0,2024,3,Ação Financeiro,2024,3
1809,4850,11003,1015,2091,5603508,5603508,6653328.88,6521140.43,2235185.64,2235185.64,0.0,0.0,6521140.43,0.0,0.0,2024,3,Ação Financeiro,2024,3
1810,5472,17012,1015,4155,1800000,1800000,0.0,0.0,0.0,0.0,0.0,0.0,0.0,0.0,0.0,2024,3,Ação Financeiro,2024,3
1811,4684,2001,1010,1221,8400000,8400000,1299323.0,789899.35,198774.85,198774.85,0.0,0.0,719692.85,0.0,0.0,2024,3,Ação Financeiro,2024,3
1812,5389,15001,2166,4125,1718525,1718525,6512433.5,4513843.05,2271163.54,581182.71,0.0,0.0,4513843.05,0.0,0.0,2024,3,Ação Financeiro,2024,3
1813,5306,11025,2057,1384,2000000,2000000,39103242.05,38891403.05,2988650.65,2618024.45,0.0,0.0,2988650.65,0.0,0.0,2024,3,Ação Financeiro,2024,3
1814,4755,13001,0,9999,70012793,70012793,6476247.28,0.0,0.0,0.0,0.0,0.0,0.0,0.0,0.0,2024,3,Ação Financeiro,2024,3
1815,4672,1001,2126,2416,2500000,2500000,2220000.0,295350.0,15300.0,15300.0,0.0,0.0,295350.0,0.0,0.0,2024,3,Ação Financeiro,2024,3
1816,5294,27001,2183,2428,500000,500000,24364109.29,23703438.77,6691011.04,6168333.39,0.0,0.0,7901011.04,0.0,0.0,2024,3,Ação Financeiro,2024,3
1817,5211,27001,1015,2087,9816799,9816799,9816799.0,8305265.27,2871406.14,2954581.58,0.0,0.0,6726160.59,0.0,0.0,2024,3,Ação Financeiro,2024,3
1818,5128,17033,1015,2234,3011734,3011734,3028334.0,2639614.04,1023017.5,1091059.22,0.0,0.0,2639614.04,0.0,0.0,2024,3,Ação Financeiro,2024,3
1819,5199,11008,2058,1523,64500,64500,64500.0,6452.5,6452.5,6452.5,0.0,0.0,6452.5,0.0,0.0,2024,3,Ação Financeiro,2024,3
1820,5313,11023,2177,1635,2057,2057,2057.0,0.0,0.0,0.0,0.0,0.0,0.0,0.0,0.0,2024,3,Ação Financeiro,2024,3
1821,5230,13006,1015,2087,4812793,4812793,3711987.1,1953382.77,346312.2,335308.14,0.0,0.0,1286779.28,0.0,0.0,2024,3,Ação Financeiro,2024,3
1822,5218,15006,2166,1006,124000,124000,68904.45,68904.45,0.0,0.0,0.0,0.0,68904.45,0.0,0.0,2024,3,Ação Financeiro,2024,3
1823,5135,17033,2109,4093,1000,1000,1296000.0,1043748.1,746019.81,748467.31,0.0,0.0,1038835.0,0.0,0.0,2024,3,Ação Financeiro,2024,3
1824,5052,21001,2102,2893,41396686,41396686,55807053.37,55807053.37,18211952.78,18393246.05,0.0,0.0,50610523.25,0.0,0.0,2024,3,Ação Financeiro,2024,3
1825,5040,14001,1015,2091,2523683,2523683,2791735.85,2363735.85,738419.17,738419.17,0.0,0.0,2363735.85,0.0,0.0,2024,3,Ação Financeiro,2024,3
1826,4957,17012,1015,2476,503116,503116,563391.68,563388.78,0.0,0.0,0.0,0.0,563388.78,0.0,0.0,2024,3,Ação Financeiro,2024,3
1827,5028,16001,2158,4057,188730,188730,1735878.17,1735878.17,749487.09,749932.09,0.0,0.0,1503058.57,0.0,0.0,2024,3,Ação Financeiro,2024,3
1828,5496,16031,1015,2091,84000,84000,61443.32,59675.99,17932.15,17932.15,0.0,0.0,59675.99,0.0,0.0,2024,3,Ação Financeiro,2024,3
1829,4945,15001,1015,2096,4474000,4474000,6220264.09,6119413.74,325084.04,325084.04,0.0,0.0,6119413.74,0.0,0.0,2024,3,Ação Financeiro,2024,3
1830,5059,19014,2095,2501,5260000,5260000,5260000.0,4103000.0,1359400.0,1359400.0,0.0,0.0,3757350.0,0.0,0.0,2024,3,Ação Financeiro,2024,3
1831,4976,16001,2156,4037,166695385,166695385,154752763.32,144855002.34,42484625.52,44721419.84,0.0,0.0,142258958.65,0.0,0.0,2024,3,Ação Financeiro,2024,3
1832,5598,2011,2147,2539,0,0,650300.0,650300.0,319995.52,319995.52,0.0,0.0,319995.52,0.0,0.0,2024,3,Ação Financeiro,2024,3
1833,5047,23002,1015,2091,139200,139200,83070.31,47576.32,32842.64,32842.64,0.0,0.0,47576.32,0.0,0.0,2024,3,Ação Financeiro,2024,3
1834,5515,3001,1019,2854,375132672,375132672,375132672.0,217742997.45,95149631.67,100127930.1,0.0,0.0,216035776.54,0.0,0.0,2024,3,Ação Financeiro,2024,3
1835,4964,23012,2168,2061,752065,752065,879170.3,475173.13,115815.65,123203.77,0.0,0.0,464341.63,0.0,0.0,2024,3,Ação Financeiro,2024,3
1836,4881,11013,2000,2009,10500000,10500000,13058703.33,10472204.48,4753044.14,5334074.14,0.0,0.0,8227062.04,0.0,0.0,2024,3,Ação Financeiro,2024,3
1837,4869,2001,1011,2101,124709244,124709244,167894312.63,165026768.32,74517767.48,74502429.06,0.0,0.0,165026768.32,0.0,0.0,2024,3,Ação Financeiro,2024,3
1838,4786,17034,1015,2091,878752,878752,878752.0,818292.7,259373.73,259373.73,0.0,0.0,818292.7,0.0,0.0,2024,3,Ação Financeiro,2024,3
1839,5491,16001,1015,2091,14865134,14865134,8854922.73,8854922.73,2786504.54,2786504.54,0.0,0.0,8854922.73,0.0,0.0,2024,3,Ação Financeiro,2024,3
1840,4703,19023,2096,2516,750000,750000,845000.0,735988.55,76241.25,76241.25,0.0,0.0,616458.55,0.0,0.0,2024,3,Ação Financeiro,2024,3
1841,4774,11020,1015,2234,16382530,16382530,16536846.28,14523533.43,5191149.15,5311740.92,0.0,0.0,14523497.9,0.0,0.0,2024,3,Ação Financeiro,2024,3
1842,4805,23001,1015,2087,8840480,8840480,9938124.6,9246364.31,2380681.79,2432387.86,0.0,0.0,6307536.28,0.0,0.0,2024,3,Ação Financeiro,2024,3
1843,5510,31001,1015,2234,12655349,12655349,13421355.7,12934001.56,4564774.55,4758661.92,0.0,0.0,12934001.56,0.0,0.0,2024,3,Ação Financeiro,2024,3
1844,4722,11009,2133,4546,2608456,2608456,2106273.25,1803187.96,467711.37,475098.37,0.0,0.0,1443713.68,0.0,0.0,2024,3,Ação Financeiro,2024,3
1845,5427,3001,1014,4080,208000,208000,208000.0,58000.0,4243.68,4243.68,0.0,0.0,36778.56,0.0,0.0,2024,3,Ação Financeiro,2024,3
1846,5344,15017,2166,2269,6000000,6000000,25458543.52,13032798.29,6226548.64,6226548.64,0.0,0.0,6465437.52,0.0,0.0,2024,3,Ação Financeiro,2024,3
1847,4793,18001,1015,2091,1393728,1393728,1393728.0,1230488.4,394911.87,394911.87,0.0,0.0,1230488.4,0.0,0.0,2024,3,Ação Financeiro,2024,3
1848,4710,19023,0,205,500000,500000,820000.0,815941.63,275605.29,275605.29,0.0,0.0,706776.25,0.0,0.0,2024,3,Ação Financeiro,2024,3
1849,5415,11004,1015,4103,31680,31680,0.0,0.0,0.0,0.0,0.0,0.0,0.0,0.0,0.0,2024,3,Ação Financeiro,2024,3
1850,5332,17010,2039,4014,200000,200000,200000.0,192906.66,43624.46,43624.46,0.0,0.0,88294.16,0.0,0.0,2024,3,Ação Financeiro,2024,3
1851,5249,23011,2087,2197,7362930,7362930,11721353.59,5070662.0,2330850.0,1730850.0,0.0,0.0,2839862.0,0.0,0.0,2024,3,Ação Financeiro,2024,3
1852,5237,17012,2070,1615,2207280,2207280,31931633.57,15903812.28,3442406.97,2659344.47,0.0,0.0,4340925.88,0.0,0.0,2024,3,Ação Financeiro,2024,3
1853,5154,15020,0,205,4201637,4201637,5001637.0,4618244.62,1782470.74,1376535.78,0.0,0.0,4618244.62,0.0,0.0,2024,3,Ação Financeiro,2024,3
1854,5071,21011,2102,1143,14819000,14819000,14252838.0,13836602.48,4937799.38,4937799.38,0.0,0.0,12549840.76,0.0,0.0,2024,3,Ação Financeiro,2024,3
1855,5142,29012,1280,2951,3893481,3893481,6843481.0,2793130.73,1112596.04,1148311.96,0.0,0.0,2752942.73,0.0,0.0,2024,3,Ação Financeiro,2024,3
1856,5410,31001,2138,4060,100000,100000,0.0,0.0,0.0,0.0,0.0,0.0,0.0,0.0,0.0,2024,3,Ação Financeiro,2024,3
1857,5327,15017,2166,1276,2401780,2401780,43998780.0,26807699.84,3256272.45,3256272.45,0.0,0.0,4040336.85,0.0,0.0,2024,3,Ação Financeiro,2024,3
1858,5244,19001,2011,2340,3000000,3000000,3250000.0,2835015.64,2699461.11,2784606.27,0.0,0.0,2835015.64,0.0,0.0,2024,3,Ação Financeiro,2024,3
1859,5315,14012,2139,2488,15022085,15022085,17822085.0,13426835.85,6371187.7,3529007.11,0.0,0.0,9587619.56,0.0,0.0,2024,3,Ação Financeiro,2024,3
1860,5232,13006,2097,1382,1000,1000,1000.0,0.0,0.0,0.0,0.0,0.0,0.0,0.0,0.0,2024,3,Ação Financeiro,2024,3
1861,5137,19001,2003,2023,11711803,11711803,13523635.86,12710640.35,842934.81,1108654.81,0.0,0.0,11157916.89,0.0,0.0,2024,3,Ação Financeiro,2024,3
1862,5054,21001,2102,2953,37330000,37330000,44420556.71,44309065.14,16542274.38,16881442.77,0.0,0.0,37278815.86,0.0,0.0,2024,3,Ação Financeiro,2024,3
1863,4971,16001,1015,1005,8929943,8929943,22156531.58,22156531.58,439957.68,441515.18,0.0,0.0,2650417.5,0.0,0.0,2024,3,Ação Financeiro,2024,3
1864,5593,2011,2146,2538,0,0,2040185.14,2040185.14,709530.7,709530.7,0.0,0.0,709530.7,0.0,0.0,2024,3,Ação Financeiro,2024,3
1865,5156,16020,2134,2460,7924000,7924000,7924000.0,6147027.52,2127708.41,2422789.09,0.0,0.0,4939906.39,0.0,0.0,2024,3,Ação Financeiro,2024,3
1866,5073,21011,2102,2953,2689068,2689068,3204068.0,2946651.98,619263.6,786911.33,0.0,0.0,1825717.14,0.0,0.0,2024,3,Ação Financeiro,2024,3
1867,4990,16001,2157,1580,5149256,5149256,23087721.11,22962721.11,2860671.65,2860671.65,0.0,0.0,7316846.33,0.0,0.0,2024,3,Ação Financeiro,2024,3
1868,4978,16001,2156,4038,6193283,6193283,47042923.31,46077204.0,9285361.56,9285361.56,0.0,0.0,22728179.57,0.0,0.0,2024,3,Ação Financeiro,2024,3
1869,4895,14025,0,206,1960000,1960000,2703000.0,2608798.5,2407797.92,2405221.59,0.0,0.0,2608798.5,0.0,0.0,2024,3,Ação Financeiro,2024,3
1870,5517,16001,2156,1647,1561518,1561518,19547786.02,19421044.11,0.0,0.0,0.0,0.0,0.0,0.0,0.0,2024,3,Ação Financeiro,2024,3
1871,4966,15014,2103,1276,6245134,6245134,6245134.0,3721531.32,40591.41,40591.41,0.0,0.0,43472.58,0.0,0.0,2024,3,Ação Financeiro,2024,3
1872,4800,19025,0,205,15532,15532,15532.0,11000.0,3644.35,3644.35,0.0,0.0,9583.0,0.0,0.0,2024,3,Ação Financeiro,2024,3
1873,5505,17033,2070,1646,350000,350000,300000.0,277371.25,185809.0,185809.0,0.0,0.0,277371.25,0.0,0.0,2024,3,Ação Financeiro,2024,3
1874,4871,2001,1011,2542,2450000,2450000,809000.0,613153.03,372616.5,390286.5,0.0,0.0,603953.03,0.0,0.0,2024,3,Ação Financeiro,2024,3
1875,5524,32001,2094,4127,1000,1000,1505976.75,1365912.25,707699.52,56615.96,0.0,0.0,707699.52,0.0,0.0,2024,3,Ação Financeiro,2024,3
1876,5441,11006,2000,4146,150000,150000,150000.0,19405.6,0.0,0.0,0.0,0.0,19405.6,0.0,0.0,2024,3,Ação Financeiro,2024,3
1877,4890,23030,1015,2087,2438000,2438000,2239000.0,2105153.65,679325.98,679951.05,0.0,0.0,1945128.67,0.0,0.0,2024,3,Ação Financeiro,2024,3
1878,5358,3011,1031,1641,55000,55000,45000.0,17591.42,13356.42,13356.42,0.0,0.0,16947.84,0.0,0.0,2024,3,Ação Financeiro,2024,3
1879,4807,18001,2153,2164,200000,200000,1025000.0,1002630.95,944164.49,944164.49,0.0,0.0,944164.49,0.0,0.0,2024,3,Ação Financeiro,2024,3
1880,5429,11013,2000,4148,3100000,3100000,1295552.74,778975.98,645162.13,686368.93,0.0,0.0,755642.61,0.0,0.0,2024,3,Ação Financeiro,2024,3
1881,5334,32001,1015,2091,608740,608740,272065.89,263049.95,100284.82,120288.82,0.0,0.0,263049.95,0.0,0.0,2024,3,Ação Financeiro,2024,3
1882,5251,15005,2182,4118,6457465,6457465,14292721.87,12289823.77,6701149.34,6784503.04,0.0,0.0,10788823.53,0.0,0.0,2024,3,Ação Financeiro,2024,3
1883,5168,16001,2176,4102,1500000,1500000,33166564.26,31928019.51,1933248.15,1933248.15,0.0,0.0,3948248.15,0.0,0.0,2024,3,Ação Financeiro,2024,3
1884,5353,3011,2065,1509,9952000,9952000,862960.82,0.0,0.0,0.0,0.0,0.0,0.0,0.0,0.0,2024,3,Ação Financeiro,2024,3
1885,5270,17012,2034,4009,212349164,212349164,461558268.16,443646609.75,164793143.14,165962989.82,0.0,0.0,325840024.56,0.0,0.0,2024,3,Ação Financeiro,2024,3
1886,5187,15020,2172,2290,560000,560000,1260000.0,979287.82,589750.54,620356.26,0.0,0.0,979287.82,0.0,0.0,2024,3,Ação Financeiro,2024,3
1887,5258,15005,1015,2087,4924587,4924587,6245413.43,6243633.67,1921753.39,2045277.24,0.0,0.0,4645624.83,0.0,0.0,2024,3,Ação Financeiro,2024,3
1888,5175,15020,1015,2096,1904584,1904584,3577584.0,2878012.37,977376.33,1031441.3,0.0,0.0,2752970.37,0.0,0.0,2024,3,Ação Financeiro,2024,3
1889,5092,11022,0,205,120000,120000,180072.12,140371.07,44576.01,44576.01,0.0,0.0,124874.96,0.0,0.0,2024,3,Ação Financeiro,2024,3
1890,5080,23012,2169,4084,10000000,10000000,7390000.0,4171613.77,1055866.66,1055866.66,0.0,0.0,3093016.8,0.0,0.0,2024,3,Ação Financeiro,2024,3
1891,4997,16001,2158,4047,15225913,15225913,5990667.07,5747546.77,4116617.83,4162879.83,0.0,0.0,5728296.77,0.0,0.0,2024,3,Ação Financeiro,2024,3
1892,4914,15003,1015,2096,141400,141400,715550.0,644020.91,316568.09,316568.09,0.0,0.0,325137.8,0.0,0.0,2024,3,Ação Financeiro,2024,3
1893,4985,16001,2157,4041,110568376,110568376,136751815.84,128015345.11,38384697.67,38428564.69,0.0,0.0,89848171.01,0.0,0.0,2024,3,Ação Financeiro,2024,3
1894,5099,30001,1007,2517,78225050,78225050,82785050.0,80577909.46,32559917.61,32559917.61,0.0,0.0,80577909.46,0.0,0.0,2024,3,Ação Financeiro,2024,3
1895,5016,18001,1015,2096,448500,448500,161790.1,154610.1,26572.0,26572.0,0.0,0.0,154610.1,0.0,0.0,2024,3,Ação Financeiro,2024,3
1896,4933,15001,1015,2412,1994256,1994256,878615.06,856329.32,294922.67,294922.67,0.0,0.0,856329.32,0.0,0.0,2024,3,Ação Financeiro,2024,3
1897,5555,31001,2119,2421,0,0,552570.0,143113.2,119013.2,119013.2,0.0,0.0,119013.2,0.0,0.0,2024,3,Ação Financeiro,2024,3
1898,5004,15001,1025,2437,27159188,27159188,25453728.55,24115986.71,8465839.18,8465839.18,0.0,0.0,24115986.71,0.0,0.0,2024,3,Ação Financeiro,2024,3
1899,4921,17032,2105,4030,1300000,1300000,478000.0,0.0,0.0,0.0,0.0,0.0,0.0,0.0,0.0,2024,3,Ação Financeiro,2024,3
1900,5460,11006,1015,2234,10000000,10000000,10000000.0,9074399.72,3177817.19,3289079.45,0.0,0.0,9074399.72,0.0,0.0,2024,3,Ação Financeiro,2024,3
1901,4909,11017,2135,2461,69521,69521,81188.97,0.0,0.0,0.0,0.0,0.0,0.0,0.0,0.0,2024,3,Ação Financeiro,2024,3
1902,5377,3011,1018,1642,224000,224000,147300.0,113497.61,99993.33,105291.04,0.0,0.0,113280.0,0.0,0.0,2024,3,Ação Financeiro,2024,3
1903,4826,23001,1015,2091,8251217,8251217,8246774.0,5977303.85,2085140.67,2085140.67,0.0,0.0,5977303.85,0.0,0.0,2024,3,Ação Financeiro,2024,3
1904,4743,14023,0,205,4365608,4365608,5685529.0,5685507.18,750047.44,750047.44,0.0,0.0,4725633.11,0.0,0.0,2024,3,Ação Financeiro,2024,3
1905,5448,11013,2000,4147,4510696,4510696,41237332.39,37857762.75,17050111.04,17584322.04,0.0,0.0,22158704.79,0.0,0.0,2024,3,Ação Financeiro,2024,3
1906,5365,15017,1015,4000,4300000,4300000,11329796.86,3589082.57,2957736.0,2957736.0,0.0,0.0,3589082.57,0.0,0.0,2024,3,Ação Financeiro,2024,3
1907,5282,11025,2106,1515,16030000,16030000,12202152.24,858945.2,190565.7,190565.7,0.0,0.0,813735.7,0.0,0.0,2024,3,Ação Financeiro,2024,3
1908,4731,16020,1015,2234,3388739,3388739,3808739.0,3613660.85,1481044.8,1483565.87,0.0,0.0,3613660.85,0.0,0.0,2024,3,Ação Financeiro,2024,3
1909,4762,19001,1015,2091,650208,650208,665208.0,521444.73,161183.04,161183.04,0.0,0.0,521444.73,0.0,0.0,2024,3,Ação Financeiro,2024,3
1910,5384,31001,2138,4061,550000,550000,549536.38,329089.53,173647.01,174615.12,0.0,0.0,288190.79,0.0,0.0,2024,3,Ação Financeiro,2024,3
1911,5301,23011,2087,1494,34193358,34193358,31719684.41,24546408.71,8036468.3,8345344.39,0.0,0.0,21517239.8,0.0,0.0,2024,3,Ação Financeiro,2024,3
1912,4750,19025,2024,1447,0,0,50868.58,41350.49,0.0,0.0,0.0,0.0,0.0,0.0,0.0,2024,3,Ação Financeiro,2024,3
1913,4667,1001,1006,2406,30866113,30866113,23413318.89,8290023.62,2467728.45,2467728.45,0.0,0.0,4099631.66,0.0,0.0,2024,3,Ação Financeiro,2024,3
1914,5372,19014,2095,1644,1749638,1749638,1749638.0,1035772.2,343938.84,353426.04,0.0,0.0,1035772.2,0.0,0.0,2024,3,Ação Financeiro,2024,3
1915,5289,27001,2183,2465,26868621,26868621,34478409.07,23001808.85,6595264.41,6544139.31,0.0,0.0,8429195.74,0.0,0.0,2024,3,Ação Financeiro,2024,3
1916,5206,11023,1015,2087,1745036,1745036,1867875.72,1312587.13,655845.03,663870.63,0.0,0.0,1099590.93,0.0,0.0,2024,3,Ação Financeiro,2024,3
1917,5277,17012,2034,4011,29878686,29878686,41650882.02,40232877.98,14768965.36,15168655.65,0.0,0.0,31886941.73,0.0,0.0,2024,3,Ação Financeiro,2024,3
1918,5194,29001,1280,2989,7814500,7814500,7876500.0,7034866.43,2620226.63,2626230.98,0.0,0.0,7034866.43,0.0,0.0,2024,3,Ação Financeiro,2024,3
1919,5111,30011,1008,2530,1027530,1027530,2150500.0,1880782.99,739035.26,738352.94,0.0,0.0,1875241.99,0.0,0.0,2024,3,Ação Financeiro,2024,3
1920,5213,11023,1015,2091,188051,188051,597262.0,534250.87,299273.53,299273.53,0.0,0.0,534250.87,0.0,0.0,2024,3,Ação Financeiro,2024,3
1921,5130,17033,1015,2096,16000,16000,140000.0,100917.95,48320.95,48320.95,0.0,0.0,98320.95,0.0,0.0,2024,3,Ação Financeiro,2024,3
1922,5118,30011,1009,2535,1870681,1870681,10616829.45,6990562.85,3118124.14,3137760.14,0.0,0.0,3596836.44,0.0,0.0,2024,3,Ação Financeiro,2024,3
1923,5035,11004,2108,1215,22381,22381,304780.0,304746.04,0.0,0.0,0.0,0.0,0.0,0.0,0.0,2024,3,Ação Financeiro,2024,3
1924,4952,17012,1015,2064,1334741,1334741,2880672.86,2879913.06,848446.65,1056629.19,0.0,0.0,2234255.56,0.0,0.0,2024,3,Ação Financeiro,2024,3
1925,5023,16001,2158,4055,1813628,1813628,1201123.08,1174403.08,143066.4,158681.4,0.0,0.0,1174403.08,0.0,0.0,2024,3,Ação Financeiro,2024,3
1926,4940,15001,2166,1276,2286000,2286000,3631875.03,3445272.76,154369.56,154369.56,0.0,0.0,1270009.56,0.0,0.0,2024,3,Ação Financeiro,2024,3
1927,4857,11006,1015,2087,2726221,2726221,3030890.75,2622678.24,833792.16,829097.38,0.0,0.0,2486609.22,0.0,0.0,2024,3,Ação Financeiro,2024,3
1928,5562,15015,2166,2249,0,0,0.0,129584.1,0.0,129584.1,0.0,0.0,129584.1,0.0,0.0,2024,3,Ação Financeiro,2024,3
1929,5479,15011,2110,2387,1000000,1000000,2836948.71,1744063.75,0.0,0.0,0.0,0.0,0.0,0.0,0.0,2024,3,Ação Financeiro,2024,3
1930,4928,15001,1015,2149,10880364,10880364,6973616.38,6834016.38,2468577.33,2468577.33,0.0,0.0,6834016.38,0.0,0.0,2024,3,Ação Financeiro,2024,3
1931,4845,11003,1015,2087,10679307,10679307,8472167.79,6772293.25,2639271.29,2650565.67,0.0,0.0,6203392.64,0.0,0.0,2024,3,Ação Financeiro,2024,3
1932,4959,23001,2112,2509,7000000,7000000,9071200.0,8426138.09,3314538.25,3314538.25,0.0,0.0,8306627.51,0.0,0.0,2024,3,Ação Financeiro,2024,3
1933,5581,13001,0,261,0,0,5430001.0,5310000.0,740000.0,740000.0,0.0,0.0,4840000.0,0.0,0.0,2024,3,Ação Financeiro,2024,3
1934,4947,15001,2166,2249,2500000,2500000,3301043.08,2866760.92,795670.41,795670.41,0.0,0.0,801326.74,0.0,0.0,2024,3,Ação Financeiro,2024,3
1935,4864,11003,2155,2604,200000,200000,0.0,0.0,0.0,0.0,0.0,0.0,0.0,0.0,0.0,2024,3,Ação Financeiro,2024,3
1936,4781,14023,1015,2087,4342842,4342842,7363881.37,6685422.63,1952132.1,1952132.1,0.0,0.0,4589239.99,0.0,0.0,2024,3,Ação Financeiro,2024,3
1937,5486,11005,2190,4159,8000,8000,115000.0,108500.0,108500.0,108500.0,0.0,0.0,108500.0,0.0,0.0,2024,3,Ação Financeiro,2024,3
1938,5403,31001,2159,4063,218400,218400,160908.5,139044.9,52995.0,56109.11,0.0,0.0,109372.9,0.0,0.0,2024,3,Ação Financeiro,2024,3
1939,5320,14001,1015,2096,1250000,1250000,200000.0,44072.5,32912.5,32912.5,0.0,0.0,44072.5,0.0,0.0,2024,3,Ação Financeiro,2024,3
1940,4769,11007,1015,2091,592574,592574,594006.33,552590.55,182588.19,182588.19,0.0,0.0,552590.55,0.0,0.0,2024,3,Ação Financeiro,2024,3
1941,4686,2011,1220,2640,1739000,1739000,709000.0,469564.5,258784.5,258784.5,0.0,0.0,258784.5,0.0,0.0,2024,3,Ação Financeiro,2024,3
1942,5391,15001,1015,1446,5671548,5671548,8542872.04,7922635.62,2810682.85,2810682.85,0.0,0.0,7708985.34,0.0,0.0,2024,3,Ação Financeiro,2024,3
1943,5308,17013,2152,1516,130814502,130814502,4168238.0,0.0,0.0,0.0,0.0,0.0,0.0,0.0,0.0,2024,3,Ação Financeiro,2024,3
1944,4674,1001,2126,2665,27684736,27684736,31717276.51,25408103.57,10842981.66,10842981.66,0.0,0.0,20702728.96,0.0,0.0,2024,3,Ação Financeiro,2024,3
1945,5296,21011,1015,4103,1000,1000,1000.0,9160127.89,3065519.46,3065519.46,0.0,0.0,7503957.63,0.0,0.0,2024,3,Ação Financeiro,2024,3
1946,4942,15001,2166,1473,4831100,4831100,5057462.99,5057425.85,0.0,0.0,0.0,0.0,0.0,0.0,0.0,2024,3,Ação Financeiro,2024,3
1947,4859,11006,2072,2661,200000,200000,200000.0,167146.6,56134.09,60634.09,0.0,0.0,162087.39,0.0,0.0,2024,3,Ação Financeiro,2024,3
1948,5564,21011,2119,2288,0,0,0.0,5000.0,0.0,0.0,0.0,0.0,5000.0,0.0,0.0,2024,3,Ação Financeiro,2024,3
1949,4776,11007,1015,2234,17753346,17753346,18984083.0,17793238.78,6280068.39,6462613.88,0.0,0.0,17793238.78,0.0,0.0,2024,3,Ação Financeiro,2024,3
1950,5481,11006,2142,1505,820000,820000,333040.0,24449.4,5420.4,5420.4,0.0,0.0,14251.0,0.0,0.0,2024,3,Ação Financeiro,2024,3
1951,4847,11010,2110,2064,1992000,1992000,1839000.0,1795396.76,545313.97,648061.02,0.0,0.0,1035250.8,0.0,0.0,2024,3,Ação Financeiro,2024,3
1952,4764,11020,2148,2536,287400,287400,18891.6,18891.6,0.0,0.0,0.0,0.0,14100.0,0.0,0.0,2024,3,Ação Financeiro,2024,3
1953,4681,2001,2147,2523,150000,150000,150000.0,150000.0,50000.0,50000.0,0.0,0.0,150000.0,0.0,0.0,2024,3,Ação Financeiro,2024,3
1954,5386,3011,2186,1643,500000,500000,500000.0,276179.35,178782.37,180141.32,0.0,0.0,189979.35,0.0,0.0,2024,3,Ação Financeiro,2024,3
1955,5303,11025,2057,4112,300000,300000,556000.0,555650.4,178650.4,178650.4,0.0,0.0,555650.4,0.0,0.0,2024,3,Ação Financeiro,2024,3
1956,4752,19025,2024,4091,5522184,5522184,5522184.0,5374719.0,1778873.5,1778873.5,0.0,0.0,5374719.0,0.0,0.0,2024,3,Ação Financeiro,2024,3
1957,5220,15006,2166,2154,916771,916771,772334.98,771074.03,257379.56,260049.56,0.0,0.0,735748.74,0.0,0.0,2024,3,Ação Financeiro,2024,3
1958,4669,1001,1020,2062,54028877,54028877,50626877.0,36225344.66,12212187.6,12234589.2,0.0,0.0,29744588.47,0.0,0.0,2024,3,Ação Financeiro,2024,3
1959,5291,11025,2181,4114,500000,500000,0.0,0.0,0.0,0.0,0.0,0.0,0.0,0.0,0.0,2024,3,Ação Financeiro,2024,3
1960,5208,14001,2008,3017,1800000,1800000,0.0,0.0,0.0,0.0,0.0,0.0,0.0,0.0,0.0,2024,3,Ação Financeiro,2024,3
1961,5310,19001,1015,2096,350000,350000,69000.0,69000.0,0.0,0.0,0.0,0.0,69000.0,0.0,0.0,2024,3,Ação Financeiro,2024,3
1962,5227,13006,0,15,2845860,2845860,6322823.76,6296554.9,2486050.91,2486050.91,0.0,0.0,6296554.9,0.0,0.0,2024,3,Ação Financeiro,2024,3
1963,5144,29012,1280,2976,8648852,8648852,24164407.13,6135269.61,1932394.12,1950656.18,0.0,0.0,3050666.43,0.0,0.0,2024,3,Ação Financeiro,2024,3
1964,5215,11025,1015,2091,4291000,4291000,4291000.0,3997001.87,1272637.24,1272637.24,0.0,0.0,3997001.87,0.0,0.0,2024,3,Ação Financeiro,2024,3
1965,5049,21001,2102,2250,500000,500000,1144133.26,1141344.5,191896.0,191896.0,0.0,0.0,554069.52,0.0,0.0,2024,3,Ação Financeiro,2024,3
1966,5120,11033,1015,2096,58000,58000,101600.0,84280.56,37284.77,37284.77,0.0,0.0,84280.56,0.0,0.0,2024,3,Ação Financeiro,2024,3
1967,5037,15015,2075,4087,374930,374930,4215119.78,3437043.16,0.0,0.0,0.0,0.0,521894.0,0.0,0.0,2024,3,Ação Financeiro,2024,3
1968,4954,17012,1015,2091,39363630,39363630,33312817.86,33312817.86,10861099.33,10861099.33,0.0,0.0,33312817.86,0.0,0.0,2024,3,Ação Financeiro,2024,3
1969,5493,16001,2157,4104,30049097,30049097,21036706.23,21036706.23,7129520.84,7129520.84,0.0,0.0,21036706.23,0.0,0.0,2024,3,Ação Financeiro,2024,3
1970,5056,21001,1015,2096,600000,600000,285717.9,285717.9,85668.4,85668.4,0.0,0.0,285717.9,0.0,0.0,2024,3,Ação Financeiro,2024,3
1971,4973,16001,2156,4034,500761673,500761673,529697881.91,515008682.72,187462542.06,187460464.71,0.0,0.0,500024150.25,0.0,0.0,2024,3,Ação Financeiro,2024,3
1972,5595,3011,2065,1652,0,0,7980000.0,0.0,0.0,0.0,0.0,0.0,0.0,0.0,0.0,2024,3,Ação Financeiro,2024,3
1973,5512,3011,2065,1518,5000000,5000000,928780.89,0.0,0.0,0.0,0.0,0.0,0.0,0.0,0.0,2024,3,Ação Financeiro,2024,3
1974,4961,23001,2163,2663,450000,450000,450000.0,242825.79,71454.43,99012.72,0.0,0.0,235894.79,0.0,0.0,2024,3,Ação Financeiro,2024,3
1975,4878,11005,1015,2091,486867,486867,254364.37,215203.95,60926.58,60926.58,0.0,0.0,215203.95,0.0,0.0,2024,3,Ação Financeiro,2024,3
1976,4795,16001,1015,2096,5107035,5107035,5833351.54,5832496.91,1724977.81,1766450.31,0.0,0.0,4841339.97,0.0,0.0,2024,3,Ação Financeiro,2024,3
1977,5500,16001,2158,4106,7061396,7061396,1272303.41,1272303.41,453289.1,453289.1,0.0,0.0,1272303.41,0.0,0.0,2024,3,Ação Financeiro,2024,3
1978,4783,16001,1015,2087,67586101,67586101,49680195.54,49310955.14,14065036.87,14086398.29,0.0,0.0,42563997.8,0.0,0.0,2024,3,Ação Financeiro,2024,3
1979,5488,17012,2189,4156,4276228,4276228,4276228.0,4276228.0,0.0,0.0,0.0,0.0,4276228.0,0.0,0.0,2024,3,Ação Financeiro,2024,3
1980,4700,19023,2096,2634,1354000,1354000,654000.0,474556.5,132886.08,132881.08,0.0,0.0,429426.46,0.0,0.0,2024,3,Ação Financeiro,2024,3
1981,4771,19023,1015,2091,3243305,3243305,4825406.95,4612717.71,2452746.76,2452746.76,0.0,0.0,4612717.71,0.0,0.0,2024,3,Ação Financeiro,2024,3
1982,4688,2001,2146,2538,9185711,9185711,3640711.0,3424061.12,753450.43,753450.43,0.0,0.0,3424061.12,0.0,0.0,2024,3,Ação Financeiro,2024,3
1983,4802,19023,1015,2234,36585630,36585630,47911433.05,39235481.19,6983907.54,6901438.62,0.0,0.0,39235481.19,0.0,0.0,2024,3,Ação Financeiro,2024,3
1984,4719,14023,1000,2064,7997361,7997361,16439334.74,12770262.38,3656465.0,3540718.06,0.0,0.0,4374245.43,0.0,0.0,2024,3,Ação Financeiro,2024,3
1985,5341,15017,2166,1381,7999400,7999400,14799400.0,4334356.74,1096563.74,1096563.74,0.0,0.0,1159164.12,0.0,0.0,2024,3,Ação Financeiro,2024,3
1986,4790,17034,2023,2263,3729222,3729222,12249731.65,8712532.94,4342539.85,3989882.35,0.0,0.0,6780656.93,0.0,0.0,2024,3,Ação Financeiro,2024,3
1987,4707,19023,1015,1490,2785125,2785125,2785125.0,2355653.77,1011219.43,979008.01,0.0,0.0,2355653.77,0.0,0.0,2024,3,Ação Financeiro,2024,3
1988,5329,3011,2073,2449,72535067,72535067,88154945.62,74322150.03,20861872.27,21770735.71,0.0,0.0,56067836.22,0.0,0.0,2024,3,Ação Financeiro,2024,3
1989,5246,19001,2055,2388,755000,755000,755000.0,676832.58,44054.12,44054.12,0.0,0.0,101903.41,0.0,0.0,2024,3,Ação Financeiro,2024,3
1990,5163,16001,2176,4098,3000000,3000000,1374000.0,1374000.0,0.0,0.0,0.0,0.0,0.0,0.0,0.0,2024,3,Ação Financeiro,2024,3
1991,5234,17012,2070,1614,2229040,2229040,5533812.86,5029772.86,1507607.29,1507607.29,0.0,0.0,2964660.98,0.0,0.0,2024,3,Ação Financeiro,2024,3
1992,5151,11007,2074,2283,1600976,1600976,1460541.0,70000.0,20000.0,20000.0,0.0,0.0,20000.0,0.0,0.0,2024,3,Ação Financeiro,2024,3
1993,5139,29013,1001,4544,1108000,1108000,10763687.5,4352451.7,1408464.0,1408464.0,0.0,0.0,1408464.0,0.0,0.0,2024,3,Ação Financeiro,2024,3
1994,5253,21001,2102,1624,6000000,6000000,7700000.0,7700000.0,4357142.88,4357142.88,0.0,0.0,7699999.98,0.0,0.0,2024,3,Ação Financeiro,2024,3
1995,5170,15020,1015,2282,5187680,5187680,4422395.72,3560367.23,995238.39,1140614.79,0.0,0.0,2584968.66,0.0,0.0,2024,3,Ação Financeiro,2024,3
1996,5087,23001,2175,4069,75187932,75187932,75675158.91,75296832.27,196378.26,227516.4,0.0,0.0,306160.64,0.0,0.0,2024,3,Ação Financeiro,2024,3
1997,5158,16020,2134,2547,3609743,3609743,3609743.0,3133724.04,1409715.25,1433573.05,0.0,0.0,3133724.04,0.0,0.0,2024,3,Ação Financeiro,2024,3
1998,4992,16001,2158,1581,70012443,70012443,16971909.37,4315899.04,1447539.04,1447539.04,0.0,0.0,4315899.04,0.0,0.0,2024,3,Ação Financeiro,2024,3
1999,4980,23012,2168,2349,74000,74000,74000.0,13750.5,0.0,0.0,0.0,0.0,13750.5,0.0,0.0,2024,3,Ação Financeiro,2024,3
2000,4897,23030,2006,2339,288000,288000,266000.0,153054.6,58699.52,58699.52,0.0,0.0,153054.6,0.0,0.0,2024,3,Ação Financeiro,2024,3
2001,5602,11004,2000,4147,0,0,0.0,1821400.0,1472300.0,1335247.95,0.0,0.0,1472300.0,0.0,0.0,2024,3,Ação Financeiro,2024,3
2002,4814,17034,1015,2096,634246,634246,1204221.0,1173330.3,643501.68,638005.28,0.0,0.0,1049723.11,0.0,0.0,2024,3,Ação Financeiro,2024,3
2003,5519,16001,2158,1650,345185,345185,0.0,0.0,0.0,0.0,0.0,0.0,0.0,0.0,0.0,2024,3,Ação Financeiro,2024,3
2004,5436,11013,2000,4146,4500000,4500000,4903447.26,4766652.86,3107551.65,2944561.04,0.0,0.0,4594345.93,0.0,0.0,2024,3,Ação Financeiro,2024,3
2005,4885,11026,1015,2087,943068,943068,3397718.4,3096685.13,243851.98,255648.77,0.0,0.0,586901.48,0.0,0.0,2024,3,Ação Financeiro,2024,3
2006,5550,32001,2094,1154,0,0,81084.0,71084.0,20995.0,20995.0,0.0,0.0,71084.0,0.0,0.0,2024,3,Ação Financeiro,2024,3
2007,4999,16001,2158,1617,39923325,39923325,37387254.55,22491517.71,10442621.17,10441864.51,0.0,0.0,22491517.71,0.0,0.0,2024,3,Ação Financeiro,2024,3
2008,4833,18011,2098,2164,768832,768832,1084832.0,1009498.66,482991.07,484771.07,0.0,0.0,945701.49,0.0,0.0,2024,3,Ação Financeiro,2024,3
2009,5455,16031,2090,2242,50000,50000,3050000.0,3022856.72,4515.0,4515.0,0.0,0.0,3022331.72,0.0,0.0,2024,3,Ação Financeiro,2024,3
2010,4821,13001,1015,2234,42416924,42416924,18316466.49,18202152.44,6609860.12,6776711.4,0.0,0.0,18202152.44,0.0,0.0,2024,3,Ação Financeiro,2024,3
2011,4738,15015,1015,2087,253340,253340,797270.93,558459.3,253677.84,253677.84,0.0,0.0,354423.97,0.0,0.0,2024,3,Ação Financeiro,2024,3
2012,5443,11006,2187,4151,6000,6000,6000.0,0.0,0.0,0.0,0.0,0.0,0.0,0.0,0.0,2024,3,Ação Financeiro,2024,3
2013,5360,3011,2065,1628,12760000,12760000,15163678.67,13503873.79,2992707.69,2588304.27,0.0,0.0,7778377.89,0.0,0.0,2024,3,Ação Financeiro,2024,3
2014,4809,18001,2153,2585,796610,796610,3630310.0,2653094.48,1582478.96,1582478.96,0.0,0.0,1979776.76,0.0,0.0,2024,3,Ação Financeiro,2024,3
2015,4726,16020,1015,2087,3122000,3122000,3122000.0,2580871.29,712827.02,689808.99,0.0,0.0,1837519.24,0.0,0.0,2024,3,Ação Financeiro,2024,3
2016,4714,11022,1015,2087,2295268,2295268,3014145.39,2399831.16,841818.83,845730.82,0.0,0.0,2265996.11,0.0,0.0,2024,3,Ação Financeiro,2024,3
2017,4662,1001,0,95,38700000,38700000,25472000.0,590000.0,0.0,196666.0,0.0,0.0,590000.0,0.0,0.0,2024,3,Ação Financeiro,2024,3
2018,5367,19023,1015,1644,5497905,5497905,100000.0,49690.0,0.0,0.0,0.0,0.0,49690.0,0.0,0.0,2024,3,Ação Financeiro,2024,3
2019,5284,11025,2179,2350,19609981,19609981,45187322.96,1941928.39,1010810.16,1010810.16,0.0,0.0,1010810.16,0.0,0.0,2024,3,Ação Financeiro,2024,3
2020,4733,16020,1015,1490,4541631,4541631,4391631.0,3712375.29,1133846.54,1133846.54,0.0,0.0,3712375.29,0.0,0.0,2024,3,Ação Financeiro,2024,3
2021,5201,11008,2058,2570,2606,2606,2626.0,2625.48,954.48,954.48,0.0,0.0,2625.48,0.0,0.0,2024,3,Ação Financeiro,2024,3
2022,5272,11025,1015,2935,8980000,8980000,11462254.37,11440860.81,3833307.62,4398611.89,0.0,0.0,9482016.68,0.0,0.0,2024,3,Ação Financeiro,2024,3
2023,5189,15020,2172,2618,2200000,2200000,2200000.0,1544282.54,503756.01,507766.37,0.0,0.0,1467635.51,0.0,0.0,2024,3,Ação Financeiro,2024,3
2024,5106,30001,2043,2528,14071143,14071143,10152943.0,8457026.81,2881111.61,2790365.37,0.0,0.0,7999134.13,0.0,0.0,2024,3,Ação Financeiro,2024,3
2025,5011,11007,1015,1490,2600000,2600000,1000000.0,0.0,0.0,0.0,0.0,0.0,0.0,0.0,0.0,2024,3,Ação Financeiro,2024,3
2026,5113,30011,1009,2531,2885720,2885720,7162627.55,4517143.89,1251346.18,1266196.72,0.0,0.0,2617574.15,0.0,0.0,2024,3,Ação Financeiro,2024,3
2027,5030,16001,2158,4059,157198,157198,153969.0,130168.08,19797.8,21507.8,0.0,0.0,117780.0,0.0,0.0,2024,3,Ação Financeiro,2024,3
2028,5101,19011,2005,1091,190228,190228,190228.0,109934.89,96050.89,96050.89,0.0,0.0,109934.89,0.0,0.0,2024,3,Ação Financeiro,2024,3
2029,5569,19025,2024,4162,0,0,2500000.0,0.0,0.0,0.0,0.0,0.0,0.0,0.0,0.0,2024,3,Ação Financeiro,2024,3
2030,5018,16001,2158,1619,18504913,18504913,23799411.69,23366578.94,9437000.04,9439990.89,0.0,0.0,23324079.88,0.0,0.0,2024,3,Ação Financeiro,2024,3
2031,4935,19001,1015,2087,3357725,3357725,6379186.05,4396057.24,1734557.27,1782650.35,0.0,0.0,3819804.77,0.0,0.0,2024,3,Ação Financeiro,2024,3
2032,5557,31001,2160,4064,0,0,556565.0,299464.1,34364.1,34364.1,0.0,0.0,34364.1,0.0,0.0,2024,3,Ação Financeiro,2024,3
2033,5474,11005,2190,2359,220000,220000,0.0,0.0,0.0,0.0,0.0,0.0,0.0,0.0,0.0,2024,3,Ação Financeiro,2024,3
2034,4923,17032,2105,4032,600000,600000,50000.0,0.0,0.0,0.0,0.0,0.0,0.0,0.0,0.0,2024,3,Ação Financeiro,2024,3
2035,5545,11003,2085,4160,0,0,1250000.0,63611.2,0.0,0.0,0.0,0.0,40111.2,0.0,0.0,2024,3,Ação Financeiro,2024,3
2036,4757,13001,1015,2064,2670880,2670880,4502814.46,4191615.02,1694074.72,3982918.49,0.0,0.0,4191615.02,0.0,0.0,2024,3,Ação Financeiro,2024,3
2037,5462,11009,1015,4103,600300,600300,1200300.0,0.0,0.0,0.0,0.0,0.0,0.0,0.0,0.0,2024,3,Ação Financeiro,2024,3
2038,5379,3011,1018,4140,654000,654000,527450.0,453422.67,149147.97,155255.12,0.0,0.0,453222.67,0.0,0.0,2024,3,Ação Financeiro,2024,3
2039,4828,18001,2154,2599,625657,625657,115839.6,5839.6,0.0,0.0,0.0,0.0,5839.6,0.0,0.0,2024,3,Ação Financeiro,2024,3
2040,5096,11007,2074,1000,12000,12000,12000.0,0.0,0.0,0.0,0.0,0.0,0.0,0.0,0.0,2024,3,Ação Financeiro,2024,3
2041,4930,15001,1015,2151,8361096,8361096,7258860.65,6805674.7,2259266.67,2259266.67,0.0,0.0,6805674.7,0.0,0.0,2024,3,Ação Financeiro,2024,3
2042,5552,32001,2010,2103,0,0,216800.0,171754.69,19966.48,36260.29,0.0,0.0,129561.14,0.0,0.0,2024,3,Ação Financeiro,2024,3
2043,5001,16001,2158,4049,26844570,26844570,30283269.76,28812181.88,14071170.84,14074800.67,0.0,0.0,22293990.75,0.0,0.0,2024,3,Ação Financeiro,2024,3
2044,4918,17032,1015,1490,5236512,5236512,5236512.0,2617474.24,789712.13,824064.98,0.0,0.0,2617474.24,0.0,0.0,2024,3,Ação Financeiro,2024,3
2045,4835,18011,2098,2583,2547560,2547560,3031575.0,1825405.99,883534.33,882094.0,0.0,0.0,1220443.19,0.0,0.0,2024,3,Ação Financeiro,2024,3
2046,5457,11006,1015,1519,1000,1000,1000.0,0.0,0.0,0.0,0.0,0.0,0.0,0.0,0.0,2024,3,Ação Financeiro,2024,3
2047,5374,3011,2065,1630,1560000,1560000,1560000.0,0.0,0.0,0.0,0.0,0.0,0.0,0.0,0.0,2024,3,Ação Financeiro,2024,3
2048,4823,21001,1015,2234,250681435,250681435,261943044.38,261706649.24,93429807.01,95738850.2,0.0,0.0,261706649.24,0.0,0.0,2024,3,Ação Financeiro,2024,3
2049,4740,14023,1000,2502,360000,360000,155750.0,53573.33,11680.0,11680.0,0.0,0.0,50653.33,0.0,0.0,2024,3,Ação Financeiro,2024,3
2050,5362,3011,1031,4136,878000,878000,1256450.0,334948.35,213639.36,206659.36,0.0,0.0,315339.06,0.0,0.0,2024,3,Ação Financeiro,2024,3
2051,5279,19017,2004,4124,4000000,4000000,2826768.3,52540.28,0.0,0.0,0.0,0.0,0.0,0.0,0.0,2024,3,Ação Financeiro,2024,3
2052,5393,11003,1015,4103,110000,110000,60000.0,0.0,0.0,0.0,0.0,0.0,0.0,0.0,0.0,2024,3,Ação Financeiro,2024,3
2053,4759,13001,1015,2091,14954686,14954686,4695966.0,4098339.21,1384434.47,1384434.47,0.0,0.0,4098339.21,0.0,0.0,2024,3,Ação Financeiro,2024,3
2054,5464,23001,1015,4103,359520,359520,455872.0,0.0,0.0,0.0,0.0,0.0,0.0,0.0,0.0,2024,3,Ação Financeiro,2024,3
2055,5381,3011,2065,1633,8345000,8345000,9466016.12,6332253.28,2127689.56,1643719.61,0.0,0.0,3285306.87,0.0,0.0,2024,3,Ação Financeiro,2024,3
2056,4747,19023,2096,4091,5274027,5274027,5024027.0,4414435.22,1442161.88,1442161.88,0.0,0.0,4414435.22,0.0,0.0,2024,3,Ação Financeiro,2024,3
2057,4664,1001,1006,1379,1000000,1000000,1000000.0,0.0,0.0,0.0,0.0,0.0,0.0,0.0,0.0,2024,3,Ação Financeiro,2024,3
2058,5369,3011,1018,4138,1788000,1788000,1120555.0,918212.69,317789.76,336548.72,0.0,0.0,889648.04,0.0,0.0,2024,3,Ação Financeiro,2024,3
2059,5286,17012,0,256,140025576,140025576,15243522.31,0.0,0.0,0.0,0.0,0.0,0.0,0.0,0.0,2024,3,Ação Financeiro,2024,3
2060,5203,27001,1015,2234,24631620,24631620,26753620.0,24745842.68,8713166.48,8914315.57,0.0,0.0,24745842.68,0.0,0.0,2024,3,Ação Financeiro,2024,3
2061,5191,29001,1280,2001,167373530,167373530,179957685.61,179457233.3,80087946.25,71855163.34,0.0,0.0,179063243.85,0.0,0.0,2024,3,Ação Financeiro,2024,3
2062,5025,16001,2158,1622,7970667,7970667,7688709.28,4584634.94,1970374.53,1970659.32,0.0,0.0,4584634.94,0.0,0.0,2024,3,Ação Financeiro,2024,3
2063,5210,27001,1015,2091,5286744,5286744,1184744.0,703517.12,210064.68,210064.68,0.0,0.0,703517.12,0.0,0.0,2024,3,Ação Financeiro,2024,3
2064,5115,30011,1009,2532,3010603,3010603,4970243.18,86563.76,59360.05,59360.05,0.0,0.0,59658.97,0.0,0.0,2024,3,Ação Financeiro,2024,3
2065,4949,15001,2166,2475,210912,210912,1489620.37,1269144.89,1269144.89,1269144.89,0.0,0.0,1269144.89,0.0,0.0,2024,3,Ação Financeiro,2024,3
2066,5020,16001,2158,4052,21488718,21488718,21755300.7,21539939.72,8544105.83,8544105.83,0.0,0.0,21523692.82,0.0,0.0,2024,3,Ação Financeiro,2024,3
2067,4937,15001,1015,2415,76452,76452,39086.61,39086.61,10971.68,10971.68,0.0,0.0,39086.61,0.0,0.0,2024,3,Ação Financeiro,2024,3
2068,5559,31001,1015,4103,0,0,59500.0,0.0,0.0,0.0,0.0,0.0,0.0,0.0,0.0,2024,3,Ação Financeiro,2024,3
2069,5476,17012,1015,4103,950000,950000,876605.31,0.0,0.0,0.0,0.0,0.0,0.0,0.0,0.0,2024,3,Ação Financeiro,2024,3
2070,5039,15004,1015,2087,8455847,8455847,15124482.73,14818289.85,6003575.71,6275153.4,0.0,0.0,12761460.67,0.0,0.0,2024,3,Ação Financeiro,2024,3
2071,4956,17012,1015,2234,797812044,797812044,604574718.98,604329017.27,215813918.86,215813918.86,0.0,0.0,602010077.32,0.0,0.0,2024,3,Ação Financeiro,2024,3
2072,5495,16031,1015,2234,696000,696000,733556.68,725950.94,273530.02,273530.02,0.0,0.0,725950.94,0.0,0.0,2024,3,Ação Financeiro,2024,3
2073,4778,11009,1015,2091,8155608,8155608,7955608.0,7245147.44,2425788.62,2682102.89,0.0,0.0,7223272.83,0.0,0.0,2024,3,Ação Financeiro,2024,3
2074,5483,18001,1015,4103,332300,332300,350075.89,36000.0,36000.0,36000.0,0.0,0.0,36000.0,0.0,0.0,2024,3,Ação Financeiro,2024,3
2075,4695,15015,2075,1119,400000,400000,1029777.54,100000.0,0.0,0.0,0.0,0.0,0.0,0.0,0.0,2024,3,Ação Financeiro,2024,3
2076,5400,11008,1015,4103,21972,21972,21972.0,4236.0,1525.87,1412.0,0.0,0.0,3996.87,0.0,0.0,2024,3,Ação Financeiro,2024,3
2077,4766,14023,1015,2091,5331656,5331656,6147656.0,6118741.65,2115436.65,2115436.65,0.0,0.0,6118741.65,0.0,0.0,2024,3,Ação Financeiro,2024,3
2078,4683,2001,1010,2981,49877103,49877103,34062103.0,33096691.65,14282187.27,14798425.87,0.0,0.0,29829410.79,0.0,0.0,2024,3,Ação Financeiro,2024,3
2079,5388,3001,1012,2481,343510078,343510078,343510078.0,227393168.48,54336893.27,54336893.27,0.0,0.0,162393168.48,0.0,0.0,2024,3,Ação Financeiro,2024,3
2080,5305,11010,1015,2096,2480000,2480000,2242100.0,2226415.29,986417.84,1004308.47,0.0,0.0,2226415.29,0.0,0.0,2024,3,Ação Financeiro,2024,3
2081,5222,11023,2051,2344,200000,200000,4325023.0,4154393.0,9790.0,9790.0,0.0,0.0,4154393.0,0.0,0.0,2024,3,Ação Financeiro,2024,3
2082,4671,1001,2126,2409,30562400,30562400,33392400.0,32516941.47,10243360.23,10345317.34,0.0,0.0,27221867.59,0.0,0.0,2024,3,Ação Financeiro,2024,3
2083,4785,17034,1015,2087,7056481,7056481,12631736.0,9953162.58,2851005.49,2969533.21,0.0,0.0,6355389.36,0.0,0.0,2024,3,Ação Financeiro,2024,3
2084,5407,3001,1012,1484,487000,487000,671000.0,566686.98,401582.62,404030.48,0.0,0.0,522474.57,0.0,0.0,2024,3,Ação Financeiro,2024,3
2085,5241,14025,1019,4110,62462406,62462406,62462406.0,62462405.97,20800406.97,20800406.97,0.0,0.0,62462405.97,0.0,0.0,2024,3,Ação Financeiro,2024,3
2086,5229,17012,2084,4007,41898960,41898960,162692105.17,154565364.16,22066767.25,22066767.25,0.0,0.0,84358747.79,0.0,0.0,2024,3,Ação Financeiro,2024,3
2087,5146,29001,1001,2004,1535778,1535778,1631778.0,1124696.64,401545.68,401545.68,0.0,0.0,1124696.64,0.0,0.0,2024,3,Ação Financeiro,2024,3
2088,5063,11008,1015,2234,8954327,8954327,9057289.7,8674495.9,3208975.99,3295147.58,0.0,0.0,8674495.9,0.0,0.0,2024,3,Ação Financeiro,2024,3
2089,5134,17033,2109,4092,1000,1000,1168781.43,936242.94,653801.43,679687.93,0.0,0.0,814959.4,0.0,0.0,2024,3,Ação Financeiro,2024,3
2090,5051,14001,1015,2234,270854222,270854222,270854222.0,255679984.02,89901992.65,92333689.67,0.0,0.0,255679984.02,0.0,0.0,2024,3,Ação Financeiro,2024,3
2091,4968,16001,1015,2367,1740927,1740927,3026591.31,3026591.31,1113757.66,1115420.5,0.0,0.0,2995774.98,0.0,0.0,2024,3,Ação Financeiro,2024,3
2092,5590,2011,1010,1221,0,0,5906280.96,5798542.96,632367.08,632367.08,0.0,0.0,632367.08,0.0,0.0,2024,3,Ação Financeiro,2024,3
2093,5153,15020,0,221,969960,969960,969960.0,699752.7,504967.78,504967.78,0.0,0.0,699752.7,0.0,0.0,2024,3,Ação Financeiro,2024,3
2094,5070,15004,2103,1276,900548,900548,0.0,0.0,0.0,0.0,0.0,0.0,0.0,0.0,0.0,2024,3,Ação Financeiro,2024,3
2095,4987,23013,2115,2093,216406,216406,214258.0,109699.78,0.0,0.0,0.0,0.0,109699.78,0.0,0.0,2024,3,Ação Financeiro,2024,3
2096,5058,19014,2095,1196,9673362,9673362,9673362.0,2563329.77,975978.58,975978.58,0.0,0.0,1826810.46,0.0,0.0,2024,3,Ação Financeiro,2024,3
2097,4975,16001,2156,4036,108784814,108784814,155611535.33,150722296.74,42995310.34,43165075.28,0.0,0.0,97064680.96,0.0,0.0,2024,3,Ação Financeiro,2024,3
2098,4892,23030,1015,2234,30350486,30350486,30171611.0,30014556.54,10538757.16,10803507.18,0.0,0.0,30014556.54,0.0,0.0,2024,3,Ação Financeiro,2024,3
2099,5597,3011,1031,4168,0,0,5600000.0,0.0,0.0,0.0,0.0,0.0,0.0,0.0,0.0,2024,3,Ação Financeiro,2024,3
2100,5514,11011,0,16,12593970,12593970,12593970.0,0.0,0.0,0.0,0.0,0.0,0.0,0.0,0.0,2024,3,Ação Financeiro,2024,3
2101,4963,15014,1015,2087,5217991,5217991,12698125.99,10965684.24,2724974.12,3034922.75,0.0,0.0,6546218.16,0.0,0.0,2024,3,Ação Financeiro,2024,3
2102,5431,11006,2000,4148,110000,110000,110000.0,81894.53,65166.32,65166.32,0.0,0.0,74645.53,0.0,0.0,2024,3,Ação Financeiro,2024,3
2103,4880,23001,1015,2096,300000,300000,281950.0,281950.0,0.0,0.0,0.0,0.0,281950.0,0.0,0.0,2024,3,Ação Financeiro,2024,3
2104,5502,16001,2158,4108,202520,202520,199279.4,199279.4,56833.06,56833.06,0.0,0.0,199279.4,0.0,0.0,2024,3,Ação Financeiro,2024,3
2105,5419,23030,2006,4072,4527170,4527170,4511418.07,3991493.61,1460056.54,1504970.92,0.0,0.0,3371475.95,0.0,0.0,2024,3,Ação Financeiro,2024,3
2106,5336,32001,2143,2512,1000,1000,4123211.91,4052405.07,2285541.91,1494548.94,0.0,0.0,4048380.43,0.0,0.0,2024,3,Ação Financeiro,2024,3
2107,4899,23030,0,19,13000,13000,313000.0,259255.24,148277.79,148277.79,0.0,0.0,259255.24,0.0,0.0,2024,3,Ação Financeiro,2024,3
2108,4816,19025,1015,2091,1840728,1840728,1840728.0,1270254.33,420337.67,420337.67,0.0,0.0,1270254.33,0.0,0.0,2024,3,Ação Financeiro,2024,3
2109,5438,31001,2160,4065,430500,430500,516004.71,348858.82,196250.26,117145.34,0.0,0.0,274455.71,0.0,0.0,2024,3,Ação Financeiro,2024,3
2110,5355,3011,1017,4081,5017000,5017000,3294749.0,3062280.54,965417.09,977368.25,0.0,0.0,2915334.23,0.0,0.0,2024,3,Ação Financeiro,2024,3
2111,4721,11009,2128,2557,700000,700000,658928.57,400128.56,57959.68,57959.68,0.0,0.0,389662.62,0.0,0.0,2024,3,Ação Financeiro,2024,3
2112,5426,3001,1014,4078,14568000,14568000,14568000.0,14079348.09,5004682.67,5465166.53,0.0,0.0,12203568.23,0.0,0.0,2024,3,Ação Financeiro,2024,3
2113,5343,15017,2166,2237,12583000,12583000,34866592.97,12455466.41,1566102.93,1566102.93,0.0,0.0,1973897.09,0.0,0.0,2024,3,Ação Financeiro,2024,3
2114,5260,3011,0,236,150000,150000,190000.0,163546.3,14721.82,14616.86,0.0,0.0,163546.3,0.0,0.0,2024,3,Ação Financeiro,2024,3
2115,4709,19023,0,112,130000,130000,348000.0,343151.86,119140.97,119140.97,0.0,0.0,343151.86,0.0,0.0,2024,3,Ação Financeiro,2024,3
2116,5248,15006,1015,4000,2000,2000,0.0,0.0,0.0,0.0,0.0,0.0,0.0,0.0,0.0,2024,3,Ação Financeiro,2024,3
2117,5165,16001,2176,4100,3000000,3000000,3637485.07,2512219.27,1947635.66,1947635.66,0.0,0.0,2311911.75,0.0,0.0,2024,3,Ação Financeiro,2024,3
2118,5082,14002,0,24,401873404,401873404,401873404.0,399793132.59,240716659.96,283989491.73,0.0,0.0,399793132.59,0.0,0.0,2024,3,Ação Financeiro,2024,3
2119,5267,17012,2034,4004,175340958,175340958,465521664.59,408406533.04,123075100.8,124917383.31,0.0,0.0,290626229.76,0.0,0.0,2024,3,Ação Financeiro,2024,3
2120,5184,15020,2170,4088,1500000,1500000,0.0,0.0,0.0,0.0,0.0,0.0,0.0,0.0,0.0,2024,3,Ação Financeiro,2024,3
2121,5172,15020,2002,2271,5700000,5700000,9606687.5,8494511.82,3784760.15,3482018.56,0.0,0.0,5450976.01,0.0,0.0,2024,3,Ação Financeiro,2024,3
2122,5089,23012,2169,4083,270000,270000,449471.3,212457.04,125231.44,124145.62,0.0,0.0,141137.04,0.0,0.0,2024,3,Ação Financeiro,2024,3
2123,5006,23001,2162,2296,1282768,1282768,1282768.0,251952.77,155055.27,155055.27,0.0,0.0,155055.27,0.0,0.0,2024,3,Ação Financeiro,2024,3
2124,5077,23012,2168,4082,242000,242000,242000.0,105554.0,36089.5,36089.5,0.0,0.0,105554.0,0.0,0.0,2024,3,Ação Financeiro,2024,3
2125,4994,16001,2158,4044,72741193,72741193,40068517.76,22363728.26,9134499.81,9132999.96,0.0,0.0,22363728.26,0.0,0.0,2024,3,Ação Financeiro,2024,3
2126,4911,23002,1015,2087,60000,60000,103071.69,79224.3,28302.0,28302.0,0.0,0.0,40794.3,0.0,0.0,2024,3,Ação Financeiro,2024,3
2127,4982,23012,2168,2074,780458,780458,1050260.41,259296.12,125710.6,128048.66,0.0,0.0,256040.74,0.0,0.0,2024,3,Ação Financeiro,2024,3
2128,5482,15011,1015,2087,749214,749214,749214.0,4015.69,3375.69,0.0,0.0,1209842.78,4177.94,1209842.78,1209842.78,2025,1,Ação Financeiro,2025,1
2129,4777,11009,1015,2234,100000000,100000000,99755232.52,30340511.58,30340511.58,0.0,0.0,0.0,37654332.96,0.0,0.0,2025,1,Ação Financeiro,2025,1
2130,5411,15003,1015,4103,234300,234300,234300.0,14600.0,9867.0,0.0,0.0,1412.0,14421.0,1412.0,1412.0,2025,1,Ação Financeiro,2025,1
2131,4943,15001,2166,1475,21407500,21407500,22587278.77,387473.1,150996.52,0.0,0.0,900902.69,219461.16,900902.69,900902.69,2025,1,Ação Financeiro,2025,1
2132,5494,32001,1015,4103,250000,250000,250000.0,35000.0,18473.08,0.0,0.0,0.0,25304.08,0.0,0.0,2025,1,Ação Financeiro,2025,1
2133,4872,2001,1011,2543,3250000,3250000,3250000.0,725300.11,725300.11,0.0,0.0,0.0,907927.74,0.0,0.0,2025,1,Ação Financeiro,2025,1
2134,4955,17012,1015,2096,1001000,1001000,1001000.0,0.0,0.0,0.0,0.0,0.0,0.0,0.0,0.0,2025,1,Ação Financeiro,2025,1
2135,5038,14001,1015,2087,32848626,32848626,32848626.0,9241790.29,5048872.06,0.0,18145.12,3309278.76,6940323.39,3327423.88,3327423.88,2025,1,Ação Financeiro,2025,1
2136,5589,11003,0,14,700000,700000,700000.0,252078.52,251078.52,0.0,0.0,0.0,307723.64,0.0,0.0,2025,1,Ação Financeiro,2025,1
2137,4967,13001,1015,2486,1000,1000,261000.0,0.0,0.0,0.0,0.0,0.0,0.0,0.0,0.0,2025,1,Ação Financeiro,2025,1
2138,5050,21001,2102,2818,3500000,3500000,3500000.0,1924732.92,1924732.92,0.0,0.0,110000.0,2393927.96,110000.0,110000.0,2025,1,Ação Financeiro,2025,1
2139,5228,27001,2130,1497,44822222,44822222,48269703.04,10873843.1,4920906.88,0.0,879662.82,10106613.2,11925154.31,10986276.02,10986276.02,2025,1,Ação Financeiro,2025,1
2140,5311,11025,2180,4113,100000,100000,100000.0,0.0,0.0,0.0,0.0,0.0,0.0,0.0,0.0,2025,1,Ação Financeiro,2025,1
2141,5240,17012,2084,4006,1000000,1000000,2002000.0,1112098.6,156088.12,0.0,0.0,185788.46,238073.5,185788.46,185788.46,2025,1,Ação Financeiro,2025,1
2142,5323,18001,2154,2601,404000,404000,404000.0,0.0,0.0,0.0,0.0,559254.13,0.0,559254.13,559254.13,2025,1,Ação Financeiro,2025,1
2143,5406,17012,2049,4542,0,0,0.0,0.0,0.0,0.0,0.0,176023.87,0.0,176023.87,176023.87,2025,1,Ação Financeiro,2025,1
2144,4701,19023,2096,2515,253700,253700,253700.0,59799.2,42720.0,0.0,0.0,0.0,48282.5,0.0,0.0,2025,1,Ação Financeiro,2025,1
2145,4784,18001,1015,2234,48493792,48493792,48493792.0,12170458.91,12170458.91,0.0,0.0,0.0,15228452.96,0.0,0.0,2025,1,Ação Financeiro,2025,1
2146,5335,32001,1015,2234,4373178,4373178,4373178.0,1589906.28,1589906.28,0.0,0.0,0.0,2026863.29,0.0,0.0,2025,1,Ação Financeiro,2025,1
2147,5501,16001,2158,4107,985660,985660,985660.0,264314.34,264314.34,0.0,0.0,0.0,332681.8,0.0,0.0,2025,1,Ação Financeiro,2025,1
2148,4796,11009,2112,2011,9786362,9786362,9786362.0,3873388.62,2331747.53,0.0,0.0,803872.93,3335057.17,803872.93,803872.93,2025,1,Ação Financeiro,2025,1
2149,4879,11005,1015,2234,14750000,14750000,14750000.0,4418330.33,4418330.33,0.0,0.0,0.0,5569654.18,0.0,0.0,2025,1,Ação Financeiro,2025,1
2150,5430,3001,1014,4079,6778200,6778200,6778200.0,2544142.25,889398.8,0.0,0.0,0.0,1127193.5,0.0,0.0,2025,1,Ação Financeiro,2025,1
2151,4962,15014,1015,1490,955017,955017,955017.0,277165.9,259881.33,0.0,0.0,0.0,306689.05,0.0,0.0,2025,1,Ação Financeiro,2025,1
2152,5285,11004,2108,4126,796924,796924,796924.0,114250.0,85641.68,0.0,0.0,33949.71,112781.99,33949.71,33949.71,2025,1,Ação Financeiro,2025,1
2153,5368,21001,2165,1626,5130000,5130000,5130000.0,0.0,0.0,0.0,16337.05,587489.59,0.0,603826.64,603826.64,2025,1,Ação Financeiro,2025,1
2154,4663,1001,0,140,1716332,1716332,1716332.0,562920.05,549321.24,0.0,0.0,0.0,688419.8,0.0,0.0,2025,1,Ação Financeiro,2025,1
2155,4746,19023,2096,4234,83404106,83404106,83404106.0,22724696.43,22724696.43,0.0,0.0,0.0,28206871.48,0.0,0.0,2025,1,Ação Financeiro,2025,1
2156,5463,23030,1015,4103,96000,96000,96000.0,0.0,0.0,0.0,0.0,0.0,0.0,0.0,0.0,2025,1,Ação Financeiro,2025,1
2157,4758,15001,1015,1490,6638347,6638347,6638347.0,2349040.55,2349040.55,0.0,0.0,0.0,2944403.34,0.0,0.0,2025,1,Ação Financeiro,2025,1
2158,4841,18011,2154,2602,430745,430745,430745.0,63101.0,63101.0,0.0,0.0,0.0,68218.5,0.0,0.0,2025,1,Ação Financeiro,2025,1
2159,5392,3001,1012,2072,16521500,16521500,16521500.0,4670605.67,4433684.63,0.0,0.0,16038.0,5577373.3,16038.0,16038.0,2025,1,Ação Financeiro,2025,1
2160,4924,17032,2105,2145,12537388,12537388,13812388.0,3772931.82,3251492.62,0.0,73962.2,6122257.97,4402937.15,6196220.17,6196220.17,2025,1,Ação Financeiro,2025,1
2161,5475,17012,1015,1519,100000,100000,100000.0,0.0,0.0,0.0,0.0,0.0,0.0,0.0,0.0,2025,1,Ação Financeiro,2025,1
2162,5558,11006,1015,4103,65832,65832,65832.0,0.0,0.0,0.0,0.0,0.0,0.0,0.0,0.0,2025,1,Ação Financeiro,2025,1
2163,4853,11003,0,23,0,0,0.0,0.0,0.0,0.0,144482.29,3515915.64,0.0,3660397.93,3660397.93,2025,1,Ação Financeiro,2025,1
2164,4936,15001,1015,2414,440854,440854,440854.0,80718.97,80718.97,0.0,0.0,0.0,100280.51,0.0,0.0,2025,1,Ação Financeiro,2025,1
2165,5019,19001,2101,2100,500000,500000,485000.0,71333.0,26018.8,0.0,0.0,17960.0,59794.3,17960.0,17960.0,2025,1,Ação Financeiro,2025,1
2166,5570,21011,1015,2087,0,0,0.0,129555.44,44565.9,0.0,0.0,2459.61,62680.7,2459.61,2459.61,2025,1,Ação Financeiro,2025,1
2167,4948,15001,2166,2279,1881126,1881126,2541294.88,554193.0,54400.48,0.0,0.0,0.0,54400.48,0.0,0.0,2025,1,Ação Financeiro,2025,1
2168,5031,16001,2158,1623,3800000,3800000,3800000.0,7626.05,7626.05,0.0,0.0,0.0,7626.05,0.0,0.0,2025,1,Ação Financeiro,2025,1
2169,5043,21001,1015,1449,2300000,2300000,2300000.0,666000.0,422000.35,0.0,0.0,2713.17,590432.42,2713.17,2713.17,2025,1,Ação Financeiro,2025,1
2170,5126,15020,1015,2234,138874624,138874624,138874624.0,63187156.46,33209172.21,0.0,0.0,175211.65,41364625.9,175211.65,175211.65,2025,1,Ação Financeiro,2025,1
2171,4670,1001,1020,2418,164356010,164356010,165681010.0,60207795.49,47418202.55,0.0,0.0,28588.68,59912120.58,28588.68,28588.68,2025,1,Ação Financeiro,2025,1
2172,5304,11010,1015,1519,1000,1000,1000.0,0.0,0.0,0.0,0.0,0.0,0.0,0.0,0.0,2025,1,Ação Financeiro,2025,1
2173,5387,23002,2188,4152,130626,130626,130626.0,22865.9,22865.9,0.0,0.0,0.0,82050.9,0.0,0.0,2025,1,Ação Financeiro,2025,1
2174,4682,2001,1010,1421,7140841,7140841,7140841.0,4806102.38,0.0,0.0,0.0,0.0,0.0,0.0,0.0,2025,1,Ação Financeiro,2025,1
2175,4765,17032,1015,2091,2286894,2286894,2286894.0,536837.74,536087.74,0.0,0.0,0.0,676019.45,0.0,0.0,2025,1,Ação Financeiro,2025,1
2176,5316,31001,1015,2087,1992478,1992478,1992478.0,447989.25,174426.01,0.0,0.0,375842.67,261802.24,375842.67,375842.67,2025,1,Ação Financeiro,2025,1
2177,5005,23001,2162,2073,20000,20000,3683689.0,0.0,0.0,0.0,0.0,3297115.44,84000.0,3297115.44,3297115.44,2025,1,Ação Financeiro,2025,1
2178,5088,23012,2169,4085,3076743,3076743,3076743.0,24441.46,4494.5,0.0,0.0,819839.65,4939.5,819839.65,819839.65,2025,1,Ação Financeiro,2025,1
2179,5171,15020,2002,2000,2900000,2900000,2900000.0,1175159.14,170448.64,0.0,107659.95,96919.22,412350.64,204579.17,204579.17,2025,1,Ação Financeiro,2025,1
2180,5183,11023,2051,2191,400000,400000,400000.0,70000.0,68530.0,0.0,0.0,0.0,80990.0,0.0,0.0,2025,1,Ação Financeiro,2025,1
2181,5266,17012,2034,2117,1578000,1578000,1578000.0,264983.59,240679.09,0.0,0.0,639402.27,364228.68,639402.27,639402.27,2025,1,Ação Financeiro,2025,1
2182,4727,13001,1015,2087,3298109,3298109,2212757.19,1076793.97,879178.65,0.0,0.0,103421.83,1104432.88,103421.83,103421.83,2025,1,Ação Financeiro,2025,1
2183,5278,27001,2130,1640,100000,100000,100000.0,0.0,0.0,0.0,0.0,0.0,0.0,0.0,0.0,2025,1,Ação Financeiro,2025,1
2184,5361,3011,1017,2451,708000,708000,708000.0,101434.3,24961.01,0.0,0.0,339146.98,88212.5,339146.98,339146.98,2025,1,Ação Financeiro,2025,1
2185,5444,11006,2187,4150,2000,2000,34519091.36,0.0,0.0,0.0,0.0,0.0,18082669.6,0.0,0.0,2025,1,Ação Financeiro,2025,1
2186,4739,14023,1000,2096,4648000,4648000,4648000.0,879539.3,515729.15,0.0,0.0,194479.0,830945.18,194479.0,194479.0,2025,1,Ação Financeiro,2025,1
2187,4822,19001,1015,2234,13169472,13169472,13169472.0,3095708.34,3095708.34,0.0,0.0,0.0,3874797.59,0.0,0.0,2025,1,Ação Financeiro,2025,1
2188,5373,3011,2065,1480,0,0,0.0,0.0,0.0,0.0,25650.0,1594362.73,0.0,1620012.73,1620012.73,2025,1,Ação Financeiro,2025,1
2189,5456,11033,1015,1519,4992,4992,4992.0,0.0,0.0,0.0,0.0,0.0,0.0,0.0,0.0,2025,1,Ação Financeiro,2025,1
2190,4834,18011,2098,2280,1047100,1047100,1047100.0,143459.17,140202.17,0.0,0.0,0.0,168810.31,0.0,0.0,2025,1,Ação Financeiro,2025,1
2191,4917,15003,2110,2387,648700,648700,648700.0,0.0,0.0,0.0,0.0,0.0,0.0,0.0,0.0,2025,1,Ação Financeiro,2025,1
2192,5000,16001,2158,4048,104987663,104987663,106187973.0,29855215.11,29588592.02,0.0,0.0,0.0,38051999.04,0.0,0.0,2025,1,Ação Financeiro,2025,1
2193,5551,32001,2094,1157,300000,300000,300000.0,1960.0,0.0,0.0,0.0,0.0,0.0,0.0,0.0,2025,1,Ação Financeiro,2025,1
2194,5634,15004,2193,4177,100000,100000,6036107.29,5853703.15,5853703.15,0.0,933.26,276222.77,5853703.15,277156.03,277156.03,2025,1,Ação Financeiro,2025,1
2195,4929,15001,1015,2150,54682811,54682811,54682811.0,14637388.48,14637388.48,0.0,0.0,0.0,18305770.03,0.0,0.0,2025,1,Ação Financeiro,2025,1
2196,5012,11007,1015,2087,510000,510000,400000.0,177527.43,37159.15,0.0,0.0,39106.61,67081.71,39106.61,39106.61,2025,1,Ação Financeiro,2025,1
2197,5646,15003,2166,2154,0,0,0.0,98083.32,13384.8,0.0,0.0,0.0,13384.8,0.0,0.0,2025,1,Ação Financeiro,2025,1
2198,5024,16001,2158,1621,9600000,9600000,9600000.0,42373.95,42373.95,0.0,0.0,0.0,42373.95,0.0,0.0,2025,1,Ação Financeiro,2025,1
2199,5107,30001,2043,2526,121561,121561,121561.0,0.0,0.0,0.0,0.0,7485.37,35717.0,7485.37,7485.37,2025,1,Ação Financeiro,2025,1
2200,5190,29001,1280,1196,32791266,32791266,32791266.0,48050.48,0.0,0.0,7778.58,4440784.79,0.0,4448563.37,4448563.37,2025,1,Ação Financeiro,2025,1
2201,5513,17012,2189,4157,2269000,2269000,2269000.0,1117200.0,226363.14,0.0,0.0,0.0,372943.52,0.0,0.0,2025,1,Ação Financeiro,2025,1
2202,5596,15005,1015,4171,50001,50001,50001.0,0.0,0.0,0.0,0.0,0.0,0.0,0.0,0.0,2025,1,Ação Financeiro,2025,1
2203,4891,23030,1015,2091,2329344,2329344,2329344.0,653887.28,653887.28,0.0,0.0,0.0,843278.07,0.0,0.0,2025,1,Ação Financeiro,2025,1
2204,4974,16001,2156,4035,1411851,1411851,1411851.0,121891.23,9968.0,0.0,0.0,0.0,19980.5,0.0,0.0,2025,1,Ação Financeiro,2025,1
2205,5608,17033,2109,4094,950000,950000,950000.0,56300.0,56300.0,0.0,0.0,0.0,216600.0,0.0,0.0,2025,1,Ação Financeiro,2025,1
2206,5069,14023,2173,4090,588900,588900,588900.0,127718.19,71869.82,0.0,0.0,340404.36,89626.63,340404.36,340404.36,2025,1,Ação Financeiro,2025,1
2207,5152,15020,0,112,630000,630000,730000.0,208237.72,165229.47,0.0,0.0,58708.29,215221.71,58708.29,58708.29,2025,1,Ação Financeiro,2025,1
2208,5164,16001,2176,4099,2700000,2700000,2700000.0,0.0,0.0,0.0,0.0,0.0,0.0,0.0,0.0,2025,1,Ação Financeiro,2025,1
2209,5247,15006,1015,2096,2205,2205,26128.1,0.0,0.0,0.0,0.0,0.0,0.0,0.0,0.0,2025,1,Ação Financeiro,2025,1
2210,5259,15005,2182,4122,5827450,5827450,5827450.0,4393500.0,2096177.95,0.0,0.0,1372235.56,4588254.92,1372235.56,1372235.56,2025,1,Ação Financeiro,2025,1
2211,5342,15017,2166,2176,1146348,1146348,1146348.0,40000.0,37185.0,0.0,0.0,0.0,37185.0,0.0,0.0,2025,1,Ação Financeiro,2025,1
2212,5425,11006,2000,4144,100000,100000,100000.0,0.0,0.0,0.0,0.0,0.0,0.0,0.0,0.0,2025,1,Ação Financeiro,2025,1
2213,4720,11009,2128,2172,20148691,20148691,20148691.0,8500000.0,1736153.71,0.0,126810.82,4689362.54,4289123.41,4816173.36,4816173.36,2025,1,Ação Financeiro,2025,1
2214,5354,3011,2065,1632,9950000,9950000,9950000.0,0.0,0.0,0.0,0.0,0.0,0.0,0.0,0.0,2025,1,Ação Financeiro,2025,1
2215,5437,13001,2184,4153,100000,100000,100000.0,8331.6,8331.6,0.0,0.0,0.0,8331.6,0.0,0.0,2025,1,Ação Financeiro,2025,1
2216,5520,16001,2158,1649,487877,487877,487877.0,0.0,0.0,0.0,0.0,2074470.94,0.0,2074470.94,2074470.94,2025,1,Ação Financeiro,2025,1
2217,4815,11010,2085,4027,221500,221500,911894.0,167295.35,101337.95,0.0,0.0,341503.1,120047.72,341503.1,341503.1,2025,1,Ação Financeiro,2025,1
2218,4898,14025,1019,2546,3400000,3400000,4960000.0,761745.64,163874.09,0.0,0.0,1122404.67,841013.57,1122404.67,1122404.67,2025,1,Ação Financeiro,2025,1
2219,4981,16001,2157,4039,363938481,363938481,366091622.0,99009932.72,98974718.72,0.0,0.0,11323021.64,125608953.61,11323021.64,11323021.64,2025,1,Ação Financeiro,2025,1
2220,5532,31010,2129,2427,0,0,6417820.76,0.0,0.0,0.0,0.0,213293.04,102798.0,213293.04,213293.04,2025,1,Ação Financeiro,2025,1
2221,5615,3011,1018,4174,512200,512200,512200.0,327044.0,150267.82,0.0,0.0,0.0,185001.61,0.0,0.0,2025,1,Ação Financeiro,2025,1
2222,4993,13006,1015,1446,674520,674520,674520.0,130000.0,85702.0,0.0,0.0,0.0,120742.0,0.0,0.0,2025,1,Ação Financeiro,2025,1
2223,5076,15004,2103,1275,50000,50000,527500.0,477500.0,0.0,0.0,0.0,195451.42,0.0,195451.42,195451.42,2025,1,Ação Financeiro,2025,1
2224,5553,32001,2093,1049,200000,200000,14291000.0,210112.5,109512.21,0.0,956.67,2517171.98,1302822.21,2518128.65,2518128.65,2025,1,Ação Financeiro,2025,1
2225,4931,15001,1015,2234,43542396,43542396,43542396.0,13554563.25,13554563.25,0.0,0.0,0.0,16886445.29,0.0,0.0,2025,1,Ação Financeiro,2025,1
2226,5014,16001,2158,4051,7563921,7563921,7563921.0,2164406.6,804396.4,0.0,0.0,0.0,980181.4,0.0,0.0,2025,1,Ação Financeiro,2025,1
2227,5648,17033,2023,2263,0,0,0.0,0.0,0.0,0.0,0.0,0.0,29477.32,0.0,0.0,2025,1,Ação Financeiro,2025,1
2228,5026,14001,1015,1498,5000,5000,5000.0,0.0,0.0,0.0,2000.0,0.0,0.0,2000.0,2000.0,2025,1,Ação Financeiro,2025,1
2229,5109,30001,2145,2527,200000,200000,200000.0,71581.5,71581.5,0.0,0.0,0.0,89362.0,0.0,0.0,2025,1,Ação Financeiro,2025,1
2230,5192,29001,1280,2025,227799611,227799611,238849611.89,79055739.0,76496709.1,0.0,0.0,0.0,96259245.39,0.0,0.0,2025,1,Ação Financeiro,2025,1
2231,5204,19001,2011,1018,100000,100000,100000.0,0.0,0.0,0.0,0.0,0.0,0.0,0.0,0.0,2025,1,Ação Financeiro,2025,1
2232,5287,11005,1015,2096,51082,51082,63082.0,29155.0,3470.0,0.0,0.0,0.0,29155.0,0.0,0.0,2025,1,Ação Financeiro,2025,1
2233,4665,1001,1006,2253,1412200,1412200,1412200.0,487251.92,248496.04,0.0,0.0,102707.3,396076.91,102707.3,102707.3,2025,1,Ação Financeiro,2025,1
2234,5216,11025,1015,1490,18856960,18856960,18856960.0,4838043.95,4837953.95,0.0,0.0,0.0,6022548.34,0.0,0.0,2025,1,Ação Financeiro,2025,1
2235,5299,27001,1015,2096,242725,242725,242725.0,89764.0,12564.0,0.0,0.0,0.0,89764.0,0.0,0.0,2025,1,Ação Financeiro,2025,1
2236,5382,15003,2166,1527,1000,1000,1000.0,0.0,0.0,0.0,0.0,0.0,0.0,0.0,0.0,2025,1,Ação Financeiro,2025,1
2237,4760,11020,2148,2533,5607355,5607355,5607355.0,1572439.2,1144656.31,0.0,0.0,572703.75,2037209.45,572703.75,572703.75,2025,1,Ação Financeiro,2025,1
2238,4843,18011,2154,2603,387150,387150,387150.0,14462.5,14462.5,0.0,0.0,0.0,52732.5,0.0,0.0,2025,1,Ação Financeiro,2025,1
2239,5477,11005,2190,2361,25000,25000,25000.0,0.0,0.0,0.0,0.0,0.0,0.0,0.0,0.0,2025,1,Ação Financeiro,2025,1
2240,4772,11020,1015,2091,619213,619213,619213.0,85809.99,85809.99,0.0,0.0,0.0,108008.26,0.0,0.0,2025,1,Ação Financeiro,2025,1
2241,4950,11004,1015,2087,485710,485710,485710.0,88218.03,64428.48,0.0,6514.54,15904.8,79666.74,22419.34,22419.34,2025,1,Ação Financeiro,2025,1
2242,5033,16020,2134,2354,1000000,1000000,1000000.0,29892.5,7156.72,0.0,0.0,51617.54,10761.38,51617.54,51617.54,2025,1,Ação Financeiro,2025,1
2243,5584,11010,1015,2989,500,500,500.0,0.0,0.0,0.0,0.0,0.0,0.0,0.0,0.0,2025,1,Ação Financeiro,2025,1
2244,5356,21011,2167,4076,0,0,0.0,0.0,0.0,0.0,0.0,159938.2,0.0,159938.2,159938.2,2025,1,Ação Financeiro,2025,1
2245,4734,14002,0,12,264964095,264964095,264964095.0,81069095.76,81069095.76,0.0,0.0,0.0,101466956.78,0.0,0.0,2025,1,Ação Financeiro,2025,1
2246,4817,18001,2154,2594,485040,485040,485040.0,192231.96,0.0,0.0,0.0,0.0,0.0,0.0,0.0,2025,1,Ação Financeiro,2025,1
2247,5451,16031,2090,2219,67263,67263,67263.0,9000.0,0.0,0.0,0.0,8811.01,0.0,8811.01,8811.01,2025,1,Ação Financeiro,2025,1
2248,4829,18001,2153,2578,330300,330300,330300.0,24252.5,24252.5,0.0,0.0,0.0,42720.0,0.0,0.0,2025,1,Ação Financeiro,2025,1
2249,4912,15001,1015,2146,582447953,582447953,582447953.0,174730359.81,174730359.81,0.0,0.0,0.0,218701709.91,0.0,0.0,2025,1,Ação Financeiro,2025,1
2250,4995,16001,2158,4045,6983070,6983070,8291624.0,348081.23,125004.33,0.0,206272.95,7130513.38,262725.89,7336786.33,7336786.33,2025,1,Ação Financeiro,2025,1
2251,5629,23011,2087,4176,3000000,3000000,5320220.0,600000.0,0.0,0.0,0.0,0.0,0.0,0.0,0.0,2025,1,Ação Financeiro,2025,1
2252,5007,23001,2162,4066,3000000,3000000,3000000.0,1056618.32,733334.0,0.0,1498.5,0.0,993669.71,1498.5,1498.5,2025,1,Ação Financeiro,2025,1
2253,5090,23012,2168,4086,316450,316450,316450.0,176816.64,85160.0,0.0,0.0,23142.0,155526.64,23142.0,23142.0,2025,1,Ação Financeiro,2025,1
2254,5173,15020,2002,2272,2570000,2570000,2570000.0,621430.86,233491.5,0.0,0.0,0.0,307418.0,0.0,0.0,2025,1,Ação Financeiro,2025,1
2255,5102,30001,1007,2525,6557066,6557066,6557066.0,2005204.57,2003374.72,0.0,0.0,53.04,2582001.32,53.04,53.04,2025,1,Ação Financeiro,2025,1
2256,5185,15020,2170,4089,10648201,10648201,21648201.0,0.0,0.0,0.0,0.0,0.0,0.0,0.0,0.0,2025,1,Ação Financeiro,2025,1
2257,5268,11025,0,112,546000,546000,1173000.0,1029502.73,1028427.4,0.0,0.0,0.0,1039624.79,0.0,0.0,2025,1,Ação Financeiro,2025,1
2258,5280,19001,2003,2033,1000000,1000000,677396.37,40905.13,30435.63,0.0,0.0,0.0,110357.63,0.0,0.0,2025,1,Ação Financeiro,2025,1
2259,5363,3011,2065,1508,16100000,16100000,16100000.0,0.0,0.0,0.0,0.0,0.0,0.0,0.0,0.0,2025,1,Ação Financeiro,2025,1
2260,4658,2001,0,163,100000,100000,100000.0,0.0,0.0,0.0,0.0,0.0,0.0,0.0,0.0,2025,1,Ação Financeiro,2025,1
2261,5292,11025,2180,1318,13089227,13089227,13089227.0,1620521.32,227913.97,0.0,0.0,2833711.29,799410.63,2833711.29,2833711.29,2025,1,Ação Financeiro,2025,1
2262,4824,21001,1015,2091,29000000,29000000,29000000.0,7048025.38,7048025.38,0.0,0.0,0.0,8810673.95,0.0,0.0,2025,1,Ação Financeiro,2025,1
2263,5375,3011,1018,4142,522100,522100,532100.0,324800.0,32570.18,0.0,0.0,0.0,61589.59,0.0,0.0,2025,1,Ação Financeiro,2025,1
2264,5458,11006,1015,2091,600000,600000,600000.0,184314.76,184314.76,0.0,0.0,0.0,230821.44,0.0,0.0,2025,1,Ação Financeiro,2025,1
2265,4836,18011,2098,2589,219650,219650,219650.0,117155.08,110481.35,0.0,0.0,0.0,115732.35,0.0,0.0,2025,1,Ação Financeiro,2025,1
2266,4919,17032,1015,4000,300000,300000,0.0,0.0,0.0,0.0,0.0,0.0,0.0,0.0,0.0,2025,1,Ação Financeiro,2025,1
2267,5470,16001,1015,4103,1351800,1351800,1351800.0,264132.0,37950.0,0.0,0.0,9531.0,55786.5,9531.0,9531.0,2025,1,Ação Financeiro,2025,1
2268,5242,19001,2011,2021,1056000,1056000,1056000.0,137186.93,72385.3,0.0,2096175.98,11315141.4,130987.73,13411317.38,13411317.38,2025,1,Ação Financeiro,2025,1
2269,4703,19023,2096,2516,800000,800000,800000.0,161062.0,10620.0,0.0,0.0,61560.0,46187.5,61560.0,61560.0,2025,1,Ação Financeiro,2025,1
2270,5254,15005,2182,4119,0,0,0.0,0.0,0.0,0.0,0.0,6444.58,0.0,6444.58,6444.58,2025,1,Ação Financeiro,2025,1
2271,4786,17034,1015,2091,935223,935223,935223.0,239288.4,239288.4,0.0,0.0,0.0,300888.4,0.0,0.0,2025,1,Ação Financeiro,2025,1
2272,4798,16001,1015,2351,227103037,227103037,193740119.0,56571178.03,56538048.05,0.0,0.0,17082839.93,72837860.15,17082839.93,17082839.93,2025,1,Ação Financeiro,2025,1
2273,4881,11013,2000,2009,11008200,11008200,11008200.0,2445256.4,1239010.84,0.0,0.0,1284098.89,1652766.12,1284098.89,1284098.89,2025,1,Ação Financeiro,2025,1
2274,5515,3001,1019,2854,232577641,232577641,232577641.0,104915545.35,60854882.83,0.0,0.0,0.0,76222917.12,0.0,0.0,2025,1,Ação Financeiro,2025,1
2275,4810,21001,1015,2087,730000,730000,730000.0,396794.57,311357.0,0.0,0.0,0.0,507733.66,0.0,0.0,2025,1,Ação Financeiro,2025,1
2276,4893,23030,1015,2096,150000,150000,150000.0,26482.0,21892.0,0.0,0.0,0.0,21892.0,0.0,0.0,2025,1,Ação Financeiro,2025,1
2277,5598,17033,1015,1490,100,100,100.0,0.0,0.0,0.0,0.0,0.0,0.0,0.0,0.0,2025,1,Ação Financeiro,2025,1
2278,4976,16001,2156,4037,196831513,196831513,196999746.8,125521504.8,38286056.16,0.0,0.0,2179957.39,64442635.73,2179957.39,2179957.39,2025,1,Ação Financeiro,2025,1
2279,5610,15014,2103,2279,2681292,2681292,2681292.0,1489204.09,238984.39,0.0,0.0,0.0,328621.72,0.0,0.0,2025,1,Ação Financeiro,2025,1
2280,4905,23030,2164,4075,829790,829790,829790.0,91266.0,54992.38,0.0,0.0,36573.14,66078.78,36573.14,36573.14,2025,1,Ação Financeiro,2025,1
2281,4988,23015,2117,2266,176028,176028,176028.0,5700.0,0.0,0.0,0.0,0.0,1557.5,0.0,0.0,2025,1,Ação Financeiro,2025,1
2282,5071,21011,2102,1143,11283000,11283000,11283000.0,3484108.71,3484072.71,0.0,0.0,753639.39,4680315.0,753639.39,753639.39,2025,1,Ação Financeiro,2025,1
2283,5622,29012,1280,4165,7237869,7237869,8807869.0,4817288.8,1174176.52,0.0,0.0,0.0,1911735.55,0.0,0.0,2025,1,Ação Financeiro,2025,1
2284,5154,15020,0,205,5400000,5400000,5400000.0,2500000.0,1244775.6,0.0,0.0,0.0,1706942.91,0.0,0.0,2025,1,Ação Financeiro,2025,1
2285,5166,15020,1015,2281,59792000,59792000,59792000.0,28643805.72,12921891.71,0.0,0.0,3788308.16,17153033.24,3788308.16,3788308.16,2025,1,Ação Financeiro,2025,1
2286,5249,23011,2087,2197,2000000,2000000,6262675.0,1360426.49,0.0,0.0,0.0,2230800.0,240568.43,2230800.0,2230800.0,2025,1,Ação Financeiro,2025,1
2287,5178,27001,1015,1490,6692971,6692971,10696113.0,1990957.67,1990957.67,0.0,0.0,0.0,2500240.51,0.0,0.0,2025,1,Ação Financeiro,2025,1
2288,5261,15005,2182,1637,1000000,1000000,1000000.0,70200.5,0.0,0.0,0.0,0.0,0.0,0.0,0.0,2025,1,Ação Financeiro,2025,1
2289,5344,15017,2166,2269,5366000,5366000,5366000.0,0.0,0.0,0.0,94110.5,2391316.37,0.0,2485426.87,2485426.87,2025,1,Ação Financeiro,2025,1
2290,4722,11009,2133,4546,2807222,2807222,2807222.0,579893.19,486226.48,0.0,0.0,180699.53,686082.87,180699.53,180699.53,2025,1,Ação Financeiro,2025,1
2291,5273,15020,2174,4117,22648926,22648926,22648926.0,8093672.93,68811.38,0.0,0.0,69275.06,68811.38,69275.06,69275.06,2025,1,Ação Financeiro,2025,1
2292,4805,23001,1015,2087,11308044,11308044,11258044.0,2903033.43,1500236.75,0.0,8459.52,2450525.2,2089817.91,2458984.72,2458984.72,2025,1,Ação Financeiro,2025,1
2293,5045,21001,1015,2909,360000,360000,360000.0,60000.0,16242.5,0.0,0.0,0.0,48024.06,0.0,0.0,2025,1,Ação Financeiro,2025,1
2294,5211,27001,1015,2087,8047927,8047927,8047927.0,2706007.93,1300053.88,0.0,346.0,989650.58,1816432.69,989996.58,989996.58,2025,1,Ação Financeiro,2025,1
2295,5140,29013,1001,2268,285000,285000,3785000.0,0.0,0.0,0.0,0.0,0.0,0.0,0.0,0.0,2025,1,Ação Financeiro,2025,1
2296,5223,11023,2051,2345,200000,200000,200000.0,20000.0,19580.0,0.0,0.0,0.0,26255.0,0.0,0.0,2025,1,Ação Financeiro,2025,1
2297,5306,11025,2057,1384,200000,200000,200000.0,0.0,0.0,0.0,0.0,3999344.09,0.0,3999344.09,3999344.09,2025,1,Ação Financeiro,2025,1
2298,4684,2001,1010,1221,3632000,3632000,3632000.0,3390.82,3390.82,0.0,0.0,46168.0,3390.82,46168.0,46168.0,2025,1,Ação Financeiro,2025,1
2299,5235,17012,2084,4029,2363000,2363000,30164000.0,0.0,0.0,0.0,0.0,14909954.72,0.0,14909954.72,14909954.72,2025,1,Ação Financeiro,2025,1
2300,4696,19025,0,112,216568,216568,216568.0,26436.46,26436.46,0.0,0.0,0.0,36463.81,0.0,0.0,2025,1,Ação Financeiro,2025,1
2301,4779,11022,1015,2234,7866240,7866240,8280240.0,2330478.89,2330478.89,0.0,0.0,0.0,2931980.7,0.0,0.0,2025,1,Ação Financeiro,2025,1
2302,5413,3001,1012,1486,1677800,1677800,1677800.0,780318.33,210058.57,0.0,0.0,87124.0,253645.24,87124.0,87124.0,2025,1,Ação Financeiro,2025,1
2303,5496,16031,1015,2091,84000,84000,84000.0,18227.27,18227.27,0.0,0.0,0.0,23368.42,0.0,0.0,2025,1,Ação Financeiro,2025,1
2304,4791,17034,2023,2496,621000,621000,621000.0,229483.2,154980.2,0.0,801300.0,10755.0,191549.96,812055.0,812055.0,2025,1,Ação Financeiro,2025,1
2305,4957,17012,1015,2476,3940000,3940000,3940000.0,0.0,0.0,0.0,0.0,0.0,0.0,0.0,0.0,2025,1,Ação Financeiro,2025,1
2306,5508,17012,2034,4005,58302026,58302026,58302026.0,15979927.49,13957702.78,0.0,337551.32,3730149.91,19164464.72,4067701.23,4067701.23,2025,1,Ação Financeiro,2025,1
2307,5591,23002,1015,2096,5000,5000,5000.0,0.0,0.0,0.0,0.0,0.0,0.0,0.0,0.0,2025,1,Ação Financeiro,2025,1
2308,4886,11026,1015,2091,160000,160000,160000.0,44988.6,44988.6,0.0,0.0,0.0,56049.8,0.0,0.0,2025,1,Ação Financeiro,2025,1
2309,4969,16001,1015,2398,4548359,4548359,4548359.0,233144.91,20686.59,0.0,0.0,7965528.57,95144.91,7965528.57,7965528.57,2025,1,Ação Financeiro,2025,1
2310,5052,21001,2102,2893,30000000,30000000,30004250.07,19720249.02,13868039.97,0.0,0.0,4684939.91,18897254.11,4684939.91,4684939.91,2025,1,Ação Financeiro,2025,1
2311,5603,15014,1015,4103,30000,30000,30000.0,19000.0,14234.11,0.0,0.0,0.0,19876.01,0.0,0.0,2025,1,Ação Financeiro,2025,1
2312,5064,11008,1015,2091,338978,338978,338978.0,115944.92,115944.92,0.0,0.0,0.0,146789.92,0.0,0.0,2025,1,Ação Financeiro,2025,1
2313,5147,29001,1280,2002,55554716,55554716,46982716.0,18797587.98,4748100.85,0.0,17626.64,2004859.02,7370774.14,2022485.66,2022485.66,2025,1,Ação Financeiro,2025,1
2314,5230,13006,1015,2087,3233833,3233833,3233833.0,533731.04,247834.41,0.0,367.4,495828.18,399217.85,496195.58,496195.58,2025,1,Ação Financeiro,2025,1
2315,5159,16001,2176,4096,3700000,3700000,3700000.0,1054807.2,434516.77,0.0,0.0,38650.38,590235.8,38650.38,38650.38,2025,1,Ação Financeiro,2025,1
2316,5085,19023,0,9999,100000,100000,100000.0,0.0,0.0,0.0,0.0,0.0,0.0,0.0,0.0,2025,1,Ação Financeiro,2025,1
2317,5168,16001,2176,4102,2249000,2249000,6436257.13,469974.29,440327.13,0.0,3552677.28,19517665.71,469974.29,23070342.99,23070342.99,2025,1,Ação Financeiro,2025,1
2318,5097,11007,2074,2285,5036845,5036845,6314799.95,1792706.82,589173.93,0.0,0.0,1287094.47,827563.58,1287094.47,1287094.47,2025,1,Ação Financeiro,2025,1
2319,5358,3011,1031,1641,211100,211100,211100.0,50000.0,1100.22,0.0,0.0,0.0,1100.22,0.0,0.0,2025,1,Ação Financeiro,2025,1
2320,4736,14002,0,124,3473351,3473351,3473351.0,0.0,0.0,0.0,0.0,0.0,1688932.9,0.0,0.0,2025,1,Ação Financeiro,2025,1
2321,5441,11006,2000,4146,100000,100000,100000.0,0.0,0.0,0.0,0.0,0.0,0.0,0.0,0.0,2025,1,Ação Financeiro,2025,1
2322,5453,16031,2090,2252,37000,37000,37000.0,5400.0,0.0,0.0,0.0,0.0,0.0,0.0,0.0,2025,1,Ação Financeiro,2025,1
2323,4748,19025,2024,2019,11470651,11470651,15214245.0,3689926.67,1439797.28,0.0,0.0,7469543.22,2321878.78,7469543.22,7469543.22,2025,1,Ação Financeiro,2025,1
2324,4831,18011,1015,1490,4048314,4048314,4048314.0,939582.74,853412.91,0.0,0.0,0.0,1052634.88,0.0,0.0,2025,1,Ação Financeiro,2025,1
2325,4914,15003,1015,2096,33900,33900,33900.0,0.0,0.0,0.0,0.0,315920.0,0.0,315920.0,315920.0,2025,1,Ação Financeiro,2025,1
2326,5548,32001,2094,1064,500000,500000,1452552.0,676565.0,460928.74,0.0,416584.63,778151.8,679181.8,1194736.43,1194736.43,2025,1,Ação Financeiro,2025,1
2327,4926,15001,1015,2147,341073393,341073393,341073393.0,113348107.03,113348107.03,0.0,0.0,0.0,139808533.56,0.0,0.0,2025,1,Ação Financeiro,2025,1
2328,5009,23001,2162,4068,26000000,26000000,26000000.0,5681071.4,1578284.27,0.0,45960.09,1777882.21,2442405.55,1823842.3,1823842.3,2025,1,Ação Financeiro,2025,1
2329,5092,11022,0,205,130000,130000,130000.0,47000.0,42206.31,0.0,0.0,10181.85,56074.64,10181.85,10181.85,2025,1,Ação Financeiro,2025,1
2330,5021,16001,2158,4053,2779365,2779365,3121016.8,1727040.0,421819.27,0.0,0.0,1150921.25,760549.31,1150921.25,1150921.25,2025,1,Ação Financeiro,2025,1
2331,5104,14001,2007,1053,6208520,6208520,6208520.0,1200000.03,950000.0,0.0,0.0,249999.97,950000.0,249999.97,249999.97,2025,1,Ação Financeiro,2025,1
2332,5187,15020,2172,2290,1190000,1190000,1190000.0,550000.0,171102.5,0.0,0.0,0.0,271005.0,0.0,0.0,2025,1,Ação Financeiro,2025,1
2333,5116,30011,1009,2534,886271,886271,886271.0,71056.9,20807.15,0.0,0.0,94342.2,50481.9,94342.2,94342.2,2025,1,Ação Financeiro,2025,1
2334,4888,17012,2069,2129,15000000,15000000,16480533.0,5001137.63,1043233.6,0.0,16640.0,2488883.66,3876614.22,2505523.66,2505523.66,2025,1,Ação Financeiro,2025,1
2335,5593,11003,1015,1519,500,500,500.0,0.0,0.0,0.0,0.0,0.0,0.0,0.0,0.0,2025,1,Ação Financeiro,2025,1
2336,4971,16001,1015,1005,2787224,2787224,2787224.0,499945.52,339072.27,0.0,0.0,15605399.31,442144.11,15605399.31,15605399.31,2025,1,Ação Financeiro,2025,1
2337,5054,21001,2102,2953,43185278,43185278,43064349.51,12685015.94,8722022.21,0.0,0.0,4600150.86,12596588.86,4600150.86,4600150.86,2025,1,Ação Financeiro,2025,1
2338,5605,17033,2070,1646,476782,476782,476782.0,0.0,0.0,0.0,0.0,0.0,0.0,0.0,0.0,2025,1,Ação Financeiro,2025,1
2339,4983,23012,2168,2510,471810,471810,471810.0,298851.04,97510.22,0.0,1043.82,79933.05,112055.66,80976.87,80976.87,2025,1,Ação Financeiro,2025,1
2340,5066,13006,1015,2091,6055332,6055332,6055332.0,1885831.28,1885831.28,0.0,0.0,0.0,2368886.56,0.0,0.0,2025,1,Ação Financeiro,2025,1
2341,5161,16001,2176,4097,3220000,3220000,3220000.0,1452000.0,146500.0,0.0,0.0,44500.0,201000.0,44500.0,44500.0,2025,1,Ação Financeiro,2025,1
2342,5244,19001,2011,2340,3306000,3306000,3306000.0,35270.0,14907.5,0.0,0.0,0.0,28435.5,0.0,0.0,2025,1,Ação Financeiro,2025,1
2343,4717,11009,1015,2174,19822101,19822101,18822101.0,5073110.26,3830931.31,0.0,0.0,2414064.96,5654291.11,2414064.96,2414064.96,2025,1,Ação Financeiro,2025,1
2344,4800,19025,0,205,15000,15000,15000.0,4000.0,3172.41,0.0,0.0,881.5,4106.47,881.5,881.5,2025,1,Ação Financeiro,2025,1
2345,5351,3011,2185,4137,1683000,1683000,1683000.0,1029600.0,179122.97,0.0,0.0,0.0,360751.64,0.0,0.0,2025,1,Ação Financeiro,2025,1
2346,4812,11033,2086,2561,123915,123915,123915.0,0.0,0.0,0.0,0.0,0.0,0.0,0.0,0.0,2025,1,Ação Financeiro,2025,1
2347,5517,16001,2156,1647,2400890,2400890,2645623.1,224733.1,224733.1,0.0,0.0,19421044.11,224733.1,19421044.11,19421044.11,2025,1,Ação Financeiro,2025,1
2348,4895,14025,0,206,2235000,2235000,2235000.0,26767.38,26767.38,0.0,0.0,0.0,27897.58,0.0,0.0,2025,1,Ação Financeiro,2025,1
2349,5612,14025,0,25,641875376,641875376,641875376.0,0.0,0.0,0.0,0.0,0.0,0.0,0.0,0.0,2025,1,Ação Financeiro,2025,1
2350,4990,16001,2157,1580,23734127,23734127,23734127.0,433687.17,203041.45,0.0,341424.6,4463107.71,276938.91,4804532.31,4804532.31,2025,1,Ação Financeiro,2025,1
2351,5073,21011,2102,2953,2152000,2152000,2152000.0,221321.06,191292.68,0.0,0.0,731645.5,256744.16,731645.5,731645.5,2025,1,Ação Financeiro,2025,1
2352,5002,16001,2158,4050,131080,131080,131080.0,0.0,0.0,0.0,0.0,0.0,0.0,0.0,0.0,2025,1,Ação Financeiro,2025,1
2353,4774,11020,1015,2234,24118996,24118996,24118996.0,4488329.34,4488329.34,0.0,0.0,0.0,5610481.43,0.0,0.0,2025,1,Ação Financeiro,2025,1
2354,5479,15011,2110,2387,250000,250000,250000.0,0.0,0.0,0.0,0.0,580285.0,0.0,580285.0,580285.0,2025,1,Ação Financeiro,2025,1
2355,4857,11006,1015,2087,3704136,3704136,3704136.0,1031399.57,558537.32,0.0,0.0,65885.39,780694.57,65885.39,65885.39,2025,1,Ação Financeiro,2025,1
2356,5491,16001,1015,2091,10797629,10797629,10797629.0,2698598.21,2698598.21,0.0,0.0,0.0,3360266.09,0.0,0.0,2025,1,Ação Financeiro,2025,1
2357,4869,2001,1011,2101,141940000,141940000,141940000.0,45995567.77,45995567.77,0.0,0.0,0.0,56260812.03,0.0,0.0,2025,1,Ação Financeiro,2025,1
2358,4952,17012,1015,2064,8410000,8410000,8410000.0,2145399.04,484708.95,0.0,2354.82,173441.05,682498.36,175795.87,175795.87,2025,1,Ação Financeiro,2025,1
2359,5035,11004,2108,1215,23821,23821,23821.0,0.0,0.0,0.0,0.0,0.0,0.0,0.0,0.0,2025,1,Ação Financeiro,2025,1
2360,5586,14001,2007,4168,841800,841800,841800.0,0.0,0.0,0.0,0.0,0.0,0.0,0.0,0.0,2025,1,Ação Financeiro,2025,1
2361,4964,23012,2168,2061,808494,808494,808494.0,243822.75,120929.89,0.0,0.0,1694.0,207184.76,1694.0,1694.0,2025,1,Ação Financeiro,2025,1
2362,5047,23002,1015,2091,115200,115200,115200.0,42820.33,42820.33,0.0,0.0,0.0,52232.33,0.0,0.0,2025,1,Ação Financeiro,2025,1
2363,5059,19014,2095,2501,7060000,7060000,7060000.0,1395000.0,1019550.0,0.0,0.0,339850.0,1359400.0,339850.0,339850.0,2025,1,Ação Financeiro,2025,1
2364,5142,29012,1280,2951,0,0,0.0,0.0,0.0,0.0,0.0,22108.8,0.0,22108.8,22108.8,2025,1,Ação Financeiro,2025,1
2365,4686,2011,1220,2640,900000,900000,900000.0,656367.83,270925.41,0.0,0.0,210780.0,358682.41,210780.0,210780.0,2025,1,Ação Financeiro,2025,1
2366,5237,17012,2070,1615,14458366,14458366,10245266.0,45110.0,0.0,0.0,698128.99,8949628.73,0.0,9647757.72,9647757.72,2025,1,Ação Financeiro,2025,1
2367,5320,14001,1015,2096,426732,426732,426732.0,23100.0,12000.0,0.0,0.0,0.0,31520.0,0.0,0.0,2025,1,Ação Financeiro,2025,1
2368,5403,31001,2159,4063,400000,400000,400000.0,34297.5,29587.55,0.0,0.0,25972.0,29587.55,25972.0,25972.0,2025,1,Ação Financeiro,2025,1
2369,4781,14023,1015,2087,6302239,6302239,6367239.0,1374125.14,941555.39,0.0,0.0,505450.22,1346316.01,505450.22,505450.22,2025,1,Ação Financeiro,2025,1
2370,5332,17010,2039,4014,0,0,0.0,0.0,0.0,0.0,0.0,10976.0,0.0,10976.0,10976.0,2025,1,Ação Financeiro,2025,1
2371,5415,11004,1015,4103,36000,36000,36000.0,0.0,0.0,0.0,0.0,0.0,1138.5,0.0,0.0,2025,1,Ação Financeiro,2025,1
2372,4710,19023,0,205,720000,720000,720000.0,258759.65,189547.62,0.0,0.0,64617.12,265096.8,64617.12,64617.12,2025,1,Ação Financeiro,2025,1
2373,4793,18001,1015,2091,1483296,1483296,1483296.0,386728.66,386728.66,0.0,0.0,0.0,490265.8,0.0,0.0,2025,1,Ação Financeiro,2025,1
2374,5427,3001,1014,4080,208000,208000,208000.0,58000.0,11552.24,0.0,0.0,0.0,16974.72,0.0,0.0,2025,1,Ação Financeiro,2025,1
2375,5510,31001,1015,2234,13642518,13642518,13642518.0,4059407.01,4059407.01,0.0,0.0,0.0,5083317.22,0.0,0.0,2025,1,Ação Financeiro,2025,1
2376,5282,11025,2106,1515,1100000,1100000,7100000.0,3194746.02,348212.5,0.0,0.0,41091.2,474325.5,41091.2,41091.2,2025,1,Ação Financeiro,2025,1
2377,4743,14023,0,205,4921030,4921030,20356030.0,3540948.23,3539208.19,0.0,0.0,948743.22,4938791.28,948743.22,948743.22,2025,1,Ação Financeiro,2025,1
2378,5294,27001,2183,2428,50000,50000,5762262.84,0.0,0.0,0.0,207000.0,8946830.03,0.0,9153830.03,9153830.03,2025,1,Ação Financeiro,2025,1
2379,4672,1001,2126,2416,2595000,2595000,2595000.0,150000.0,39800.0,0.0,0.0,0.0,105800.0,0.0,0.0,2025,1,Ação Financeiro,2025,1
2380,4755,13001,0,9999,73331951,73331951,73331951.0,0.0,0.0,0.0,0.0,0.0,0.0,0.0,0.0,2025,1,Ação Financeiro,2025,1
2381,5460,11006,1015,2234,10000000,10000000,10000000.0,2984007.71,2984007.71,0.0,0.0,0.0,3713104.5,0.0,0.0,2025,1,Ação Financeiro,2025,1
2382,5389,15001,2166,4125,4988732,4988732,5098732.0,1182752.36,884613.37,0.0,0.0,0.0,1322450.59,0.0,0.0,2025,1,Ação Financeiro,2025,1
2383,5472,17012,1015,4155,800000,800000,800000.0,0.0,0.0,0.0,0.0,0.0,0.0,0.0,0.0,2025,1,Ação Financeiro,2025,1
2384,4850,11003,1015,2091,5855410,5855410,5855410.0,2299461.74,2299461.74,0.0,0.0,0.0,2877611.82,0.0,0.0,2025,1,Ação Financeiro,2025,1
2385,5555,31001,2119,2421,350000,350000,350000.0,15000.0,3426.5,0.0,0.0,24100.0,3426.5,24100.0,24100.0,2025,1,Ação Financeiro,2025,1
2386,4933,15001,1015,2412,975564,975564,975564.0,290797.63,290797.63,0.0,0.0,0.0,362894.55,0.0,0.0,2025,1,Ação Financeiro,2025,1
2387,5484,15011,2166,1527,350000,350000,350000.0,0.0,0.0,0.0,0.0,0.0,0.0,0.0,0.0,2025,1,Ação Financeiro,2025,1
2388,5016,18001,1015,2096,298340,298340,298340.0,37187.0,21627.0,0.0,0.0,0.0,52975.2,0.0,0.0,2025,1,Ação Financeiro,2025,1
2389,4945,15001,1015,2096,750000,750000,1062000.0,443008.16,367928.16,0.0,0.0,0.0,482375.2,0.0,0.0,2025,1,Ação Financeiro,2025,1
2390,5650,15005,2087,4176,0,0,0.0,0.0,0.0,0.0,0.0,0.0,0.0,0.0,0.0,2025,1,Ação Financeiro,2025,1
2391,5028,16001,2158,4057,652919,652919,1424372.47,575635.0,316999.79,0.0,0.0,199938.77,454999.56,199938.77,199938.77,2025,1,Ação Financeiro,2025,1
2392,5111,30011,1008,2530,1564124,1564124,1564124.0,833268.62,349819.8,0.0,0.0,0.0,620754.44,0.0,0.0,2025,1,Ação Financeiro,2025,1
2393,5040,14001,1015,2091,3125757,3125757,3125757.0,716888.13,716888.13,0.0,0.0,0.0,910226.0,0.0,0.0,2025,1,Ação Financeiro,2025,1
2394,5206,11023,1015,2087,3109066,3109066,3109066.0,531831.2,329787.54,0.0,0.0,100126.28,454608.86,100126.28,100126.28,2025,1,Ação Financeiro,2025,1
2395,4667,1001,1006,2406,14873956,14873956,14873956.0,267000.0,0.0,0.0,0.0,3958693.62,0.0,3958693.62,3958693.62,2025,1,Ação Financeiro,2025,1
2396,5218,15006,2166,1006,130250,130250,105250.0,0.0,0.0,0.0,0.0,0.0,0.0,0.0,0.0,2025,1,Ação Financeiro,2025,1
2397,5301,23011,2087,1494,36660070,36660070,35680070.0,9817542.0,6584222.24,0.0,0.0,2078282.0,8876880.18,2078282.0,2078282.0,2025,1,Ação Financeiro,2025,1
2398,4762,19001,1015,2091,679438,679438,679438.0,155838.91,155838.91,0.0,0.0,0.0,197173.23,0.0,0.0,2025,1,Ação Financeiro,2025,1
2399,5313,11023,2177,1635,2100,2100,2100.0,0.0,0.0,0.0,0.0,0.0,0.0,0.0,0.0,2025,1,Ação Financeiro,2025,1
2400,4700,19023,2096,2634,704050,704050,704050.0,204656.8,135533.78,0.0,0.0,9912.0,199060.0,9912.0,9912.0,2025,1,Ação Financeiro,2025,1
2401,5251,15005,2182,4118,7316495,7316495,7316495.0,6052417.04,4498361.05,0.0,261637.22,817939.56,5994112.66,1079576.78,1079576.78,2025,1,Ação Financeiro,2025,1
2402,5334,32001,1015,2091,200000,200000,200000.0,91287.19,91287.19,0.0,0.0,0.0,117184.52,0.0,0.0,2025,1,Ação Financeiro,2025,1
2403,4795,16001,1015,2096,3619560,3619560,3619560.0,2716662.97,463917.97,0.0,0.0,677810.29,959514.77,677810.29,677810.29,2025,1,Ação Financeiro,2025,1
2404,4878,11005,1015,2091,320867,320867,320867.0,54796.55,54796.55,0.0,0.0,0.0,69726.68,0.0,0.0,2025,1,Ação Financeiro,2025,1
2405,5429,11013,2000,4148,1234279,1234279,1234279.0,116666.65,69999.99,0.0,0.0,23333.33,93333.32,23333.33,23333.33,2025,1,Ação Financeiro,2025,1
2406,4807,18001,2153,2164,640072,640072,640072.0,49879.0,0.0,0.0,0.0,0.0,0.0,0.0,0.0,2025,1,Ação Financeiro,2025,1
2407,4890,23030,1015,2087,2548800,2548800,2688925.37,836750.2,578398.85,0.0,0.0,136503.23,846014.66,136503.23,136503.23,2025,1,Ação Financeiro,2025,1
2408,4973,16001,2156,4034,553454741,553454741,566059741.0,145775146.91,145606225.84,0.0,0.0,14260961.3,182770287.14,14260961.3,14260961.3,2025,1,Ação Financeiro,2025,1
2409,5524,32001,2094,4127,300000,300000,300000.0,0.0,0.0,0.0,0.0,0.0,348983.54,0.0,0.0,2025,1,Ação Financeiro,2025,1
2410,5607,17033,2109,4093,700000,700000,700000.0,171691.6,46940.8,0.0,0.0,4913.1,64796.0,4913.1,4913.1,2025,1,Ação Financeiro,2025,1
2411,4985,16001,2157,4041,152701728,152701728,152701728.0,58084596.02,9776523.32,0.0,60029.0,27715009.63,29708337.25,27775038.63,27775038.63,2025,1,Ação Financeiro,2025,1
2412,5619,3001,1012,4175,460300,460300,460300.0,31412.9,4310.89,0.0,0.0,0.0,8013.46,0.0,0.0,2025,1,Ação Financeiro,2025,1
2413,4997,16001,2158,4047,34060920,34060920,31775580.93,15825426.08,1504718.88,0.0,0.0,3780.0,2146157.88,3780.0,3780.0,2025,1,Ação Financeiro,2025,1
2414,5080,23012,2169,4084,4215943,4215943,4215943.0,1093000.0,799300.0,0.0,0.0,87440.58,1332100.0,87440.58,87440.58,2025,1,Ação Financeiro,2025,1
2415,5163,16001,2176,4098,3000000,3000000,3000000.0,0.0,0.0,0.0,0.0,1366250.0,0.0,1366250.0,1366250.0,2025,1,Ação Financeiro,2025,1
2416,5175,15020,1015,2096,4118500,4118500,4118500.0,1955908.42,812734.28,0.0,95300.0,0.0,1063838.2,95300.0,95300.0,2025,1,Ação Financeiro,2025,1
2417,5258,15005,1015,2087,6620910,6620910,6620910.0,1541118.49,1147880.51,0.0,0.0,1121327.22,1552069.21,1121327.22,1121327.22,2025,1,Ação Financeiro,2025,1
2418,5341,15017,2166,1381,2510000,2510000,2510000.0,0.0,0.0,0.0,0.0,861166.01,0.0,861166.01,861166.01,2025,1,Ação Financeiro,2025,1
2419,4719,14023,1000,2064,7874100,7874100,7874100.0,1992608.52,1242634.76,0.0,573336.08,3124349.91,1414640.58,3697685.99,3697685.99,2025,1,Ação Financeiro,2025,1
2420,5270,17012,2034,4009,335870000,335870000,335870000.0,217741543.96,66787804.48,0.0,1150892.98,64172292.99,104139270.78,65323185.97,65323185.97,2025,1,Ação Financeiro,2025,1
2421,5353,3011,2065,1509,14100000,14100000,14100000.0,0.0,0.0,0.0,0.0,0.0,0.0,0.0,0.0,2025,1,Ação Financeiro,2025,1
2422,5137,19001,2003,2023,9543827,9543827,20506430.63,4980780.41,227954.28,0.0,0.0,493156.55,963726.38,493156.55,493156.55,2025,1,Ação Financeiro,2025,1
2423,5220,15006,2166,2154,874390,874390,874390.0,242670.33,197296.54,0.0,0.0,33327.5,225659.17,33327.5,33327.5,2025,1,Ação Financeiro,2025,1
2424,5303,11025,2057,4112,100000,100000,100000.0,0.0,0.0,0.0,0.0,0.0,0.0,0.0,0.0,2025,1,Ação Financeiro,2025,1
2425,4681,2001,2147,2523,150000,150000,225000.0,200000.0,200000.0,0.0,0.0,0.0,200000.0,0.0,0.0,2025,1,Ação Financeiro,2025,1
2426,5232,13006,2097,1382,1000,1000,1000.0,0.0,0.0,0.0,0.0,0.0,0.0,0.0,0.0,2025,1,Ação Financeiro,2025,1
2427,5315,14012,2139,2488,18141202,18141202,18141202.0,2735017.12,632432.16,0.0,174359.9,1156574.28,1217890.86,1330934.18,1330934.18,2025,1,Ação Financeiro,2025,1
2428,4776,11007,1015,2234,20983287,20983287,20983287.0,5795227.2,5795227.2,0.0,0.0,0.0,7093414.99,0.0,0.0,2025,1,Ação Financeiro,2025,1
2429,5327,15017,2166,1276,14830000,14830000,14830000.0,0.0,0.0,0.0,1276.94,5900218.72,0.0,5901495.66,5901495.66,2025,1,Ação Financeiro,2025,1
2430,5410,31001,2138,4060,291000,291000,291000.0,42464.5,37905.5,0.0,0.0,0.0,38706.5,0.0,0.0,2025,1,Ação Financeiro,2025,1
2431,5493,16001,2157,4104,23911218,23911218,19911218.0,6397263.94,6397263.94,0.0,0.0,0.0,8076458.62,0.0,0.0,2025,1,Ação Financeiro,2025,1
2432,4871,2001,1011,2542,1330000,1330000,1330000.0,13087.0,13087.0,0.0,0.0,9200.0,34979.59,9200.0,9200.0,2025,1,Ação Financeiro,2025,1
2433,4954,17012,1015,2091,33865000,33865000,33865000.0,10488782.36,10488782.36,0.0,0.0,0.0,13186717.39,0.0,0.0,2025,1,Ação Financeiro,2025,1
2434,5588,11003,0,13,300000,300000,300000.0,981.06,981.06,0.0,0.0,0.0,1232.33,0.0,0.0,2025,1,Ação Financeiro,2025,1
2435,4966,15014,2103,1276,5607449,5607449,5607449.0,74705.4,0.0,0.0,223264.06,991710.14,74705.4,1214974.2,1214974.2,2025,1,Ação Financeiro,2025,1
2436,5049,21001,2102,2250,600000,600000,820000.0,2837.0,2837.0,0.0,0.0,499994.98,2837.0,499994.98,499994.98,2025,1,Ação Financeiro,2025,1
2437,5600,17033,1015,2091,196615,196615,196615.0,65555.33,65555.33,0.0,0.0,0.0,81077.33,0.0,0.0,2025,1,Ação Financeiro,2025,1
2438,4978,16001,2156,4038,8907374,8907374,12734978.78,7619965.6,2616474.13,0.0,5048948.99,15849187.14,3656948.26,20898136.13,20898136.13,2025,1,Ação Financeiro,2025,1
2439,5144,29012,1280,2976,5582651,5582651,26460468.04,11154914.4,443928.8,0.0,0.0,1609677.49,4676390.5,1609677.49,1609677.49,2025,1,Ação Financeiro,2025,1
2440,5156,16020,2134,2460,9291445,9291445,9336595.0,2210036.57,967568.15,0.0,0.0,655181.05,1483895.98,655181.05,655181.05,2025,1,Ação Financeiro,2025,1
2441,4928,15001,1015,2149,7668168,7668168,7668168.0,2600728.31,2600728.31,0.0,0.0,0.0,3232628.96,0.0,0.0,2025,1,Ação Financeiro,2025,1
2442,5011,11007,1015,1490,1800000,1800000,0.0,0.0,0.0,0.0,0.0,0.0,0.0,0.0,0.0,2025,1,Ação Financeiro,2025,1
2443,4940,15001,2166,1276,62148,62148,112209.69,40200.0,0.0,0.0,0.0,299561.3,40200.0,299561.3,299561.3,2025,1,Ação Financeiro,2025,1
2444,5023,16001,2158,4055,3489474,3489474,3450128.17,687787.36,183232.0,0.0,0.0,0.0,187492.0,0.0,0.0,2025,1,Ação Financeiro,2025,1
2445,5106,30001,2043,2528,20389323,20389323,18972140.0,9689246.2,2093353.46,0.0,0.0,252140.75,2831364.04,252140.75,252140.75,2025,1,Ação Financeiro,2025,1
2446,5118,30011,1009,2535,2745350,2745350,2745350.0,1450746.74,495391.28,0.0,210500.0,1178818.22,573944.74,1389318.22,1389318.22,2025,1,Ação Financeiro,2025,1
2447,5201,11008,2058,2570,2625,2625,2625.0,0.0,0.0,0.0,0.0,0.0,0.0,0.0,0.0,2025,1,Ação Financeiro,2025,1
2448,5284,11025,2179,2350,9994118,9994118,9994118.0,0.0,0.0,0.0,0.0,657800.0,0.0,657800.0,657800.0,2025,1,Ação Financeiro,2025,1
2449,4662,1001,0,95,25000000,25000000,14490000.0,0.0,0.0,0.0,0.0,0.0,0.0,0.0,0.0,2025,1,Ação Financeiro,2025,1
2450,5213,11023,1015,2091,1270453,1270453,1270453.0,289868.0,289868.0,0.0,0.0,0.0,368855.66,0.0,0.0,2025,1,Ação Financeiro,2025,1
2451,5296,21011,1015,4103,0,0,0.0,4761168.42,2048858.62,0.0,0.0,401470.18,2770687.46,401470.18,401470.18,2025,1,Ação Financeiro,2025,1
2452,4674,1001,2126,2665,29965148,29965148,29965148.0,5556888.69,0.0,0.0,0.0,3849460.65,510278.98,3849460.65,3849460.65,2025,1,Ação Financeiro,2025,1
2453,5379,3011,1018,4140,152800,152800,152800.0,42000.0,0.0,0.0,0.0,0.0,0.0,0.0,0.0,2025,1,Ação Financeiro,2025,1
2454,4757,13001,1015,2064,4420341,4420341,4420341.0,117894.74,30328.38,0.0,0.0,0.0,117894.74,0.0,0.0,2025,1,Ação Financeiro,2025,1
2455,5308,17013,2152,1516,7383120,7383120,7383120.0,0.0,0.0,0.0,0.0,0.0,0.0,0.0,0.0,2025,1,Ação Financeiro,2025,1
2456,5391,15001,1015,1446,8495255,8495255,8649431.0,3244070.9,2688581.63,0.0,0.0,120784.0,3493935.53,120784.0,120784.0,2025,1,Ação Financeiro,2025,1
2457,4769,11007,1015,2091,619213,619213,619213.0,190489.65,190489.65,0.0,0.0,0.0,234280.47,0.0,0.0,2025,1,Ação Financeiro,2025,1
2458,5474,11005,2190,2359,77500,77500,36358.44,0.0,0.0,0.0,0.0,0.0,0.0,0.0,0.0,2025,1,Ação Financeiro,2025,1
2459,4935,19001,1015,2087,4250000,4250000,4220500.0,1687342.97,712126.48,0.0,0.0,353846.5,1013848.85,353846.5,353846.5,2025,1,Ação Financeiro,2025,1
2460,5486,11005,2190,4159,25000,25000,25000.0,0.0,0.0,0.0,0.0,0.0,0.0,0.0,0.0,2025,1,Ação Financeiro,2025,1
2461,4864,11003,2155,2604,500,500,500.0,0.0,0.0,0.0,0.0,0.0,0.0,0.0,0.0,2025,1,Ação Financeiro,2025,1
2462,5569,19025,2024,4162,9279192,9279192,9279192.0,0.0,0.0,0.0,0.0,0.0,0.0,0.0,0.0,2025,1,Ação Financeiro,2025,1
2463,4947,15001,2166,2249,13687547,13687547,11945882.63,410069.72,0.0,0.0,0.0,564412.33,0.0,564412.33,564412.33,2025,1,Ação Financeiro,2025,1
2464,5030,16001,2158,4059,689692,689692,690192.0,110968.0,38542.0,0.0,0.0,0.0,38542.0,0.0,0.0,2025,1,Ação Financeiro,2025,1
2465,5581,13001,0,261,2,2,7943202.0,0.0,0.0,0.0,0.0,470000.0,7943200.0,470000.0,470000.0,2025,1,Ação Financeiro,2025,1
2466,4959,23001,2112,2509,10427800,10427800,10427800.0,3590010.92,3308697.26,0.0,2326.32,12265.41,4118697.26,14591.73,14591.73,2025,1,Ação Financeiro,2025,1
2467,4731,16020,1015,2234,3524287,3524287,3524287.0,843281.37,817738.72,0.0,0.0,0.0,1069627.11,0.0,0.0,2025,1,Ação Financeiro,2025,1
2468,5436,11013,2000,4146,4270000,4270000,4270000.0,1926149.48,164679.92,0.0,0.0,91440.2,1010945.53,91440.2,91440.2,2025,1,Ação Financeiro,2025,1
2469,4814,17034,1015,2096,0,0,0.0,0.0,0.0,0.0,7532.48,47670.85,0.0,55203.33,55203.33,2025,1,Ação Financeiro,2025,1
2470,5365,15017,1015,4000,2472100,2472100,2472100.0,0.0,0.0,0.0,0.0,0.0,0.0,0.0,0.0,2025,1,Ação Financeiro,2025,1
2471,4897,23030,2006,2339,245700,245700,245700.0,47786.3,47786.3,0.0,0.0,0.0,61960.92,0.0,0.0,2025,1,Ação Financeiro,2025,1
2472,5448,11013,2000,4147,6151376,6151376,6151376.0,585170.0,177169.0,0.0,0.0,5065019.03,410384.5,5065019.03,5065019.03,2025,1,Ação Financeiro,2025,1
2473,4826,23001,1015,2091,9411684,9411684,9411684.0,2185824.66,2185824.66,0.0,0.0,0.0,2768096.0,0.0,0.0,2025,1,Ação Financeiro,2025,1
2474,4909,11017,2135,2461,72996,72996,72996.0,0.0,0.0,0.0,0.0,0.0,0.0,0.0,0.0,2025,1,Ação Financeiro,2025,1
2475,4992,16001,2158,1581,52741260,52741260,25332560.0,1082235.35,1082235.35,0.0,0.0,0.0,6413126.78,0.0,0.0,2025,1,Ação Financeiro,2025,1
2476,4921,17032,2105,4030,1000000,1000000,0.0,0.0,0.0,0.0,0.0,0.0,0.0,0.0,0.0,2025,1,Ação Financeiro,2025,1
2477,5004,15001,1025,2437,28542932,28542932,28542932.0,8969185.47,8969185.47,0.0,0.0,0.0,11227745.89,0.0,0.0,2025,1,Ação Financeiro,2025,1
2478,5087,23001,2175,4069,70477780,70477780,70781880.0,237721.26,19624.5,0.0,0.0,72986243.4,52227.8,72986243.4,72986243.4,2025,1,Ação Financeiro,2025,1
2479,5099,30001,1007,2517,73533734,73533734,74950917.0,25390696.67,25390696.67,0.0,0.0,0.0,33385554.72,0.0,0.0,2025,1,Ação Financeiro,2025,1
2480,5194,29001,1280,2989,10567028,10567028,10567028.0,2583495.27,2410010.37,0.0,0.0,0.0,3123632.0,0.0,0.0,2025,1,Ação Financeiro,2025,1
2481,5277,17012,2034,4011,37153000,37153000,40403706.66,28183761.54,12925741.57,0.0,0.0,5522577.99,15919879.03,5522577.99,5522577.99,2025,1,Ação Financeiro,2025,1
2482,5360,3011,2065,1628,1500000,1500000,2250000.0,1520700.0,360477.6,0.0,1219421.32,3193110.62,475497.06,4412531.94,4412531.94,2025,1,Ação Financeiro,2025,1
2483,4738,15015,1015,2087,239229,239229,239229.0,205163.0,202.0,0.0,0.0,57643.12,202.0,57643.12,57643.12,2025,1,Ação Financeiro,2025,1
2484,5289,27001,2183,2465,9243876,9243876,9243876.0,4797286.96,675464.76,0.0,0.0,5724181.78,747178.04,5724181.78,5724181.78,2025,1,Ação Financeiro,2025,1
2485,5372,19014,2095,1644,5562000,5562000,5562000.0,0.0,0.0,0.0,0.0,0.0,0.0,0.0,0.0,2025,1,Ação Financeiro,2025,1
2486,4750,19025,2024,1447,2689594,2689594,110000.0,107000.0,0.0,0.0,0.0,0.0,0.0,0.0,0.0,2025,1,Ação Financeiro,2025,1
2487,5455,16031,2090,2242,64000,64000,3064000.0,31771.5,7230.0,0.0,0.0,525.0,11809.4,525.0,525.0,2025,1,Ação Financeiro,2025,1
2488,4833,18011,2098,2164,1128832,1128832,1128832.0,575488.08,383304.09,0.0,0.0,8002.45,491621.26,8002.45,8002.45,2025,1,Ação Financeiro,2025,1
2489,5384,31001,2138,4061,309000,309000,309000.0,9074.38,695.38,0.0,752.4,10410.3,10992.71,11162.7,11162.7,2025,1,Ação Financeiro,2025,1
2490,4845,11003,1015,2087,10414700,10414700,10414700.0,3223407.0,2140423.39,0.0,0.0,508815.71,2627797.26,508815.71,508815.71,2025,1,Ação Financeiro,2025,1
2491,5550,32001,2094,1154,100000,100000,100000.0,27323.0,27323.0,0.0,0.0,0.0,46858.5,0.0,0.0,2025,1,Ação Financeiro,2025,1
2492,4771,19023,1015,2091,8304953,8304953,8504953.0,2058615.19,2058615.19,0.0,0.0,0.0,2425940.73,0.0,0.0,2025,1,Ação Financeiro,2025,1
2493,4783,16001,1015,2087,58879997,58879997,62262587.83,57817104.89,9793284.21,0.0,375.0,4390205.62,13340793.75,4390580.62,4390580.62,2025,1,Ação Financeiro,2025,1
2494,5488,17012,2189,4156,4277000,4277000,4277000.0,100000.0,100000.0,0.0,0.0,0.0,100000.0,0.0,0.0,2025,1,Ação Financeiro,2025,1
2495,4949,15001,2166,2475,121864,121864,157258.88,35394.88,35394.88,0.0,0.0,0.0,35746.14,0.0,0.0,2025,1,Ação Financeiro,2025,1
2496,5500,16001,2158,4106,2544447,2544447,2544447.0,400435.9,400435.9,0.0,0.0,0.0,654204.59,0.0,0.0,2025,1,Ação Financeiro,2025,1
2497,5583,11003,1015,2989,2904000,2904000,2904000.0,157875.65,0.0,0.0,0.0,0.0,142816.38,0.0,0.0,2025,1,Ação Financeiro,2025,1
2498,4961,23001,2163,2663,600000,600000,600000.0,319355.3,8410.5,0.0,0.0,6673.94,40539.5,6673.94,6673.94,2025,1,Ação Financeiro,2025,1
2499,5595,31001,1015,2096,64000,64000,64000.0,0.0,0.0,0.0,0.0,0.0,0.0,0.0,0.0,2025,1,Ação Financeiro,2025,1
2500,5056,21001,1015,2096,600000,600000,600000.0,392398.5,174143.0,0.0,0.0,0.0,294714.22,0.0,0.0,2025,1,Ação Financeiro,2025,1
2501,5139,29013,1001,4544,1210000,1210000,11450093.15,0.0,0.0,0.0,426300.0,2513700.0,0.0,2940000.0,2940000.0,2025,1,Ação Financeiro,2025,1
2502,5222,11023,2051,2344,200000,200000,200000.0,35000.0,31817.5,0.0,0.0,0.0,36712.5,0.0,0.0,2025,1,Ação Financeiro,2025,1
2503,5151,11007,2074,2283,1669660,1669660,2301705.05,312705.05,183940.0,0.0,0.0,15541.2,183940.0,15541.2,15541.2,2025,1,Ação Financeiro,2025,1
2504,5234,17012,2070,1614,4124000,4124000,4124000.0,311929.08,0.0,0.0,0.0,908203.45,0.0,908203.45,908203.45,2025,1,Ação Financeiro,2025,1
2505,4695,15015,2075,1119,200000,200000,350000.0,0.0,0.0,0.0,0.0,0.0,0.0,0.0,0.0,2025,1,Ação Financeiro,2025,1
2506,5246,19001,2055,2388,1081367,1081367,1081367.0,28698.03,21582.5,0.0,0.0,0.0,25009.0,0.0,0.0,2025,1,Ação Financeiro,2025,1
2507,4778,11009,1015,2091,7500000,7500000,7500000.0,2298901.76,2277696.76,0.0,0.0,0.0,2829807.68,0.0,0.0,2025,1,Ação Financeiro,2025,1
2508,5329,3011,2073,2449,87648828,87648828,87844178.0,63117224.25,15878806.03,0.0,14857.33,9260972.74,22054747.16,9275830.07,9275830.07,2025,1,Ação Financeiro,2025,1
2509,4707,19023,1015,1490,2785125,2785125,3585125.0,926031.99,926031.99,0.0,0.0,0.0,1222711.68,0.0,0.0,2025,1,Ação Financeiro,2025,1
2510,5495,16031,1015,2234,716990,716990,716990.0,206841.34,206841.34,0.0,0.0,0.0,269290.65,0.0,0.0,2025,1,Ação Financeiro,2025,1
2511,4790,17034,2023,2263,4060880,4060880,4210880.0,966444.96,751835.1,0.0,297800.0,80590.64,1133958.7,378390.64,378390.64,2025,1,Ação Financeiro,2025,1
2512,4802,19023,1015,2234,55512072,55512072,54712072.0,18209316.93,17425793.23,0.0,0.0,0.0,22785056.31,0.0,0.0,2025,1,Ação Financeiro,2025,1
2513,5590,11003,0,19,4000000,4000000,4000000.0,3998876.97,3968332.49,0.0,0.0,0.0,3968452.91,0.0,0.0,2025,1,Ação Financeiro,2025,1
2514,5279,19017,2004,4124,0,0,0.0,0.0,0.0,0.0,0.0,52540.28,0.0,52540.28,52540.28,2025,1,Ação Financeiro,2025,1
2515,4740,14023,1000,2502,0,0,0.0,0.0,0.0,0.0,0.0,2774.0,0.0,2774.0,2774.0,2025,1,Ação Financeiro,2025,1
2516,5291,11025,2181,4114,100000,100000,100000.0,0.0,0.0,0.0,0.0,0.0,0.0,0.0,0.0,2025,1,Ação Financeiro,2025,1
2517,4669,1001,1020,2062,44633234,44633234,44668234.0,23489008.14,6537798.43,0.0,0.0,4173506.83,10945974.85,4173506.83,4173506.83,2025,1,Ação Financeiro,2025,1
2518,5374,3011,2065,1630,5762000,5762000,5762000.0,0.0,0.0,0.0,0.0,0.0,0.0,0.0,0.0,2025,1,Ação Financeiro,2025,1
2519,4752,19025,2024,4091,5564700,5564700,5564700.0,1780136.32,1780136.32,0.0,0.0,0.0,2233681.82,0.0,0.0,2025,1,Ação Financeiro,2025,1
2520,4835,18011,2098,2583,2307235,2307235,2307235.0,405491.82,145537.0,0.0,0.0,591306.27,215713.5,591306.27,591306.27,2025,1,Ação Financeiro,2025,1
2521,5386,3011,2186,1643,568800,568800,570250.0,370500.0,69184.46,0.0,0.0,16159.16,73620.42,16159.16,16159.16,2025,1,Ação Financeiro,2025,1
2522,4764,11020,2148,2536,1036632,1036632,1036632.0,15600.0,0.0,0.0,0.0,4791.6,0.0,4791.6,4791.6,2025,1,Ação Financeiro,2025,1
2523,5552,32001,2010,2103,187949,187949,187949.0,55857.3,50713.14,0.0,0.0,0.0,71076.94,0.0,0.0,2025,1,Ação Financeiro,2025,1
2524,4847,11010,2110,2064,1000,1000,2226206.0,379959.92,189979.96,0.0,0.0,687005.46,379959.92,687005.46,687005.46,2025,1,Ação Financeiro,2025,1
2525,4930,15001,1015,2151,8170236,8170236,8170236.0,2241741.54,2241741.54,0.0,0.0,0.0,2803571.18,0.0,0.0,2025,1,Ação Financeiro,2025,1
2526,5481,11006,2142,1505,827908,827908,827908.0,39450.75,28900.0,0.0,0.0,158.4,28900.0,158.4,158.4,2025,1,Ação Financeiro,2025,1
2527,4859,11006,2072,2661,452000,452000,452000.0,126055.6,101841.22,0.0,0.0,0.0,108185.8,0.0,0.0,2025,1,Ação Financeiro,2025,1
2528,4942,15001,2166,1473,7012,7012,8667.03,1655.03,875.03,0.0,0.0,0.0,1655.03,0.0,0.0,2025,1,Ação Financeiro,2025,1
2529,5025,16001,2158,1622,4169716,4169716,5123989.0,1579774.36,1579774.36,0.0,0.0,0.0,1991370.87,0.0,0.0,2025,1,Ação Financeiro,2025,1
2530,5037,15015,2075,4087,287331,287331,487331.0,32025.0,0.0,0.0,49183.63,429719.62,0.0,478903.25,478903.25,2025,1,Ação Financeiro,2025,1
2531,5120,11033,1015,2096,48000,48000,107000.0,0.0,0.0,0.0,0.0,0.0,0.0,0.0,0.0,2025,1,Ação Financeiro,2025,1
2532,5203,27001,1015,2234,30163679,30163679,28119781.0,7339499.25,7339499.25,0.0,0.0,0.0,9367270.28,0.0,0.0,2025,1,Ação Financeiro,2025,1
2533,5215,11025,1015,2091,4713213,4713213,4713213.0,1136332.02,1136282.02,0.0,0.0,0.0,1450850.41,0.0,0.0,2025,1,Ação Financeiro,2025,1
2534,5227,13006,0,15,5644812,5644812,5644812.0,2067127.92,2067127.92,0.0,0.0,0.0,2577278.31,0.0,0.0,2025,1,Ação Financeiro,2025,1
2535,4759,13001,1015,2091,4500000,4500000,4330000.0,1325072.88,1325072.88,0.0,0.0,0.0,1688554.3,0.0,0.0,2025,1,Ação Financeiro,2025,1
2536,5310,19001,1015,2096,250000,250000,54500.0,34500.0,0.0,0.0,0.0,0.0,34500.0,0.0,0.0,2025,1,Ação Financeiro,2025,1
2537,4688,2001,2146,2538,7128791,7128791,5828791.0,5389735.0,0.0,0.0,0.0,0.0,458574.69,0.0,0.0,2025,1,Ação Financeiro,2025,1
2538,5393,11003,1015,4103,38300,38300,38300.0,0.0,0.0,0.0,0.0,0.0,0.0,0.0,0.0,2025,1,Ação Financeiro,2025,1
2539,5082,14002,0,24,379290026,379290026,379290026.0,51318629.07,51318629.07,0.0,0.0,0.0,91281935.33,0.0,0.0,2025,1,Ação Financeiro,2025,1
2540,5165,16001,2176,4100,3121040,3121040,3121040.0,603616.94,531046.94,0.0,0.0,0.0,531046.94,0.0,0.0,2025,1,Ação Financeiro,2025,1
2541,5260,3011,0,236,180000,180000,180000.0,54440.68,54440.68,0.0,0.0,0.0,56524.95,0.0,0.0,2025,1,Ação Financeiro,2025,1
2542,5189,15020,2172,2618,2200000,2200000,2200000.0,844253.01,465949.44,0.0,0.0,30544.08,620942.94,30544.08,30544.08,2025,1,Ação Financeiro,2025,1
2543,4721,11009,2128,2557,700000,700000,700000.0,10000.0,7199.6,0.0,0.0,1615.52,7199.6,1615.52,1615.52,2025,1,Ação Financeiro,2025,1
2544,5272,11025,1015,2935,11510091,11510091,11510091.0,2327307.78,1588875.18,0.0,30825.6,1194020.09,2248667.99,1224845.69,1224845.69,2025,1,Ação Financeiro,2025,1
2545,5355,3011,1017,4081,4869850,4869850,4869850.0,4045812.15,1281230.98,0.0,0.0,26537.6,1635653.41,26537.6,26537.6,2025,1,Ação Financeiro,2025,1
2546,4733,16020,1015,1490,4723295,4723295,4723295.0,1293026.18,1241513.18,0.0,0.0,0.0,1633953.18,0.0,0.0,2025,1,Ação Financeiro,2025,1
2547,4816,19025,1015,2091,1284300,1284300,1284300.0,416173.4,416173.4,0.0,0.0,0.0,522548.4,0.0,0.0,2025,1,Ação Financeiro,2025,1
2548,5367,19023,1015,1644,84405,84405,84405.0,0.0,0.0,0.0,0.0,0.0,0.0,0.0,0.0,2025,1,Ação Financeiro,2025,1
2549,4828,18001,2154,2599,110000,110000,110000.0,0.0,0.0,0.0,0.0,0.0,0.0,0.0,0.0,2025,1,Ação Financeiro,2025,1
2550,4911,23002,1015,2087,113000,113000,113000.0,65120.83,53542.83,0.0,0.0,38430.0,64241.21,38430.0,38430.0,2025,1,Ação Financeiro,2025,1
2551,5462,11009,1015,4103,642816,642816,642816.0,0.0,0.0,0.0,0.0,0.0,0.0,0.0,0.0,2025,1,Ação Financeiro,2025,1
2552,5545,11003,2085,4160,1000,1000,1000.0,0.0,0.0,0.0,0.0,23500.0,0.0,23500.0,23500.0,2025,1,Ação Financeiro,2025,1
2553,4923,17032,2105,4032,150000,150000,150000.0,0.0,0.0,0.0,0.0,0.0,0.0,0.0,0.0,2025,1,Ação Financeiro,2025,1
2554,5006,23001,2162,2296,5561101,5561101,5261101.0,93883.59,5874.0,0.0,0.0,0.0,70621.5,0.0,0.0,2025,1,Ação Financeiro,2025,1
2555,5557,31001,2160,4064,270000,270000,270000.0,56495.0,44277.5,0.0,0.0,265100.0,44277.5,265100.0,265100.0,2025,1,Ação Financeiro,2025,1
2556,5018,16001,2158,1619,22169170,22169170,23945564.23,7686531.4,7296170.52,0.0,0.0,0.0,9211665.14,0.0,0.0,2025,1,Ação Financeiro,2025,1
2557,5101,19011,2005,1091,308850,308850,308850.0,13777.2,4450.0,0.0,0.0,0.0,8455.0,0.0,0.0,2025,1,Ação Financeiro,2025,1
2558,5113,30011,1009,2531,3265800,3265800,3265800.0,1630500.79,608492.76,0.0,0.0,574053.06,890511.63,574053.06,574053.06,2025,1,Ação Financeiro,2025,1
2559,4885,11026,1015,2087,719922,719922,719922.0,297582.11,184514.7,0.0,0.0,606584.34,267314.41,606584.34,606584.34,2025,1,Ação Financeiro,2025,1
2560,4968,16001,1015,2367,3318305,3318305,3318305.0,1033997.68,558285.51,0.0,0.0,7372.05,876219.22,7372.05,7372.05,2025,1,Ação Financeiro,2025,1
2561,5519,16001,2158,1650,880213,880213,880213.0,0.0,0.0,0.0,0.0,0.0,0.0,0.0,0.0,2025,1,Ação Financeiro,2025,1
2562,5602,17033,1015,2234,3147125,3147125,3147125.0,836090.26,836090.26,0.0,0.0,0.0,1033405.49,0.0,0.0,2025,1,Ação Financeiro,2025,1
2563,4980,23012,2168,2349,74997,74997,74997.0,16224.39,0.0,0.0,0.0,0.0,0.0,0.0,0.0,2025,1,Ação Financeiro,2025,1
2564,5063,11008,1015,2234,9356863,9356863,9356863.0,2799309.63,2799309.63,0.0,0.0,0.0,3506815.54,0.0,0.0,2025,1,Ação Financeiro,2025,1
2565,5614,3011,2065,1653,0,0,7974000.0,0.0,0.0,0.0,0.0,0.0,0.0,0.0,0.0,2025,1,Ação Financeiro,2025,1
2566,5146,29001,1001,2004,1938495,1938495,2100495.0,715303.38,435985.35,0.0,0.0,0.0,593024.52,0.0,0.0,2025,1,Ação Financeiro,2025,1
2567,5158,16020,2134,2547,3974130,3974130,3974130.0,899933.42,899933.42,0.0,0.0,0.0,1161471.67,0.0,0.0,2025,1,Ação Financeiro,2025,1
2568,5241,14025,1019,4110,71764956,71764956,70604956.0,0.0,0.0,0.0,0.0,0.0,0.0,0.0,0.0,2025,1,Ação Financeiro,2025,1
2569,5170,15020,1015,2282,5400000,5400000,5400000.0,4287803.17,545201.99,0.0,0.0,198275.01,753935.39,198275.01,198275.01,2025,1,Ação Financeiro,2025,1
2570,5253,21001,2102,1624,10000000,10000000,10000000.0,2387000.0,1544066.94,0.0,0.0,0.01,3182658.85,0.01,0.01,2025,1,Ação Financeiro,2025,1
2571,5336,32001,2143,2512,500000,500000,550000.0,81659.36,62339.36,0.0,0.0,3774.64,117909.76,3774.64,3774.64,2025,1,Ação Financeiro,2025,1
2572,4714,11022,1015,2087,2424708,2424708,2010708.0,883695.05,558827.75,0.0,0.0,98981.79,745629.65,98981.79,98981.79,2025,1,Ação Financeiro,2025,1
2573,4726,16020,1015,2087,2930461,2930461,2930461.0,792780.92,379904.06,0.0,0.0,186860.48,582476.46,186860.48,186860.48,2025,1,Ação Financeiro,2025,1
2574,5431,11006,2000,4148,210000,210000,210000.0,13865.0,7743.0,0.0,0.0,6249.0,12282.0,6249.0,6249.0,2025,1,Ação Financeiro,2025,1
2575,5514,11011,0,16,13989634,13989634,13989634.0,0.0,0.0,0.0,0.0,0.0,0.0,0.0,0.0,2025,1,Ação Financeiro,2025,1
2576,4809,18001,2153,2585,696610,696610,696610.0,61499.0,58072.5,0.0,0.0,262873.0,79788.5,262873.0,262873.0,2025,1,Ação Financeiro,2025,1
2577,4892,23030,1015,2234,33980382,33980382,33980382.0,10098044.45,9801994.85,0.0,0.0,0.0,12747416.5,0.0,0.0,2025,1,Ação Financeiro,2025,1
2578,5443,11006,2187,4151,375000,375000,375000.0,2000.0,0.0,0.0,0.0,0.0,0.0,0.0,0.0,2025,1,Ação Financeiro,2025,1
2579,4821,13001,1015,2234,29000000,29000000,29170000.0,5747368.53,5747368.53,0.0,0.0,0.0,7655963.74,0.0,0.0,2025,1,Ação Financeiro,2025,1
2580,5609,14023,1000,4170,1003695,1003695,1003695.0,120205.33,89297.5,0.0,0.0,0.0,141511.0,0.0,0.0,2025,1,Ação Financeiro,2025,1
2581,4987,23013,2115,2093,233718,233718,233718.0,0.0,0.0,0.0,0.0,0.0,4432.8,0.0,0.0,2025,1,Ação Financeiro,2025,1
2582,5621,13001,2041,4545,950000,950000,950000.0,0.0,0.0,0.0,0.0,0.0,0.0,0.0,0.0,2025,1,Ação Financeiro,2025,1
2583,4999,16001,2158,1617,37549853,37549853,34230666.41,8599235.11,8428344.35,0.0,0.0,0.0,10627848.35,0.0,0.0,2025,1,Ação Financeiro,2025,1
2584,5476,17012,1015,4103,1100000,1100000,1100000.0,0.0,0.0,0.0,0.0,0.0,0.0,0.0,0.0,2025,1,Ação Financeiro,2025,1
2585,5559,31001,1015,4103,90120,90120,90120.0,11764.5,3415.5,0.0,0.0,0.0,4554.0,0.0,0.0,2025,1,Ação Financeiro,2025,1
2586,4937,15001,1015,2415,54084,54084,54084.0,10971.68,10971.68,0.0,0.0,0.0,13714.6,0.0,0.0,2025,1,Ação Financeiro,2025,1
2587,5020,16001,2158,4052,23566742,23566742,23516707.0,6302754.86,6302754.86,0.0,0.0,0.0,7977044.09,0.0,0.0,2025,1,Ação Financeiro,2025,1
2588,5115,30011,1009,2532,905725,905725,905725.0,381210.54,33835.63,0.0,0.0,3213.12,48608.62,3213.12,3213.12,2025,1,Ação Financeiro,2025,1
2589,5198,31010,2161,4070,40349,40349,623419.59,0.0,0.0,0.0,0.0,0.0,0.0,0.0,0.0,2025,1,Ação Financeiro,2025,1
2590,4659,2001,1019,2854,32013166,32013166,32013166.0,8964242.15,8964242.15,0.0,0.0,0.0,11267478.56,0.0,0.0,2025,1,Ação Financeiro,2025,1
2591,5210,27001,1015,2091,3000000,3000000,1040756.0,196226.21,196226.21,0.0,0.0,0.0,249917.51,0.0,0.0,2025,1,Ação Financeiro,2025,1
2592,5376,3011,1017,2478,10422150,10422150,10422150.0,8214127.7,1564664.01,0.0,0.0,59565.16,2528793.33,59565.16,59565.16,2025,1,Ação Financeiro,2025,1
2593,4671,1001,2126,2409,40045000,40045000,40895000.0,33811447.01,8908238.71,0.0,0.0,3752103.09,13033585.71,3752103.09,3752103.09,2025,1,Ação Financeiro,2025,1
2594,4754,13001,0,256,293850197,293850197,193806858.91,0.0,0.0,0.0,0.0,0.0,0.0,0.0,0.0,2025,1,Ação Financeiro,2025,1
2595,5305,11010,1015,2096,434565,434565,2938065.0,659815.96,586243.94,0.0,0.0,0.0,951756.66,0.0,0.0,2025,1,Ação Financeiro,2025,1
2596,4683,2001,1010,2981,47739208,47739208,47739208.0,27007824.04,5059572.09,0.0,0.0,1711578.3,9588923.6,1711578.3,1711578.3,2025,1,Ação Financeiro,2025,1
2597,5388,3001,1012,2481,240302600,240302600,240302600.0,88852738.4,61469567.9,0.0,0.0,14833387.87,78253810.3,14833387.87,14833387.87,2025,1,Ação Financeiro,2025,1
2598,5471,17012,1015,1449,3600000,3600000,7600000.0,2764268.0,1924536.0,0.0,0.0,645524.0,2504644.0,645524.0,645524.0,2025,1,Ação Financeiro,2025,1
2599,4766,14023,1015,2091,6979924,6979924,5979924.0,2185060.31,2185060.31,0.0,0.0,0.0,2727628.69,0.0,0.0,2025,1,Ação Financeiro,2025,1
2600,4849,11008,1015,2087,1206991,1206991,1206991.0,333047.79,194922.45,0.0,0.0,44890.89,328014.94,44890.89,44890.89,2025,1,Ação Financeiro,2025,1
2601,5400,11008,1015,4103,24384,24384,24384.0,1518.0,1138.5,0.0,0.0,239.13,1518.0,239.13,239.13,2025,1,Ação Financeiro,2025,1
2602,5483,18001,1015,4103,529620,529620,529620.0,22770.0,20113.5,0.0,0.0,0.0,27324.0,0.0,0.0,2025,1,Ação Financeiro,2025,1
2603,4944,15001,2166,2154,78398513,78398513,78051118.12,29309979.35,13304984.89,0.0,0.0,4043811.95,18729052.05,4043811.95,4043811.95,2025,1,Ação Financeiro,2025,1
2604,5027,16001,2158,4056,5246250,5246250,5233652.0,1289070.92,1289070.92,0.0,0.0,0.0,1638340.43,0.0,0.0,2025,1,Ação Financeiro,2025,1
2605,4956,17012,1015,2234,528677980,528677980,528677980.0,180236167.25,173781455.59,0.0,0.0,343419.41,218461486.85,343419.41,343419.41,2025,1,Ação Financeiro,2025,1
2606,5039,15004,1015,2087,9067844,9067844,9067844.0,4125723.41,2585301.01,0.0,10.0,1013959.95,3486655.61,1013969.95,1013969.95,2025,1,Ação Financeiro,2025,1
2607,4811,11033,2086,2086,2800402,2800402,2800402.0,449600.0,406272.81,0.0,0.0,0.0,457842.21,0.0,0.0,2025,1,Ação Financeiro,2025,1
2608,5362,3011,1031,4136,592900,592900,821900.0,764220.81,54739.57,0.0,0.0,3000.0,66527.57,3000.0,3000.0,2025,1,Ação Financeiro,2025,1
2609,4823,21001,1015,2234,270000000,270000000,270116678.42,102394853.72,102394853.72,0.0,0.0,0.0,127047050.74,0.0,0.0,2025,1,Ação Financeiro,2025,1
2610,4906,17012,2069,2764,3939000,3939000,3939000.0,0.0,0.0,0.0,0.0,2625612.76,1752523.32,2625612.76,2625612.76,2025,1,Ação Financeiro,2025,1
2611,5457,11006,1015,1519,1000,1000,1000.0,0.0,0.0,0.0,0.0,0.0,0.0,0.0,0.0,2025,1,Ação Financeiro,2025,1
2612,4989,16001,2157,4042,176300510,176300510,171367030.17,99783163.86,26871771.85,0.0,0.0,1040205.45,50059842.03,1040205.45,1040205.45,2025,1,Ação Financeiro,2025,1
2613,4918,17032,1015,1490,5236512,5236512,5236512.0,669691.48,669691.48,0.0,0.0,0.0,846789.05,0.0,0.0,2025,1,Ação Financeiro,2025,1
2614,5001,16001,2158,4049,32530757,32530757,32395757.0,8372869.76,1758602.73,0.0,141120.98,6186771.0,2950424.34,6327891.98,6327891.98,2025,1,Ação Financeiro,2025,1
2615,5084,19014,0,9999,3100000,3100000,3100000.0,93052.32,41673.32,0.0,0.0,0.0,41673.32,0.0,0.0,2025,1,Ação Financeiro,2025,1
2616,5635,11010,2085,4160,0,0,1400.0,0.0,0.0,0.0,0.0,0.0,0.0,0.0,0.0,2025,1,Ação Financeiro,2025,1
2617,5096,11007,2074,1000,12000,12000,12000.0,0.0,0.0,0.0,0.0,0.0,0.0,0.0,0.0,2025,1,Ação Financeiro,2025,1
2618,5179,19001,2003,2489,30000,30000,30000.0,0.0,0.0,0.0,0.0,0.0,0.0,0.0,0.0,2025,1,Ação Financeiro,2025,1
2619,5191,29001,1280,2001,194772863,194772863,196222863.0,53601590.32,50383287.33,0.0,0.0,289283.36,63229561.74,289283.36,289283.36,2025,1,Ação Financeiro,2025,1
2620,5274,14011,2106,4115,47863007,47863007,47863007.0,3354952.55,1806.83,0.0,0.0,2326957.55,1539194.76,2326957.55,2326957.55,2025,1,Ação Financeiro,2025,1
2621,4735,14002,0,18,510300750,510300750,510300750.0,216016028.86,216016028.86,0.0,0.0,0.0,269505643.43,0.0,0.0,2025,1,Ação Financeiro,2025,1
2622,5286,17012,0,256,146925098,146925098,90901591.0,0.0,0.0,0.0,0.0,0.0,0.0,0.0,0.0,2025,1,Ação Financeiro,2025,1
2623,4664,1001,1006,1379,300000,300000,300000.0,0.0,0.0,0.0,0.0,0.0,0.0,0.0,0.0,2025,1,Ação Financeiro,2025,1
2624,5369,3011,1018,4138,1340800,1340800,1325800.0,682533.6,307465.19,0.0,0.0,4057.47,426631.71,4057.47,4057.47,2025,1,Ação Financeiro,2025,1
2625,5452,16031,2090,2247,53000,53000,53000.0,7200.0,0.0,0.0,0.0,4985.61,1728.0,4985.61,4985.61,2025,1,Ação Financeiro,2025,1
2626,4747,19023,2096,4091,7844967,7844967,7644967.0,1762027.85,1762027.85,0.0,0.0,0.0,2361447.01,0.0,0.0,2025,1,Ação Financeiro,2025,1
2627,4830,18001,2153,2587,119800,119800,119800.0,22917.5,20025.0,0.0,0.0,0.0,34265.0,0.0,0.0,2025,1,Ação Financeiro,2025,1
2628,5381,3011,2065,1633,1000000,1000000,1500000.0,298162.92,0.0,0.0,137512.87,1607013.32,39333.76,1744526.19,1744526.19,2025,1,Ação Financeiro,2025,1
2629,5464,23001,1015,4103,402240,402240,402240.0,0.0,0.0,0.0,0.0,0.0,0.0,0.0,0.0,2025,1,Ação Financeiro,2025,1
2630,5547,32001,2094,1008,300000,300000,484000.0,9741.5,6541.5,0.0,0.0,0.0,22184.3,0.0,0.0,2025,1,Ação Financeiro,2025,1
2631,4697,19025,1015,2087,5701851,5701851,5691851.0,530077.66,389787.49,0.0,0.0,31172.1,540548.25,31172.1,31172.1,2025,1,Ação Financeiro,2025,1
2632,5248,15006,1015,4000,2100,2100,2100.0,0.0,0.0,0.0,0.0,0.0,0.0,0.0,0.0,2025,1,Ação Financeiro,2025,1
2633,5331,3011,2065,1507,18500000,18500000,17050000.0,875283.93,61395.0,0.0,0.0,570238.64,72958.84,570238.64,570238.64,2025,1,Ação Financeiro,2025,1
2634,4709,19023,0,112,285000,285000,270000.0,52457.22,52457.22,0.0,0.0,0.0,53993.05,0.0,0.0,2025,1,Ação Financeiro,2025,1
2635,4792,17034,2023,2946,1030000,1030000,1030000.0,279994.54,154944.9,0.0,0.0,26233.07,251242.9,26233.07,26233.07,2025,1,Ação Financeiro,2025,1
2636,5343,15017,2166,2237,6390000,6390000,6390000.0,0.0,0.0,0.0,2225438.82,3472130.5,0.0,5697569.32,5697569.32,2025,1,Ação Financeiro,2025,1
2637,5426,3001,1014,4078,16318600,16318600,16318600.0,14613940.48,4003397.24,0.0,0.0,1436590.16,5127409.11,1436590.16,1436590.16,2025,1,Ação Financeiro,2025,1
2638,4887,11026,1015,2234,4209676,4209676,4209676.0,1235075.39,1235075.39,0.0,0.0,0.0,1522498.81,0.0,0.0,2025,1,Ação Financeiro,2025,1
2639,5438,31001,2160,4065,296000,296000,296000.0,30082.0,18690.0,0.0,0.0,57199.54,18690.0,57199.54,57199.54,2025,1,Ação Financeiro,2025,1
2640,4970,16001,1015,4033,486919,486919,486919.0,45744.1,1994.0,0.0,0.0,6144.89,3190.4,6144.89,6144.89,2025,1,Ação Financeiro,2025,1
2641,4899,23030,0,19,113000,113000,113000.0,14869.56,14869.56,0.0,0.0,0.0,35273.76,0.0,0.0,2025,1,Ação Financeiro,2025,1
2642,4982,23012,2168,2074,321020,321020,321020.0,99833.82,41162.5,0.0,0.0,0.0,52732.5,0.0,0.0,2025,1,Ação Financeiro,2025,1
2643,5065,13006,1015,2234,20561260,20561260,20561260.0,6431238.94,6429904.03,0.0,0.0,0.0,8100284.28,0.0,0.0,2025,1,Ação Financeiro,2025,1
2644,5616,3011,2065,1654,2875000,2875000,2875000.0,0.0,0.0,0.0,0.0,0.0,0.0,0.0,0.0,2025,1,Ação Financeiro,2025,1
2645,4994,16001,2158,4044,22041599,22041599,34241599.0,7847762.75,7847562.75,0.0,0.0,0.0,11398440.42,0.0,0.0,2025,1,Ação Financeiro,2025,1
2646,5077,23012,2168,4082,155295,155295,155295.0,53121.0,37691.5,0.0,0.0,0.0,55316.5,0.0,0.0,2025,1,Ação Financeiro,2025,1
2647,5160,15020,1015,2091,65650800,65650800,65650800.0,30578783.35,22331783.34,0.0,0.0,0.0,27240096.37,0.0,0.0,2025,1,Ação Financeiro,2025,1
2648,5089,23012,2169,4083,295042,295042,295042.0,84480.0,34660.0,0.0,0.0,0.0,34660.0,0.0,0.0,2025,1,Ação Financeiro,2025,1
2649,5172,15020,2002,2271,6500000,6500000,6500000.0,4157831.74,186374.5,0.0,52113.3,2743684.04,310321.8,2795797.34,2795797.34,2025,1,Ação Financeiro,2025,1
2650,4716,14002,0,130,162927503,162927503,147427503.0,47323881.55,45694969.44,0.0,0.0,0.0,55189786.48,0.0,0.0,2025,1,Ação Financeiro,2025,1
2651,5267,17012,2034,4004,604609771,604609771,599378531.34,278003824.51,86448999.9,0.0,0.0,76000488.08,128568765.01,76000488.08,76000488.08,2025,1,Ação Financeiro,2025,1
2652,5433,11013,2000,4144,9121080,9121080,9121080.0,1693151.45,331205.44,0.0,0.0,96360.0,684427.17,96360.0,96360.0,2025,1,Ação Financeiro,2025,1
2653,5122,15020,1015,2087,28463600,28463600,24363600.0,10455080.41,3257347.13,0.0,0.0,1657408.17,4572846.24,1657408.17,1657408.17,2025,1,Ação Financeiro,2025,1
2654,5051,14001,1015,2234,291151647,291151647,291151647.0,83914336.7,83914336.7,0.0,0.0,0.0,104096363.2,0.0,0.0,2025,1,Ação Financeiro,2025,1
2655,5229,17012,2084,4007,83469000,83469000,116124607.0,11963793.75,11342351.03,0.0,587198.8,58375798.39,18508769.48,58962997.19,58962997.19,2025,1,Ação Financeiro,2025,1
2656,5312,14012,2139,1487,7197979,7197979,7197979.0,26500.0,21322.32,0.0,0.0,20133.0,27718.59,20133.0,20133.0,2025,1,Ação Financeiro,2025,1
2657,5395,3011,1013,2189,74081200,74081200,74081200.0,42845975.62,7448694.8,0.0,0.0,13761088.13,10697733.15,13761088.13,13761088.13,2025,1,Ação Financeiro,2025,1
2658,4773,11004,1015,2234,2142000,2142000,2142000.0,630924.77,630924.77,0.0,0.0,0.0,780543.39,0.0,0.0,2025,1,Ação Financeiro,2025,1
2659,5407,3001,1012,1484,835400,835400,835400.0,274740.0,15215.36,0.0,0.0,0.0,18010.36,0.0,0.0,2025,1,Ação Financeiro,2025,1
2660,4785,17034,1015,2087,7431870,7431870,7431870.0,2081794.79,863263.04,0.0,1523.78,987084.12,1341087.28,988607.9,988607.9,2025,1,Ação Financeiro,2025,1
2661,4868,11006,2000,2009,369000,369000,1523335.0,109424.81,93259.09,0.0,0.0,4140.0,133393.71,4140.0,4140.0,2025,1,Ação Financeiro,2025,1
2662,5419,23030,2006,4072,4733200,4733200,4733200.0,1475896.41,840512.94,0.0,0.0,335489.82,1098628.14,335489.82,335489.82,2025,1,Ação Financeiro,2025,1
2663,5502,16001,2158,4108,271447,271447,271447.0,54434.59,54434.59,0.0,0.0,0.0,69353.4,0.0,0.0,2025,1,Ação Financeiro,2025,1
2664,5585,19001,2179,2485,400000,400000,18777659.25,11205.0,4450.0,0.0,0.0,0.0,7787.5,0.0,0.0,2025,1,Ação Financeiro,2025,1
2665,4880,23001,1015,2096,100000,100000,180000.0,22173.0,22173.0,0.0,0.0,0.0,22173.0,0.0,0.0,2025,1,Ação Financeiro,2025,1
2666,4963,15014,1015,2087,8537418,8537418,8537418.0,5105897.65,1579461.61,0.0,0.0,1620696.03,1796616.62,1620696.03,1620696.03,2025,1,Ação Financeiro,2025,1
2667,5046,23002,1015,2234,3192350,3192350,3192350.0,996261.62,996261.62,0.0,0.0,0.0,1206954.36,0.0,0.0,2025,1,Ação Financeiro,2025,1
2668,5597,15005,2182,4172,4,4,4.0,0.0,0.0,0.0,0.0,0.0,0.0,0.0,0.0,2025,1,Ação Financeiro,2025,1
2669,4975,16001,2156,4036,151845370,151845370,146603079.17,60067430.29,13592467.31,0.0,3515216.91,45654890.1,25113959.66,49170107.01,49170107.01,2025,1,Ação Financeiro,2025,1
2670,5058,19014,2095,1196,15230000,15230000,15230000.0,543582.99,8855.5,0.0,9878.14,537901.73,14863.0,547779.87,547779.87,2025,1,Ação Financeiro,2025,1
2671,5141,29012,1280,2002,6890480,6890480,25866000.95,99247.02,21884.16,0.0,1004.4,584418.67,42179.11,585423.07,585423.07,2025,1,Ação Financeiro,2025,1
2672,5070,15004,2103,1276,50000,50000,17005000.0,16955000.0,0.0,0.0,0.0,0.0,0.0,0.0,0.0,2025,1,Ação Financeiro,2025,1
2673,5153,15020,0,221,3750000,3750000,3750000.0,2707447.55,0.0,0.0,0.0,0.0,2819963.19,0.0,0.0,2025,1,Ação Financeiro,2025,1
2674,5236,15014,1015,2096,230085,230085,230085.0,174897.0,35340.0,0.0,0.0,119372.0,81244.0,119372.0,119372.0,2025,1,Ação Financeiro,2025,1
2675,5091,23016,2116,2267,125701,125701,125701.0,11654.14,0.0,0.0,0.0,0.0,0.0,0.0,0.0,2025,1,Ação Financeiro,2025,1
2676,5257,15005,2182,4121,1182259,1182259,1182259.0,1182259.0,913914.22,0.0,0.0,0.0,973520.13,0.0,0.0,2025,1,Ação Financeiro,2025,1
2677,5269,11025,0,221,4680000,4680000,4180000.0,1400000.0,1343791.03,0.0,0.0,76335.11,1707743.73,76335.11,76335.11,2025,1,Ação Financeiro,2025,1
2678,5281,11025,2106,1386,74197267,74197267,67886267.0,9464155.23,8223961.28,0.0,1127515.52,16098955.29,12051609.64,17226470.81,17226470.81,2025,1,Ação Financeiro,2025,1
2679,5364,21001,2165,4076,8756094,8756094,8756094.0,0.0,0.0,0.0,0.0,13450.0,0.0,13450.0,13450.0,2025,1,Ação Financeiro,2025,1
2680,4742,14023,1000,2459,0,0,0.0,0.0,0.0,0.0,0.0,7756.25,0.0,7756.25,7756.25,2025,1,Ação Financeiro,2025,1
2681,4825,23001,1015,2234,31709932,31709932,31709932.0,8633382.0,8633382.0,0.0,0.0,0.0,10817798.45,0.0,0.0,2025,1,Ação Financeiro,2025,1
2682,4908,11016,2072,2654,389906,389906,389906.0,169766.96,112949.55,0.0,0.0,3220.0,161356.51,3220.0,3220.0,2025,1,Ação Financeiro,2025,1
2683,5459,11006,1015,2096,719000,719000,719000.0,136143.04,83642.88,0.0,0.0,7777.76,83642.88,7777.76,7777.76,2025,1,Ação Financeiro,2025,1
2684,5542,3001,2065,1192,12700000,12700000,12700000.0,8075000.0,921552.97,0.0,392741.0,446811.0,1307904.76,839552.0,839552.0,2025,1,Ação Financeiro,2025,1
2685,4837,18011,2098,2590,7827078,7827078,7827078.0,3530600.94,2383104.94,0.0,0.0,307288.17,3013191.48,307288.17,307288.17,2025,1,Ação Financeiro,2025,1
2686,5003,15001,1025,2435,292803888,292803888,292803888.0,110625695.65,110625695.65,0.0,0.0,0.0,138730755.17,0.0,0.0,2025,1,Ação Financeiro,2025,1
2687,5554,32001,2093,1051,600000,600000,600000.0,230697.78,73149.32,0.0,16524.92,268110.9,294870.83,284635.82,284635.82,2025,1,Ação Financeiro,2025,1
2688,5637,3011,1031,4168,0,0,3600000.0,0.0,0.0,0.0,0.0,0.0,0.0,0.0,0.0,2025,1,Ação Financeiro,2025,1
2689,4932,15001,1015,2411,61741188,61741188,61741188.0,18551768.31,18551768.31,0.0,0.0,0.0,23085767.17,0.0,0.0,2025,1,Ação Financeiro,2025,1
2690,5098,11004,2108,2194,1197545,1197545,4959545.0,933002.66,715638.98,0.0,0.0,405427.72,1154407.6,405427.72,405427.72,2025,1,Ação Financeiro,2025,1
2691,5110,30001,2145,2529,44600,44600,44600.0,1382.5,1382.5,0.0,0.0,0.0,7465.5,0.0,0.0,2025,1,Ação Financeiro,2025,1
2692,5276,15020,2174,4116,28822000,28822000,23822000.0,2048908.69,130084.45,0.0,292414.99,947564.34,294661.24,1239979.33,1239979.33,2025,1,Ação Financeiro,2025,1
2693,4965,15014,2103,1275,7414000,7414000,7414000.0,214004.91,40953.92,0.0,0.0,7191291.19,61632.29,7191291.19,7191291.19,2025,1,Ação Financeiro,2025,1
2694,5516,14001,1015,4103,78200,78200,78200.0,0.0,0.0,0.0,0.0,0.0,0.0,0.0,0.0,2025,1,Ação Financeiro,2025,1
2695,5599,17033,1015,2087,1840955,1840955,1840955.0,302648.92,201765.92,0.0,0.0,66993.52,368702.99,66993.52,66993.52,2025,1,Ação Financeiro,2025,1
2696,4894,14025,0,130,1560000,1560000,1160000.0,300000.0,210983.31,0.0,0.0,29260.31,265518.97,29260.31,29260.31,2025,1,Ação Financeiro,2025,1
2697,4977,16001,2156,1578,23357000,23357000,23357000.0,2046854.75,117049.6,0.0,669681.82,7893551.25,338161.0,8563233.07,8563233.07,2025,1,Ação Financeiro,2025,1
2698,5611,15004,2103,2279,530005,530005,530005.0,0.0,0.0,0.0,0.0,0.0,0.0,0.0,0.0,2025,1,Ação Financeiro,2025,1
2699,5072,19017,2004,1087,17705746,17705746,17705746.0,1904985.66,108699.07,0.0,0.0,326168.38,199194.87,326168.38,326168.38,2025,1,Ação Financeiro,2025,1
2700,5155,11008,1015,2096,56000,56000,56000.0,15169.0,9700.0,0.0,0.0,0.0,15019.0,0.0,0.0,2025,1,Ação Financeiro,2025,1
2701,5238,17012,2084,1118,303000,303000,303000.0,64391.5,38092.0,0.0,0.0,0.0,59185.0,0.0,0.0,2025,1,Ação Financeiro,2025,1
2702,5167,16001,2176,4101,4800000,4800000,4800000.0,1836263.66,0.0,0.0,0.0,0.0,1836182.88,0.0,0.0,2025,1,Ação Financeiro,2025,1
2703,5250,13001,2178,4111,150000,150000,1235351.81,1085351.81,1085351.81,0.0,0.0,0.0,1085351.81,0.0,0.0,2025,1,Ação Financeiro,2025,1
2704,5333,32001,1015,2087,3262051,3262051,3262051.0,825627.21,506610.44,0.0,25283.96,191631.43,870342.89,216915.39,216915.39,2025,1,Ação Financeiro,2025,1
2705,4711,19023,0,221,500000,500000,500000.0,0.0,0.0,0.0,0.0,0.0,0.0,0.0,0.0,2025,1,Ação Financeiro,2025,1
2706,5262,15005,1015,4123,599286,599286,599286.0,0.0,0.0,0.0,0.0,0.0,0.0,0.0,0.0,2025,1,Ação Financeiro,2025,1
2707,5345,15017,2166,2279,2120236,2120236,2120236.0,0.0,0.0,0.0,0.0,0.0,0.0,0.0,0.0,2025,1,Ação Financeiro,2025,1
2708,5428,11006,2000,4145,1684134,1684134,1904134.0,26119.5,8499.5,0.0,0.0,140000.0,69687.0,140000.0,140000.0,2025,1,Ação Financeiro,2025,1
2709,4806,18001,2153,1492,472366,472366,472366.0,259418.55,0.0,0.0,0.0,0.0,15250.56,0.0,0.0,2025,1,Ação Financeiro,2025,1
2710,4889,14025,1019,2030,1192847143,1192847143,1192847143.0,324628231.33,324628231.33,0.0,0.0,0.0,412706265.42,0.0,0.0,2025,1,Ação Financeiro,2025,1
2711,5440,15006,2166,1381,1000,1000,1000.0,0.0,0.0,0.0,0.0,0.0,0.0,0.0,0.0,2025,1,Ação Financeiro,2025,1
2712,5523,32012,2094,2896,50000,50000,50000.0,0.0,0.0,0.0,0.0,0.0,0.0,0.0,0.0,2025,1,Ação Financeiro,2025,1
2713,4818,19025,1015,2234,17771621,17771621,18591319.7,5226147.93,4923091.35,0.0,0.0,0.0,6187740.74,0.0,0.0,2025,1,Ação Financeiro,2025,1
2714,5606,17033,2109,4092,550000,550000,550000.0,173382.0,78446.0,0.0,0.0,121283.54,107588.3,121283.54,121283.54,2025,1,Ação Financeiro,2025,1
2715,4984,16001,2157,4040,3188010,3188010,3188010.0,1389465.38,20247.5,0.0,0.0,0.0,62250.68,0.0,0.0,2025,1,Ação Financeiro,2025,1
2716,5618,30011,1008,4164,2500,2500,2500.0,0.0,0.0,0.0,0.0,0.0,0.0,0.0,0.0,2025,1,Ação Financeiro,2025,1
2717,4913,15003,1015,2087,10117519,10117519,10117519.0,4449835.36,3521579.48,0.0,0.0,1724862.86,4617757.58,1724862.86,1724862.86,2025,1,Ação Financeiro,2025,1
2718,4996,16001,2158,4046,1804507,1804507,1804507.0,171075.0,8677.5,0.0,0.0,0.0,50730.0,0.0,0.0,2025,1,Ação Financeiro,2025,1
2719,4768,14023,1015,2234,38997068,38997068,39997068.0,9502471.11,9502471.11,0.0,0.0,18572.72,12149852.29,18572.72,18572.72,2025,1,Ação Financeiro,2025,1
2720,4851,11003,1015,2234,90000000,90000000,90000000.0,26630142.45,26630142.45,0.0,0.0,0.0,32911345.83,0.0,0.0,2025,1,Ação Financeiro,2025,1
2721,5402,3011,1013,1627,0,0,0.0,0.0,0.0,0.0,0.0,270733.33,0.0,270733.33,270733.33,2025,1,Ação Financeiro,2025,1
2722,5485,23011,2087,4068,1174000,1174000,98780.0,0.0,0.0,0.0,0.0,0.0,0.0,0.0,0.0,2025,1,Ação Financeiro,2025,1
2723,4780,11022,1015,2091,1992624,1992624,1992624.0,640631.17,640631.17,0.0,0.0,0.0,802474.77,0.0,0.0,2025,1,Ação Financeiro,2025,1
2724,4946,15001,2166,2237,23570593,23570593,23570593.0,9394657.2,4851150.58,0.0,0.0,1320905.29,6974719.83,1320905.29,1320905.29,2025,1,Ação Financeiro,2025,1
2725,4958,23001,2112,2010,2404230,2404230,2707029.8,753345.12,93213.94,0.0,0.0,907003.13,563939.81,907003.13,907003.13,2025,1,Ação Financeiro,2025,1
2726,5592,11010,2085,1499,5420500,5420500,0.0,0.0,0.0,0.0,0.0,0.0,0.0,0.0,0.0,2025,1,Ação Financeiro,2025,1
2727,5053,21001,2102,2950,500000,500000,500000.0,39000.0,13922.03,0.0,0.0,674.66,35504.65,674.66,674.66,2025,1,Ação Financeiro,2025,1
2728,5219,15006,1015,2087,598705,598705,799781.9,251314.34,171771.22,0.0,0.0,90721.97,262126.87,90721.97,90721.97,2025,1,Ação Financeiro,2025,1
2729,5148,29001,1280,2976,19284897,19284897,18184897.0,4120008.05,689009.49,0.0,21420.0,366389.08,1164408.08,387809.08,387809.08,2025,1,Ação Financeiro,2025,1
2730,5231,13006,1015,1490,1399736,1399736,1399736.0,309444.2,309444.2,0.0,0.0,0.0,387683.19,0.0,0.0,2025,1,Ação Financeiro,2025,1
2731,5314,14012,2139,1489,4545120,4545120,4545120.0,578317.95,0.0,0.0,0.0,0.0,0.0,0.0,0.0,2025,1,Ação Financeiro,2025,1
2732,4692,11009,1015,2087,17852719,17852719,18852719.0,9319455.61,5022767.97,0.0,252424.82,1965871.04,8078540.29,2218295.86,2218295.86,2025,1,Ação Financeiro,2025,1
2733,5326,17010,1015,2087,732764,732764,732764.0,105272.61,105272.61,0.0,1920.78,51471.11,151532.43,53391.89,53391.89,2025,1,Ação Financeiro,2025,1
2734,5409,3011,1013,4077,7353500,7353500,7353500.0,1961872.01,747571.33,0.0,4240122.0,1767488.95,826628.33,6007610.95,6007610.95,2025,1,Ação Financeiro,2025,1
2735,4704,19023,1015,2096,500000,500000,500000.0,178432.0,144223.24,0.0,0.0,0.0,184625.04,0.0,0.0,2025,1,Ação Financeiro,2025,1
2736,4787,17034,1015,2234,14276559,14276559,14276559.0,3803246.74,3801053.86,0.0,0.0,2060.11,4728743.78,2060.11,2060.11,2025,1,Ação Financeiro,2025,1
2737,4870,2001,1011,4073,38800000,38800000,40100000.0,13712444.07,13712444.07,0.0,0.0,0.0,17265538.76,0.0,0.0,2025,1,Ação Financeiro,2025,1
2738,4799,17032,1015,2096,350000,350000,350000.0,101868.5,78186.5,0.0,0.0,34500.0,102795.0,34500.0,34500.0,2025,1,Ação Financeiro,2025,1
2739,5205,15020,2174,2064,44770000,44770000,44770000.0,22572140.74,1553676.56,0.0,0.0,1091376.8,4573267.5,1091376.8,1091376.8,2025,1,Ação Financeiro,2025,1
2740,5288,11025,2179,2428,604000,604000,7172000.0,101766.31,101766.31,0.0,0.0,29864663.38,102955.27,29864663.38,29864663.38,2025,1,Ação Financeiro,2025,1
2741,5371,3011,1018,4141,476200,476200,479400.0,230237.74,95966.6,0.0,0.0,0.0,107047.34,0.0,0.0,2025,1,Ação Financeiro,2025,1
2742,4666,1001,1006,2405,28836290,28836290,28836290.0,12158815.39,5742849.82,0.0,0.0,829110.97,6646211.82,829110.97,829110.97,2025,1,Ação Financeiro,2025,1
2743,4749,15001,1015,2087,4493304,4493304,4493304.0,1926338.38,981639.38,0.0,0.0,95497.02,1381581.83,95497.02,95497.02,2025,1,Ação Financeiro,2025,1
2744,5300,32013,2093,4023,3181470,3181470,3181470.0,0.0,0.0,0.0,60000.0,16926761.03,0.0,16986761.03,16986761.03,2025,1,Ação Financeiro,2025,1
2745,4832,18011,2098,2026,699540,699540,699540.0,115095.6,114464.1,0.0,0.0,0.0,166529.1,0.0,0.0,2025,1,Ação Financeiro,2025,1
2746,5383,3001,1012,2482,934555674,934555674,934555674.0,523139051.49,266482817.94,0.0,0.0,0.0,335957064.23,0.0,0.0,2025,1,Ação Financeiro,2025,1
2747,4761,11004,1015,2091,140000,140000,140000.0,33568.66,33568.66,0.0,0.0,0.0,42270.66,0.0,0.0,2025,1,Ação Financeiro,2025,1
2748,4844,18011,2154,2601,1919730,1919730,1919730.0,1853855.0,1727445.5,0.0,0.0,0.0,2097018.0,0.0,0.0,2025,1,Ação Financeiro,2025,1
2749,4927,15001,1015,2148,111293628,111293628,111538395.48,33954144.19,33954144.19,0.0,0.0,0.0,42658974.1,0.0,0.0,2025,1,Ação Financeiro,2025,1
2750,5478,11033,1015,4103,63000,63000,63000.0,11400.0,7390.86,0.0,0.0,3484.45,7390.86,3484.45,3484.45,2025,1,Ação Financeiro,2025,1
2751,5561,11033,2098,2583,0,0,0.0,228000.0,171004.84,0.0,0.0,0.0,196804.84,0.0,0.0,2025,1,Ação Financeiro,2025,1
2752,5022,16001,2158,4054,703668,703668,678823.8,225337.4,0.0,0.0,0.0,252.24,0.0,252.24,252.24,2025,1,Ação Financeiro,2025,1
2753,5573,14001,2008,4163,1131670,1131670,1131670.0,100000.0,0.0,0.0,0.0,0.0,0.0,0.0,0.0,2025,1,Ação Financeiro,2025,1
2754,4951,17012,1015,1490,148808100,148808100,148808100.0,91165374.12,87138255.66,0.0,0.0,0.0,109600395.41,0.0,0.0,2025,1,Ação Financeiro,2025,1
2755,5034,16020,2134,2355,725360,725360,725360.0,164095.28,51746.47,0.0,320.0,374194.01,83741.97,374514.01,374514.01,2025,1,Ação Financeiro,2025,1
2756,5117,11033,1015,2087,295276,295276,236276.0,74729.33,48030.81,0.0,0.0,3386.58,54085.76,3386.58,3386.58,2025,1,Ação Financeiro,2025,1
2757,5212,11023,1015,2234,4555575,4555575,4555575.0,990698.9,960817.26,0.0,0.0,131767.17,1254844.89,131767.17,131767.17,2025,1,Ação Financeiro,2025,1
2758,4673,1001,2126,2417,162110700,162110700,170410700.0,64057060.52,59507068.17,0.0,0.0,0.0,73068299.88,0.0,0.0,2025,1,Ação Financeiro,2025,1
2759,5224,19001,2011,2485,0,0,0.0,0.0,0.0,0.0,428400.0,14154558.02,0.0,14582958.02,14582958.02,2025,1,Ação Financeiro,2025,1
2760,5390,31001,2119,2288,230000,230000,230000.0,96020.0,63724.0,0.0,1601.6,90899.42,107525.1,92501.02,92501.02,2025,1,Ação Financeiro,2025,1
2761,4685,2001,1010,2973,18508632,18508632,18508632.0,12805234.48,2593654.3,0.0,0.0,543359.18,3733428.53,543359.18,543359.18,2025,1,Ação Financeiro,2025,1
2762,5162,16020,2134,4071,560000,560000,560000.0,156432.0,156432.0,0.0,0.0,0.0,194310.5,0.0,0.0,2025,1,Ação Financeiro,2025,1
2763,4694,17032,1015,2087,8076942,8076942,8801942.0,4233031.12,2903704.73,0.0,13043.63,1446510.58,4519879.87,1459554.21,1459554.21,2025,1,Ação Financeiro,2025,1
2764,5245,19001,2011,2474,40000,40000,40000.0,0.0,0.0,0.0,0.0,0.0,0.0,0.0,0.0,2025,1,Ação Financeiro,2025,1
2765,4706,19023,1015,2087,18492500,18492500,18487700.0,4784134.81,2951536.19,0.0,6887.08,693395.3,3926075.38,700282.38,700282.38,2025,1,Ação Financeiro,2025,1
2766,4789,11026,2012,2846,1492258,1492258,1492258.0,696415.49,386352.96,0.0,0.0,86978.26,453455.96,86978.26,86978.26,2025,1,Ação Financeiro,2025,1
2767,4801,11020,1015,2096,1164000,1164000,1164000.0,313789.4,118435.04,0.0,0.0,7631.6,240191.19,7631.6,7631.6,2025,1,Ação Financeiro,2025,1
2768,5506,11023,1015,4103,90000,90000,90000.0,27500.0,16979.56,0.0,0.0,0.0,21305.86,0.0,0.0,2025,1,Ação Financeiro,2025,1
2769,4884,16020,1015,2091,757120,757120,757120.0,226031.52,226031.52,0.0,0.0,0.0,279048.49,0.0,0.0,2025,1,Ação Financeiro,2025,1
2770,5435,11013,2000,4145,12471625,12471625,12471625.0,6382559.32,4364216.48,0.0,0.0,443623.64,5292079.64,443623.64,443623.64,2025,1,Ação Financeiro,2025,1
2771,5518,16001,2157,1648,3431020,3431020,3431020.0,0.0,0.0,0.0,0.0,10429383.74,0.0,10429383.74,10429383.74,2025,1,Ação Financeiro,2025,1
2772,4813,11033,2086,2567,1609000,1609000,1609000.0,199000.0,146568.0,0.0,0.0,0.0,195864.0,0.0,0.0,2025,1,Ação Financeiro,2025,1
2773,4896,17012,2069,4008,50000000,50000000,50000000.0,9848012.13,1790586.3,0.0,944997.75,7431413.7,2666104.99,8376411.45,8376411.45,2025,1,Ação Financeiro,2025,1
2774,5601,17033,1015,2096,260000,260000,260000.0,72430.0,22430.0,0.0,0.0,2597.0,78053.31,2597.0,2597.0,2025,1,Ação Financeiro,2025,1
2775,4979,16001,2157,1579,151667961,151667961,152403098.55,47390608.18,47390608.18,0.0,0.0,0.0,58685270.13,0.0,0.0,2025,1,Ação Financeiro,2025,1
2776,5613,3011,2065,1652,0,0,7980000.0,0.0,0.0,0.0,0.0,0.0,0.0,0.0,0.0,2025,1,Ação Financeiro,2025,1
2777,4991,16001,2157,4043,5521966,5521966,7210071.82,5169966.0,1789890.57,0.0,0.0,2115765.8,2003781.14,2115765.8,2115765.8,2025,1,Ação Financeiro,2025,1
2778,5074,18012,2080,2399,2350444,2350444,2350444.0,334970.57,134274.3,0.0,75460.91,3835.46,222489.14,79296.37,79296.37,2025,1,Ação Financeiro,2025,1
2779,5157,16001,2176,4095,33415300,33415300,42900300.0,9167414.32,9167414.32,0.0,0.0,0.0,10999431.28,0.0,0.0,2025,1,Ação Financeiro,2025,1
2780,5086,23001,2175,1348,5325801,5325801,5273001.2,0.0,0.0,0.0,0.0,0.0,0.0,0.0,0.0,2025,1,Ação Financeiro,2025,1
2781,5169,16020,2134,2558,3807440,3807440,3807440.0,663213.49,653022.4,0.0,0.0,0.0,832536.49,0.0,0.0,2025,1,Ação Financeiro,2025,1
2782,5264,14011,2106,1386,88602728,88602728,88602728.0,31046369.22,4725009.68,0.0,2297163.68,27896973.48,7963581.12,30194137.16,30194137.16,2025,1,Ação Financeiro,2025,1
2783,4725,11009,2041,4547,1260846,1260846,1260846.0,0.0,0.0,0.0,0.0,0.0,0.0,0.0,0.0,2025,1,Ação Financeiro,2025,1
2784,5048,21001,2102,1001,7750000,7750000,7750000.0,3493336.2,781611.61,0.0,0.0,155261.13,1865528.79,155261.13,155261.13,2025,1,Ação Financeiro,2025,1
2785,5214,11025,1015,2234,114786787,114786787,114786787.0,29987479.59,29962412.66,0.0,0.0,0.0,37249695.1,0.0,0.0,2025,1,Ação Financeiro,2025,1
2786,5143,29012,1280,2952,0,0,0.0,0.0,0.0,0.0,0.0,118800.0,0.0,118800.0,118800.0,2025,1,Ação Financeiro,2025,1
2787,5309,17013,2152,2507,1000,1000,1000.0,0.0,0.0,0.0,0.0,0.0,0.0,0.0,0.0,2025,1,Ação Financeiro,2025,1
2788,4687,2011,1220,2977,4237000,4237000,4237000.0,1524457.65,360111.87,0.0,0.0,10132.52,556868.33,10132.52,10132.52,2025,1,Ação Financeiro,2025,1
2789,4770,11020,1015,2087,958458,958458,958458.0,640006.59,251830.27,0.0,0.0,294.0,314767.79,294.0,294.0,2025,1,Ação Financeiro,2025,1
2790,5404,13001,2184,4154,308864,308864,308864.0,64964.1,57418.1,0.0,0.0,0.0,113759.3,0.0,0.0,2025,1,Ação Financeiro,2025,1
2791,4699,19023,2096,2631,2000200,2000200,2000200.0,518055.1,341260.85,0.0,0.0,27272.18,562335.59,27272.18,27272.18,2025,1,Ação Financeiro,2025,1
2792,4782,18001,1015,2087,4034862,4034862,4034862.0,2659545.89,1377026.58,0.0,0.0,402235.26,1758678.96,402235.26,402235.26,2025,1,Ação Financeiro,2025,1
2793,5487,17012,2189,4158,501000,501000,501000.0,81196.75,12760.0,0.0,0.0,0.0,28112.5,0.0,0.0,2025,1,Ação Financeiro,2025,1
2794,4865,11003,2155,2605,500,500,500.0,0.0,0.0,0.0,0.0,0.0,0.0,0.0,0.0,2025,1,Ação Financeiro,2025,1
2795,5416,16020,1015,4103,100000,100000,100000.0,0.0,0.0,0.0,0.0,0.0,0.0,0.0,0.0,2025,1,Ação Financeiro,2025,1
2796,5499,16001,2158,4105,8404638,8404638,8404638.0,1905842.04,1905842.04,0.0,0.0,0.0,2411287.19,0.0,0.0,2025,1,Ação Financeiro,2025,1
2797,4794,16001,1015,1490,20703365,20703365,30689174.0,6060394.61,5962884.82,0.0,0.0,0.0,7248475.42,0.0,0.0,2025,1,Ação Financeiro,2025,1
2798,4877,11005,1015,2087,511418,511418,540559.56,247862.41,119900.96,0.0,0.0,2086.47,238952.35,2086.47,2086.47,2025,1,Ação Financeiro,2025,1
2799,5582,19001,2179,4167,39465428,39465428,39465428.0,14940.0,6230.0,0.0,0.0,0.0,62109.47,0.0,0.0,2025,1,Ação Financeiro,2025,1
2800,4960,23001,2112,2837,7520930,7520930,7540930.0,3507382.43,2682708.25,0.0,0.0,344810.0,3085917.01,344810.0,344810.0,2025,1,Ação Financeiro,2025,1
2801,5511,31001,1015,2091,930196,930196,930196.0,210912.11,210912.11,0.0,0.0,0.0,268251.03,0.0,0.0,2025,1,Ação Financeiro,2025,1
2802,5594,11003,1015,2096,1640500,1640500,1640500.0,143000.0,143000.0,0.0,0.0,0.0,143000.0,0.0,0.0,2025,1,Ação Financeiro,2025,1
2803,4972,16001,2156,1524,226406518,226406518,252692221.69,77621559.41,77621559.41,0.0,0.0,0.0,95129075.35,0.0,0.0,2025,1,Ação Financeiro,2025,1
2804,5055,21001,2102,2237,1500000,1500000,1500000.0,0.0,0.0,0.0,0.0,0.0,0.0,0.0,0.0,2025,1,Ação Financeiro,2025,1
2805,5138,21001,1015,1490,4000000,4000000,4000000.0,1004799.63,1004799.63,0.0,0.0,0.0,1235479.48,0.0,0.0,2025,1,Ação Financeiro,2025,1
2806,5067,18013,2136,1466,704620,704620,704620.0,48837.02,27689.1,0.0,0.0,0.0,41688.01,0.0,0.0,2025,1,Ação Financeiro,2025,1
2807,5150,11022,1260,2330,230600,230600,230600.0,30838.5,30838.5,0.0,0.0,0.0,46858.5,0.0,0.0,2025,1,Ação Financeiro,2025,1
2808,5233,13006,2097,2096,100000,100000,100000.0,29410.0,29410.0,0.0,0.0,0.0,29410.0,0.0,0.0,2025,1,Ação Financeiro,2025,1
2809,5473,15001,1015,4103,379297,379297,379297.0,70917.0,25806.0,0.0,0.0,0.0,34155.0,0.0,0.0,2025,1,Ação Financeiro,2025,1
2810,4934,15001,1015,2091,2333232,2333232,2333232.0,3688532.24,3688532.24,0.0,0.0,0.0,5005590.01,0.0,0.0,2025,1,Ação Financeiro,2025,1
2811,5017,16001,2158,1618,3196000,3196000,3196000.0,25633.23,0.0,0.0,0.0,856040.43,6650.0,856040.43,856040.43,2025,1,Ação Financeiro,2025,1
2812,5568,23030,2164,1651,0,0,0.0,0.0,0.0,0.0,0.0,893773.19,0.0,893773.19,893773.19,2025,1,Ação Financeiro,2025,1
2813,5100,30001,1007,2520,62950914,62950914,62950914.0,18447154.9,18447154.9,0.0,0.0,5266.62,24126769.19,5266.62,5266.62,2025,1,Ação Financeiro,2025,1
2814,5029,16001,2158,4058,250126,250126,282816.03,271746.83,0.0,0.0,0.0,0.0,0.0,0.0,0.0,2025,1,Ação Financeiro,2025,1
2815,5112,30011,1008,1520,1112874,1112874,1112874.0,407600.0,407600.0,0.0,0.0,81520.0,407600.0,81520.0,81520.0,2025,1,Ação Financeiro,2025,1
2816,5195,29001,1019,2854,69545980,69545980,69545980.0,28100817.24,27777834.36,0.0,0.0,0.0,31904074.02,0.0,0.0,2025,1,Ação Financeiro,2025,1
2817,5124,11033,1015,2091,35108,35108,35108.0,8744.0,8744.0,0.0,0.0,0.0,11160.0,0.0,0.0,2025,1,Ação Financeiro,2025,1
2818,5207,23012,2168,2348,11602075,11602075,11602075.0,4351211.79,4351211.79,0.0,0.0,0.0,7636837.96,0.0,0.0,2025,1,Ação Financeiro,2025,1
2819,5290,27001,2183,1638,11300000,11300000,25361667.62,1242056.26,0.0,0.0,38656.06,1974262.18,101125.67,2012918.24,2012918.24,2025,1,Ação Financeiro,2025,1
2820,4668,1001,1006,2408,3979692,3979692,3979692.0,3035174.96,822786.09,0.0,0.0,0.0,1469458.17,0.0,0.0,2025,1,Ação Financeiro,2025,1
2821,4751,19025,2024,4234,51254858,51254858,50435159.3,16328674.7,15282455.3,0.0,0.0,0.0,19372440.14,0.0,0.0,2025,1,Ação Financeiro,2025,1
2822,5302,11025,1015,4103,2064000,2064000,2064000.0,0.0,0.0,0.0,0.0,0.0,0.0,0.0,0.0,2025,1,Ação Financeiro,2025,1
2823,5385,15003,2166,2269,1397050,1397050,1883550.0,732893.45,512014.48,0.0,0.0,0.0,688046.54,0.0,0.0,2025,1,Ação Financeiro,2025,1
2824,4680,2001,2147,2539,7083850,7083850,7008850.0,1779233.38,804208.38,0.0,0.0,0.0,1255445.34,0.0,0.0,2025,1,Ação Financeiro,2025,1
2825,4763,17032,1015,2234,31029081,31029081,31029081.0,7946291.87,7866877.48,0.0,0.0,0.0,9850509.38,0.0,0.0,2025,1,Ação Financeiro,2025,1
2826,5468,27001,1015,4103,1799989,1799989,1799989.0,0.0,0.0,0.0,0.0,0.0,0.0,0.0,0.0,2025,1,Ação Financeiro,2025,1
2827,5397,3001,1012,2456,0,0,0.0,0.0,0.0,0.0,0.0,409.74,0.0,409.74,409.74,2025,1,Ação Financeiro,2025,1
2828,5480,15011,2110,1487,1049500,1049500,1049500.0,59906.68,7838.8,0.0,0.0,338525.19,11351.68,338525.19,338525.19,2025,1,Ação Financeiro,2025,1
2829,5563,19025,2004,1087,0,0,0.0,1475871.07,40904.56,0.0,0.0,0.0,72322.98,0.0,0.0,2025,1,Ação Financeiro,2025,1
2830,5492,16001,2156,4109,40446245,40446245,35684323.12,9862227.46,9862227.46,0.0,0.0,0.0,12418281.31,0.0,0.0,2025,1,Ação Financeiro,2025,1
2831,4953,17012,1015,2087,27537000,27537000,27535000.0,12336107.25,3332586.66,0.0,4871.39,2577311.21,5709677.14,2582182.6,2582182.6,2025,1,Ação Financeiro,2025,1
2832,5036,17032,0,221,100000,100000,100000.0,28240.0,28240.0,0.0,0.0,0.0,28240.0,0.0,0.0,2025,1,Ação Financeiro,2025,1
2833,5587,15005,2182,4169,130003,130003,130003.0,23110.17,12894.0,0.0,0.0,0.0,12894.0,0.0,0.0,2025,1,Ação Financeiro,2025,1
2834,5119,11033,1015,2234,2210778,2210778,2210778.0,693097.3,611678.54,0.0,0.0,0.0,760648.96,0.0,0.0,2025,1,Ação Financeiro,2025,1
2835,4808,18001,2153,2229,593700,593700,593700.0,40416.1,40416.1,0.0,0.0,0.0,58154.4,0.0,0.0,2025,1,Ação Financeiro,2025,1
2836,5359,3011,1031,4135,5260200,5260200,5036200.0,2720975.0,1094599.73,0.0,0.0,350454.39,1503298.78,350454.39,350454.39,2025,1,Ação Financeiro,2025,1
2837,5454,16031,2090,2448,63000,63000,63000.0,13800.0,6240.0,0.0,0.0,0.0,6240.0,0.0,0.0,2025,1,Ação Financeiro,2025,1
2838,5620,13001,2041,2497,550000,550000,550000.0,0.0,0.0,0.0,0.0,0.0,0.0,0.0,0.0,2025,1,Ação Financeiro,2025,1
2839,4998,16001,2158,1582,3000000,3000000,3000000.0,0.0,0.0,0.0,0.0,0.0,0.0,0.0,0.0,2025,1,Ação Financeiro,2025,1
2840,5549,32001,2094,1149,500000,500000,18706330.0,1361876.59,1061915.22,0.0,103354.0,758437.16,7066795.22,861791.16,861791.16,2025,1,Ação Financeiro,2025,1
2841,5188,15020,2172,2276,24000000,24000000,22000000.0,12617591.52,4237418.38,0.0,0.0,3277479.85,5317682.08,3277479.85,3277479.85,2025,1,Ação Financeiro,2025,1
2842,5271,11025,1015,2087,7454028,7454028,7638028.0,2867952.89,1415181.5,0.0,28591.85,794764.82,2000133.48,823356.67,823356.67,2025,1,Ação Financeiro,2025,1
2843,5283,11005,1015,4000,10000,10000,10000.0,0.0,0.0,0.0,0.0,0.0,0.0,0.0,0.0,2025,1,Ação Financeiro,2025,1
2844,5366,21001,2165,1625,260000,260000,260000.0,0.0,0.0,0.0,0.0,0.0,0.0,0.0,0.0,2025,1,Ação Financeiro,2025,1
2845,4744,14023,0,221,450000,450000,450000.0,20023.2,20023.2,0.0,0.0,0.0,49306.44,0.0,0.0,2025,1,Ação Financeiro,2025,1
2846,5449,11013,2000,4149,4917415,4917415,4917415.0,1868566.5,890922.25,0.0,0.0,316585.33,1197999.25,316585.33,316585.33,2025,1,Ação Financeiro,2025,1
2847,5378,3011,2065,1631,475000,475000,475000.0,0.0,0.0,0.0,0.0,0.0,0.0,0.0,0.0,2025,1,Ação Financeiro,2025,1
2848,5461,19023,1015,4103,475200,475200,495000.0,50000.0,21605.0,0.0,0.0,0.0,28056.5,0.0,0.0,2025,1,Ação Financeiro,2025,1
2849,4756,16031,1015,2087,4027569,4027569,4027569.0,1163185.17,827414.73,0.0,6647.68,305506.45,1206308.06,312154.13,312154.13,2025,1,Ação Financeiro,2025,1
2850,4839,18001,2153,2580,1327910,1327910,1327910.0,29460.4,0.0,0.0,0.0,34796.4,13449.1,34796.4,34796.4,2025,1,Ação Financeiro,2025,1
2851,4922,17032,2105,4031,1887378,1887378,1187378.0,0.0,0.0,0.0,0.0,0.0,0.0,0.0,0.0,2025,1,Ação Financeiro,2025,1
2852,5115,30011,1009,2532,905725,905725,3882643.32,397040.03,14772.99,0.0,0.0,0.0,48608.62,0.0,0.0,2025,2,Ação Financeiro,2025,2
2853,5198,31010,2161,4070,40349,40349,623419.59,0.0,0.0,0.0,0.0,0.0,0.0,0.0,0.0,2025,2,Ação Financeiro,2025,2
2854,5281,11025,2106,1386,74197267,74197267,65014032.27,13671897.32,3827648.36,0.0,-718601.28,9727935.81,12051609.64,9009334.53,9009334.53,2025,2,Ação Financeiro,2025,2
2855,5210,27001,1015,2091,3000000,3000000,1040756.0,249917.51,53691.3,0.0,0.0,0.0,249917.51,0.0,0.0,2025,2,Ação Financeiro,2025,2
2856,4659,2001,1019,2854,32013166,32013166,32013166.0,11267478.56,2303236.41,0.0,0.0,0.0,11267478.56,0.0,0.0,2025,2,Ação Financeiro,2025,2
2857,5559,31001,1015,4103,90120,90120,90120.0,11764.5,1138.5,0.0,0.0,0.0,4554.0,0.0,0.0,2025,2,Ação Financeiro,2025,2
2858,5020,16001,2158,4052,23566742,23566742,23516707.0,7977044.09,1674289.23,0.0,0.0,0.0,7977044.09,0.0,0.0,2025,2,Ação Financeiro,2025,2
2859,4944,15001,2166,2154,78398513,78398513,78049146.17,39760516.03,5424067.16,0.0,0.0,0.0,18729052.05,0.0,0.0,2025,2,Ação Financeiro,2025,2
2860,5649,15014,2087,4176,0,0,0.0,0.0,0.0,0.0,0.0,0.0,0.0,0.0,0.0,2025,2,Ação Financeiro,2025,2
2861,5027,16001,2158,4056,5246250,5246250,5233652.0,1638340.43,349269.51,0.0,0.0,0.0,1638340.43,0.0,0.0,2025,2,Ação Financeiro,2025,2
2862,5039,15004,1015,2087,9067844,9067844,9140387.54,5931057.3,901354.6,0.0,-10.0,170620.76,3486655.61,170610.76,170610.76,2025,2,Ação Financeiro,2025,2
2863,5376,3011,1017,2478,10422150,10422150,10310379.0,8639507.06,964129.32,0.0,0.0,0.0,2528793.33,0.0,0.0,2025,2,Ação Financeiro,2025,2
2864,4671,1001,2126,2409,40045000,40045000,40895000.0,37733574.53,4125347.0,0.0,0.1,0.0,13033585.71,0.1,0.1,2025,2,Ação Financeiro,2025,2
2865,4754,13001,0,256,293850197,293850197,121251257.43,0.0,0.0,0.0,0.0,0.0,0.0,0.0,0.0,2025,2,Ação Financeiro,2025,2
2866,4837,18011,2098,2590,7827078,7827078,7827078.0,4177963.42,630086.54,0.0,0.0,0.0,3013191.48,0.0,0.0,2025,2,Ação Financeiro,2025,2
2867,5388,3001,1012,2481,240302600,240302600,240302600.0,93918563.0,16784242.4,0.0,0.0,2730070.2,78253810.3,2730070.2,2730070.2,2025,2,Ação Financeiro,2025,2
2868,5471,17012,1015,1449,3600000,3600000,7600000.0,3748160.0,580108.0,0.0,0.0,0.0,2504644.0,0.0,0.0,2025,2,Ação Financeiro,2025,2
2869,4766,14023,1015,2091,6979924,6979924,5979924.0,2727628.69,542568.38,0.0,0.0,0.0,2727628.69,0.0,0.0,2025,2,Ação Financeiro,2025,2
2870,5554,32001,2093,1051,600000,600000,795000.0,696542.5,221721.51,0.0,-15525.32,15525.32,294870.83,0.0,0.0,2025,2,Ação Financeiro,2025,2
2871,4849,11008,1015,2087,1206991,1206991,1171991.0,498430.44,133092.49,0.0,0.0,0.0,328014.94,0.0,0.0,2025,2,Ação Financeiro,2025,2
2872,5483,18001,1015,4103,529620,529620,529620.0,91080.0,7210.5,0.0,0.0,0.0,27324.0,0.0,0.0,2025,2,Ação Financeiro,2025,2
2873,4932,15001,1015,2411,61741188,61741188,61741188.0,23085767.17,4533998.86,0.0,0.0,0.0,23085767.17,0.0,0.0,2025,2,Ação Financeiro,2025,2
2874,5001,16001,2158,4049,32530757,32530757,32395757.0,9723722.35,1191821.61,0.0,-107071.0,171720.52,2950424.34,64649.52,64649.52,2025,2,Ação Financeiro,2025,2
2875,5635,11010,2085,4160,0,0,1400.0,0.0,0.0,0.0,0.0,0.0,0.0,0.0,0.0,2025,2,Ação Financeiro,2025,2
2876,5084,19014,0,9999,3100000,3100000,3100000.0,93052.32,0.0,0.0,0.0,0.0,41673.32,0.0,0.0,2025,2,Ação Financeiro,2025,2
2877,5167,16001,2176,4101,4800000,4800000,4800000.0,1836263.66,1836182.88,0.0,0.0,0.0,1836182.88,0.0,0.0,2025,2,Ação Financeiro,2025,2
2878,5096,11007,2074,1000,12000,12000,12000.0,0.0,0.0,0.0,0.0,0.0,0.0,0.0,0.0,2025,2,Ação Financeiro,2025,2
2879,5179,19001,2003,2489,30000,30000,30000.0,0.0,0.0,0.0,0.0,0.0,0.0,0.0,0.0,2025,2,Ação Financeiro,2025,2
2880,4811,11033,2086,2086,2800402,2800402,2910402.0,597800.0,51569.4,0.0,0.0,0.0,457842.21,0.0,0.0,2025,2,Ação Financeiro,2025,2
2881,4894,14025,0,130,1560000,1560000,1160000.0,300000.0,54535.66,0.0,0.0,0.0,265518.97,0.0,0.0,2025,2,Ação Financeiro,2025,2
2882,4823,21001,1015,2234,270000000,270000000,270116678.42,127047050.74,24652197.02,0.0,0.0,0.0,127047050.74,0.0,0.0,2025,2,Ação Financeiro,2025,2
2883,4906,17012,2069,2764,3939000,3939000,3939000.0,1752523.32,1752523.32,0.0,0.0,0.0,1752523.32,0.0,0.0,2025,2,Ação Financeiro,2025,2
2884,5611,15004,2103,2279,530005,530005,530005.0,0.0,0.0,0.0,0.0,0.0,0.0,0.0,0.0,2025,2,Ação Financeiro,2025,2
2885,4989,16001,2157,4042,176300510,176300510,168766821.37,125910799.73,23188070.18,0.0,0.0,0.0,50059842.03,0.0,0.0,2025,2,Ação Financeiro,2025,2
2886,5369,3011,1018,4138,1340800,1340800,1325800.0,776533.6,119166.52,0.0,0.0,0.0,426631.71,0.0,0.0,2025,2,Ação Financeiro,2025,2
2887,4818,19025,1015,2234,17771621,17771621,21585534.15,6571062.16,1264649.39,0.0,0.0,0.0,6187740.74,0.0,0.0,2025,2,Ação Financeiro,2025,2
2888,5452,16031,2090,2247,53000,53000,53000.0,7200.0,1728.0,0.0,0.0,261.87,1728.0,261.87,261.87,2025,2,Ação Financeiro,2025,2
2889,4747,19023,2096,4091,7844967,7844967,7644967.0,2361447.01,599419.16,0.0,0.0,0.0,2361447.01,0.0,0.0,2025,2,Ação Financeiro,2025,2
2890,4830,18001,2153,2587,119800,119800,119800.0,37157.5,14240.0,0.0,0.0,0.0,34265.0,0.0,0.0,2025,2,Ação Financeiro,2025,2
2891,4913,15003,1015,2087,10117519,10117519,10117519.0,7267130.86,1096178.1,0.0,0.0,80828.24,4617757.58,80828.24,80828.24,2025,2,Ação Financeiro,2025,2
2892,5464,23001,1015,4103,402240,402240,402240.0,0.0,0.0,0.0,0.0,0.0,0.0,0.0,0.0,2025,2,Ação Financeiro,2025,2
2893,5547,32001,2094,1008,300000,300000,274000.0,22184.3,15642.8,0.0,0.0,0.0,22184.3,0.0,0.0,2025,2,Ação Financeiro,2025,2
2894,5262,15005,1015,4123,599286,599286,599286.0,0.0,0.0,0.0,0.0,0.0,0.0,0.0,0.0,2025,2,Ação Financeiro,2025,2
2895,5191,29001,1280,2001,194772863,194772863,196222863.0,105599145.29,12846274.41,0.0,0.0,0.0,63229561.74,0.0,0.0,2025,2,Ação Financeiro,2025,2
2896,5274,14011,2106,4115,47863007,47863007,47863007.0,5533385.11,1537387.93,0.0,0.0,0.0,1539194.76,0.0,0.0,2025,2,Ação Financeiro,2025,2
2897,5286,17012,0,256,146925098,146925098,55769663.0,0.0,0.0,0.0,0.0,0.0,0.0,0.0,0.0,2025,2,Ação Financeiro,2025,2
2898,4735,14002,0,18,510300750,510300750,510300750.0,329212512.43,53489614.57,0.0,0.0,0.0,269505643.43,0.0,0.0,2025,2,Ação Financeiro,2025,2
2899,5426,3001,1014,4078,16318600,16318600,16343600.0,14934547.3,1124011.87,0.0,62030.22,11815.26,5127409.11,73845.48,73845.48,2025,2,Ação Financeiro,2025,2
2900,5592,11010,2085,1499,5420500,5420500,0.0,0.0,0.0,0.0,0.0,0.0,0.0,0.0,0.0,2025,2,Ação Financeiro,2025,2
2901,4887,11026,1015,2234,4209676,4209676,4209676.0,1561375.91,287423.42,0.0,0.0,0.0,1522498.81,0.0,0.0,2025,2,Ação Financeiro,2025,2
2902,4970,16001,1015,4033,486919,486919,486919.0,49482.1,1196.4,0.0,0.0,0.0,3190.4,0.0,0.0,2025,2,Ação Financeiro,2025,2
2903,4899,23030,0,19,113000,113000,113000.0,35273.76,20404.2,0.0,0.0,0.0,35273.76,0.0,0.0,2025,2,Ação Financeiro,2025,2
2904,4982,23012,2168,2074,321020,321020,321020.0,99833.82,11570.0,0.0,0.0,0.0,52732.5,0.0,0.0,2025,2,Ação Financeiro,2025,2
2905,5248,15006,1015,4000,2100,2100,2100.0,0.0,0.0,0.0,0.0,0.0,0.0,0.0,0.0,2025,2,Ação Financeiro,2025,2
2906,4697,19025,1015,2087,5701851,5701851,5222462.0,807731.3,150760.76,0.0,0.0,0.0,540548.25,0.0,0.0,2025,2,Ação Financeiro,2025,2
2907,5331,3011,2065,1507,18500000,18500000,17050000.0,875283.93,11563.84,0.0,0.0,0.0,72958.84,0.0,0.0,2025,2,Ação Financeiro,2025,2
2908,4780,11022,1015,2091,1992624,1992624,1992624.0,802474.77,161843.6,0.0,0.0,0.0,802474.77,0.0,0.0,2025,2,Ação Financeiro,2025,2
2909,4709,19023,0,112,285000,285000,270000.0,53993.05,1535.83,0.0,0.0,0.0,53993.05,0.0,0.0,2025,2,Ação Financeiro,2025,2
2910,4792,17034,2023,2946,1030000,1030000,1030000.0,429306.54,96298.0,0.0,0.0,0.0,251242.9,0.0,0.0,2025,2,Ação Financeiro,2025,2
2911,5172,15020,2002,2271,6500000,6500000,6500000.0,4187047.64,123947.3,0.0,-52113.3,52113.3,310321.8,0.0,0.0,2025,2,Ação Financeiro,2025,2
2912,4716,14002,0,130,162927503,162927503,147427503.0,55189786.48,9494817.04,0.0,0.0,0.0,55189786.48,0.0,0.0,2025,2,Ação Financeiro,2025,2
2913,4799,17032,1015,2096,350000,350000,350000.0,126477.0,24608.5,0.0,0.0,0.0,102795.0,0.0,0.0,2025,2,Ação Financeiro,2025,2
2914,5267,17012,2034,4004,604609771,604609771,574732531.34,311231354.09,42119765.11,0.0,2400.0,9492.94,128568765.01,11892.94,11892.94,2025,2,Ação Financeiro,2025,2
2915,5433,11013,2000,4144,9121080,9121080,16263114.32,2233385.75,353221.73,0.0,0.0,0.0,684427.17,0.0,0.0,2025,2,Ação Financeiro,2025,2
2916,5065,13006,1015,2234,20561260,20561260,20561260.0,8101639.19,1670380.25,0.0,0.0,0.0,8100284.28,0.0,0.0,2025,2,Ação Financeiro,2025,2
2917,5616,3011,2065,1654,2875000,2875000,2875000.0,0.0,0.0,0.0,0.0,0.0,0.0,0.0,0.0,2025,2,Ação Financeiro,2025,2
2918,5077,23012,2168,4082,155295,155295,155295.0,63121.0,17625.0,0.0,0.0,0.0,55316.5,0.0,0.0,2025,2,Ação Financeiro,2025,2
2919,5160,15020,1015,2091,65650800,65650800,65650800.0,30578783.35,4908313.03,0.0,0.0,0.0,27240096.37,0.0,0.0,2025,2,Ação Financeiro,2025,2
2920,5229,17012,2084,4007,83469000,83469000,134247224.0,20569620.68,7166418.45,0.0,-587198.8,770565.14,18508769.48,183366.34,183366.34,2025,2,Ação Financeiro,2025,2
2921,5312,14012,2139,1487,7197979,7197979,7197979.0,40740.33,6396.27,0.0,0.0,0.0,27718.59,0.0,0.0,2025,2,Ação Financeiro,2025,2
2922,5395,3011,1013,2189,74081200,74081200,74081200.0,51462591.85,3249038.35,0.0,45600.0,1938.0,10697733.15,47538.0,47538.0,2025,2,Ação Financeiro,2025,2
2923,4773,11004,1015,2234,2142000,2142000,2142000.0,780543.39,149618.62,0.0,0.0,0.0,780543.39,0.0,0.0,2025,2,Ação Financeiro,2025,2
2924,5407,3001,1012,1484,835400,835400,835400.0,274740.0,2795.0,0.0,0.0,0.0,18010.36,0.0,0.0,2025,2,Ação Financeiro,2025,2
2925,4785,17034,1015,2087,7431870,7431870,7431870.0,2639265.89,477824.24,0.0,1900.6,5921.6,1341087.28,7822.2,7822.2,2025,2,Ação Financeiro,2025,2
2926,5122,15020,1015,2087,28463600,28463600,24363600.0,11791267.93,1315499.11,0.0,0.0,0.0,4572846.24,0.0,0.0,2025,2,Ação Financeiro,2025,2
2927,5205,15020,2174,2064,44770000,44770000,44770000.0,12866437.81,3019590.94,0.0,0.0,3469.56,4573267.5,3469.56,3469.56,2025,2,Ação Financeiro,2025,2
2928,5300,32013,2093,4023,3181470,3181470,3181470.0,0.0,0.0,0.0,0.0,0.0,0.0,0.0,0.0,2025,2,Ação Financeiro,2025,2
2929,5058,19014,2095,1196,15230000,15230000,12230000.0,4032482.99,6007.5,0.0,-9878.14,77322.32,14863.0,67444.18,67444.18,2025,2,Ação Financeiro,2025,2
2930,5141,29012,1280,2002,6890480,6890480,23866000.95,401549.02,20294.95,0.0,0.0,0.0,42179.11,0.0,0.0,2025,2,Ação Financeiro,2025,2
2931,5224,19001,2011,2485,0,0,0.0,0.0,0.0,0.0,-278400.0,278400.0,0.0,0.0,0.0,2025,2,Ação Financeiro,2025,2
2932,5153,15020,0,221,3750000,3750000,3750000.0,2819963.19,2819963.19,0.0,0.0,0.0,2819963.19,0.0,0.0,2025,2,Ação Financeiro,2025,2
2933,5236,15014,1015,2096,230085,230085,530085.0,255795.0,45904.0,0.0,0.0,0.0,81244.0,0.0,0.0,2025,2,Ação Financeiro,2025,2
2934,4868,11006,2000,2009,369000,369000,2083697.5,152196.41,40134.62,0.0,0.0,0.0,133393.71,0.0,0.0,2025,2,Ação Financeiro,2025,2
2935,5573,14001,2008,4163,1131670,1131670,1131670.0,100000.0,0.0,0.0,0.0,0.0,0.0,0.0,0.0,2025,2,Ação Financeiro,2025,2
2936,4951,17012,1015,1490,148808100,148808100,148808100.0,113504354.58,22462139.75,0.0,0.0,0.0,109600395.41,0.0,0.0,2025,2,Ação Financeiro,2025,2
2937,5502,16001,2158,4108,271447,271447,271447.0,69353.4,14918.81,0.0,0.0,0.0,69353.4,0.0,0.0,2025,2,Ação Financeiro,2025,2
2938,5585,19001,2179,2485,400000,400000,35369876.23,11205.0,3337.5,0.0,0.0,0.0,7787.5,0.0,0.0,2025,2,Ação Financeiro,2025,2
2939,4880,23001,1015,2096,100000,100000,183590.0,178173.0,0.0,0.0,0.0,0.0,22173.0,0.0,0.0,2025,2,Ação Financeiro,2025,2
2940,4963,15014,1015,2087,8537418,8537418,15011998.32,6688835.75,217155.01,0.0,0.0,44699.91,1796616.62,44699.91,44699.91,2025,2,Ação Financeiro,2025,2
2941,5597,15005,2182,4172,4,4,4.0,0.0,0.0,0.0,0.0,0.0,0.0,0.0,0.0,2025,2,Ação Financeiro,2025,2
2942,5046,23002,1015,2234,3192350,3192350,3192350.0,1206954.36,210692.74,0.0,0.0,0.0,1206954.36,0.0,0.0,2025,2,Ação Financeiro,2025,2
2943,5269,11025,0,221,4680000,4680000,4180000.0,2100000.0,363952.7,0.0,0.0,0.0,1707743.73,0.0,0.0,2025,2,Ação Financeiro,2025,2
2944,5435,11013,2000,4145,12471625,12471625,22526625.0,9743455.32,927863.16,0.0,0.0,0.0,5292079.64,0.0,0.0,2025,2,Ação Financeiro,2025,2
2945,5364,21001,2165,4076,8756094,8756094,8756094.0,0.0,0.0,0.0,0.0,0.0,0.0,0.0,0.0,2025,2,Ação Financeiro,2025,2
2946,4813,11033,2086,2567,1609000,1609000,1609000.0,298000.0,49296.0,0.0,0.0,0.0,195864.0,0.0,0.0,2025,2,Ação Financeiro,2025,2
2947,4742,14023,1000,2459,0,0,0.0,0.0,0.0,0.0,0.0,0.0,0.0,0.0,0.0,2025,2,Ação Financeiro,2025,2
2948,4825,23001,1015,2234,31709932,31709932,31709932.0,10817798.45,2184416.45,0.0,0.0,0.0,10817798.45,0.0,0.0,2025,2,Ação Financeiro,2025,2
2949,5162,16020,2134,4071,560000,560000,560000.0,194310.5,37878.5,0.0,0.0,0.0,194310.5,0.0,0.0,2025,2,Ação Financeiro,2025,2
2950,5091,23016,2116,2267,125701,125701,125701.0,11654.14,0.0,0.0,0.0,0.0,0.0,0.0,0.0,2025,2,Ação Financeiro,2025,2
2951,5257,15005,2182,4121,1182259,1182259,1182259.0,1182259.0,59605.91,0.0,0.0,0.0,973520.13,0.0,0.0,2025,2,Ação Financeiro,2025,2
2952,5098,11004,2108,2194,1197545,1197545,7023545.0,1375045.73,438768.62,0.0,0.0,51848.0,1154407.6,51848.0,51848.0,2025,2,Ação Financeiro,2025,2
2953,5110,30001,2145,2529,44600,44600,44600.0,14265.5,6083.0,0.0,0.0,0.0,7465.5,0.0,0.0,2025,2,Ação Financeiro,2025,2
2954,5276,15020,2174,4116,28822000,28822000,23822000.0,2903884.21,164576.79,0.0,-260586.61,284000.0,294661.24,23413.39,23413.39,2025,2,Ação Financeiro,2025,2
2955,4908,11016,2072,2654,389906,389906,2576189.53,251177.55,48406.96,0.0,0.0,0.0,161356.51,0.0,0.0,2025,2,Ação Financeiro,2025,2
2956,5459,11006,1015,2096,719000,719000,719000.0,164043.04,0.0,0.0,0.0,0.0,83642.88,0.0,0.0,2025,2,Ação Financeiro,2025,2
2957,5542,3001,2065,1192,12700000,12700000,12700000.0,8075000.0,386351.79,0.0,-392741.0,392741.0,1307904.76,0.0,0.0,2025,2,Ação Financeiro,2025,2
2958,5003,15001,1025,2435,292803888,292803888,292803888.0,138730755.17,28105059.52,0.0,0.0,0.0,138730755.17,0.0,0.0,2025,2,Ação Financeiro,2025,2
2959,5086,23001,2175,1348,5325801,5325801,5273001.2,0.0,0.0,0.0,0.0,0.0,0.0,0.0,0.0,2025,2,Ação Financeiro,2025,2
2960,5637,3011,1031,4168,0,0,3600000.0,1800000.0,0.0,0.0,0.0,0.0,0.0,0.0,0.0,2025,2,Ação Financeiro,2025,2
2961,5072,19017,2004,1087,17705746,17705746,7386732.66,4728621.6,90495.8,0.0,0.0,46000.0,199194.87,46000.0,46000.0,2025,2,Ação Financeiro,2025,2
2962,5155,11008,1015,2096,56000,56000,91000.0,65497.5,5319.0,0.0,0.0,0.0,15019.0,0.0,0.0,2025,2,Ação Financeiro,2025,2
2963,5238,17012,2084,1118,303000,303000,312000.0,93761.5,21093.0,0.0,0.0,0.0,59185.0,0.0,0.0,2025,2,Ação Financeiro,2025,2
2964,5250,13001,2178,4111,150000,150000,1193351.81,1085351.81,0.0,0.0,0.0,0.0,1085351.81,0.0,0.0,2025,2,Ação Financeiro,2025,2
2965,4699,19023,2096,2631,2000200,2000200,2000200.0,805265.1,221074.74,0.0,0.0,0.0,562335.59,0.0,0.0,2025,2,Ação Financeiro,2025,2
2966,5333,32001,1015,2087,3262051,3262051,3262051.0,1297427.48,363732.45,0.0,-25283.96,25283.96,870342.89,0.0,0.0,2025,2,Ação Financeiro,2025,2
2967,5516,14001,1015,4103,78200,78200,78200.0,0.0,0.0,0.0,0.0,0.0,0.0,0.0,0.0,2025,2,Ação Financeiro,2025,2
2968,4965,15014,2103,1275,7414000,7414000,13689505.82,234683.28,20678.37,0.0,2023146.67,985114.99,61632.29,3008261.66,3008261.66,2025,2,Ação Financeiro,2025,2
2969,5048,21001,2102,1001,7750000,7750000,7750000.0,4529231.87,1083917.18,0.0,0.0,0.0,1865528.79,0.0,0.0,2025,2,Ação Financeiro,2025,2
2970,5599,17033,1015,2087,1840955,1840955,1840955.0,458926.66,166937.07,0.0,0.0,0.0,368702.99,0.0,0.0,2025,2,Ação Financeiro,2025,2
2971,4977,16001,2156,1578,23357000,23357000,23357000.0,2276047.57,221111.4,0.0,-669681.82,1017341.76,338161.0,347659.94,347659.94,2025,2,Ação Financeiro,2025,2
2972,5143,29012,1280,2952,0,0,0.0,0.0,0.0,0.0,0.0,0.0,0.0,0.0,0.0,2025,2,Ação Financeiro,2025,2
2973,5523,32012,2094,2896,50000,50000,50000.0,0.0,0.0,0.0,0.0,0.0,0.0,0.0,0.0,2025,2,Ação Financeiro,2025,2
2974,5606,17033,2109,4092,550000,550000,550000.0,210524.3,29142.3,0.0,0.0,0.0,107588.3,0.0,0.0,2025,2,Ação Financeiro,2025,2
2975,4984,16001,2157,4040,3188010,3188010,3188010.0,1389465.38,42003.18,0.0,0.0,0.0,62250.68,0.0,0.0,2025,2,Ação Financeiro,2025,2
2976,5618,30011,1008,4164,2500,2500,152673.5,29994.5,0.0,0.0,0.0,0.0,0.0,0.0,0.0,2025,2,Ação Financeiro,2025,2
2977,5067,18013,2136,1466,704620,704620,704620.0,100105.62,13998.91,0.0,0.0,0.0,41688.01,0.0,0.0,2025,2,Ação Financeiro,2025,2
2978,4996,16001,2158,4046,1804507,1804507,1804507.0,171075.0,42052.5,0.0,0.0,0.0,50730.0,0.0,0.0,2025,2,Ação Financeiro,2025,2
2979,4711,19023,0,221,500000,500000,1000000.0,0.0,0.0,0.0,0.0,0.0,0.0,0.0,0.0,2025,2,Ação Financeiro,2025,2
2980,5416,16020,1015,4103,100000,100000,100000.0,0.0,0.0,0.0,0.0,0.0,0.0,0.0,0.0,2025,2,Ação Financeiro,2025,2
2981,4794,16001,1015,1490,20703365,20703365,30689174.0,7301437.65,1285590.6,0.0,0.0,0.0,7248475.42,0.0,0.0,2025,2,Ação Financeiro,2025,2
2982,5345,15017,2166,2279,2120236,2120236,2120236.0,0.0,0.0,0.0,0.0,0.0,0.0,0.0,0.0,2025,2,Ação Financeiro,2025,2
2983,5428,11006,2000,4145,1684134,1684134,2154134.0,87307.0,61187.5,0.0,0.0,0.0,69687.0,0.0,0.0,2025,2,Ação Financeiro,2025,2
2984,5511,31001,1015,2091,930196,930196,930196.0,268251.03,57338.92,0.0,0.0,0.0,268251.03,0.0,0.0,2025,2,Ação Financeiro,2025,2
2985,4806,18001,2153,1492,472366,472366,472366.0,259418.55,15250.56,0.0,0.0,30000.0,15250.56,30000.0,30000.0,2025,2,Ação Financeiro,2025,2
2986,5440,15006,2166,1381,1000,1000,1000.0,0.0,0.0,0.0,0.0,0.0,0.0,0.0,0.0,2025,2,Ação Financeiro,2025,2
2987,4889,14025,1019,2030,1192847143,1192847143,1192847143.0,412706265.42,88078034.09,0.0,0.0,0.0,412706265.42,0.0,0.0,2025,2,Ação Financeiro,2025,2
2988,4958,23001,2112,2010,2404230,2404230,3297029.8,1174101.39,470725.87,0.0,0.0,0.0,563939.81,0.0,0.0,2025,2,Ação Financeiro,2025,2
2989,5124,11033,1015,2091,35108,35108,35108.0,11160.0,2416.0,0.0,0.0,0.0,11160.0,0.0,0.0,2025,2,Ação Financeiro,2025,2
2990,5053,21001,2102,2950,500000,500000,500000.0,39000.0,21582.62,0.0,0.0,0.0,35504.65,0.0,0.0,2025,2,Ação Financeiro,2025,2
2991,4768,14023,1015,2234,38997068,38997068,39997068.0,12286550.74,2647381.18,0.0,0.0,0.0,12149852.29,0.0,0.0,2025,2,Ação Financeiro,2025,2
2992,5402,3011,1013,1627,0,0,0.0,0.0,0.0,0.0,0.0,1116977.0,0.0,1116977.0,1116977.0,2025,2,Ação Financeiro,2025,2
2993,4851,11003,1015,2234,90000000,90000000,90000000.0,32911345.83,6281203.38,0.0,0.0,0.0,32911345.83,0.0,0.0,2025,2,Ação Financeiro,2025,2
2994,5485,23011,2087,4068,1174000,1174000,98780.0,0.0,0.0,0.0,0.0,0.0,0.0,0.0,0.0,2025,2,Ação Financeiro,2025,2
2995,5568,23030,2164,1651,0,0,0.0,0.0,0.0,0.0,0.0,628378.04,0.0,628378.04,628378.04,2025,2,Ação Financeiro,2025,2
2996,4946,15001,2166,2237,23570593,23570593,23570593.0,13829818.85,2123569.25,0.0,0.0,0.0,6974719.83,0.0,0.0,2025,2,Ação Financeiro,2025,2
2997,5029,16001,2158,4058,250126,250126,282816.03,271746.83,0.0,0.0,0.0,0.0,0.0,0.0,0.0,2025,2,Ação Financeiro,2025,2
2998,5409,3011,1013,4077,7353500,7353500,7353500.0,1961872.01,79057.0,0.0,-4240122.0,4240122.0,826628.33,0.0,0.0,2025,2,Ação Financeiro,2025,2
2999,4704,19023,1015,2096,500000,500000,500000.0,249655.0,40401.8,0.0,0.0,0.0,184625.04,0.0,0.0,2025,2,Ação Financeiro,2025,2
3000,4787,17034,1015,2234,14276559,14276559,14276559.0,4730936.66,927689.92,0.0,0.0,0.0,4728743.78,0.0,0.0,2025,2,Ação Financeiro,2025,2
3001,5492,16001,2156,4109,40446245,40446245,35684323.12,12418281.31,2556053.85,0.0,0.0,0.0,12418281.31,0.0,0.0,2025,2,Ação Financeiro,2025,2
3002,4870,2001,1011,4073,38800000,38800000,40100000.0,17265538.76,3553094.69,0.0,0.0,0.0,17265538.76,0.0,0.0,2025,2,Ação Financeiro,2025,2
3003,5587,15005,2182,4169,130003,130003,130003.0,23110.17,0.0,0.0,0.0,0.0,12894.0,0.0,0.0,2025,2,Ação Financeiro,2025,2
3004,5219,15006,1015,2087,598705,598705,799781.9,342190.38,90355.65,0.0,0.0,0.0,262126.87,0.0,0.0,2025,2,Ação Financeiro,2025,2
3005,4680,2001,2147,2539,7083850,7083850,7008850.0,2058970.34,451236.96,0.0,0.0,0.0,1255445.34,0.0,0.0,2025,2,Ação Financeiro,2025,2
3006,5148,29001,1280,2976,19284897,19284897,15184897.0,4121308.05,475398.59,0.0,-21420.0,21420.0,1164408.08,0.0,0.0,2025,2,Ação Financeiro,2025,2
3007,5231,13006,1015,1490,1399736,1399736,1399736.0,387683.19,78238.99,0.0,0.0,0.0,387683.19,0.0,0.0,2025,2,Ação Financeiro,2025,2
3008,5314,14012,2139,1489,4545120,4545120,4545120.0,578317.95,0.0,0.0,0.0,0.0,0.0,0.0,0.0,2025,2,Ação Financeiro,2025,2
3009,4692,11009,1015,2087,17852719,17852719,21052719.0,13735792.17,3055772.32,0.0,2052.76,347.24,8078540.29,2400.0,2400.0,2025,2,Ação Financeiro,2025,2
3010,5326,17010,1015,2087,732764,732764,732764.0,151532.43,46259.82,0.0,0.0,0.0,151532.43,0.0,0.0,2025,2,Ação Financeiro,2025,2
3011,4761,11004,1015,2091,140000,140000,140000.0,42270.66,8702.0,0.0,0.0,0.0,42270.66,0.0,0.0,2025,2,Ação Financeiro,2025,2
3012,5549,32001,2094,1149,500000,500000,32142915.0,7737424.59,6004880.0,0.0,-103354.0,103354.0,7066795.22,0.0,0.0,2025,2,Ação Financeiro,2025,2
3013,4844,18011,2154,2601,1919730,1919730,2219730.0,2208855.0,369572.5,0.0,0.0,0.0,2097018.0,0.0,0.0,2025,2,Ação Financeiro,2025,2
3014,5478,11033,1015,4103,63000,63000,63000.0,15200.0,0.0,0.0,0.0,0.0,7390.86,0.0,0.0,2025,2,Ação Financeiro,2025,2
3015,4927,15001,1015,2148,111293628,111293628,112165770.48,42658974.1,8704829.91,0.0,0.0,0.0,42658974.1,0.0,0.0,2025,2,Ação Financeiro,2025,2
3016,5561,11033,2098,2583,0,0,0.0,568800.0,25800.0,0.0,0.0,0.0,196804.84,0.0,0.0,2025,2,Ação Financeiro,2025,2
3017,5022,16001,2158,4054,703668,703668,678823.8,225337.4,0.0,0.0,0.0,0.0,0.0,0.0,0.0,2025,2,Ação Financeiro,2025,2
3018,5288,11025,2179,2428,604000,604000,8182000.0,752955.27,1188.96,0.0,0.0,529500.0,102955.27,529500.0,529500.0,2025,2,Ação Financeiro,2025,2
3019,5371,3011,1018,4141,476200,476200,479400.0,239870.74,11080.74,0.0,0.0,0.0,107047.34,0.0,0.0,2025,2,Ação Financeiro,2025,2
3020,4666,1001,1006,2405,28836290,28836290,28836290.0,12158815.39,903362.0,0.0,0.0,0.0,6646211.82,0.0,0.0,2025,2,Ação Financeiro,2025,2
3021,4749,15001,1015,2087,4493304,4493304,4493304.0,2710351.08,399942.45,0.0,0.0,0.0,1381581.83,0.0,0.0,2025,2,Ação Financeiro,2025,2
3022,5454,16031,2090,2448,63000,63000,63000.0,13800.0,0.0,0.0,0.0,0.0,6240.0,0.0,0.0,2025,2,Ação Financeiro,2025,2
3023,4832,18011,2098,2026,699540,699540,699540.0,222438.1,52065.0,0.0,0.0,0.0,166529.1,0.0,0.0,2025,2,Ação Financeiro,2025,2
3024,5383,3001,1012,2482,934555674,934555674,934555674.0,523806925.7,69474246.29,0.0,0.0,0.0,335957064.23,0.0,0.0,2025,2,Ação Financeiro,2025,2
3025,5212,11023,1015,2234,4555575,4555575,4555575.0,1254844.89,294027.63,0.0,0.0,0.0,1254844.89,0.0,0.0,2025,2,Ação Financeiro,2025,2
3026,4673,1001,2126,2417,162110700,162110700,170410700.0,120758024.52,13561231.71,0.0,0.0,0.0,73068299.88,0.0,0.0,2025,2,Ação Financeiro,2025,2
3027,4756,16031,1015,2087,4027569,4027569,4027569.0,1841551.9,378893.33,0.0,0.0,9992.22,1206308.06,9992.22,9992.22,2025,2,Ação Financeiro,2025,2
3028,5390,31001,2119,2288,230000,230000,230000.0,126125.6,43801.1,0.0,1934.3,41620.8,107525.1,43555.1,43555.1,2025,2,Ação Financeiro,2025,2
3029,4685,2001,1010,2973,18508632,18508632,18508632.0,14391403.12,1139774.23,0.0,0.0,0.0,3733428.53,0.0,0.0,2025,2,Ação Financeiro,2025,2
3030,5473,15001,1015,4103,379297,379297,379297.0,70917.0,8349.0,0.0,0.0,0.0,34155.0,0.0,0.0,2025,2,Ação Financeiro,2025,2
3031,5034,16020,2134,2355,725360,725360,1660238.37,330212.78,31995.5,0.0,-320.0,49680.39,83741.97,49360.39,49360.39,2025,2,Ação Financeiro,2025,2
3032,5117,11033,1015,2087,295276,295276,236276.0,132798.83,6054.95,0.0,0.0,0.0,54085.76,0.0,0.0,2025,2,Ação Financeiro,2025,2
3033,5506,11023,1015,4103,90000,90000,90000.0,33500.0,4326.3,0.0,0.0,0.0,21305.86,0.0,0.0,2025,2,Ação Financeiro,2025,2
3034,4801,11020,1015,2096,1164000,1164000,1164000.0,415799.5,121756.15,0.0,0.0,0.0,240191.19,0.0,0.0,2025,2,Ação Financeiro,2025,2
3035,4884,16020,1015,2091,757120,757120,757120.0,279048.49,53016.97,0.0,0.0,0.0,279048.49,0.0,0.0,2025,2,Ação Financeiro,2025,2
3036,4967,13001,1015,2486,1000,1000,761000.0,250000.0,0.0,0.0,0.0,0.0,0.0,0.0,0.0,2025,2,Ação Financeiro,2025,2
3037,5518,16001,2157,1648,3431020,3431020,3431020.0,0.0,0.0,0.0,0.0,0.0,0.0,0.0,0.0,2025,2,Ação Financeiro,2025,2
3038,4896,17012,2069,4008,50000000,50000000,50000000.0,14587240.56,875518.69,0.0,-896247.25,944997.75,2666104.99,48750.5,48750.5,2025,2,Ação Financeiro,2025,2
3039,5601,17033,1015,2096,260000,260000,260000.0,130413.26,55623.31,0.0,0.0,0.0,78053.31,0.0,0.0,2025,2,Ação Financeiro,2025,2
3040,4979,16001,2157,1579,151667961,151667961,152403098.55,58685270.13,11294661.95,0.0,0.0,0.0,58685270.13,0.0,0.0,2025,2,Ação Financeiro,2025,2
3041,5245,19001,2011,2474,40000,40000,40000.0,0.0,0.0,0.0,0.0,0.0,0.0,0.0,0.0,2025,2,Ação Financeiro,2025,2
3042,4694,17032,1015,2087,8076942,8076942,8801942.0,6793908.7,1616175.14,0.0,0.0,0.0,4519879.87,0.0,0.0,2025,2,Ação Financeiro,2025,2
3043,4706,19023,1015,2087,18492500,18492500,17987700.0,6642636.4,974539.19,0.0,0.0,0.0,3926075.38,0.0,0.0,2025,2,Ação Financeiro,2025,2
3044,5411,15003,1015,4103,234300,234300,234300.0,14600.0,4554.0,0.0,0.0,0.0,14421.0,0.0,0.0,2025,2,Ação Financeiro,2025,2
3045,4789,11026,2012,2846,1492258,1492258,1492258.0,711345.49,67103.0,0.0,0.0,484.5,453455.96,484.5,484.5,2025,2,Ação Financeiro,2025,2
3046,4872,2001,1011,2543,3250000,3250000,3250000.0,907927.74,182627.63,0.0,0.0,0.0,907927.74,0.0,0.0,2025,2,Ação Financeiro,2025,2
3047,5335,32001,1015,2234,4373178,4373178,4373178.0,2026863.29,436957.01,0.0,0.0,0.0,2026863.29,0.0,0.0,2025,2,Ação Financeiro,2025,2
3048,5264,14011,2106,1386,88602728,88602728,88602728.0,48739900.7,3238571.44,0.0,-1570043.79,3287271.61,7963581.12,1717227.82,1717227.82,2025,2,Ação Financeiro,2025,2
3049,5430,3001,1014,4079,6778200,6778200,6753200.0,2544142.25,237794.7,0.0,0.0,0.0,1127193.5,0.0,0.0,2025,2,Ação Financeiro,2025,2
3050,4725,11009,2041,4547,1260846,1260846,1260846.0,0.0,0.0,0.0,0.0,0.0,0.0,0.0,0.0,2025,2,Ação Financeiro,2025,2
3051,5613,3011,2065,1652,0,0,7980000.0,0.0,0.0,0.0,0.0,0.0,0.0,0.0,0.0,2025,2,Ação Financeiro,2025,2
3052,4991,16001,2157,4043,5521966,5521966,9443071.82,5169966.0,213890.57,0.0,0.0,0.0,2003781.14,0.0,0.0,2025,2,Ação Financeiro,2025,2
3053,5074,18012,2080,2399,2350444,2350444,2350444.0,451681.07,88214.84,0.0,1897265.89,75460.91,222489.14,1972726.8,1972726.8,2025,2,Ação Financeiro,2025,2
3054,5157,16001,2176,4095,33415300,33415300,42900300.0,11000448.86,1832016.96,0.0,0.0,0.0,10999431.28,0.0,0.0,2025,2,Ação Financeiro,2025,2
3055,5169,16020,2134,2558,3807440,3807440,3807440.0,832536.49,179514.09,0.0,0.0,0.0,832536.49,0.0,0.0,2025,2,Ação Financeiro,2025,2
3056,5309,17013,2152,2507,1000,1000,1000.0,0.0,0.0,0.0,0.0,0.0,0.0,0.0,0.0,2025,2,Ação Financeiro,2025,2
3057,5392,3001,1012,2072,16521500,16521500,16521500.0,5789406.42,1143688.67,0.0,0.0,0.0,5577373.3,0.0,0.0,2025,2,Ação Financeiro,2025,2
3058,4687,2011,1220,2977,4237000,4237000,3537000.0,1550455.15,196756.46,0.0,0.0,0.0,556868.33,0.0,0.0,2025,2,Ação Financeiro,2025,2
3059,4770,11020,1015,2087,958458,958458,958458.0,640006.59,62937.52,0.0,0.0,0.0,314767.79,0.0,0.0,2025,2,Ação Financeiro,2025,2
3060,5404,13001,2184,4154,308864,308864,308864.0,113759.3,56341.2,0.0,0.0,0.0,113759.3,0.0,0.0,2025,2,Ação Financeiro,2025,2
3061,4782,18001,1015,2087,4034862,4034862,4034862.0,3575462.77,381652.38,0.0,2301.26,0.0,1758678.96,2301.26,2301.26,2025,2,Ação Financeiro,2025,2
3062,5487,17012,2189,4158,501000,501000,501000.0,81196.75,15352.5,0.0,0.0,0.0,28112.5,0.0,0.0,2025,2,Ação Financeiro,2025,2
3063,4865,11003,2155,2605,500,500,500.0,0.0,0.0,0.0,0.0,0.0,0.0,0.0,0.0,2025,2,Ação Financeiro,2025,2
3064,5214,11025,1015,2234,114786787,114786787,114786787.0,37294005.72,7287282.44,0.0,0.0,0.0,37249695.1,0.0,0.0,2025,2,Ação Financeiro,2025,2
3065,5055,21001,2102,2237,1500000,1500000,1500000.0,0.0,0.0,0.0,0.0,0.0,0.0,0.0,0.0,2025,2,Ação Financeiro,2025,2
3066,5138,21001,1015,1490,4000000,4000000,4000000.0,1235479.48,230679.85,0.0,0.0,0.0,1235479.48,0.0,0.0,2025,2,Ação Financeiro,2025,2
3067,5150,11022,1260,2330,230600,230600,230600.0,46858.5,16020.0,0.0,0.0,0.0,46858.5,0.0,0.0,2025,2,Ação Financeiro,2025,2
3068,5233,13006,2097,2096,100000,100000,100000.0,29410.0,0.0,0.0,0.0,0.0,29410.0,0.0,0.0,2025,2,Ação Financeiro,2025,2
3069,5316,31001,1015,2087,1992478,1992478,2158478.0,566413.5,87376.23,0.0,212.39,38240.23,261802.24,38452.62,38452.62,2025,2,Ação Financeiro,2025,2
3070,5499,16001,2158,4105,8404638,8404638,8404638.0,2411287.19,505445.15,0.0,0.0,0.0,2411287.19,0.0,0.0,2025,2,Ação Financeiro,2025,2
3071,4948,15001,2166,2279,1881126,1881126,2541294.88,616100.48,0.0,0.0,0.0,0.0,54400.48,0.0,0.0,2025,2,Ação Financeiro,2025,2
3072,5582,19001,2179,4167,39465428,39465428,39465428.0,70819.47,55879.47,0.0,0.0,0.0,62109.47,0.0,0.0,2025,2,Ação Financeiro,2025,2
3073,4877,11005,1015,2087,511418,511418,540559.56,300127.51,119051.39,0.0,0.0,0.0,238952.35,0.0,0.0,2025,2,Ação Financeiro,2025,2
3074,4960,23001,2112,2837,7520930,7520930,7540930.0,4197002.43,403208.76,0.0,0.0,0.0,3085917.01,0.0,0.0,2025,2,Ação Financeiro,2025,2
3075,5043,21001,1015,1449,2300000,2300000,2300000.0,949000.0,168432.07,0.0,0.0,0.0,590432.42,0.0,0.0,2025,2,Ação Financeiro,2025,2
3076,5594,11003,1015,2096,1640500,1640500,1640500.0,143000.0,0.0,0.0,0.0,0.0,143000.0,0.0,0.0,2025,2,Ação Financeiro,2025,2
3077,4972,16001,2156,1524,226406518,226406518,252692221.69,95129075.35,17507515.94,0.0,0.0,0.0,95129075.35,0.0,0.0,2025,2,Ação Financeiro,2025,2
3078,5112,30011,1008,1520,1112874,1112874,1548880.0,1059760.0,0.0,0.0,0.0,0.0,407600.0,0.0,0.0,2025,2,Ação Financeiro,2025,2
3079,5195,29001,1019,2854,69545980,69545980,69545980.0,44183873.96,4126239.66,0.0,0.0,0.0,31904074.02,0.0,0.0,2025,2,Ação Financeiro,2025,2
3080,5278,27001,2130,1640,100000,100000,100000.0,0.0,0.0,0.0,0.0,0.0,0.0,0.0,0.0,2025,2,Ação Financeiro,2025,2
3081,5207,23012,2168,2348,11602075,11602075,11602075.0,7636837.96,3285626.17,0.0,0.0,0.0,7636837.96,0.0,0.0,2025,2,Ação Financeiro,2025,2
3082,5290,27001,2183,1638,11300000,11300000,18257214.38,1754086.55,101125.67,0.0,-38656.06,46943.66,101125.67,8287.6,8287.6,2025,2,Ação Financeiro,2025,2
3083,4668,1001,1006,2408,3979692,3979692,3979692.0,3035174.96,646672.08,0.0,0.0,0.0,1469458.17,0.0,0.0,2025,2,Ação Financeiro,2025,2
3084,5373,3011,2065,1480,0,0,0.0,0.0,0.0,0.0,-25650.0,33344.32,0.0,7694.32,7694.32,2025,2,Ação Financeiro,2025,2
3085,5005,23001,2162,2073,20000,20000,7279689.0,284000.0,84000.0,0.0,0.0,0.0,84000.0,0.0,0.0,2025,2,Ação Financeiro,2025,2
3086,4934,15001,1015,2091,2333232,2333232,2333232.0,5005590.01,1317057.77,0.0,0.0,0.0,5005590.01,0.0,0.0,2025,2,Ação Financeiro,2025,2
3087,5017,16001,2158,1618,3196000,3196000,3196000.0,170519.23,6650.0,0.0,63481.46,771.03,6650.0,64252.49,64252.49,2025,2,Ação Financeiro,2025,2
3088,5651,11033,2023,2263,0,0,0.0,0.0,0.0,0.0,0.0,0.0,0.0,0.0,0.0,2025,2,Ação Financeiro,2025,2
3089,5100,30001,1007,2520,62950914,62950914,62950914.0,24126769.19,5679614.29,0.0,0.0,0.0,24126769.19,0.0,0.0,2025,2,Ação Financeiro,2025,2
3090,5563,19025,2004,1087,0,0,0.0,1505871.07,31418.42,0.0,0.0,0.0,72322.98,0.0,0.0,2025,2,Ação Financeiro,2025,2
3091,5646,15003,2166,2154,0,0,0.0,98083.32,0.0,0.0,0.0,0.0,13384.8,0.0,0.0,2025,2,Ação Financeiro,2025,2
3092,5024,16001,2158,1621,9600000,9600000,9189786.0,42373.95,0.0,0.0,0.0,0.0,42373.95,0.0,0.0,2025,2,Ação Financeiro,2025,2
3093,4953,17012,1015,2087,27537000,27537000,28647000.0,15053394.17,2377090.48,0.0,20707.43,65764.48,5709677.14,86471.91,86471.91,2025,2,Ação Financeiro,2025,2
3094,5036,17032,0,221,100000,100000,100000.0,28240.0,0.0,0.0,0.0,0.0,28240.0,0.0,0.0,2025,2,Ação Financeiro,2025,2
3095,5119,11033,1015,2234,2210778,2210778,2210778.0,917810.42,148970.42,0.0,0.0,0.0,760648.96,0.0,0.0,2025,2,Ação Financeiro,2025,2
3096,4751,19025,2024,4234,51254858,51254858,63202056.98,20662313.29,4089984.84,0.0,0.0,0.0,19372440.14,0.0,0.0,2025,2,Ação Financeiro,2025,2
3097,5302,11025,1015,4103,2064000,2064000,2064000.0,0.0,0.0,0.0,0.0,0.0,0.0,0.0,0.0,2025,2,Ação Financeiro,2025,2
3098,5385,15003,2166,2269,1397050,1397050,1883550.0,996147.97,176032.06,0.0,0.0,0.0,688046.54,0.0,0.0,2025,2,Ação Financeiro,2025,2
3099,5468,27001,1015,4103,1799989,1799989,1799989.0,0.0,0.0,0.0,0.0,0.0,0.0,0.0,0.0,2025,2,Ação Financeiro,2025,2
3100,4763,17032,1015,2234,31029081,31029081,31029081.0,9892316.01,1983631.9,0.0,0.0,0.0,9850509.38,0.0,0.0,2025,2,Ação Financeiro,2025,2
3101,5397,3001,1012,2456,0,0,0.0,0.0,0.0,0.0,0.0,0.0,0.0,0.0,0.0,2025,2,Ação Financeiro,2025,2
3102,4929,15001,1015,2150,54682811,54682811,54682811.0,18305770.03,3668381.55,0.0,0.0,0.0,18305770.03,0.0,0.0,2025,2,Ação Financeiro,2025,2
3103,5480,15011,2110,1487,1049500,1049500,1049500.0,59906.68,3512.88,0.0,0.0,413523.0,11351.68,413523.0,413523.0,2025,2,Ação Financeiro,2025,2
3104,4998,16001,2158,1582,3000000,3000000,3000000.0,0.0,0.0,0.0,0.0,0.0,0.0,0.0,0.0,2025,2,Ação Financeiro,2025,2
3105,5359,3011,1031,4135,5260200,5260200,5036200.0,2720975.0,408699.05,0.0,0.0,0.0,1503298.78,0.0,0.0,2025,2,Ação Financeiro,2025,2
3106,4808,18001,2153,2229,593700,593700,593700.0,58154.4,17738.3,0.0,0.0,0.0,58154.4,0.0,0.0,2025,2,Ação Financeiro,2025,2
3107,4891,23030,1015,2091,2329344,2329344,2329344.0,843278.07,189390.79,0.0,0.0,0.0,843278.07,0.0,0.0,2025,2,Ação Financeiro,2025,2
3108,5620,13001,2041,2497,550000,550000,550000.0,0.0,0.0,0.0,0.0,0.0,0.0,0.0,0.0,2025,2,Ação Financeiro,2025,2
3109,5366,21001,2165,1625,260000,260000,260000.0,0.0,0.0,0.0,0.0,0.0,0.0,0.0,0.0,2025,2,Ação Financeiro,2025,2
3110,4744,14023,0,221,450000,450000,450000.0,52234.91,29283.24,0.0,0.0,0.0,49306.44,0.0,0.0,2025,2,Ação Financeiro,2025,2
3111,5449,11013,2000,4149,4917415,4917415,6398415.0,1884302.3,307077.0,0.0,0.0,0.0,1197999.25,0.0,0.0,2025,2,Ação Financeiro,2025,2
3112,5378,3011,2065,1631,475000,475000,475000.0,0.0,0.0,0.0,0.0,0.0,0.0,0.0,0.0,2025,2,Ação Financeiro,2025,2
3113,5461,19023,1015,4103,475200,475200,495000.0,50000.0,6451.5,0.0,0.0,0.0,28056.5,0.0,0.0,2025,2,Ação Financeiro,2025,2
3114,4839,18001,2153,2580,1327910,1327910,1327910.0,42909.5,13449.1,0.0,139985.92,0.0,13449.1,139985.92,139985.92,2025,2,Ação Financeiro,2025,2
3115,4922,17032,2105,4031,1887378,1887378,1187378.0,0.0,0.0,0.0,0.0,0.0,0.0,0.0,0.0,2025,2,Ação Financeiro,2025,2
3116,5259,15005,2182,4122,5827450,5827450,7827450.0,7313425.15,2492076.97,0.0,0.0,0.0,4588254.92,0.0,0.0,2025,2,Ação Financeiro,2025,2
3117,5188,15020,2172,2276,24000000,24000000,22000000.0,12617591.52,1080263.7,0.0,0.0,0.0,5317682.08,0.0,0.0,2025,2,Ação Financeiro,2025,2
3118,5271,11025,1015,2087,7454028,7454028,10447846.0,3822579.74,584951.98,0.0,-22956.81,88395.05,2000133.48,65438.24,65438.24,2025,2,Ação Financeiro,2025,2
3119,5354,3011,2065,1632,9950000,9950000,9950000.0,0.0,0.0,0.0,0.0,0.0,0.0,0.0,0.0,2025,2,Ação Financeiro,2025,2
3120,5283,11005,1015,4000,10000,10000,10000.0,0.0,0.0,0.0,0.0,0.0,0.0,0.0,0.0,2025,2,Ação Financeiro,2025,2
3121,4955,17012,1015,2096,1001000,1001000,6001000.0,0.0,0.0,0.0,0.0,0.0,0.0,0.0,0.0,2025,2,Ação Financeiro,2025,2
3122,5038,14001,1015,2087,32848626,32848626,32848626.0,14135081.13,1891451.33,0.0,-18145.12,19799.57,6940323.39,1654.45,1654.45,2025,2,Ação Financeiro,2025,2
3123,5589,11003,0,14,700000,700000,700000.0,308723.64,56645.12,0.0,0.0,0.0,307723.64,0.0,0.0,2025,2,Ação Financeiro,2025,2
3124,5050,21001,2102,2818,3500000,3500000,3500000.0,2393927.96,469195.04,0.0,0.0,0.0,2393927.96,0.0,0.0,2025,2,Ação Financeiro,2025,2
3125,5216,11025,1015,1490,18856960,18856960,18856960.0,6022638.34,1184594.39,0.0,0.0,0.0,6022548.34,0.0,0.0,2025,2,Ação Financeiro,2025,2
3126,4777,11009,1015,2234,100000000,100000000,99525493.57,37654332.96,7313821.38,0.0,0.0,0.0,37654332.96,0.0,0.0,2025,2,Ação Financeiro,2025,2
3127,5482,15011,1015,2087,749214,749214,749214.0,4977.94,802.25,0.0,122648.66,4712.36,4177.94,127361.02,127361.02,2025,2,Ação Financeiro,2025,2
3128,5494,32001,1015,4103,250000,250000,250000.0,35000.0,6831.0,0.0,0.0,0.0,25304.08,0.0,0.0,2025,2,Ação Financeiro,2025,2
3129,4943,15001,2166,1475,21407500,21407500,23752361.86,687473.1,68464.64,0.0,0.0,744562.71,219461.16,744562.71,744562.71,2025,2,Ação Financeiro,2025,2
3130,4701,19023,2096,2515,253700,253700,253700.0,85709.2,5562.5,0.0,0.0,0.0,48282.5,0.0,0.0,2025,2,Ação Financeiro,2025,2
3131,5406,17012,2049,4542,0,0,0.0,0.0,0.0,0.0,0.0,0.0,0.0,0.0,0.0,2025,2,Ação Financeiro,2025,2
3132,4784,18001,1015,2234,48493792,48493792,48493792.0,15228452.96,3057994.05,0.0,0.0,0.0,15228452.96,0.0,0.0,2025,2,Ação Financeiro,2025,2
3133,5501,16001,2158,4107,985660,985660,985660.0,332681.8,68367.46,0.0,0.0,0.0,332681.8,0.0,0.0,2025,2,Ação Financeiro,2025,2
3134,4796,11009,2112,2011,9786362,9786362,9786362.0,5801911.32,1003309.64,0.0,0.0,0.0,3335057.17,0.0,0.0,2025,2,Ação Financeiro,2025,2
3135,5584,11010,1015,2989,500,500,500.0,0.0,0.0,0.0,0.0,0.0,0.0,0.0,0.0,2025,2,Ação Financeiro,2025,2
3136,4879,11005,1015,2234,14750000,14750000,14750000.0,5569654.18,1151323.85,0.0,0.0,0.0,5569654.18,0.0,0.0,2025,2,Ação Financeiro,2025,2
3137,4962,15014,1015,1490,955017,955017,956016.29,337165.9,46807.72,0.0,0.0,0.0,306689.05,0.0,0.0,2025,2,Ação Financeiro,2025,2
3138,5228,27001,2130,1497,44822222,44822222,52874156.28,16363512.72,7004247.43,0.0,2538523.1,1474389.9,11925154.31,4012913.0,4012913.0,2025,2,Ação Financeiro,2025,2
3139,5311,11025,2180,4113,100000,100000,100000.0,0.0,0.0,0.0,0.0,0.0,0.0,0.0,0.0,2025,2,Ação Financeiro,2025,2
3140,5240,17012,2084,4006,1000000,1000000,2002000.0,1154869.02,81985.38,0.0,0.0,0.0,238073.5,0.0,0.0,2025,2,Ação Financeiro,2025,2
3141,4772,11020,1015,2091,619213,619213,619213.0,108008.26,22198.27,0.0,0.0,0.0,108008.26,0.0,0.0,2025,2,Ação Financeiro,2025,2
3142,5323,18001,2154,2601,404000,404000,404000.0,0.0,0.0,0.0,0.0,0.0,0.0,0.0,0.0,2025,2,Ação Financeiro,2025,2
3143,4758,15001,1015,1490,6638347,6638347,6823803.26,2944403.34,595362.79,0.0,0.0,0.0,2944403.34,0.0,0.0,2025,2,Ação Financeiro,2025,2
3144,4841,18011,2154,2602,430745,430745,330745.0,68218.5,5117.5,0.0,0.0,0.0,68218.5,0.0,0.0,2025,2,Ação Financeiro,2025,2
3145,4924,17032,2105,2145,12537388,12537388,13812388.0,6423649.49,1151444.53,0.0,-5601.44,9673.2,4402937.15,4071.76,4071.76,2025,2,Ação Financeiro,2025,2
3146,5475,17012,1015,1519,100000,100000,100000.0,0.0,0.0,0.0,0.0,0.0,0.0,0.0,0.0,2025,2,Ação Financeiro,2025,2
3147,4853,11003,0,23,0,0,0.0,0.0,0.0,0.0,12991.87,0.0,0.0,12991.87,12991.87,2025,2,Ação Financeiro,2025,2
3148,5558,11006,1015,4103,65832,65832,65832.0,0.0,0.0,0.0,0.0,0.0,0.0,0.0,0.0,2025,2,Ação Financeiro,2025,2
3149,5641,15004,2192,4182,0,0,2396000.0,15000.0,0.0,0.0,0.0,0.0,0.0,0.0,0.0,2025,2,Ação Financeiro,2025,2
3150,4936,15001,1015,2414,440854,440854,440854.0,100280.51,19561.54,0.0,0.0,0.0,100280.51,0.0,0.0,2025,2,Ação Financeiro,2025,2
3151,5570,21011,1015,2087,0,0,0.0,129555.44,18114.8,0.0,0.0,0.0,62680.7,0.0,0.0,2025,2,Ação Financeiro,2025,2
3152,5019,19001,2101,2100,500000,500000,485000.0,71333.0,33775.5,0.0,0.0,0.0,59794.3,0.0,0.0,2025,2,Ação Financeiro,2025,2
3153,4734,14002,0,12,264964095,264964095,264964095.0,101466956.78,20397861.02,0.0,0.0,0.0,101466956.78,0.0,0.0,2025,2,Ação Financeiro,2025,2
3154,5285,11004,2108,4126,796924,796924,796924.0,173050.0,27140.31,0.0,0.0,0.0,112781.99,0.0,0.0,2025,2,Ação Financeiro,2025,2
3155,4663,1001,0,140,1716332,1716332,1716332.0,1161355.05,139098.56,0.0,0.0,0.0,688419.8,0.0,0.0,2025,2,Ação Financeiro,2025,2
3156,5368,21001,2165,1626,5130000,5130000,5130000.0,493771.37,0.0,0.0,333894.19,26062.54,0.0,359956.73,359956.73,2025,2,Ação Financeiro,2025,2
3157,4746,19023,2096,4234,83404106,83404106,83404106.0,28206871.48,5482175.05,0.0,0.0,0.0,28206871.48,0.0,0.0,2025,2,Ação Financeiro,2025,2
3158,4829,18001,2153,2578,330300,330300,330300.0,48042.8,18467.5,0.0,0.0,0.0,42720.0,0.0,0.0,2025,2,Ação Financeiro,2025,2
3159,5463,23030,1015,4103,96000,96000,96000.0,0.0,0.0,0.0,0.0,0.0,0.0,0.0,0.0,2025,2,Ação Financeiro,2025,2
3160,5292,11025,2180,1318,13089227,13089227,13089227.0,2685764.06,571496.66,0.0,0.0,345545.65,799410.63,345545.65,345545.65,2025,2,Ação Financeiro,2025,2
3161,4670,1001,1020,2418,164356010,164356010,165681010.0,100425236.51,12493918.03,0.0,0.0,0.0,59912120.58,0.0,0.0,2025,2,Ação Financeiro,2025,2
3162,5304,11010,1015,1519,1000,1000,1000.0,0.0,0.0,0.0,0.0,0.0,0.0,0.0,0.0,2025,2,Ação Financeiro,2025,2
3163,5387,23002,2188,4152,130626,130626,250626.0,133527.84,59185.0,0.0,0.0,0.0,82050.9,0.0,0.0,2025,2,Ação Financeiro,2025,2
3164,4682,2001,1010,1421,7140841,7140841,7140841.0,4806102.38,0.0,0.0,0.0,0.0,0.0,0.0,0.0,2025,2,Ação Financeiro,2025,2
3165,4765,17032,1015,2091,2286894,2286894,2286894.0,676769.45,139931.71,0.0,0.0,0.0,676019.45,0.0,0.0,2025,2,Ação Financeiro,2025,2
3166,5031,16001,2158,1623,3800000,3800000,3800000.0,7626.05,0.0,0.0,0.0,0.0,7626.05,0.0,0.0,2025,2,Ação Financeiro,2025,2
3167,5126,15020,1015,2234,138874624,138874624,138874624.0,66003474.98,8155453.69,0.0,0.0,0.0,41364625.9,0.0,0.0,2025,2,Ação Financeiro,2025,2
3168,4727,13001,1015,2087,3298109,3298109,3254757.19,1523240.88,225254.23,0.0,0.0,0.0,1104432.88,0.0,0.0,2025,2,Ação Financeiro,2025,2
3169,4810,21001,1015,2087,730000,730000,760000.0,624501.58,196376.66,0.0,0.0,0.0,507733.66,0.0,0.0,2025,2,Ação Financeiro,2025,2
3170,5361,3011,1017,2451,708000,708000,819771.0,206794.3,63251.49,0.0,0.0,28889.8,88212.5,28889.8,28889.8,2025,2,Ação Financeiro,2025,2
3171,4739,14023,1000,2096,4648000,4648000,4648000.0,1415198.4,315216.03,0.0,0.0,30000.0,830945.18,30000.0,30000.0,2025,2,Ação Financeiro,2025,2
3172,5444,11006,2187,4150,2000,2000,34519091.36,18082669.6,18082669.6,0.0,0.0,0.0,18082669.6,0.0,0.0,2025,2,Ação Financeiro,2025,2
3173,4822,19001,1015,2234,13169472,13169472,13169472.0,3874797.59,779089.25,0.0,0.0,0.0,3874797.59,0.0,0.0,2025,2,Ação Financeiro,2025,2
3174,5088,23012,2169,4085,3076743,3076743,3076743.0,2087821.46,445.0,0.0,0.0,0.0,4939.5,0.0,0.0,2025,2,Ação Financeiro,2025,2
3175,5171,15020,2002,2000,2900000,2900000,2900000.0,1175159.14,241902.0,0.0,-107659.95,107659.95,412350.64,0.0,0.0,2025,2,Ação Financeiro,2025,2
3176,5254,15005,2182,4119,0,0,0.0,0.0,0.0,0.0,0.0,0.0,0.0,0.0,0.0,2025,2,Ação Financeiro,2025,2
3177,5183,11023,2051,2191,400000,400000,400000.0,83000.0,12460.0,0.0,0.0,0.0,80990.0,0.0,0.0,2025,2,Ação Financeiro,2025,2
3178,5266,17012,2034,2117,1578000,1578000,1578000.0,497913.18,123549.59,0.0,0.0,0.0,364228.68,0.0,0.0,2025,2,Ação Financeiro,2025,2
3179,5178,27001,1015,1490,6692971,6692971,10696113.0,2500240.51,509282.84,0.0,0.0,0.0,2500240.51,0.0,0.0,2025,2,Ação Financeiro,2025,2
3180,5107,30001,2043,2526,121561,121561,526712.58,35717.0,35717.0,0.0,0.0,475200.0,35717.0,475200.0,475200.0,2025,2,Ação Financeiro,2025,2
3181,5190,29001,1280,1196,32791266,32791266,32791266.0,3239915.67,0.0,0.0,169311.97,1199011.96,0.0,1368323.93,1368323.93,2025,2,Ação Financeiro,2025,2
3182,5273,15020,2174,4117,22648926,22648926,22648926.0,8093672.93,0.0,0.0,0.0,0.0,68811.38,0.0,0.0,2025,2,Ação Financeiro,2025,2
3183,5456,11033,1015,1519,4992,4992,4992.0,0.0,0.0,0.0,0.0,0.0,0.0,0.0,0.0,2025,2,Ação Financeiro,2025,2
3184,4905,23030,2164,4075,829790,829790,829790.0,304876.18,11086.4,0.0,0.0,0.0,66078.78,0.0,0.0,2025,2,Ação Financeiro,2025,2
3185,4834,18011,2098,2280,1047100,1047100,1047100.0,243587.31,28608.14,0.0,0.0,0.0,168810.31,0.0,0.0,2025,2,Ação Financeiro,2025,2
3186,5622,29012,1280,4165,7237869,7237869,8807869.0,5276689.4,737559.03,0.0,0.0,0.0,1911735.55,0.0,0.0,2025,2,Ação Financeiro,2025,2
3187,4917,15003,2110,2387,648700,648700,648700.0,0.0,0.0,0.0,0.0,125547.52,0.0,125547.52,125547.52,2025,2,Ação Financeiro,2025,2
3188,5000,16001,2158,4048,104987663,104987663,106187973.0,38142235.52,8463407.02,0.0,0.0,0.0,38051999.04,0.0,0.0,2025,2,Ação Financeiro,2025,2
3189,5551,32001,2094,1157,300000,300000,200000.0,1960.0,0.0,0.0,0.0,0.0,0.0,0.0,0.0,2025,2,Ação Financeiro,2025,2
3190,5634,15004,2193,4177,100000,100000,6036107.29,5853703.15,0.0,0.0,-933.26,933.26,5853703.15,0.0,0.0,2025,2,Ação Financeiro,2025,2
3191,5012,11007,1015,2087,510000,510000,400000.0,246187.73,29922.56,0.0,0.0,83.45,67081.71,83.45,83.45,2025,2,Ação Financeiro,2025,2
3192,5152,15020,0,112,630000,630000,730000.0,249351.71,49992.24,0.0,0.0,0.0,215221.71,0.0,0.0,2025,2,Ação Financeiro,2025,2
3193,5235,17012,2084,4029,2363000,2363000,50450505.0,955742.72,0.0,0.0,53118.44,470.31,0.0,53588.75,53588.75,2025,2,Ação Financeiro,2025,2
3194,5164,16001,2176,4099,2700000,2700000,2700000.0,0.0,0.0,0.0,0.0,0.0,0.0,0.0,0.0,2025,2,Ação Financeiro,2025,2
3195,5247,15006,1015,2096,2205,2205,26128.1,16305.0,0.0,0.0,0.0,0.0,0.0,0.0,0.0,2025,2,Ação Financeiro,2025,2
3196,5513,17012,2189,4157,2269000,2269000,2269000.0,1117200.0,146580.38,0.0,0.0,0.0,372943.52,0.0,0.0,2025,2,Ação Financeiro,2025,2
3197,5596,15005,1015,4171,50001,50001,50001.0,0.0,0.0,0.0,0.0,0.0,0.0,0.0,0.0,2025,2,Ação Financeiro,2025,2
3198,4974,16001,2156,4035,1411851,1411851,1411851.0,121891.23,10012.5,0.0,0.0,0.0,19980.5,0.0,0.0,2025,2,Ação Financeiro,2025,2
3199,5608,17033,2109,4094,950000,950000,950000.0,216600.0,160300.0,0.0,0.0,0.0,216600.0,0.0,0.0,2025,2,Ação Financeiro,2025,2
3200,5140,29013,1001,2268,285000,285000,3785000.0,0.0,0.0,0.0,0.0,0.0,0.0,0.0,0.0,2025,2,Ação Financeiro,2025,2
3201,5069,14023,2173,4090,588900,588900,588900.0,158348.15,17756.81,0.0,0.0,93086.0,89626.63,93086.0,93086.0,2025,2,Ação Financeiro,2025,2
3202,5603,15014,1015,4103,30000,30000,66299.71,66299.71,5641.9,0.0,0.0,0.0,19876.01,0.0,0.0,2025,2,Ação Financeiro,2025,2
3203,4898,14025,1019,2546,3400000,3400000,4960000.0,1124478.01,677139.48,0.0,0.0,0.0,841013.57,0.0,0.0,2025,2,Ação Financeiro,2025,2
3204,5532,31010,2129,2427,0,0,6417820.76,2709828.02,102798.0,0.0,0.0,40903.26,102798.0,40903.26,40903.26,2025,2,Ação Financeiro,2025,2
3205,4981,16001,2157,4039,363938481,363938481,366091622.0,125648307.61,26634234.89,0.0,0.0,0.0,125608953.61,0.0,0.0,2025,2,Ação Financeiro,2025,2
3206,5615,3011,1018,4174,512200,512200,512200.0,340588.0,34733.79,0.0,0.0,0.0,185001.61,0.0,0.0,2025,2,Ação Financeiro,2025,2
3207,4993,13006,1015,1446,674520,674520,674520.0,200000.0,35040.0,0.0,0.0,0.0,120742.0,0.0,0.0,2025,2,Ação Financeiro,2025,2
3208,5076,15004,2103,1275,50000,50000,2925722.48,477500.0,0.0,0.0,0.0,0.0,0.0,0.0,0.0,2025,2,Ação Financeiro,2025,2
3209,5159,16001,2176,4096,3700000,3700000,3700000.0,1182215.85,155719.03,0.0,0.0,0.0,590235.8,0.0,0.0,2025,2,Ação Financeiro,2025,2
3210,5342,15017,2166,2176,1146348,1146348,1146348.0,40000.0,0.0,0.0,0.0,0.0,37185.0,0.0,0.0,2025,2,Ação Financeiro,2025,2
3211,4791,17034,2023,2496,621000,621000,621000.0,293905.36,36569.76,0.0,-792475.57,802258.75,191549.96,9783.18,9783.18,2025,2,Ação Financeiro,2025,2
3212,5425,11006,2000,4144,100000,100000,100000.0,0.0,0.0,0.0,0.0,0.0,0.0,0.0,0.0,2025,2,Ação Financeiro,2025,2
3213,4720,11009,2128,2172,20148691,20148691,20148691.0,16500000.0,2552969.7,0.0,-95298.13,356599.81,4289123.41,261301.68,261301.68,2025,2,Ação Financeiro,2025,2
3214,5508,17012,2034,4005,58302026,58302026,58302026.0,21237027.99,5206761.94,0.0,-337551.32,337551.32,19164464.72,0.0,0.0,2025,2,Ação Financeiro,2025,2
3215,4886,11026,1015,2091,160000,160000,160000.0,56049.8,11061.2,0.0,0.0,0.0,56049.8,0.0,0.0,2025,2,Ação Financeiro,2025,2
3216,5437,13001,2184,4153,100000,100000,100000.0,8331.6,0.0,0.0,0.0,0.0,8331.6,0.0,0.0,2025,2,Ação Financeiro,2025,2
3217,4815,11010,2085,4027,221500,221500,911894.0,168470.51,18709.77,0.0,0.0,192145.76,120047.72,192145.76,192145.76,2025,2,Ação Financeiro,2025,2
3218,5520,16001,2158,1649,487877,487877,487877.0,0.0,0.0,0.0,0.0,0.0,0.0,0.0,0.0,2025,2,Ação Financeiro,2025,2
3219,5192,29001,1280,2025,227799611,227799611,244849611.89,136542958.05,19762536.29,0.0,0.0,0.0,96259245.39,0.0,0.0,2025,2,Ação Financeiro,2025,2
3220,5204,19001,2011,1018,100000,100000,100000.0,0.0,0.0,0.0,0.0,0.0,0.0,0.0,0.0,2025,2,Ação Financeiro,2025,2
3221,5287,11005,1015,2096,51082,51082,63082.0,29155.0,25685.0,0.0,0.0,0.0,29155.0,0.0,0.0,2025,2,Ação Financeiro,2025,2
3222,4665,1001,1006,2253,1412200,1412200,1412200.0,546541.52,147580.87,0.0,0.0,0.0,396076.91,0.0,0.0,2025,2,Ação Financeiro,2025,2
3223,5553,32001,2093,1049,200000,200000,27605000.0,2093992.5,1193310.0,0.0,0.0,0.0,1302822.21,0.0,0.0,2025,2,Ação Financeiro,2025,2
3224,4931,15001,1015,2234,43542396,43542396,43542396.0,16886445.29,3331882.04,0.0,0.0,0.0,16886445.29,0.0,0.0,2025,2,Ação Financeiro,2025,2
3225,5014,16001,2158,4051,7563921,7563921,6533921.0,2518946.6,175785.0,0.0,0.0,0.0,980181.4,0.0,0.0,2025,2,Ação Financeiro,2025,2
3226,5648,17033,2023,2263,0,0,0.0,29477.32,29477.32,0.0,0.0,0.0,29477.32,0.0,0.0,2025,2,Ação Financeiro,2025,2
3227,5097,11007,2074,2285,5036845,5036845,6314799.95,6029523.82,238389.65,0.0,24715.11,154501.07,827563.58,179216.18,179216.18,2025,2,Ação Financeiro,2025,2
3228,5026,14001,1015,1498,5000,5000,5000.0,0.0,0.0,0.0,-2000.0,2000.0,0.0,0.0,0.0,2025,2,Ação Financeiro,2025,2
3229,5109,30001,2145,2527,200000,200000,200000.0,89362.0,17780.5,0.0,0.0,0.0,89362.0,0.0,0.0,2025,2,Ação Financeiro,2025,2
3230,5021,16001,2158,4053,2779365,2779365,3121016.8,2218403.8,338730.04,0.0,0.0,15208.37,760549.31,15208.37,15208.37,2025,2,Ação Financeiro,2025,2
3231,4950,11004,1015,2087,485710,485710,475710.0,136742.46,15238.26,0.0,-6514.54,6681.54,79666.74,167.0,167.0,2025,2,Ação Financeiro,2025,2
3232,5033,16020,2134,2354,1000000,1000000,1000000.0,33007.5,3604.66,0.0,0.0,0.0,10761.38,0.0,0.0,2025,2,Ação Financeiro,2025,2
3233,5116,30011,1009,2534,886271,886271,1831376.34,135488.71,29674.75,0.0,0.0,0.0,50481.9,0.0,0.0,2025,2,Ação Financeiro,2025,2
3234,5299,27001,1015,2096,242725,242725,242725.0,109714.0,77200.0,0.0,0.0,0.0,89764.0,0.0,0.0,2025,2,Ação Financeiro,2025,2
3235,4748,19025,2024,2019,11470651,11470651,17712224.0,5881058.57,882081.5,0.0,2.94,300744.34,2321878.78,300747.28,300747.28,2025,2,Ação Financeiro,2025,2
3236,5382,15003,2166,1527,1000,1000,1000.0,0.0,0.0,0.0,0.0,0.0,0.0,0.0,0.0,2025,2,Ação Financeiro,2025,2
3237,4760,11020,2148,2533,5607355,5607355,5607355.0,2446220.0,892553.14,0.0,0.0,0.0,2037209.45,0.0,0.0,2025,2,Ação Financeiro,2025,2
3238,4843,18011,2154,2603,387150,387150,187150.0,52732.5,38270.0,0.0,0.0,0.0,52732.5,0.0,0.0,2025,2,Ação Financeiro,2025,2
3239,5477,11005,2190,2361,25000,25000,25000.0,0.0,0.0,0.0,0.0,0.0,0.0,0.0,0.0,2025,2,Ação Financeiro,2025,2
3240,4995,16001,2158,4045,6983070,6983070,8071624.0,569006.79,137721.56,0.0,-54273.02,206272.95,262725.89,151999.93,151999.93,2025,2,Ação Financeiro,2025,2
3241,5629,23011,2087,4176,3000000,3000000,6409976.0,600000.0,0.0,0.0,0.0,0.0,0.0,0.0,0.0,2025,2,Ação Financeiro,2025,2
3242,5007,23001,2162,4066,3000000,3000000,3000000.0,1356618.32,260335.71,0.0,-388.5,1498.5,993669.71,1110.0,1110.0,2025,2,Ação Financeiro,2025,2
3243,5090,23012,2168,4086,316450,316450,316450.0,176816.64,70366.64,0.0,0.0,0.0,155526.64,0.0,0.0,2025,2,Ação Financeiro,2025,2
3244,5173,15020,2002,2272,2570000,2570000,2570000.0,621430.86,73926.5,0.0,0.0,0.0,307418.0,0.0,0.0,2025,2,Ação Financeiro,2025,2
3245,5356,21011,2167,4076,0,0,0.0,0.0,0.0,0.0,0.0,800000.0,0.0,800000.0,800000.0,2025,2,Ação Financeiro,2025,2
3246,4817,18001,2154,2594,485040,485040,485040.0,192231.96,0.0,0.0,0.0,0.0,0.0,0.0,0.0,2025,2,Ação Financeiro,2025,2
3247,5451,16031,2090,2219,67263,67263,67263.0,11828.15,0.0,0.0,0.0,0.0,0.0,0.0,0.0,2025,2,Ação Financeiro,2025,2
3248,4983,23012,2168,2510,471810,471810,471810.0,347370.64,14545.44,0.0,-1043.82,1043.82,112055.66,0.0,0.0,2025,2,Ação Financeiro,2025,2
3249,4912,15001,1015,2146,582447953,582447953,582677691.95,218701709.91,43971350.1,0.0,0.0,0.0,218701709.91,0.0,0.0,2025,2,Ação Financeiro,2025,2
3250,4741,14023,1000,2503,0,0,0.0,0.0,0.0,0.0,0.0,101000.0,0.0,101000.0,101000.0,2025,2,Ação Financeiro,2025,2
3251,5375,3011,1018,4142,522100,522100,532100.0,324800.0,29019.41,0.0,0.0,0.0,61589.59,0.0,0.0,2025,2,Ação Financeiro,2025,2
3252,4824,21001,1015,2091,29000000,29000000,29000000.0,8810673.95,1762648.57,0.0,0.0,0.0,8810673.95,0.0,0.0,2025,2,Ação Financeiro,2025,2
3253,5458,11006,1015,2091,600000,600000,600000.0,230821.44,46506.68,0.0,0.0,0.0,230821.44,0.0,0.0,2025,2,Ação Financeiro,2025,2
3254,4836,18011,2098,2589,219650,219650,219650.0,122406.08,5251.0,0.0,0.0,0.0,115732.35,0.0,0.0,2025,2,Ação Financeiro,2025,2
3255,4919,17032,1015,4000,300000,300000,0.0,0.0,0.0,0.0,0.0,0.0,0.0,0.0,0.0,2025,2,Ação Financeiro,2025,2
3256,5002,16001,2158,4050,131080,131080,131080.0,0.0,0.0,0.0,0.0,0.0,0.0,0.0,0.0,2025,2,Ação Financeiro,2025,2
3257,5470,16001,1015,4103,1351800,1351800,1351800.0,264132.0,17836.5,0.0,0.0,0.0,55786.5,0.0,0.0,2025,2,Ação Financeiro,2025,2
3258,5102,30001,1007,2525,6557066,6557066,6557066.0,2583674.57,578626.6,0.0,0.0,0.0,2582001.32,0.0,0.0,2025,2,Ação Financeiro,2025,2
3259,5185,15020,2170,4089,10648201,10648201,21648201.0,5509762.04,0.0,0.0,0.0,0.0,0.0,0.0,0.0,2025,2,Ação Financeiro,2025,2
3260,5268,11025,0,112,546000,546000,1173000.0,1039624.79,11197.39,0.0,0.0,0.0,1039624.79,0.0,0.0,2025,2,Ação Financeiro,2025,2
3261,5280,19001,2003,2033,1000000,1000000,677396.37,153776.63,79922.0,0.0,0.0,0.0,110357.63,0.0,0.0,2025,2,Ação Financeiro,2025,2
3262,4658,2001,0,163,100000,100000,100000.0,0.0,0.0,0.0,0.0,0.0,0.0,0.0,0.0,2025,2,Ação Financeiro,2025,2
3263,5363,3011,2065,1508,16100000,16100000,16100000.0,0.0,0.0,0.0,0.0,0.0,0.0,0.0,0.0,2025,2,Ação Financeiro,2025,2
3264,4798,16001,1015,2351,227103037,227103037,193740119.0,72865227.47,16299812.1,0.0,0.0,2213688.54,72837860.15,2213688.54,2213688.54,2025,2,Ação Financeiro,2025,2
3265,4881,11013,2000,2009,11008200,11008200,12471905.25,2515096.96,413755.28,0.0,0.0,3968.0,1652766.12,3968.0,3968.0,2025,2,Ação Financeiro,2025,2
3266,5515,3001,1019,2854,232577641,232577641,232577641.0,104604817.73,15368034.29,0.0,0.0,0.0,76222917.12,0.0,0.0,2025,2,Ação Financeiro,2025,2
3267,5598,17033,1015,1490,100,100,100.0,0.0,0.0,0.0,0.0,0.0,0.0,0.0,0.0,2025,2,Ação Financeiro,2025,2
3268,4893,23030,1015,2096,150000,150000,150000.0,26482.0,0.0,0.0,0.0,0.0,21892.0,0.0,0.0,2025,2,Ação Financeiro,2025,2
3269,4976,16001,2156,4037,196831513,196831513,202064569.6,133345515.89,26156579.57,0.0,0.0,30067.73,64442635.73,30067.73,30067.73,2025,2,Ação Financeiro,2025,2
3270,5610,15014,2103,2279,2681292,2681292,2681292.0,1595320.4,89637.33,0.0,0.0,0.0,328621.72,0.0,0.0,2025,2,Ação Financeiro,2025,2
3271,5059,19014,2095,2501,7060000,7060000,7060000.0,2097400.0,339850.0,0.0,0.0,0.0,1359400.0,0.0,0.0,2025,2,Ação Financeiro,2025,2
3272,5242,19001,2011,2021,1056000,1056000,1056000.0,194165.73,58602.43,0.0,-2096175.98,2836495.29,130987.73,740319.31,740319.31,2025,2,Ação Financeiro,2025,2
3273,4703,19023,2096,2516,800000,800000,800000.0,192394.5,35567.5,0.0,0.0,0.0,46187.5,0.0,0.0,2025,2,Ação Financeiro,2025,2
3274,4786,17034,1015,2091,935223,935223,935223.0,300888.4,61600.0,0.0,0.0,0.0,300888.4,0.0,0.0,2025,2,Ação Financeiro,2025,2
3275,5249,23011,2087,2197,2000000,2000000,43349912.42,5888101.49,240568.43,0.0,0.0,0.0,240568.43,0.0,0.0,2025,2,Ação Financeiro,2025,2
3276,5261,15005,2182,1637,1000000,1000000,1000000.0,219182.24,0.0,0.0,0.0,0.0,0.0,0.0,0.0,2025,2,Ação Financeiro,2025,2
3277,4710,19023,0,205,720000,720000,720000.0,345759.65,75549.18,0.0,0.0,0.0,265096.8,0.0,0.0,2025,2,Ação Financeiro,2025,2
3278,5344,15017,2166,2269,5366000,5366000,5366000.0,0.0,0.0,0.0,-94110.5,334217.29,0.0,240106.79,240106.79,2025,2,Ação Financeiro,2025,2
3279,5427,3001,1014,4080,208000,208000,208000.0,58000.0,5422.48,0.0,0.0,0.0,16974.72,0.0,0.0,2025,2,Ação Financeiro,2025,2
3280,4722,11009,2133,4546,2807222,2807222,3107222.0,911293.19,199856.39,0.0,0.0,0.0,686082.87,0.0,0.0,2025,2,Ação Financeiro,2025,2
3281,4805,23001,1015,2087,11308044,11308044,11254454.0,3869625.9,589581.16,0.0,-8459.52,240249.52,2089817.91,231790.0,231790.0,2025,2,Ação Financeiro,2025,2
3282,4988,23015,2117,2266,176028,176028,176028.0,15700.0,1557.5,0.0,0.0,0.0,1557.5,0.0,0.0,2025,2,Ação Financeiro,2025,2
3283,5071,21011,2102,1143,11283000,11283000,11283000.0,4680353.0,1196242.29,0.0,0.0,0.0,4680315.0,0.0,0.0,2025,2,Ação Financeiro,2025,2
3284,5154,15020,0,205,5400000,5400000,5400000.0,2500000.0,462167.31,0.0,0.0,0.0,1706942.91,0.0,0.0,2025,2,Ação Financeiro,2025,2
3285,5166,15020,1015,2281,59792000,59792000,59792000.0,32030416.32,4231141.53,0.0,0.0,0.0,17153033.24,0.0,0.0,2025,2,Ação Financeiro,2025,2
3286,5389,15001,2166,4125,4988732,4988732,5346732.0,2217314.86,437837.22,0.0,0.0,0.0,1322450.59,0.0,0.0,2025,2,Ação Financeiro,2025,2
3287,4684,2001,1010,1221,3632000,3632000,3632000.0,3390.82,0.0,0.0,0.0,23084.0,3390.82,23084.0,23084.0,2025,2,Ação Financeiro,2025,2
3288,4696,19025,0,112,216568,216568,216568.0,36463.81,10027.35,0.0,0.0,0.0,36463.81,0.0,0.0,2025,2,Ação Financeiro,2025,2
3289,5484,15011,2166,1527,350000,350000,350000.0,0.0,0.0,0.0,0.0,0.0,0.0,0.0,0.0,2025,2,Ação Financeiro,2025,2
3290,4779,11022,1015,2234,7866240,7866240,8280240.0,2931980.7,601501.81,0.0,0.0,0.0,2931980.7,0.0,0.0,2025,2,Ação Financeiro,2025,2
3291,5413,3001,1012,1486,1677800,1677800,1677800.0,780318.33,43586.67,0.0,0.0,0.0,253645.24,0.0,0.0,2025,2,Ação Financeiro,2025,2
3292,5045,21001,1015,2909,360000,360000,360000.0,80000.0,31781.56,0.0,0.0,0.0,48024.06,0.0,0.0,2025,2,Ação Financeiro,2025,2
3293,5211,27001,1015,2087,8047927,8047927,8047927.0,3531058.63,516378.81,0.0,89772.24,58321.64,1816432.69,148093.88,148093.88,2025,2,Ação Financeiro,2025,2
3294,5223,11023,2051,2345,200000,200000,200000.0,26500.0,6675.0,0.0,0.0,0.0,26255.0,0.0,0.0,2025,2,Ação Financeiro,2025,2
3295,4672,1001,2126,2416,2595000,2595000,2332000.0,235000.0,66000.0,0.0,0.0,0.0,105800.0,0.0,0.0,2025,2,Ação Financeiro,2025,2
3296,5306,11025,2057,1384,200000,200000,200000.0,0.0,0.0,0.0,0.0,0.0,0.0,0.0,0.0,2025,2,Ação Financeiro,2025,2
3297,5052,21001,2102,2893,30000000,30000000,30004594.46,29240593.41,5029214.14,0.0,0.0,0.0,18897254.11,0.0,0.0,2025,2,Ação Financeiro,2025,2
3298,5064,11008,1015,2091,338978,338978,338978.0,146789.92,30845.0,0.0,0.0,0.0,146789.92,0.0,0.0,2025,2,Ação Financeiro,2025,2
3299,5147,29001,1280,2002,55554716,55554716,43982716.0,22459260.41,2622673.29,0.0,-259.39,3345.43,7370774.14,3086.04,3086.04,2025,2,Ação Financeiro,2025,2
3300,5230,13006,1015,2087,3233833,3233833,3233833.0,794964.27,151383.44,0.0,367.4,15295.4,399217.85,15662.8,15662.8,2025,2,Ação Financeiro,2025,2
3301,5496,16031,1015,2091,84000,84000,84000.0,23368.42,5141.15,0.0,0.0,0.0,23368.42,0.0,0.0,2025,2,Ação Financeiro,2025,2
3302,4957,17012,1015,2476,3940000,3940000,3940000.0,0.0,0.0,0.0,0.0,0.0,0.0,0.0,0.0,2025,2,Ação Financeiro,2025,2
3303,5040,14001,1015,2091,3125757,3125757,3125757.0,910226.0,193337.87,0.0,0.0,0.0,910226.0,0.0,0.0,2025,2,Ação Financeiro,2025,2
3304,5591,23002,1015,2096,5000,5000,5000.0,0.0,0.0,0.0,0.0,0.0,0.0,0.0,0.0,2025,2,Ação Financeiro,2025,2
3305,4969,16001,1015,2398,4548359,4548359,4548359.0,233144.91,74458.32,0.0,45587.24,1112.0,95144.91,46699.24,46699.24,2025,2,Ação Financeiro,2025,2
3306,5358,3011,1031,1641,211100,211100,211100.0,50000.0,0.0,0.0,0.0,0.0,1100.22,0.0,0.0,2025,2,Ação Financeiro,2025,2
3307,5441,11006,2000,4146,100000,100000,100000.0,0.0,0.0,0.0,0.0,0.0,0.0,0.0,0.0,2025,2,Ação Financeiro,2025,2
3308,4736,14002,0,124,3473351,3473351,3473351.0,1688932.9,1688932.9,0.0,0.0,0.0,1688932.9,0.0,0.0,2025,2,Ação Financeiro,2025,2
3309,5453,16031,2090,2252,37000,37000,37000.0,5400.0,0.0,0.0,0.0,0.0,0.0,0.0,0.0,2025,2,Ação Financeiro,2025,2
3310,5085,19023,0,9999,100000,100000,100000.0,0.0,0.0,0.0,0.0,0.0,0.0,0.0,0.0,2025,2,Ação Financeiro,2025,2
3311,5168,16001,2176,4102,2249000,2249000,7226257.13,3154597.74,29647.16,0.0,-3552677.28,6091915.33,469974.29,2539238.05,2539238.05,2025,2,Ação Financeiro,2025,2
3312,5251,15005,2182,4118,7316495,7316495,12966495.0,8195571.9,1495751.61,0.0,-261637.22,398872.82,5994112.66,137235.6,137235.6,2025,2,Ação Financeiro,2025,2
3313,5643,15004,2192,4184,0,0,17604000.0,10938550.0,0.0,0.0,0.0,0.0,0.0,0.0,0.0,2025,2,Ação Financeiro,2025,2
3314,5092,11022,0,205,130000,130000,130000.0,77000.0,13868.33,0.0,0.0,0.0,56074.64,0.0,0.0,2025,2,Ação Financeiro,2025,2
3315,5104,14001,2007,1053,6208520,6208520,6208520.0,2100630.03,0.0,0.0,0.0,0.0,950000.0,0.0,0.0,2025,2,Ação Financeiro,2025,2
3316,5187,15020,2172,2290,1190000,1190000,1190000.0,550000.0,99902.5,0.0,0.0,0.0,271005.0,0.0,0.0,2025,2,Ação Financeiro,2025,2
3317,5270,17012,2034,4009,335870000,335870000,349930000.0,242685071.17,37351466.3,0.0,23906.15,2757726.35,104139270.78,2781632.5,2781632.5,2025,2,Ação Financeiro,2025,2
3318,4831,18011,1015,1490,4048314,4048314,4048314.0,1130721.05,199221.97,0.0,0.0,0.0,1052634.88,0.0,0.0,2025,2,Ação Financeiro,2025,2
3319,4914,15003,1015,2096,33900,33900,33900.0,0.0,0.0,0.0,0.0,0.0,0.0,0.0,0.0,2025,2,Ação Financeiro,2025,2
3320,5619,3001,1012,4175,460300,460300,460300.0,31412.9,3702.57,0.0,0.0,0.0,8013.46,0.0,0.0,2025,2,Ação Financeiro,2025,2
3321,4997,16001,2158,4047,34060920,34060920,28778428.93,16137954.08,641439.0,0.0,0.0,0.0,2146157.88,0.0,0.0,2025,2,Ação Financeiro,2025,2
3322,5548,32001,2094,1064,500000,500000,1699552.0,776907.0,218253.06,0.0,-408348.67,408348.67,679181.8,0.0,0.0,2025,2,Ação Financeiro,2025,2
3323,4926,15001,1015,2147,341073393,341073393,341073393.0,139808533.56,26460426.53,0.0,0.0,0.0,139808533.56,0.0,0.0,2025,2,Ação Financeiro,2025,2
3324,5009,23001,2162,4068,26000000,26000000,26000000.0,6805571.4,864121.28,0.0,-45960.09,163155.25,2442405.55,117195.16,117195.16,2025,2,Ação Financeiro,2025,2
3325,5232,13006,2097,1382,1000,1000,1000.0,0.0,0.0,0.0,0.0,0.0,0.0,0.0,0.0,2025,2,Ação Financeiro,2025,2
3326,5161,16001,2176,4097,3220000,3220000,3220000.0,1452000.0,54500.0,0.0,0.0,0.0,201000.0,0.0,0.0,2025,2,Ação Financeiro,2025,2
3327,5244,19001,2011,2340,3306000,3306000,3306000.0,2928941.94,13528.0,0.0,0.0,0.0,28435.5,0.0,0.0,2025,2,Ação Financeiro,2025,2
3328,5327,15017,2166,1276,14830000,14830000,14830000.0,0.0,0.0,0.0,-1276.94,154464.88,0.0,153187.94,153187.94,2025,2,Ação Financeiro,2025,2
3329,5593,11003,1015,1519,500,500,500.0,0.0,0.0,0.0,0.0,0.0,0.0,0.0,0.0,2025,2,Ação Financeiro,2025,2
3330,4888,17012,2069,2129,15000000,15000000,16480533.0,6793958.73,2833380.62,0.0,-16640.0,18640.0,3876614.22,2000.0,2000.0,2025,2,Ação Financeiro,2025,2
3331,4971,16001,1015,1005,2787224,2787224,3101814.0,853475.99,103071.84,0.0,0.0,0.0,442144.11,0.0,0.0,2025,2,Ação Financeiro,2025,2
3332,5605,17033,2070,1646,476782,476782,476782.0,0.0,0.0,0.0,0.0,0.0,0.0,0.0,0.0,2025,2,Ação Financeiro,2025,2
3333,5054,21001,2102,2953,43185278,43185278,43014005.12,21119209.17,3874566.65,0.0,0.0,208058.96,12596588.86,208058.96,208058.96,2025,2,Ação Financeiro,2025,2
3334,5066,13006,1015,2091,6055332,6055332,6055332.0,2368886.56,483055.28,0.0,0.0,0.0,2368886.56,0.0,0.0,2025,2,Ação Financeiro,2025,2
3335,4895,14025,0,206,2235000,2235000,2235000.0,27897.58,1130.2,0.0,0.0,0.0,27897.58,0.0,0.0,2025,2,Ação Financeiro,2025,2
3336,4978,16001,2156,4038,8907374,8907374,14136728.78,9868084.4,1040474.13,0.0,-5048948.99,5148948.99,3656948.26,100000.0,100000.0,2025,2,Ação Financeiro,2025,2
3337,5612,14025,0,25,641875376,641875376,641875376.0,0.0,0.0,0.0,0.0,0.0,0.0,0.0,0.0,2025,2,Ação Financeiro,2025,2
3338,4990,16001,2157,1580,23734127,23734127,23734127.0,604190.97,73897.46,0.0,-36375.09,1188008.56,276938.91,1151633.47,1151633.47,2025,2,Ação Financeiro,2025,2
3339,5073,21011,2102,2953,2152000,2152000,2152000.0,286772.54,65451.48,0.0,0.0,147002.79,256744.16,147002.79,147002.79,2025,2,Ação Financeiro,2025,2
3340,4717,11009,1015,2174,19822101,19822101,16322101.0,8255828.88,1823359.8,0.0,177825.91,15463.13,5654291.11,193289.04,193289.04,2025,2,Ação Financeiro,2025,2
3341,4800,19025,0,205,15000,15000,15000.0,6000.0,934.06,0.0,0.0,0.0,4106.47,0.0,0.0,2025,2,Ação Financeiro,2025,2
3342,5351,3011,2185,4137,1683000,1683000,1683000.0,1186800.0,181628.67,0.0,0.0,0.0,360751.64,0.0,0.0,2025,2,Ação Financeiro,2025,2
3343,5517,16001,2156,1647,2400890,2400890,2645623.1,224733.1,0.0,0.0,0.0,0.0,224733.1,0.0,0.0,2025,2,Ação Financeiro,2025,2
3344,4812,11033,2086,2561,123915,123915,123915.0,0.0,0.0,0.0,0.0,0.0,0.0,0.0,0.0,2025,2,Ação Financeiro,2025,2
3345,5600,17033,1015,2091,196615,196615,196615.0,81077.33,15522.0,0.0,0.0,0.0,81077.33,0.0,0.0,2025,2,Ação Financeiro,2025,2
3346,5035,11004,2108,1215,23821,23821,23821.0,0.0,0.0,0.0,0.0,0.0,0.0,0.0,0.0,2025,2,Ação Financeiro,2025,2
3347,5586,14001,2007,4168,841800,841800,841800.0,0.0,0.0,0.0,0.0,0.0,0.0,0.0,0.0,2025,2,Ação Financeiro,2025,2
3348,4964,23012,2168,2061,808494,808494,808494.0,292222.75,86254.87,0.0,1662.5,0.0,207184.76,1662.5,1662.5,2025,2,Ação Financeiro,2025,2
3349,5047,23002,1015,2091,115200,115200,115200.0,52232.33,9412.0,0.0,0.0,0.0,52232.33,0.0,0.0,2025,2,Ação Financeiro,2025,2
3350,5213,11023,1015,2091,1270453,1270453,1270453.0,368855.66,78987.66,0.0,0.0,0.0,368855.66,0.0,0.0,2025,2,Ação Financeiro,2025,2
3351,5479,15011,2110,2387,250000,250000,250000.0,0.0,0.0,0.0,0.0,0.0,0.0,0.0,0.0,2025,2,Ação Financeiro,2025,2
3352,4774,11020,1015,2234,24118996,24118996,24118996.0,5610481.43,1122152.09,0.0,0.0,0.0,5610481.43,0.0,0.0,2025,2,Ação Financeiro,2025,2
3353,4857,11006,1015,2087,3704136,3704136,3704136.0,1355004.29,222157.25,0.0,0.0,1332.8,780694.57,1332.8,1332.8,2025,2,Ação Financeiro,2025,2
3354,5491,16001,1015,2091,10797629,10797629,9797629.0,3360266.09,661667.88,0.0,0.0,0.0,3360266.09,0.0,0.0,2025,2,Ação Financeiro,2025,2
3355,4940,15001,2166,1276,62148,62148,112209.69,51686.75,40200.0,0.0,581932.0,7068.0,40200.0,589000.0,589000.0,2025,2,Ação Financeiro,2025,2
3356,4869,2001,1011,2101,141940000,141940000,141940000.0,56609967.67,10265244.26,0.0,0.0,0.0,56260812.03,0.0,0.0,2025,2,Ação Financeiro,2025,2
3357,4952,17012,1015,2064,8410000,8410000,8410000.0,2674217.84,197789.41,0.0,0.0,0.0,682498.36,0.0,0.0,2025,2,Ação Financeiro,2025,2
3358,5332,17010,2039,4014,0,0,0.0,0.0,0.0,0.0,0.0,0.0,0.0,0.0,0.0,2025,2,Ação Financeiro,2025,2
3359,4781,14023,1015,2087,6302239,6302239,6367239.0,1887696.47,404760.62,0.0,0.0,292000.0,1346316.01,292000.0,292000.0,2025,2,Ação Financeiro,2025,2
3360,5415,11004,1015,4103,36000,36000,42000.0,1500.0,1138.5,0.0,0.0,0.0,1138.5,0.0,0.0,2025,2,Ação Financeiro,2025,2
3361,4864,11003,2155,2604,500,500,500.0,0.0,0.0,0.0,0.0,0.0,0.0,0.0,0.0,2025,2,Ação Financeiro,2025,2
3362,4793,18001,1015,2091,1483296,1483296,1483296.0,490265.8,103537.14,0.0,0.0,0.0,490265.8,0.0,0.0,2025,2,Ação Financeiro,2025,2
3363,4959,23001,2112,2509,10427800,10427800,10427800.0,5190010.92,810000.0,0.0,-2326.32,2326.32,4118697.26,0.0,0.0,2025,2,Ação Financeiro,2025,2
3364,5510,31001,1015,2234,13642518,13642518,13642518.0,5083317.22,1023910.21,0.0,0.0,0.0,5083317.22,0.0,0.0,2025,2,Ação Financeiro,2025,2
3365,5142,29012,1280,2951,0,0,0.0,0.0,0.0,0.0,0.0,0.0,0.0,0.0,0.0,2025,2,Ação Financeiro,2025,2
3366,5308,17013,2152,1516,7383120,7383120,7383120.0,0.0,0.0,0.0,0.0,0.0,0.0,0.0,0.0,2025,2,Ação Financeiro,2025,2
3367,4686,2011,1220,2640,900000,900000,1600000.0,1164634.82,87757.0,0.0,0.0,0.0,358682.41,0.0,0.0,2025,2,Ação Financeiro,2025,2
3368,5237,17012,2070,1615,14458366,14458366,10245266.0,45110.0,0.0,0.0,-593232.07,2117951.15,0.0,1524719.08,1524719.08,2025,2,Ação Financeiro,2025,2
3369,5320,14001,1015,2096,426732,426732,426732.0,51600.0,19520.0,0.0,0.0,0.0,31520.0,0.0,0.0,2025,2,Ação Financeiro,2025,2
3370,5403,31001,2159,4063,400000,400000,400000.0,46901.1,0.0,0.0,0.0,3700.0,29587.55,3700.0,3700.0,2025,2,Ação Financeiro,2025,2
3371,4921,17032,2105,4030,1000000,1000000,0.0,0.0,0.0,0.0,0.0,0.0,0.0,0.0,0.0,2025,2,Ação Financeiro,2025,2
3372,5472,17012,1015,4155,800000,800000,800000.0,0.0,0.0,0.0,0.0,0.0,0.0,0.0,0.0,2025,2,Ação Financeiro,2025,2
3373,5555,31001,2119,2421,350000,350000,584000.0,15000.0,0.0,0.0,0.0,0.0,3426.5,0.0,0.0,2025,2,Ação Financeiro,2025,2
3374,4850,11003,1015,2091,5855410,5855410,5855410.0,2877611.82,578150.08,0.0,0.0,0.0,2877611.82,0.0,0.0,2025,2,Ação Financeiro,2025,2
3375,4933,15001,1015,2412,975564,975564,975564.0,362894.55,72096.92,0.0,0.0,0.0,362894.55,0.0,0.0,2025,2,Ação Financeiro,2025,2
3376,5016,18001,1015,2096,298340,298340,298340.0,68535.2,31348.2,0.0,0.0,0.0,52975.2,0.0,0.0,2025,2,Ação Financeiro,2025,2
3377,5282,11025,2106,1515,1100000,1100000,7100000.0,3194746.02,126113.0,0.0,0.0,0.0,474325.5,0.0,0.0,2025,2,Ação Financeiro,2025,2
3378,5365,15017,1015,4000,2472100,2472100,2472100.0,0.0,0.0,0.0,0.0,0.0,0.0,0.0,0.0,2025,2,Ação Financeiro,2025,2
3379,5294,27001,2183,2428,50000,50000,13194365.84,0.0,0.0,0.0,1043000.0,207000.0,0.0,1250000.0,1250000.0,2025,2,Ação Financeiro,2025,2
3380,4743,14023,0,205,4921030,4921030,20356030.0,4940526.37,1399583.09,0.0,0.0,0.0,4938791.28,0.0,0.0,2025,2,Ação Financeiro,2025,2
3381,4826,23001,1015,2091,9411684,9411684,9411684.0,2768096.0,582271.34,0.0,0.0,0.0,2768096.0,0.0,0.0,2025,2,Ação Financeiro,2025,2
3382,5460,11006,1015,2234,10000000,10000000,10000000.0,3713104.5,729096.79,0.0,0.0,0.0,3713104.5,0.0,0.0,2025,2,Ação Financeiro,2025,2
3383,4755,13001,0,9999,73331951,73331951,73331951.0,0.0,0.0,0.0,0.0,0.0,0.0,0.0,0.0,2025,2,Ação Financeiro,2025,2
3384,5289,27001,2183,2465,9243876,9243876,11743876.0,6781749.49,71713.28,0.0,0.0,0.0,747178.04,0.0,0.0,2025,2,Ação Financeiro,2025,2
3385,5218,15006,2166,1006,130250,130250,105250.0,35104.0,0.0,0.0,0.0,0.0,0.0,0.0,0.0,2025,2,Ação Financeiro,2025,2
3386,4667,1001,1006,2406,14873956,14873956,14813956.0,267000.0,0.0,0.0,0.0,46500.0,0.0,46500.0,46500.0,2025,2,Ação Financeiro,2025,2
3387,5301,23011,2087,1494,36660070,36660070,38380070.0,16044958.0,2292657.94,0.0,0.0,0.0,8876880.18,0.0,0.0,2025,2,Ação Financeiro,2025,2
3388,5384,31001,2138,4061,309000,309000,309000.0,28840.71,10297.33,0.0,-752.4,752.4,10992.71,0.0,0.0,2025,2,Ação Financeiro,2025,2
3389,4762,19001,1015,2091,679438,679438,679438.0,197173.23,41334.32,0.0,0.0,0.0,197173.23,0.0,0.0,2025,2,Ação Financeiro,2025,2
3390,4845,11003,1015,2087,10414700,10414700,10414700.0,4398342.35,487373.87,0.0,0.0,0.0,2627797.26,0.0,0.0,2025,2,Ação Financeiro,2025,2
3391,5313,11023,2177,1635,2100,2100,2100.0,0.0,0.0,0.0,0.0,0.0,0.0,0.0,0.0,2025,2,Ação Financeiro,2025,2
3392,5650,15005,2087,4176,0,0,0.0,1440000.0,0.0,0.0,0.0,0.0,0.0,0.0,0.0,2025,2,Ação Financeiro,2025,2
3393,4945,15001,1015,2096,750000,750000,1418088.72,594154.5,114447.04,0.0,0.0,0.0,482375.2,0.0,0.0,2025,2,Ação Financeiro,2025,2
3394,5028,16001,2158,4057,652919,652919,1424372.47,1344712.47,137999.77,0.0,0.0,2521.32,454999.56,2521.32,2521.32,2025,2,Ação Financeiro,2025,2
3395,5111,30011,1008,2530,1564124,1564124,1954124.0,986486.42,270934.64,0.0,0.0,0.0,620754.44,0.0,0.0,2025,2,Ação Financeiro,2025,2
3396,5206,11023,1015,2087,3109066,3109066,3648595.64,775608.09,124821.32,0.0,21966.0,0.0,454608.86,21966.0,21966.0,2025,2,Ação Financeiro,2025,2
3397,4878,11005,1015,2091,320867,320867,320867.0,69726.68,14930.13,0.0,0.0,0.0,69726.68,0.0,0.0,2025,2,Ação Financeiro,2025,2
3398,5429,11013,2000,4148,1234279,1234279,1234279.0,163333.31,23333.33,0.0,0.0,0.0,93333.32,0.0,0.0,2025,2,Ação Financeiro,2025,2
3399,4807,18001,2153,2164,640072,640072,640072.0,49879.0,0.0,0.0,0.0,0.0,0.0,0.0,0.0,2025,2,Ação Financeiro,2025,2
3400,5595,31001,1015,2096,64000,64000,64000.0,0.0,0.0,0.0,0.0,0.0,0.0,0.0,0.0,2025,2,Ação Financeiro,2025,2
3401,4890,23030,1015,2087,2548800,2548800,2688925.37,1314968.07,267615.81,0.0,0.0,0.0,846014.66,0.0,0.0,2025,2,Ação Financeiro,2025,2
3402,5524,32001,2094,4127,300000,300000,400000.0,350000.0,348983.54,0.0,0.0,0.0,348983.54,0.0,0.0,2025,2,Ação Financeiro,2025,2
3403,4973,16001,2156,4034,553454741,553454741,566059741.0,183020476.64,37164061.3,0.0,0.0,723571.16,182770287.14,723571.16,723571.16,2025,2,Ação Financeiro,2025,2
3404,5607,17033,2109,4093,700000,700000,800000.0,212774.7,17855.2,0.0,0.0,0.0,64796.0,0.0,0.0,2025,2,Ação Financeiro,2025,2
3405,4700,19023,2096,2634,704050,704050,704050.0,261599.3,63526.22,0.0,0.0,0.0,199060.0,0.0,0.0,2025,2,Ação Financeiro,2025,2
3406,5334,32001,1015,2091,200000,200000,200000.0,117184.52,25897.33,0.0,0.0,0.0,117184.52,0.0,0.0,2025,2,Ação Financeiro,2025,2
3407,4783,16001,1015,2087,58879997,58879997,62870080.83,59733386.16,3547509.54,0.0,120860.39,75745.01,13340793.75,196605.4,196605.4,2025,2,Ação Financeiro,2025,2
3408,4795,16001,1015,2096,3619560,3619560,3897077.0,2923382.37,495596.8,0.0,0.0,0.0,959514.77,0.0,0.0,2025,2,Ação Financeiro,2025,2
3409,5500,16001,2158,4106,2544447,2544447,2544447.0,654204.59,253768.69,0.0,0.0,0.0,654204.59,0.0,0.0,2025,2,Ação Financeiro,2025,2
3410,5175,15020,1015,2096,4118500,4118500,4118500.0,2074563.86,251103.92,0.0,-95300.0,95300.0,1063838.2,0.0,0.0,2025,2,Ação Financeiro,2025,2
3411,5258,15005,1015,2087,6620910,6620910,6620910.0,2400035.3,404188.7,0.0,2091.6,117655.64,1552069.21,119747.24,119747.24,2025,2,Ação Financeiro,2025,2
3412,4707,19023,1015,1490,2785125,2785125,3585125.0,1222711.68,296679.69,0.0,0.0,0.0,1222711.68,0.0,0.0,2025,2,Ação Financeiro,2025,2
3413,5341,15017,2166,1381,2510000,2510000,2510000.0,0.0,0.0,0.0,279122.65,288459.69,0.0,567582.34,567582.34,2025,2,Ação Financeiro,2025,2
3414,4719,14023,1000,2064,7874100,7874100,7874100.0,2551981.44,172005.82,0.0,-573336.08,573336.08,1414640.58,0.0,0.0,2025,2,Ação Financeiro,2025,2
3415,4802,19023,1015,2234,55512072,55512072,54712072.0,23412540.99,5359263.08,0.0,0.0,0.0,22785056.31,0.0,0.0,2025,2,Ação Financeiro,2025,2
3416,5353,3011,2065,1509,14100000,14100000,14100000.0,0.0,0.0,0.0,0.0,0.0,0.0,0.0,0.0,2025,2,Ação Financeiro,2025,2
3417,4985,16001,2157,4041,152701728,152701728,152701728.0,68202617.94,19931813.93,0.0,-18296.11,7164973.4,29708337.25,7146677.29,7146677.29,2025,2,Ação Financeiro,2025,2
3418,5151,11007,2074,2283,1669660,1669660,2301705.05,2301126.05,0.0,0.0,0.0,0.0,183940.0,0.0,0.0,2025,2,Ação Financeiro,2025,2
3419,5080,23012,2169,4084,4215943,4215943,4215943.0,1632300.0,532800.0,0.0,927160.0,0.0,1332100.0,927160.0,927160.0,2025,2,Ação Financeiro,2025,2
3420,5163,16001,2176,4098,3000000,3000000,3000000.0,0.0,0.0,0.0,0.0,3750.0,0.0,3750.0,3750.0,2025,2,Ação Financeiro,2025,2
3421,5246,19001,2055,2388,1081367,1081367,1081367.0,46990.28,3426.5,0.0,0.0,574929.17,25009.0,574929.17,574929.17,2025,2,Ação Financeiro,2025,2
3422,4681,2001,2147,2523,150000,150000,225000.0,200000.0,0.0,0.0,0.0,0.0,200000.0,0.0,0.0,2025,2,Ação Financeiro,2025,2
3423,4764,11020,2148,2536,1036632,1036632,1036632.0,15600.0,0.0,0.0,0.0,0.0,0.0,0.0,0.0,2025,2,Ação Financeiro,2025,2
3424,5315,14012,2139,2488,18141202,18141202,18141202.0,4360797.06,585458.7,0.0,344014.48,174359.9,1217890.86,518374.38,518374.38,2025,2,Ação Financeiro,2025,2
3425,5481,11006,2142,1505,827908,827908,827908.0,41777.15,0.0,0.0,0.0,0.0,28900.0,0.0,0.0,2025,2,Ação Financeiro,2025,2
3426,4776,11007,1015,2234,20983287,20983287,20983287.0,7093414.99,1298187.79,0.0,0.0,0.0,7093414.99,0.0,0.0,2025,2,Ação Financeiro,2025,2
3427,5410,31001,2138,4060,291000,291000,291000.0,42464.5,801.0,0.0,0.0,0.0,38706.5,0.0,0.0,2025,2,Ação Financeiro,2025,2
3428,4859,11006,2072,2661,452000,452000,452000.0,130157.1,6344.58,0.0,0.0,0.0,108185.8,0.0,0.0,2025,2,Ação Financeiro,2025,2
3429,5137,19001,2003,2023,9543827,9543827,23197430.63,17546554.35,735772.1,0.0,0.0,0.0,963726.38,0.0,0.0,2025,2,Ação Financeiro,2025,2
3430,5220,15006,2166,2154,874390,874390,874390.0,355057.4,28362.63,0.0,0.0,0.0,225659.17,0.0,0.0,2025,2,Ação Financeiro,2025,2
3431,5303,11025,2057,4112,100000,100000,100000.0,0.0,0.0,0.0,0.0,0.0,0.0,0.0,0.0,2025,2,Ação Financeiro,2025,2
3432,5144,29012,1280,2976,5582651,5582651,28460468.04,13848429.16,4232461.7,0.0,0.0,731561.0,4676390.5,731561.0,731561.0,2025,2,Ação Financeiro,2025,2
3433,5227,13006,0,15,5644812,5644812,5644812.0,2577278.31,510150.39,0.0,0.0,0.0,2577278.31,0.0,0.0,2025,2,Ação Financeiro,2025,2
3434,4688,2001,2146,2538,7128791,7128791,5828791.0,5389735.0,458574.69,0.0,0.0,0.0,458574.69,0.0,0.0,2025,2,Ação Financeiro,2025,2
3435,5156,16020,2134,2460,9291445,9291445,9336595.0,3228474.91,516327.83,0.0,0.0,207400.0,1483895.98,207400.0,207400.0,2025,2,Ação Financeiro,2025,2
3436,5493,16001,2157,4104,23911218,23911218,17911218.0,8076458.62,1679194.68,0.0,0.0,0.0,8076458.62,0.0,0.0,2025,2,Ação Financeiro,2025,2
3437,4871,2001,1011,2542,1330000,1330000,1330000.0,455819.59,21892.59,0.0,0.0,0.0,34979.59,0.0,0.0,2025,2,Ação Financeiro,2025,2
3438,4954,17012,1015,2091,33865000,33865000,33865000.0,13186717.39,2697935.03,0.0,0.0,0.0,13186717.39,0.0,0.0,2025,2,Ação Financeiro,2025,2
3439,5588,11003,0,13,300000,300000,300000.0,1232.33,251.27,0.0,0.0,0.0,1232.33,0.0,0.0,2025,2,Ação Financeiro,2025,2
3440,4966,15014,2103,1276,5607449,5607449,5618372.17,74705.4,74705.4,0.0,-184504.06,636694.06,74705.4,452190.0,452190.0,2025,2,Ação Financeiro,2025,2
3441,5049,21001,2102,2250,600000,600000,820000.0,2837.0,0.0,0.0,0.0,0.0,2837.0,0.0,0.0,2025,2,Ação Financeiro,2025,2
3442,5189,15020,2172,2618,2200000,2200000,2200000.0,857423.01,154993.5,0.0,0.0,0.0,620942.94,0.0,0.0,2025,2,Ação Financeiro,2025,2
3443,5118,30011,1009,2535,2745350,2745350,7986154.21,1450746.74,78553.46,0.0,-210500.0,1675700.0,573944.74,1465200.0,1465200.0,2025,2,Ação Financeiro,2025,2
3444,5201,11008,2058,2570,2625,2625,2625.0,0.0,0.0,0.0,0.0,0.0,0.0,0.0,0.0,2025,2,Ação Financeiro,2025,2
3445,5284,11025,2179,2350,9994118,9994118,9994118.0,0.0,0.0,0.0,0.0,0.0,0.0,0.0,0.0,2025,2,Ação Financeiro,2025,2
3446,4662,1001,0,95,25000000,25000000,14490000.0,0.0,0.0,0.0,0.0,0.0,0.0,0.0,0.0,2025,2,Ação Financeiro,2025,2
3447,5296,21011,1015,4103,0,0,0.0,5656030.02,721828.84,0.0,0.0,0.0,2770687.46,0.0,0.0,2025,2,Ação Financeiro,2025,2
3448,4928,15001,1015,2149,7668168,7668168,7668168.0,3232628.96,631900.65,0.0,0.0,0.0,3232628.96,0.0,0.0,2025,2,Ação Financeiro,2025,2
3449,5011,11007,1015,1490,1800000,1800000,0.0,0.0,0.0,0.0,0.0,0.0,0.0,0.0,0.0,2025,2,Ação Financeiro,2025,2
3450,5023,16001,2158,4055,3489474,3489474,3427280.17,696307.36,4260.0,0.0,0.0,0.0,187492.0,0.0,0.0,2025,2,Ação Financeiro,2025,2
3451,5106,30001,2043,2528,20389323,20389323,18972140.0,10003230.41,738010.58,0.0,0.0,0.0,2831364.04,0.0,0.0,2025,2,Ação Financeiro,2025,2
3452,5486,11005,2190,4159,25000,25000,25000.0,0.0,0.0,0.0,0.0,0.0,0.0,0.0,0.0,2025,2,Ação Financeiro,2025,2
3453,4935,19001,1015,2087,4250000,4250000,4220500.0,2247700.49,301722.37,0.0,0.0,1035.0,1013848.85,1035.0,1035.0,2025,2,Ação Financeiro,2025,2
3454,5569,19025,2024,4162,9279192,9279192,4079192.0,0.0,0.0,0.0,0.0,0.0,0.0,0.0,0.0,2025,2,Ação Financeiro,2025,2
3455,4947,15001,2166,2249,13687547,13687547,10780799.54,454072.94,0.0,0.0,0.0,0.0,0.0,0.0,0.0,2025,2,Ação Financeiro,2025,2
3456,5030,16001,2158,4059,689692,689692,690192.0,110968.0,0.0,0.0,0.0,0.0,38542.0,0.0,0.0,2025,2,Ação Financeiro,2025,2
3457,5581,13001,0,261,2,2,11602202.0,7943200.0,7943200.0,0.0,0.0,0.0,7943200.0,0.0,0.0,2025,2,Ação Financeiro,2025,2
3458,5113,30011,1009,2531,3265800,3265800,7448857.64,1928639.48,282018.87,0.0,0.0,0.0,890511.63,0.0,0.0,2025,2,Ação Financeiro,2025,2
3459,5379,3011,1018,4140,152800,152800,152800.0,42000.0,0.0,0.0,0.0,0.0,0.0,0.0,0.0,2025,2,Ação Financeiro,2025,2
3460,4674,1001,2126,2665,29965148,29965148,29788148.0,5556888.69,510278.98,0.0,2522.0,2017.5,510278.98,4539.5,4539.5,2025,2,Ação Financeiro,2025,2
3461,4757,13001,1015,2064,4420341,4420341,3420341.0,120394.74,87566.36,0.0,0.0,0.0,117894.74,0.0,0.0,2025,2,Ação Financeiro,2025,2
3462,5462,11009,1015,4103,642816,642816,642816.0,0.0,0.0,0.0,0.0,0.0,0.0,0.0,0.0,2025,2,Ação Financeiro,2025,2
3463,5391,15001,1015,1446,8495255,8495255,8649431.0,4730458.03,805353.9,0.0,0.0,0.0,3493935.53,0.0,0.0,2025,2,Ação Financeiro,2025,2
3464,5474,11005,2190,2359,77500,77500,36358.44,0.0,0.0,0.0,0.0,0.0,0.0,0.0,0.0,2025,2,Ação Financeiro,2025,2
3465,4769,11007,1015,2091,619213,619213,619213.0,234280.47,43790.82,0.0,0.0,0.0,234280.47,0.0,0.0,2025,2,Ação Financeiro,2025,2
3466,5557,31001,2160,4064,270000,270000,270000.0,56495.0,0.0,0.0,0.0,0.0,44277.5,0.0,0.0,2025,2,Ação Financeiro,2025,2
3467,5004,15001,1025,2437,28542932,28542932,28542932.0,11227745.89,2258560.42,0.0,0.0,0.0,11227745.89,0.0,0.0,2025,2,Ação Financeiro,2025,2
3468,5087,23001,2175,4069,70477780,70477780,70781880.0,581821.26,32603.3,0.0,8.47,23716.57,52227.8,23725.04,23725.04,2025,2,Ação Financeiro,2025,2
3469,5170,15020,1015,2282,5400000,5400000,5400000.0,4287803.17,208733.4,0.0,0.0,0.0,753935.39,0.0,0.0,2025,2,Ação Financeiro,2025,2
3470,5099,30001,1007,2517,73533734,73533734,74950917.0,33385554.72,7994858.05,0.0,0.0,0.0,33385554.72,0.0,0.0,2025,2,Ação Financeiro,2025,2
3471,5436,11013,2000,4146,4270000,4270000,4270000.0,2292643.1,846265.61,0.0,0.0,0.0,1010945.53,0.0,0.0,2025,2,Ação Financeiro,2025,2
3472,4731,16020,1015,2234,3524287,3524287,3524287.0,1141251.98,251888.39,0.0,0.0,0.0,1069627.11,0.0,0.0,2025,2,Ação Financeiro,2025,2
3473,5519,16001,2158,1650,880213,880213,880213.0,0.0,0.0,0.0,0.0,0.0,0.0,0.0,0.0,2025,2,Ação Financeiro,2025,2
3474,4814,17034,1015,2096,0,0,0.0,0.0,0.0,0.0,13923.82,7532.48,0.0,21456.3,21456.3,2025,2,Ação Financeiro,2025,2
3475,5448,11013,2000,4147,6151376,6151376,21072417.63,16594609.43,233215.5,0.0,0.0,0.0,410384.5,0.0,0.0,2025,2,Ação Financeiro,2025,2
3476,4897,23030,2006,2339,245700,245700,245700.0,61960.92,14174.62,0.0,0.0,0.0,61960.92,0.0,0.0,2025,2,Ação Financeiro,2025,2
3477,4909,11017,2135,2461,72996,72996,72996.0,0.0,0.0,0.0,0.0,0.0,0.0,0.0,0.0,2025,2,Ação Financeiro,2025,2
3478,5614,3011,2065,1653,0,0,7974000.0,0.0,0.0,0.0,0.0,0.0,0.0,0.0,0.0,2025,2,Ação Financeiro,2025,2
3479,4992,16001,2158,1581,52741260,52741260,28332560.0,6413126.78,5330891.43,0.0,0.0,0.0,6413126.78,0.0,0.0,2025,2,Ação Financeiro,2025,2
3480,4738,15015,1015,2087,239229,239229,239229.0,205163.0,0.0,0.0,0.0,47066.78,202.0,47066.78,47066.78,2025,2,Ação Financeiro,2025,2
3481,5372,19014,2095,1644,5562000,5562000,8562000.0,0.0,0.0,0.0,0.0,0.0,0.0,0.0,0.0,2025,2,Ação Financeiro,2025,2
3482,4821,13001,1015,2234,29000000,29000000,29170000.0,7655963.74,1908595.21,0.0,0.0,0.0,7655963.74,0.0,0.0,2025,2,Ação Financeiro,2025,2
3483,5455,16031,2090,2242,64000,64000,3064000.0,33687.9,4579.4,0.0,0.0,0.0,11809.4,0.0,0.0,2025,2,Ação Financeiro,2025,2
3484,4750,19025,2024,1447,2689594,2689594,110000.0,107000.0,0.0,0.0,0.0,0.0,0.0,0.0,0.0,2025,2,Ação Financeiro,2025,2
3485,4833,18011,2098,2164,1128832,1128832,1128832.0,719974.96,108317.17,0.0,0.0,899.64,491621.26,899.64,899.64,2025,2,Ação Financeiro,2025,2
3486,5550,32001,2094,1154,100000,100000,80000.0,46858.5,19535.5,0.0,0.0,0.0,46858.5,0.0,0.0,2025,2,Ação Financeiro,2025,2
3487,4726,16020,1015,2087,2930461,2930461,2930461.0,899961.25,202572.4,0.0,0.0,507098.8,582476.46,507098.8,507098.8,2025,2,Ação Financeiro,2025,2
3488,5194,29001,1280,2989,10567028,10567028,10567028.0,4950250.38,713621.63,0.0,0.0,0.0,3123632.0,0.0,0.0,2025,2,Ação Financeiro,2025,2
3489,5277,17012,2034,4011,37153000,37153000,44928706.66,30941706.17,2994137.46,0.0,1061.0,23432.34,15919879.03,24493.34,24493.34,2025,2,Ação Financeiro,2025,2
3490,5360,3011,2065,1628,1500000,1500000,2250000.0,1520700.0,115019.46,0.0,-1219421.32,1219421.32,475497.06,0.0,0.0,2025,2,Ação Financeiro,2025,2
3491,5583,11003,1015,2989,2904000,2904000,2904000.0,360000.0,142816.38,0.0,0.0,0.0,142816.38,0.0,0.0,2025,2,Ação Financeiro,2025,2
3492,4961,23001,2163,2663,600000,600000,600000.0,319355.3,32129.0,0.0,0.0,0.0,40539.5,0.0,0.0,2025,2,Ação Financeiro,2025,2
3493,5056,21001,1015,2096,600000,600000,620000.0,492970.5,120571.22,0.0,0.0,0.0,294714.22,0.0,0.0,2025,2,Ação Financeiro,2025,2
3494,5139,29013,1001,4544,1210000,1210000,11450093.15,194.1,0.0,0.0,0.0,0.0,0.0,0.0,0.0,2025,2,Ação Financeiro,2025,2
3495,5476,17012,1015,4103,1100000,1100000,1100000.0,0.0,0.0,0.0,0.0,0.0,0.0,0.0,0.0,2025,2,Ação Financeiro,2025,2
3496,4771,19023,1015,2091,8304953,8304953,8504953.0,2425940.73,367325.54,0.0,0.0,0.0,2425940.73,0.0,0.0,2025,2,Ação Financeiro,2025,2
3497,4937,15001,1015,2415,54084,54084,54084.0,13714.6,2742.92,0.0,0.0,0.0,13714.6,0.0,0.0,2025,2,Ação Financeiro,2025,2
3498,5488,17012,2189,4156,4277000,4277000,4277000.0,100000.0,0.0,0.0,0.0,0.0,100000.0,0.0,0.0,2025,2,Ação Financeiro,2025,2
3499,4949,15001,2166,2475,121864,121864,159230.83,35746.14,351.26,0.0,0.0,0.0,35746.14,0.0,0.0,2025,2,Ação Financeiro,2025,2
3500,5329,3011,2073,2449,87648828,87648828,87844178.0,64875613.09,6175941.13,0.0,661962.47,118607.11,22054747.16,780569.58,780569.58,2025,2,Ação Financeiro,2025,2
3501,4778,11009,1015,2091,7500000,7500000,7500000.0,2881012.68,552110.92,0.0,0.0,0.0,2829807.68,0.0,0.0,2025,2,Ação Financeiro,2025,2
3502,4790,17034,2023,2263,4060880,4060880,4670880.0,1586578.66,382123.6,0.0,283426.4,188258.41,1133958.7,471684.81,471684.81,2025,2,Ação Financeiro,2025,2
3503,5495,16031,1015,2234,716990,716990,716990.0,269290.65,62449.31,0.0,0.0,0.0,269290.65,0.0,0.0,2025,2,Ação Financeiro,2025,2
3504,4956,17012,1015,2234,528677980,528677980,528677980.0,225377308.44,44680031.26,0.0,0.0,26596.1,218461486.85,26596.1,26596.1,2025,2,Ação Financeiro,2025,2
3505,5590,11003,0,19,4000000,4000000,4000000.0,3998997.39,120.42,0.0,0.0,0.0,3968452.91,0.0,0.0,2025,2,Ação Financeiro,2025,2
3506,5222,11023,2051,2344,200000,200000,430000.0,42000.0,4895.0,0.0,0.0,0.0,36712.5,0.0,0.0,2025,2,Ação Financeiro,2025,2
3507,5305,11010,1015,2096,434565,434565,2938065.0,959196.66,365512.72,0.0,0.0,0.0,951756.66,0.0,0.0,2025,2,Ação Financeiro,2025,2
3508,4683,2001,1010,2981,47739208,47739208,47739208.0,28620757.81,4529351.51,0.0,169060.0,445945.56,9588923.6,615005.56,615005.56,2025,2,Ação Financeiro,2025,2
3509,5234,17012,2070,1614,4124000,4124000,4124000.0,311929.08,0.0,0.0,0.0,0.0,0.0,0.0,0.0,2025,2,Ação Financeiro,2025,2
3510,5400,11008,1015,4103,24384,24384,24384.0,2277.0,379.5,0.0,0.0,0.0,1518.0,0.0,0.0,2025,2,Ação Financeiro,2025,2
3511,4695,15015,2075,1119,200000,200000,350000.0,0.0,0.0,0.0,0.0,0.0,0.0,0.0,0.0,2025,2,Ação Financeiro,2025,2
3512,5386,3011,2186,1643,568800,568800,570250.0,371920.0,4435.96,0.0,0.0,0.0,73620.42,0.0,0.0,2025,2,Ação Financeiro,2025,2
3513,4918,17032,1015,1490,5236512,5236512,5236512.0,876927.82,177097.57,0.0,0.0,0.0,846789.05,0.0,0.0,2025,2,Ação Financeiro,2025,2
3514,5552,32001,2010,2103,187949,187949,187949.0,88320.1,20363.8,0.0,0.0,0.0,71076.94,0.0,0.0,2025,2,Ação Financeiro,2025,2
3515,4847,11010,2110,2064,1000,1000,2226206.0,388251.52,189979.96,0.0,0.0,0.0,379959.92,0.0,0.0,2025,2,Ação Financeiro,2025,2
3516,4930,15001,1015,2151,8170236,8170236,8170236.0,2803571.18,561829.64,0.0,0.0,0.0,2803571.18,0.0,0.0,2025,2,Ação Financeiro,2025,2
3517,4942,15001,2166,1473,7012,7012,8667.03,1655.03,780.0,0.0,0.0,1142077.14,1655.03,1142077.14,1142077.14,2025,2,Ação Financeiro,2025,2
3518,5647,15005,2194,4186,0,0,12500000.0,4597317.49,1658250.14,0.0,0.0,0.0,1658250.14,0.0,0.0,2025,2,Ação Financeiro,2025,2
3519,5279,19017,2004,4124,0,0,0.0,0.0,0.0,0.0,0.0,0.0,0.0,0.0,0.0,2025,2,Ação Financeiro,2025,2
3520,5362,3011,1031,4136,592900,592900,821900.0,764220.81,11788.0,0.0,0.0,0.0,66527.57,0.0,0.0,2025,2,Ação Financeiro,2025,2
3521,5291,11025,2181,4114,100000,100000,100000.0,0.0,0.0,0.0,0.0,0.0,0.0,0.0,0.0,2025,2,Ação Financeiro,2025,2
3522,4740,14023,1000,2502,0,0,0.0,0.0,0.0,0.0,0.0,0.0,0.0,0.0,0.0,2025,2,Ação Financeiro,2025,2
3523,5374,3011,2065,1630,5762000,5762000,5762000.0,0.0,0.0,0.0,0.0,0.0,0.0,0.0,0.0,2025,2,Ação Financeiro,2025,2
3524,4669,1001,1020,2062,44633234,44633234,45168234.0,25638491.77,4408176.42,0.0,0.0,34505.0,10945974.85,34505.0,34505.0,2025,2,Ação Financeiro,2025,2
3525,4752,19025,2024,4091,5564700,5564700,5564700.0,2236717.82,453545.5,0.0,0.0,0.0,2233681.82,0.0,0.0,2025,2,Ação Financeiro,2025,2
3526,5457,11006,1015,1519,1000,1000,1000.0,0.0,0.0,0.0,0.0,0.0,0.0,0.0,0.0,2025,2,Ação Financeiro,2025,2
3527,4835,18011,2098,2583,2307235,2307235,2307235.0,486377.32,70176.5,0.0,0.0,0.0,215713.5,0.0,0.0,2025,2,Ação Financeiro,2025,2
3528,5215,11025,1015,2091,4713213,4713213,4713213.0,1450900.41,314568.39,0.0,0.0,0.0,1450850.41,0.0,0.0,2025,2,Ação Financeiro,2025,2
3529,4664,1001,1006,1379,300000,300000,300000.0,0.0,0.0,0.0,0.0,0.0,0.0,0.0,0.0,2025,2,Ação Financeiro,2025,2
3530,5381,3011,2065,1633,1000000,1000000,1500000.0,477220.64,39333.76,0.0,-121708.91,341731.03,39333.76,220022.12,220022.12,2025,2,Ação Financeiro,2025,2
3531,4759,13001,1015,2091,4500000,4500000,4330000.0,1688554.3,363481.42,0.0,0.0,0.0,1688554.3,0.0,0.0,2025,2,Ação Financeiro,2025,2
3532,5310,19001,1015,2096,250000,250000,54500.0,34500.0,34500.0,0.0,0.0,0.0,34500.0,0.0,0.0,2025,2,Ação Financeiro,2025,2
3533,5393,11003,1015,4103,38300,38300,38300.0,0.0,0.0,0.0,0.0,0.0,0.0,0.0,0.0,2025,2,Ação Financeiro,2025,2
3534,5025,16001,2158,1622,4169716,4169716,5123989.0,1991370.87,411596.51,0.0,0.0,0.0,1991370.87,0.0,0.0,2025,2,Ação Financeiro,2025,2
3535,5037,15015,2075,4087,287331,287331,597131.0,232025.0,0.0,0.0,-49183.63,204591.79,0.0,155408.16,155408.16,2025,2,Ação Financeiro,2025,2
3536,5120,11033,1015,2096,48000,48000,107000.0,45503.0,0.0,0.0,0.0,0.0,0.0,0.0,0.0,2025,2,Ação Financeiro,2025,2
3537,5203,27001,1015,2234,30163679,30163679,28119781.0,9367270.28,2027771.03,0.0,0.0,0.0,9367270.28,0.0,0.0,2025,2,Ação Financeiro,2025,2
3538,4721,11009,2128,2557,700000,700000,700000.0,10000.0,0.0,0.0,0.0,0.0,7199.6,0.0,0.0,2025,2,Ação Financeiro,2025,2
3539,5272,11025,1015,2935,11510091,11510091,11572507.73,3685827.78,659792.81,0.0,-30825.6,177895.48,2248667.99,147069.88,147069.88,2025,2,Ação Financeiro,2025,2
3540,5355,3011,1017,4081,4869850,4869850,4869850.0,4130566.94,354422.43,0.0,0.0,0.0,1635653.41,0.0,0.0,2025,2,Ação Financeiro,2025,2
3541,5438,31001,2160,4065,296000,296000,296000.0,30082.0,0.0,0.0,0.0,0.0,18690.0,0.0,0.0,2025,2,Ação Financeiro,2025,2
3542,4733,16020,1015,1490,4723295,4723295,4723295.0,1633953.18,392440.0,0.0,0.0,0.0,1633953.18,0.0,0.0,2025,2,Ação Financeiro,2025,2
3543,5367,19023,1015,1644,84405,84405,84405.0,0.0,0.0,0.0,0.0,0.0,0.0,0.0,0.0,2025,2,Ação Financeiro,2025,2
3544,4816,19025,1015,2091,1284300,1284300,1284300.0,522548.4,106375.0,0.0,0.0,0.0,522548.4,0.0,0.0,2025,2,Ação Financeiro,2025,2
3545,5082,14002,0,24,379290026,379290026,379290026.0,91281935.33,39963306.26,0.0,0.0,0.0,91281935.33,0.0,0.0,2025,2,Ação Financeiro,2025,2
3546,5165,16001,2176,4100,3121040,3121040,3121040.0,603616.94,0.0,0.0,0.0,171317.52,531046.94,171317.52,171317.52,2025,2,Ação Financeiro,2025,2
3547,5260,3011,0,236,180000,180000,180000.0,56524.95,2084.27,0.0,0.0,0.0,56524.95,0.0,0.0,2025,2,Ação Financeiro,2025,2
3548,5343,15017,2166,2237,6390000,6390000,6390000.0,0.0,0.0,0.0,-2225438.82,2225438.82,0.0,0.0,0.0,2025,2,Ação Financeiro,2025,2
3549,5018,16001,2158,1619,22169170,22169170,23945564.23,9766000.21,1915494.62,0.0,0.0,0.0,9211665.14,0.0,0.0,2025,2,Ação Financeiro,2025,2
3550,5101,19011,2005,1091,308850,308850,66751.21,66751.21,4005.0,0.0,0.0,0.0,8455.0,0.0,0.0,2025,2,Ação Financeiro,2025,2
3551,4828,18001,2154,2599,110000,110000,110000.0,0.0,0.0,0.0,0.0,0.0,0.0,0.0,0.0,2025,2,Ação Financeiro,2025,2
3552,4911,23002,1015,2087,113000,113000,128000.0,66227.83,10698.38,0.0,0.0,0.0,64241.21,0.0,0.0,2025,2,Ação Financeiro,2025,2
3553,5545,11003,2085,4160,1000,1000,1000.0,0.0,0.0,0.0,0.0,0.0,0.0,0.0,0.0,2025,2,Ação Financeiro,2025,2
3554,4994,16001,2158,4044,22041599,22041599,34241599.0,11398440.42,3550877.67,0.0,0.0,0.0,11398440.42,0.0,0.0,2025,2,Ação Financeiro,2025,2
3555,4923,17032,2105,4032,150000,150000,150000.0,0.0,0.0,0.0,0.0,0.0,0.0,0.0,0.0,2025,2,Ação Financeiro,2025,2
3556,5006,23001,2162,2296,5561101,5561101,4671101.0,511837.21,64747.5,0.0,0.0,96897.5,70621.5,96897.5,96897.5,2025,2,Ação Financeiro,2025,2
3557,5089,23012,2169,4083,295042,295042,295042.0,84480.0,0.0,0.0,0.0,0.0,34660.0,0.0,0.0,2025,2,Ação Financeiro,2025,2
3558,5158,16020,2134,2547,3974130,3974130,3974130.0,1161471.67,261538.25,0.0,0.0,0.0,1161471.67,0.0,0.0,2025,2,Ação Financeiro,2025,2
3559,5241,14025,1019,4110,71764956,71764956,70604956.0,0.0,0.0,0.0,0.0,0.0,0.0,0.0,0.0,2025,2,Ação Financeiro,2025,2
3560,5253,21001,2102,1624,10000000,10000000,10000000.0,4876665.42,1638591.91,0.0,0.0,0.0,3182658.85,0.0,0.0,2025,2,Ação Financeiro,2025,2
3561,4885,11026,1015,2087,719922,719922,719922.0,331969.05,82799.71,0.0,0.0,125106.88,267314.41,125106.88,125106.88,2025,2,Ação Financeiro,2025,2
3562,4968,16001,1015,2367,3318305,3318305,3318305.0,1316780.71,317933.71,0.0,80.16,320.64,876219.22,400.8,400.8,2025,2,Ação Financeiro,2025,2
3563,5051,14001,1015,2234,291151647,291151647,291151647.0,104096363.2,20182026.5,0.0,0.0,0.0,104096363.2,0.0,0.0,2025,2,Ação Financeiro,2025,2
3564,5602,17033,1015,2234,3147125,3147125,3147125.0,1033405.49,197315.23,0.0,0.0,0.0,1033405.49,0.0,0.0,2025,2,Ação Financeiro,2025,2
3565,4980,23012,2168,2349,74997,74997,74997.0,16224.39,0.0,0.0,0.0,0.0,0.0,0.0,0.0,2025,2,Ação Financeiro,2025,2
3566,5063,11008,1015,2234,9356863,9356863,9356863.0,3506815.54,707505.91,0.0,0.0,0.0,3506815.54,0.0,0.0,2025,2,Ação Financeiro,2025,2
3567,5146,29001,1001,2004,1938495,1938495,2100495.0,834377.2,157039.17,0.0,0.0,0.0,593024.52,0.0,0.0,2025,2,Ação Financeiro,2025,2
3568,4975,16001,2156,4036,151845370,151845370,146603079.17,75976094.49,11521492.35,0.0,-3382636.03,6502997.15,25113959.66,3120361.12,3120361.12,2025,2,Ação Financeiro,2025,2
3569,5609,14023,1000,4170,1003695,1003695,1003695.0,175484.83,52213.5,0.0,0.0,0.0,141511.0,0.0,0.0,2025,2,Ação Financeiro,2025,2
3570,4987,23013,2115,2093,233718,233718,233718.0,20000.0,4432.8,0.0,0.0,0.0,4432.8,0.0,0.0,2025,2,Ação Financeiro,2025,2
3571,5621,13001,2041,4545,950000,950000,950000.0,0.0,0.0,0.0,0.0,0.0,0.0,0.0,0.0,2025,2,Ação Financeiro,2025,2
3572,5070,15004,2103,1276,50000,50000,17005000.0,16955000.0,0.0,0.0,0.0,0.0,0.0,0.0,0.0,2025,2,Ação Financeiro,2025,2
3573,4999,16001,2158,1617,37549853,37549853,34230666.41,10777238.29,2199504.0,0.0,0.0,0.0,10627848.35,0.0,0.0,2025,2,Ação Financeiro,2025,2
3574,5336,32001,2143,2512,500000,500000,440000.0,122739.76,55570.4,0.0,0.0,0.0,117909.76,0.0,0.0,2025,2,Ação Financeiro,2025,2
3575,4714,11022,1015,2087,2424708,2424708,2010708.0,1146525.74,186801.9,0.0,0.0,0.0,745629.65,0.0,0.0,2025,2,Ação Financeiro,2025,2
3576,5419,23030,2006,4072,4733200,4733200,4733200.0,1978359.0,258115.2,0.0,0.0,182958.04,1098628.14,182958.04,182958.04,2025,2,Ação Financeiro,2025,2
3577,5431,11006,2000,4148,210000,210000,210000.0,18404.0,4539.0,0.0,0.0,0.0,12282.0,0.0,0.0,2025,2,Ação Financeiro,2025,2
3578,5514,11011,0,16,13989634,13989634,13989634.0,0.0,0.0,0.0,0.0,0.0,0.0,0.0,0.0,2025,2,Ação Financeiro,2025,2
3579,4809,18001,2153,2585,696610,696610,696610.0,87131.0,21716.0,0.0,27117.83,149909.25,79788.5,177027.08,177027.08,2025,2,Ação Financeiro,2025,2
3580,5443,11006,2187,4151,375000,375000,375000.0,2000.0,0.0,0.0,0.0,0.0,0.0,0.0,0.0,2025,2,Ação Financeiro,2025,2
3581,4892,23030,1015,2234,33980382,33980382,33980382.0,12752057.94,2945421.65,0.0,0.0,0.0,12747416.5,0.0,0.0,2025,2,Ação Financeiro,2025,2
