,uoCodigo,uoNome,uoSigla,programaDetalheId,programaCod,programaNome,programaDenominacao,dePublicoAlvo,deEixoAdministrativo,horizonteTemporal,dataInicio,dataFim,deTipoPrograma,justificativa,anoMonitoramento,quadrimestreMonitoramento,TipoDado,Ano,Quadrimestre
0,01001,Assembleia Legislativa do Estado de Rondônia,ALE,1399,0000,OPERAÇÕES ESPECIAIS,Execução das ações classificadas como operações especiais,Credores da Assembleia Legislativa,Gestão Estratégica,continuo,2024-01-01T00:00:00,,Operação Especial,"Necessidade de manutenção das ações administrativas para cobertura de despesas que não se pode associar à geração de um bem ou serviço, tais como pagamento de dívidas, indenizações administrativas ou cumprimento de sentenças judiciais, bem como o pagamento de pensionistas, nos termos da legislação vigente.",2024,1,Programa,2024,1
1,01001,Assembleia Legislativa do Estado de Rondônia,ALE,1400,1006,APERFEIÇOAMENTO DA GESTÃO DO PODER LEGISLATIVO,Execução de ações que visem aprimorar os mecanismos administrativos e as práticas legislativas.,"Parlamentares, Servidores e Sociedade",Gestão Estratégica,continuo,2024-01-01T00:00:00,,Gestão Manutenção e Serviço,"Dotar a Assembleia Legislativa de meios legais, estruturais, instrumentais e humanos, de modo a proporcionar melhores condições de trabalho e de atendimento à população, em observância ao princípio constitucional da eficiência e ao interesse público.",2024,1,Programa,2024,1
2,01001,Assembleia Legislativa do Estado de Rondônia,ALE,1401,1020,APOIO ADMINISTRATIVO DO PODER LEGISLATIVO,Execução de ações que visem aprimorar os mecanismos administrativos e as práticas legislativas,"Parlamentares, Servidores e Sociedade",Gestão Estratégica,continuo,2024-01-01T00:00:00,,Gestão Manutenção e Serviço,"Prover o suporte necessário à operacionalização e execução das atividades-meio da Assembleia Legislativa, de modo a garantir o pleno funcionamento do exercício do Poder Legislativo Estadual.",2024,1,Programa,2024,1
3,01001,Assembleia Legislativa do Estado de Rondônia,ALE,1402,2126,PODER LEGISLATIVO EM AÇÃO,Execução das ações predominantemente finalísticas da Assembleia Legislativa.,Toda a população do Estado de Rondônia,Cidadania,continuo,2024-01-01T00:00:00,,Finalístico,"Dotar a Assembleia Legislativa de recursos necessários ao exercício da representatividade social e da função legislativa, em atendimento às demandas da população nos aspectos legislativos e de fiscalização na sua esfera de competência, visando à melhoria dos serviços públicos e do bem-estar comum.",2024,1,Programa,2024,1
4,02001,Tribunal de Contas do Estado,TCE,1393,0000,OPERAÇÕES ESPECIAIS,Promover aos servidores do Tribunal de Contas o pagamento de sentenças e/ ou acordo judiciais.  ,Servidores do Tribunal de Contas do Estado de Rondônia,Gestão Estratégica,continuo,2024-01-01T00:00:00,,Operação Especial,Cumprir o pagamento de sentenças e/ ou acordos judiciais.,2024,1,Programa,2024,1
5,02001,Tribunal de Contas do Estado,TCE,1394,1019,PREVIDÊNCIA SOCIAL ESTATUTÁRIA,"Assegurar aos Membros, Servidores e Dependentes o pagamento de aposentadoria e pensões.",Servidores públicos do Estado e seus dependentes legais,Gestão Estratégica,continuo,2024-01-01T00:00:00,,Gestão Manutenção e Serviço,"Assegurar aos servidores públicos inativos e pensionistas do Tribunal de Contas do Estado o pagamento de um valor estabelecido em lei, quando da aposentadoria ou do óbito, proporcionando, assim, a certeza da manutenção das condições financeiras da família. ",2024,1,Programa,2024,1
6,02001,Tribunal de Contas do Estado,TCE,1408,1011,"REMUNERAÇÃO, INCENTIVO E VALORIZAÇÃO DOS SERVIDORES DO TCE/RO","Consiste em um conjunto de estratégias implementadas por meio de ações interligadas e complementares voltadas aos servidores do TCERO, que transcendem a remuneração e abrangem as demandas humanas para o desempenho de suas atividades laborais, tais como o senso de pertencimento, desenvolvimento e reconhecimento profissional, realização pessoal, e de forma ampla, promover à sociedade o sistema de controle externo na gestão pública através de corpo técnico, cumprindo os preceitos constitucionais.   ",Servidores do Tribunal de Contas do Estado de Rondônia,Gestão Estratégica,continuo,2024-01-01T00:00:00,,Gestão Manutenção e Serviço,"Os servidores públicos do Tribunal de Contas do Estado de Rondônia (TCE RO) desempenham papel - direta ou indiretamente - crucial no exercício do controle externo, que, a seu turno, objetiva assegurar a alocação e dispêndio de recursos públicos pelo Estado em ações e políticas vertidas em prol da sociedade. Neste diapasão, o trabalho dos servidores desta casa está intrinsecamente conectado ao avanço social. Portanto, valorizá-los e proporcioná-los melhores condições de trabalho é fundamental para assegurar melhoria à população do Estado de Rondônia.",2024,1,Programa,2024,1
7,02001,Tribunal de Contas do Estado,TCE,1413,2147,CONTROLE EXTERNO DAS CONTAS PÚBLICAS,Gestão das Ações Institucionais de Controle Externo.,"Órgãos da Administração Direta e Indireta, demais entes estadual e municipal.",Gestão Estratégica,continuo,2024-01-01T00:00:00,,Finalístico,"Promover a gestão fiscal responsável é condição essencial para garantir o financiamento da atuação governamental em todas as políticas públicas e, por conseguinte, para o desenvolvimento econômico e social sustentável. No geral, a maioria dos entes jurisdicionados destinam reduzida parcela da receita total aos investimentos que geram bem-estar à população e melhoram o ambiente de negócios. Para a garantia da sustentabilidade do financiamento das políticas públicas, o TCE deve atuar por meio de ações de controle tempestivas, sempre que possível de caráter preventivo, para assegurar o equilíbrio financeiro, provendo recomendações, alertas e determinações. ",2024,1,Programa,2024,1
8,02001,Tribunal de Contas do Estado,TCE,1414,1010,APRIMORAMENTO DA GESTÃO E GOVERNANÇA INSTITUCIONAL DO TCE/RO,Gestão das atividades administrativas e o desenvolvimento da política e gestão da tecnologia da informação para aprimoramento e modernização do TCE-RO.,Servidores do Tribunal de Contas do Estado de Rondônia e dos órgãos jurisdicionados,Gestão Estratégica,continuo,2024-01-01T00:00:00,,Gestão Manutenção e Serviço,"As atividades de gestão e governança evidenciam a existência e continuidade dos serviços prestados para o alcance dos objetivos institucionais. Justifica-se ainda pela necessidade de viabilizar as atividades de inspeção e auditoria, por intermédio de ações de apoio administrativo e tecnológico para o exercício do controle externo das contas públicas e da avaliação de políticas públicas. ",2024,1,Programa,2024,1
9,02001,Tribunal de Contas do Estado,TCE,1416,2146,AVALIAÇÃO DE POLÍTICAS PÚBLICAS,"O Tribunal de Contas deverá estruturar e realizar, periodicamente, avaliações do funcionamento das políticas públicas para assegurar o funcionamento dos processos críticos que conduzam à preservação e conservação das unidades de conservação.",Servidores do Tribunal de Contas e jurisdicionados,Gestão Estratégica,continuo,2024-01-01T00:00:00,,Finalístico,"O Brasil e a região Norte em particular enfrentam grandes desafios para alcançar os desafios dos Objetivos de Desenvolvimento Sustentável da Agenda 2023. Na perspectiva de melhorar a qualidade de vida das atuais e futuras gerações, o TCE assume o compromisso de contribuir para o atingimento dos objetivos e metas do Plano Nacional de Educação (PNE) e do Plano de Ação para Prevenção e Controle do Desmatamento na Amazônia Legal (PPCDAm).",2024,1,Programa,2024,1
10,02011,Fundo de Desenvolvimento Institucional do Tribunal de Contas do Estado de Rondônia,FDI,1415,1220,GESTÃO DO FUNDO DE DESENVOLVIMENTO INSTITUCIONAL - FDI,"Gestão do Fundo de Desenvolvimento Institucional - FDI, vinculado ao Tribunal de Contas do Estado de Rondônia.",Administração pública em geral,Gestão Estratégica,continuo,2024-01-01T00:00:00,,Gestão Manutenção e Serviço,"São finalidades precípuas do Fundo de Desenvolvimento Institucional criar condições técnicas, materiais e de espaço físico que
promovam o desenvolvimento institucional, o aperfeiçoamento dos instrumentos de gestão, planejamento, administração e controle dos planos e técnicas aprovadas pelo Tribunal de Contas.",2024,1,Programa,2024,1
11,03001,Tribunal de Justiça,TJ,1649,1012,GESTÃO DE PESSOAS E QUALIDADE DE VIDA NO TRABALHO,Gestão de Pessoas e Qualidade de Vida no Trabalho,Magistrados(as) e servidores(as) e estagiários (as) do Poder Judiciário e da administração pública do Estado de Rondônia.,Gestão Estratégica,continuo,2024-01-01T00:00:00,,Gestão Manutenção e Serviço,"O programa ""Gestão de Pessoas, Manutenção de Serviços e Qualidade de Vida no Trabalho"" busca valorizar os(as) magistrados(as), servidores(as) e estagiários(as), humanizar as relações de trabalho, promover a saúde, melhorar as condições de trabalho e a qualidade de vida no ambiente profissional. Essas ações estão alinhadas com o objetivo de melhorar a gestão de pessoas estabelecido na Estratégia 2021-2026 do Poder Judiciário do Estado de Rondônia (PJRO). Ademais, esta SGP desenvolve ações e práticas voltadas ao gerenciamento de pessoas e processos, de modo sustentável, eficiente, com caráter valorativo e proativo. Sendo que, a premente necessidade de otimização dos recursos e a mitigação de desperdícios impõe a necessidade de melhorar a gestão. Deste modo, assegurar a manutenção das atividades administrativas e judiciárias do PJRO implica elevar o padrão de eficiência da gestão dos contratos e serviços, primando pela qualidade, rapidez, precisão e menor custo possível. Os dados obtidos por meio da aplicação da Pesquisa de Clima 2022, evidenciou que, embora o Índice de Favorabilidade Anual tenha atingido 73,46%, alguns pontos demandam ações, a exemplo: >Qualidade de Vida 60% >Reconhecimento Profissional 67% >Benefícios 79% >Comunicação Interna 79% >Imagem Institucional 70% Essas temáticas foram relembradas no Diagnóstico do Programa de Qualidade de Vida no Trabalho do TJRO, o que demonstra a necessidade da continuidade do programa. Com as ações promovidas pelo programa busca-se atingir/manter os indicadores da Estratégia do PJRO 2021-2026, quais sejam: a manutenção do índice de absenteísmo-doença em 2,5%, bem como o atingimento anual do Índice de Favorabilidade do Clima Organizacional superior a 70%. Destaca-se as Resoluções n. 240/2016-CNJ, n. 121/2019-PR, n. 207/2015-CNJ e n. 031/2017-PR, que estabelecem diretrizes e políticas de gestão de pessoas e atenção à saúde no âmbito do Poder Judiciário. Nelas prevalecem a importância de promover ambientes, processos e condições de trabalho saudáveis ​​e conscientizar magistrados e servidores sobre sua responsabilidade nesses aspectos. Ao aprimorar a gestão de pessoas e a qualidade de vida no ambiente de trabalho, obtêm-se benefícios significativos. Dentre eles, destaca-se, o aumento da eficiência dos serviços prestados, promoção de um clima organizacional positivo e a satisfação dos (as) magistrados(as), servidores(as) e estagiários(as) deste PJRO.",2024,1,Programa,2024,1
12,03001,Tribunal de Justiça,TJ,1656,1014,"GESTÃO DAS AÇÕES INERENTES À SEGURANÇA PESSOAL, PATRIMONIAL E DE INTELIGÊNCIA INSTITUCIONAL","Gestão das ações inerentes à segurança pessoal, patrimonial e de inteligência institucional",Magistrados e Servidores do Poder Judiciário de Rondônia									,Gestão Estratégica,continuo,2024-01-01T00:00:00,,Gestão Manutenção e Serviço,"Com efeito, a criminalidade tratada pelo judiciário brasileiro sofreu profunda modificação nos últimos tempos, onde se verifica que são cada vez mais comuns os crimes de base organizativa, compreendendo a corrupção, o tráfico de entorpecentes, pessoas, armas e lavagem de dinheiro.
A alteração do perfil da criminalidade e as várias formas com que ela se manifesta, obriga a adoção de cuidados igualmente diversificados, tanto dos ambientes em que se desenvolvem as atividades jurisdicionadas a ela inerentes, bem como dos agentes públicos nelas envolvidos.
Atento ao contexto apresentado, o Conselho Nacional de Justiça editou a Resolução n. 435, de 28/10/2021 que dispõe sobre a política e o sistema nacional de segurança do Poder Judiciário e dá outras providências, especificamente em seu Capítulo VI "" Das Medidas de Segurança no âmbito dos Conselho e Tribunais"". Nesse sentido, é essencial para a proteção contra depredação, violação, evasão, apropriação indébita e outras ações que redundem em dano ao patrimônio e para assegurar a integridade física dos magistrados, servidores e demais colaboradores no desempenho de suas atividades, e, ainda, daqueles que transitam pelas dependências deste Órgão. Dar a todos os envolvidos na execução das competências incumbidas a este Poder Judiciário a sensação de estarem seguros. Ainda nessa senda, realizar ações da atividade de inteligência destinadas a instrumentalizar o exercício da segurança institucional, produzindo conhecimentos e informações que subsidiem ações, de forma neutralizar e coibir ameaças e atos criminosos na esfera de competência deste Pode Judiciário do Estado de Rondônia. ",2024,1,Programa,2024,1
13,03001,Tribunal de Justiça,TJ,1670,1019,PREVIDÊNCIA SOCIAL ESTATUTÁRIA,Previdência Social Estatutária,Servidores públicos do Estado de Rondônia,Gestão Estratégica,continuo,2024-01-01T00:00:00,,Gestão Manutenção e Serviço,"Assegurar aos servidores públicos do Tribunal de Justiça do Estado e a seus dependentes legais o pagamento de um valor estabelecido em lei, quando da aposentadoria ou do óbito, proporcionando, assim, a certeza da manutenção das condições financeiras da família.",2024,1,Programa,2024,1
14,03001,Tribunal de Justiça,TJ,1683,2065,APRIMORAMENTO DA ESTRUTURA DO PJRO,Aprimoramento da Estrutura do PJRO,"Magistrados, Servidores do Poder Judiciário de Rondônia e jurisdicionados	",Gestão Estratégica,continuo,2024-01-01T00:00:00,,Finalístico,"O programa justifica-se pela importância que possui na dotação de estrutura adequada para que a Instituição tenha condições de cumprir sua missão de prestar serviço jurisdicional. Possuindo unidades prediais distribuídas em parte dos municípios do Estado de Rondônia, o PJRO tem o dever de apresentar unidades prediais adequadas para atendimento dos servidores, magistrados e jurisdicionado. Assim, para esta finalidade o programa contribui na medida em que se presta a realizar reformas nos locais em que prédios do TJRO não tem a estrutura adequada, como espaço, acessibilidade, segurança, mobiliário, dentre outros. O programa também soluciona situações em que as atuais unidades já não atendem a necessidade do TJRO quanto ao tamanho, localidade e disposição, propondo a construção de fóruns modernos e condizentes com a atuação do Tribunal no Estado.",2024,1,Programa,2024,1
15,03011,Fundo de Aperfeiçoamento dos Serviços Judiciários,FUJU,1605,0000,OPERAÇÕES ESPECIAIS,Operações Especiais,"Magistrados, Servidores e jurisdicionados",Gestão Estratégica,continuo,2024-01-01T00:00:00,,Operação Especial,"Necessidade de uniformização das ações administrativas na cobertura de despesas as quais não se pode associar a geração de bem ou serviço, tais como cumprimento de sentenças judiciais, financiamento com retorno, transferências constitucionais, transferências decorrentes de lei específica, outras transferências, serviços da dívida interna, serviços da dívida externa, refinanciamento da dívida interna, refinanciamento da dívida externa, amortizações, encargos, aquisições de títulos, fundos de participação, operações de financiamento, ressarcimento de toda ordem, indenizações, pagamento de inativos e pensionistas, participações acionárias, contribuições a organismos nacionais e internacionais, compensações financeiras e outros encargos especiais.",2024,1,Programa,2024,1
16,03011,Fundo de Aperfeiçoamento dos Serviços Judiciários,FUJU,1634,2073,"GESTÃO, MANUTENÇÃO E SERVIÇOS DO PODER JUDICIÁRIO","Gestão, Manutenção e Serviços do Poder Judiciário","Estagiários(as), jurisdicionados(as), magistrados(as) e servidores(as) do Poder Judiciário do Estado de Rondônia   	",Gestão Estratégica,continuo,2024-01-01T00:00:00,,Gestão Manutenção e Serviço,"Este Programa justifica-se pela necessidade de manutenção das atividades administrativas e judiciárias do PJRO, por meio de serviços, bens/materiais, infraestrutura indispensáveis à continuidade do serviço, prezando pela qualidade, eficiência e celeridade da Justiça de Rondônia.",2024,1,Programa,2024,1
17,03011,Fundo de Aperfeiçoamento dos Serviços Judiciários,FUJU,1635,2065,APRIMORAMENTO DA ESTRUTURA DO PJRO,Aprimoramento da Estrutura do PJRO,"Magistrados, Servidores do Poder Judiciário de Rondônia e jurisdicionados",Gestão Estratégica,continuo,2024-01-01T00:00:00,,Finalístico,"O programa justifica-se pela importância que possui na dotação de estrutura adequada para que a Instituição tenha condições de cumprir sua missão de prestar serviço jurisdicional. Possuindo unidades prediais distribuídas em parte dos municípios do Estado de Rondônia, o PJRO tem o dever de apresentar unidades prediais adequadas para atendimento dos servidores, magistrados e jurisdicionado. Assim, para esta finalidade o programa contribui na medida em que se presta a realizar reformas nos locais em que prédios do TJRO não tem a estrutura adequada, como espaço, acessibilidade, segurança, mobiliário, dentre outros. O programa também soluciona situações em que as atuais unidades já não atendem a necessidade do TJRO quanto ao tamanho, localidade e disposição, propondo a construção de fóruns modernos e condizentes com a atuação do Tribunal no Estado.",2024,1,Programa,2024,1
18,03011,Fundo de Aperfeiçoamento dos Serviços Judiciários,FUJU,1641,2185,POLÍTICA DA PAZ,Política da Paz,População do Estado de Rondônia,Gestão Estratégica,continuo,2024-01-01T00:00:00,,Finalístico,"A implementação do programa Política da Paz, estabelece no âmbito do Poder Judiciário de Rondônia uma ferramenta estratégica para o devido planejamento de ações e iniciativas que tem como objetivo a efetivação do devido acesso à justiça, tratamento adequado dos conflitos de interesses, pacificação social e prevenção de litígios.
Verifica-se ser necessário a concretrização deste programa para: 1) Descontruir Barreiras e resistências para a implementação de Métodos Consensuais de Solução de Conflitos, 2) Dificuldade na tomada de decisões ágeis e eficientes; 3) Sobrecarga na programação das atividades do Nupemec. Estes  problemas dificultam as implementações, os aperfeiçoamentos e a efetividades de soluções consensuais para solução de conflitos desenvolvidas por este Poder Judiciário, uma vez que a existências e a persistências destas virão a colaborar com a cultura do litígio em nossa sociedade, resultando no congestionamento de processos no Poder Judiciário, tornando mais longos e custosos e impactando negativamente na imagem desta instituição em frente à sociedade, pela não efetividade das políticas adotadas.
A implementação do programa visa contornar esse impacto negativo,  com adoção de medidas que melhorem a efetividade das políticas adotadas, decisões com agilidade e eficiência e assegurar recursos para melhorar a capacidade de execução das atividades do Nupemec.
As principais causas que contribuem para causar esta situação são: As barreiras e resistências para a efetivação dos Métodos Consensuais de Solução de Conflitos; Dificuldade na tomada de decisões ágeis e eficientes e Sobrecarga da programação das atividades do Nupemec. Também, a ineficácia dos canais de comunicação comprometem e acabam impactando a comunicação intersetorial e interinstitucional desta Instituição, gerando a adoção de práticas divergentes dos direcionamentos externados pela administração.    
Concernente às estrutura das unidades vinculadas à temática, nos 23 Cejusc's averiguou-se que estas demonstraram estarem insuficientes quanto ao quadro de pessoal, com demanda acima de suas capacidades de atendimento, gerando produtividade abaixo do esperado. 
Com a implementação do programa, esperamos direcionar os esforços do Tribunal de Justiça do Estado de Rondônia para fortalecer os métodos consensuais de solução de conflitos, fomentando a padronização, integração, agilidade, eficiência e mudança cultural na sociedade, promovendo a paz, a justiça e a harmonia social, tornando sua implementação essencial para o aprimoramento do sistema de justiça, atingindo objetivos específicos: 1) Descontruir Barreiras e resistências para a implementação de Métodos Consensuais de Solução de Conflitos, 2) Dificuldade na tomada de decisões ágeis e eficientes; 3) Sobrecarga na programação das atividades do Nupemec.",2024,1,Programa,2024,1
19,03011,Fundo de Aperfeiçoamento dos Serviços Judiciários,FUJU,1643,1017,APRENDIZAGEM ORGANIZACIONAL,Aprendizagem Organizacional,Magistrados(as) e Servidores(as) do Tribunal de Justiça do Estado de Rondônia e dos órgãos jurisdicionados,Gestão Estratégica,continuo,2024-01-01T00:00:00,,Gestão Manutenção e Serviço,"O programa é fundamentado na necessidade de fortalecer o Poder Judiciário e a administração pública do Estado de Rondônia, garantindo a eficiência, eficácia e efetividade das instituições. O incentivo ao desenvolvimento, capacitação e realização de pesquisas, publicações, estudos e projetos de extensão, juntamente com a promoção da formação continuada de magistrados(as) e servidores(as) do PJRO, contribui para aprimorar as competências e habilidades, o que resulta em um serviço público de maior qualidade e maior satisfação da população. Além disso, ao alinhar as ações com a Estratégia do Poder Judiciário de Rondônia, em especial o objetivo 10 e suas respectivas metas estratégicas, garante-se um planejamento adequado e uma atuação voltada para as necessidades reais da sociedade. Isso também favorece a integração e a cooperação entre as diferentes esferas do setor público e a comunidade em geral. Promover iniciativas de extensão e responsabilidade social é fundamental para aproximar o Poder Judiciário e a administração pública da população, facilitando o acesso à justiça e contribuindo para a harmonia social. Essa aproximação permite uma maior compreensão dos direitos e deveres por parte dos cidadãos, o que resulta em um ambiente mais justo e igualitário. Portanto, o objetivo proposto, incluindo a promoção da formação continuada, é crucial para fortalecer o Estado de Rondônia e garantir que o Poder Judiciário e a administração pública atuem de forma eficiente, responsiva e alinhada às demandas da sociedade, promovendo a justiça e a harmonia social.",2024,1,Programa,2024,1
20,03011,Fundo de Aperfeiçoamento dos Serviços Judiciários,FUJU,1644,1031,POLÍTICAS E SERVIÇOS EXTRAJUDICIAIS,Políticas e Serviços Extrajudiciais,População do Estado de Rondônia,Gestão Estratégica,continuo,2024-01-01T00:00:00,,Gestão Manutenção e Serviço,"Os serviços notariais e registrais são prestados por particulares, que recebem delegação do Poder Público, conforme disposto no art. 236 da Constituição Federal do Brasil, os quais devem ser fiscalizados pelo Poder Judiciário, mais precisamente pela atuação direta da Corregedoria Geral de Justiça (CGJ).

Em Rondônia, a Lei Estadual 2.936, de 26 de dezembro de 2012, regulamenta o regimento de custas e emolumentos relativos ao atos dos serviços extrajudiciais. Cabe aos notários e oficiais de registros, a título de remuneração, os emolumentos pelos atos que praticarem.

Parte do valor arrecadado com as custas e selos é destinado ao ressarcimento dos atos gratuitos praticados pelo Tabelionato de Registro Civil, como, por exemplo, o registro e a expedição da primeira certidão de nascimento. Conforme o art. 7°, § 1° da Lei Estadual n. 918, de 20 de setembro de 2000, após o ressarcimento e complementação de renda mínima às serventias que praticam atos do registro civil das pessoas naturais, caso haja sobra de recursos, este será destinado ao FUJU para o desenvolvimento de ações de aprimoramento dos serviços notariais e registrais do Estado, por meio de projetos vinculados à Corregedoria Geral.

Cabe ressaltar que o aperfeiçoamento do Sistema Gerencial do Extrajudicial do Poder Judiciário de Rondônia (Sigextra) deve ser constante, a fim de que sejam cumpridas as normas do Conselho Nacional de Justiça e garantida a eficiência na prestação dos serviços extrajudiciais. Para isso, é necessário que sejam implementados sistemas, ferramentas e tecnologias para a unificação e a proteção de dados, bem como a prestação dos serviços extrajudiciais de forma mais ágil e segura. Além disso, é necessário que haja a edição de legislação específica, complementar e/ou modificativa, em âmbito estadual, visando acompanhar as inovações e atualizações normativas em nível nacional.

Embora haja um ressarcimento mensal e uma complementação de renda mínima para os Registros Civis das Pessoas Naturais (RCPN), há um superávit (sobra) anual que deve ser usado para melhorar a prestação dos serviços extrajudiciais. Para tanto, o programa visa englobar projetos e atividades capazes fomentar a desjudicialização, a desburocratização, a regularização fundiária, a capacitação dos profissionais envolvidos e a transformação digital, entre outras iniciativas.

A capacitação dos (as) delegatários (as), interinos (as), prepostos (as) e servidores (as) da Corregedoria-Geral de Justiça é considerada essencial para garantir a qualidade dos serviços prestados pelas serventias extrajudiciais e reduzir a possibilidade de erros que possam prejudicar a eficiência e segurança jurídica dos atos.

Além disso, a regularização fundiária é vista como uma importante política pública que garante o direito fundamental à moradia e está diretamente ligada a outros direitos sociais previstos na Constituição Federal. Embora a responsabilidade pelo processo de regularização seja do ente municipal, o Poder Judiciário tem o desafio de atuar de forma ativa para garantir a efetivação desse direito e reduzir litígios.

Registre-se, por oportuno, a obrigatoriedade do Poder Judiciário na realização de concurso público, em até 6 (seis) meses, para provimento de serventias vagas, nos moldes dos arts. 15 e 16 da Lei 8.935/1994, de 18 de novembro de 1994, que dispõe o seguinte:

Art. 15. Os concursos serão realizados pelo Poder Judiciário, com a participação, em todas as fases, da Ordem dos Advogados do Brasil, do Ministério Público, de um notário e um registrador.

Art. 16. As vagas serão preenchidas alternadamente, duas terças partes do concurso público de provas e títulos e uma terça parte por meio de remoções reguladas por lei estadual ou do Distrito Federal, homologadas pelo respectivo Tribunal de Justiça, que ocorreram no período anterior à publicação desta Lei.

Por fim, cumpre ressaltar que o programa abrange ações relacionadas às atividades de 111 (cento e onze) serventias extrajudiciais, com impacto nos 52 (cinquenta e dois) municípios de Rondônia.",2024,1,Programa,2024,1
21,03011,Fundo de Aperfeiçoamento dos Serviços Judiciários,FUJU,1646,1018,GESTÃO E SERVIÇOS JUDICIAIS DO 1° GRAU,Gestão e Serviços Judiciais do 1° grau ,"Jurisdicionados, População em Geral; Magistrados (as) e Servidores (as) do 1º Grau de Jurisdição",Gestão Estratégica,continuo,2024-01-01T00:00:00,,Gestão Manutenção e Serviço,"Segundo o Relatório Justiça em Números 2022, produzido pelo Conselho Nacional de Justiça (CNJ), o Tribunal de Justiça de Rondônia (TJRO) é o  mais demandado do país, com a maior quantidade de casos novos por habitante no Brasil.  Com cerca de 15.972 processos novos por habitante, o TJRO enfrenta carga significativa de trabalho, com 1.684 casos por magistrado. Mesmo com a maior produtividade por magistrados entre os tribunais de pequeno porte, com um Índice de Produtividade dos Magistrados (IPM) de 1.863, o TJRO tem o desafio de melhorar o seu Índice de Atendimento à Demanda (IAD), refletindo a capacidade do tribunal em dar vazão ao volume de casos ingressados. Em 2022, o IAD do Judiciário rondoniense foi de 96%, mas alcançou maior capacidade em 2021, com 101,9%.
Esses números demonstram o compromisso e a dedicação dos magistrados do TJRO em lidar com a alta demanda processual e em garantir a prestação jurisdicional eficiente à população de Rondônia. No entanto, é fundamental implementar iniciativas para aperfeiçoar e impulsionar a prestação jurisdicional. A exemplo, embora o tempo médio de tramitação dos processos pendentes e baixados, bem como o tempo médio da inicial até a sentença no segundo grau e primeiro grau, estejam entre os menores tempos de tramitação do país, o TJRO tem a intenção de melhorar ainda mais esses indicadores.
Dentre as melhorias necessárias, destaca-se a simplificação e padronização de procedimentos e modelos, a fim de garantir maior uniformidade e agilidade nos trâmites processuais. É preciso aprimorar o controle da litigância serial e  o gerenciamento dos precedentes, modernizar a Justiça Criminal e aperfeiçoar a transparência dos processos, e fortalecer a comunicação com os jurisdicionados. A integração do sistema PJe com outras plataformas judiciais, como Sisbajud, BNMP e SEEU, dentre outras, é essencial para uma tramitação mais eficiente dos processos. 
O Programa Justiça 4.0 implementado pelo CNJ com a finalidade de impulsionar a transformação digital do Judiciário para garantir serviços mais rápidos, eficazes e acessíveis, é oportunidade que o TJRO pode aproveitar, pois é parceiro do CNJ em uma das principais frentes do programa, a Plataforma Sinapses/Codex, onde atua como desenvolvedor. As soluções digitais colaborativas instadas pelo Programa, automatizam as atividades dos tribunais, otimizam o trabalho dos magistrados, servidores e advogados, e garantem mais produtividade, celeridade, governança e a transparência dos processos. 
O TJRO é reconhecido como um dos melhores tribunais do país, com tradição na modernização e inovação de procedimentos, sistemas e estruturas. É vencedor do Selo Diamante concedido pelo CNJ, pela quarta vez consecutiva em 2022. Suas práticas também são premiadas, tais como os fóruns digitais, laureados com o Prêmio Innovare. Importa à Instituição, manter-se no topo dos tribunais mais eficientes do país, com o propósito maior de garantir justiça mais ágil e eficiente, com foco na transformação dos processos judiciais, ao mesmo tempo em que reforça o compromisso de fortalecer os direitos e garantias individuais dos cidadãos rondonienses.
A execução do presente programa, baseia-se principalmente na necessidade de garantir a eficiência e efetividade do sistema judicial de Rondônia. Portanto, por meio do programa será fortalecido o alinhamento da prestação jurisdicional do 1º Grau de Jurisdição à Estratégia do Poder Judiciário de Rondônia (PJRO), para assegurar que os serviços judiciais estejam em conformidade com os objetivos estratégicos do Tribunal de Justiça e do Conselho Nacional de Justiça, promovendo a efetividade das políticas e diretrizes estabelecidas.
Este alinhamento contribui com o atingimento das Metas Nacionais e outros instrumentos de orientação estabelecidas pelo CNJ, fundamentais para o desempenho e a eficiência do sistema de Justiça em todo o país, demonstrando o compromisso em buscar a excelência na prestação de serviços judiciais.
Para o alcance da excelência desejada, deve ser considerado o embate às ineficiências nos procedimentos judiciais que resultam em uma série de consequências negativas para a prestação jurisdicional, como a morosidade na resolução e a insegurança dos processos judiciais. Portanto, torna-se imprescindível aperfeiçoar as práticas e procedimentos em vista da celeridade, eficiência e qualidade.",2024,1,Programa,2024,1
22,03011,Fundo de Aperfeiçoamento dos Serviços Judiciários,FUJU,1652,2186,ENFRENTAMENTO DA VIOLÊNCIA CONTRA A MULHER,Enfrentamento da violência contra a mulher,"População do Estado de Rondônia, especialmente as mulhres",Gestão Estratégica,continuo,2024-01-01T00:00:00,,Finalístico,"Segundo o Anuário Brasileiro de Segurança Pública 2023, publicado pelo Fórum Brasileiro de Segurança Pública (FBSP), os homicídios em que as vítimas são mulheres e os feminicídios aumentaram de 2021 para 2022, assim como as tentativas de homicídio e feminicídio, sendo que Rondônia teve um aumento de quase 50% nos feminicídios. De acordo com o relatório do FBSP, todas as formas de violência contra a mulher cresceram em 2022, sendo que Rondônia se destacou negativamente no aumento dessas violências, sejam tentadas ou efetivadas. Assim, o Programa de Enfrentamento da Violência Contra a Mulher almeja melhorar essa realidade no Estado de Rondônia, fundamentalmente no que tange às competências do Poder Judiciário Rondoniense.",2024,1,Programa,2024,1
23,03011,Fundo de Aperfeiçoamento dos Serviços Judiciários,FUJU,1653,1013,"GESTÃO, MANUTENÇÃO E SERVIÇOS DE TIC","Gestão, manutenção e serviços de TIC","Estagiários(as), jurisdicionados(as), magistrados(as) e servidores(as) do Poder Judiciário do Estado de Rondônia   	",Gestão Estratégica,continuo,2024-01-01T00:00:00,,Gestão Manutenção e Serviço,"O principal problema enfrentado é a necessidade de uma infraestrutura de TI moderna, escalável e segura, que permita inovação, eficiência operacional e melhor governança de dados, enquanto reduz a vulnerabilidade a ameaças cibernéticas. Para isso, é necessário a renovação das garantias dos equipamentos de microinformática, bem como a manutenção dos contratos relacionados à infraestrutura, segurança, serviços, sistemas e governança. A crescente judicialização das demandas e a necessidade de modernização da área administrativa do Poder judiciários do Estado de Rondônia resultam em necessidades de armazenamento, processamento, segurança e governança de dados. Por isso tem sido realizado investimentos contínuos em soluções de Tecnologia da Informação (TI) para dar suporte e agilizar o fluxo dessas demandas. Além disso, as demandas atuais da área de Tecnologia da Informação e Comunicação (TIC) são cada vez mais complexas e exigentes, porém, a infraestrutura existente mostra-se limitada e incapaz de atender ao aumento na utilização de recursos, o que afeta diretamente a velocidade dos sistemas judiciais e administrativos. Com relação a inovação, um ponto crítico a ser destacado é a ausência de automação na elaboração de minutas de documentos decisórios, o que prejudica a duração razoável dos processos. Além disso, a falta de disponibilidade de alguns sistemas impede uma identificação eficiente das informações necessárias para a automação adequada. Outro ponto a ser ressaltado é o fato de que a maioria dos serviços utilizados pelo Poder Judiciário está disponível internamente e na internet, aumentando assim o risco potencial de incidentes de segurança cibernética. Com os serviços institucionais se tornando cada vez mais dependentes dos recursos computacionais, é necessário enfrentar continuamente as novas ameaças e vulnerabilidades que surgem constantemente, nem sempre sendo possível solucioná-las de forma definitiva internamente. Diante desses desafios, fica evidente que a tecnologia da informação exerce um impacto direto nas estratégias do Poder Judiciário de Rondônia (PJRO), viabilizando a construção de soluções inovadoras, a eficiência do desempenho operacional e a otimização da produtividade. Além disso, é responsável por manter em funcionamento todas as soluções de TIC atualmente utilizadas pelo Poder Judiciário. Portanto, investir em uma infraestrutura de TI moderna e escalável é fundamental para atender às necessidades crescentes do Poder Judiciário, garantindo a eficiência e eficácia na prestação de serviços jurisdicionais à sociedade.",2024,1,Programa,2024,1
24,11003,Procuradoria-Geral do Estado,PGE,1473,1015,GESTÃO ADMINISTRATIVA DO PODER EXECUTIVO,Funcionamento e a Manutenção das atividades operacionais da unidade.,Unidades orçamentárias do Poder Executivo,Gestão Estratégica,continuo,2024-01-01T00:00:00,,Gestão Manutenção e Serviço,"Desenvolver atividades-meios para o bom desenvolvimento das funções operacionais-fins da Unidade para qual foi criada por lei, visando à eficiência e eficácia das Políticas Públicas do Poder Executivo.",2024,1,Programa,2024,1
25,11003,Procuradoria-Geral do Estado,PGE,1482,0000,OPERAÇÕES ESPECIAIS,"Custear pagamentos de despesas de créditos devidos a particulares de decisões judiciais em favor de terceiros mediante Requisição de Pequeno Valor (RPV), exceto precatórios.",População de Rondônia que demandam de acesso a justiça,Gestão Estratégica,continuo,2024-01-01T00:00:00,,Operação Especial,"A Requisição de Pequeno Valor (RPV) representa uma obrigação a pagar após o trânsito em julgado de decisão judicial, o teto é estipulado pela Lei Estadual nº 1788/2007, que fixou em 10 Salários mínimos o limite para pagamento da RPV, e o prazo para pagamento é de 60 (sessenta) dias, e o presente programa visa realizar pagamentos de honorários em favor de advogados dativos, peritos, tradutores, intérpretes e órgãos técnicos ou científicos, eventualmente nomeados pelo Poder Judiciário para atuar em processos em que a parte for beneficiária da justiça gratuita, a fim de garantir o acesso à justiça aos que comprovarem carência de recursos e para pagamento de sentenças judiciais mediante RPV, exceto precatórios.",2024,1,Programa,2024,1
26,11003,Procuradoria-Geral do Estado,PGE,1485,2155,GESTÃO DA DÍVIDA ATIVA,Promover melhoria na recuperação de créditos tributários inscritos em dívida ativa.,SOCIEDADE DE RONDÔNIA,Cidadania,continuo,2024-01-01T00:00:00,,Finalístico,"A aplicação de recursos para investimentos na administração fazendária é essencial para o aprimoramento e incremento da arrecadação do estado, bem como contribui para os processos sistêmicos de reflexão sobre a qualidade do gasto, garante-se dessa forma que a PGE atue em seus dois eixos prioritários de trabalho, quais sejam a ""RESPONSABILIDADE FISCAL (perspectiva do gasto) e a ARRECADAÇÃO (perspectiva da receita). ",2024,1,Programa,2024,1
27,11004,Superintendência Estadual de Turismo,Setur,1442,1015,GESTÃO ADMINISTRATIVA DO PODER EXECUTIVO,Gestão Administrativa do Poder Executivo,Unidades orçamentárias do Poder Executivo,Gestão Estratégica,continuo,2024-01-01T00:00:00,,Gestão Manutenção e Serviço,"Desenvolver atividades-meios para o bom desenvolvimento das funções operacionais-fins da Unidade para qual foi criada por lei, visando à eficiência e eficácia das Políticas Públicas do Poder Executivo.",2024,1,Programa,2024,1
28,11004,Superintendência Estadual de Turismo,Setur,1511,2108,DESENVOLVIMENTO DO TURISMO,Desenvolvimento do Turismo.,Municípios do Estado de Rondônia,Desenvolvimento Econômico,continuo,2024-01-01T00:00:00,,Finalístico,"O Estado de Rondônia com vários atrativos turísticos: naturais, históricos, religioso, ecoturismo, esporte e lazer, culturais, exposições agropecuárias, entre outros, sendo possível transformar esses segmentos em produtos turísticos vendáveis, com geração de emprego, renda e tributos para o estado, aquecendo a economia. Nesse sentido, torna-se necessário a exploração desse potencial, visto que o turismo é a terceira indústria que mais cresce no mundo, ficando atrás apenas da aviação e do setor petrolífero, sendo considerada indústria limpa não poluente. Para consecução dos objetivos desse Programa serão empenhados esforços de estruturação e melhoria de atrativos Turísticos do Estado, Apoio as Ações do CADASTUR dentro e fora do Estado, Participação da SETUR em eventos e feiras dentro e fora do Estado, Elaboração do Plano Estadual de Turismo, Apoio da SETUR em eventos de cunho turístico, visita técnica aos municípios do estado, mapa da regionalização do turismo em RO/mapa do turismo brasileiro.",2024,1,Programa,2024,1
29,11005,Controladoria-Geral do Estado,CGE,1486,1015,GESTÃO ADMINISTRATIVA DO PODER EXECUTIVO,"Qualificação dos servidores da Controladoria-Geral do Estado, bem como funcionamento e manutenção das atividades administrativas da unidade.",Servidores da controladoria geral do Estado,Gestão Estratégica,continuo,2024-01-01T00:00:00,,Gestão Manutenção e Serviço,"Garantir o funcionamento das atividades administrativas do Órgão Central de Controle Interno do Poder Executivo Estadual, assegurando a utilização de recursos de modo eficiente e eficaz para a que a Controladoria-Geral do Estado possa alcançar seus objetivos institucionais, por meio da remuneração de servidores, formação e qualificação e promoção de ações preventivas de saúde ocupacional de qualidade de vida no trabalho, bem como por meio da manutenção administrativa da CGE/RO.  ",2024,1,Programa,2024,1
30,11005,Controladoria-Geral do Estado,CGE,1665,2190,FORTALECIMENTO DO ÓRGÃO CENTRAL DO SISTEMA DE CONTROLE INTERNO DO PODER EXECUTIVO,Garantir a execução das atividades fins da Controladoria-Geral do Estado de Rondônia.,Unidades setoriais de controle do Poder Executivo e Sociedade,Gestão Estratégica,continuo,2024-01-01T00:00:00,,Finalístico,"Os avanços tecnológicos impõem ao sistema de controle interno uma necessidade contínua de aprimoramento e investimento para acompanhar a evolução do ambiente de produção. Esses avanços se traduzem em inovação tecnológica e novas formas de atuação. Nesse sentido, considerando a missão da Controladoria Geral do Estado em agir de maneira preventiva, concomitante e corretiva no enfrentamento e prevenção à corrupção, fomento da transparência e cultura de integridade, fortalecimento da auditoria interna, além de responsabilização de pessoas jurídicas e ações cidadãs. As ações desse programa são fundamentais para o fortalecimento do sistema de controle para que as Unidades Gestoras do Poder Executivo possam atingir seus objetivos estratégicos e defendendo os interesses da coletividade.",2024,1,Programa,2024,1
31,11006,Secretaria de Estado do Desenvolvimento Econômico,Sedec,1462,1015,GESTÃO ADMINISTRATIVA DO PODER EXECUTIVO,Gestão Administrativa da Unidade,Secretaria de Estado do Desenvolvimento Econômico - SEDEC,Desenvolvimento Econômico,continuo,2024-01-01T00:00:00,,Gestão Manutenção e Serviço,"Necessidade de programar recursos para a Gestão Administrativa da Unidade, tais como despesas com diárias, passagens, material de consumo, material permanente e contratos administrativos.",2024,1,Programa,2024,1
32,11006,Secretaria de Estado do Desenvolvimento Econômico,Sedec,1467,2000,DESENVOLVE RONDÔNIA,Desenvolve Rondônia,"Empresas dos setores Agroindustriais, Industriais, Comerciais, Mineração, Prestação de Serviços, Turismo, Empreendedores e Microempreendedores, Cooperativas, de Tecnologia, Inovação, Indústria da Construção Civil, Farmacêutica e Médica",Desenvolvimento Econômico,continuo,2024-01-01T00:00:00,,Finalístico,"O apoio governamental ao desenvolvimento econômico justifica-se em razão da capacidade contributiva dos resultados alcançados através do avanço econômico e social obtido com o aprimoramento da ciência, tecnologia e inovação nas cadeias produtivas do Estado, com o desenvolvimento e apoio ao Empreendedorismo fomentando o crescimento do PIB estadual, através da comercialização e fortalecimento das cadeias produtivas regionais e promovendo a atração de investimentos, impactando diretamente no fomento do Emprego e Renda.",2024,1,Programa,2024,1
33,11006,Secretaria de Estado do Desenvolvimento Econômico,Sedec,1469,2072,PROTEÇÃO E DEFESA DOS DIREITOS DO CONSUMIDOR,"Promover a proteção e garantia dos direitos dos consumidores visando cumprimento da legislação consumerista conscientizando todos os atores desta relação de seus direitos e deveres, objetivando o equilíbrio do mercado de consumo sustentavelmente.
",Consumidores e Fornecedores de bens e serviços.,Desenvolvimento Econômico,continuo,2024-01-01T00:00:00,,Finalístico,"A ampliação o mercado de consumo, desde plataformas tecnológicas e redes de comunicação proporcionaram maior aproximação do Consumidor e Fornecedor, por conseguinte o referido cenário enseja e maior demanda na resolução de conflitos entre as partes e a necessidade de aprimoramento tecnológico para acompanhar o mercado, tanto na fiscalização quanto nas ações educativas de conscientização dos atores envolvidos na relação de consumo. Não obstante, verifica-se a necessidade de descentralização dos serviços prestados pelo PROCON para cobertura nas diversas regiões do Estado de Rondônia.",2024,1,Programa,2024,1
34,11006,Secretaria de Estado do Desenvolvimento Econômico,Sedec,1659,2187,FORTALECIMENTO DAS ESTATAIS,"Promover o fortalecimento das Estatais Rongás, Companhia de Mineração de Rondônia (CMR), Sociedade de Portos e Hidrovias (SOPH), Companhia de Águas e Esgoto de Rondônia (CAERD).","Rongás, Companhia de Mineração de Rondônia (CMR), Sociedade de Portos e Hidrovias (SOPH), Companhia de Águas e Esgoto de Rondônia (CAERD).",Desenvolvimento Econômico,continuo,2024-01-01T00:00:00,,Finalístico,"O apoio as Estatais é essencial ao desenvolvimento do Estado de Rondônia em razão da promoção do progresso do marco do saneamento, exportações realizadas através da Estrutura Portuária sob administração do Estado, produção e exploração do Calcário realizado pela CMR, bem como a produção e exploração dos minerais existentes em Rondônia. ",2024,1,Programa,2024,1
35,11006,Secretaria de Estado do Desenvolvimento Econômico,Sedec,1663,2142,PROGRAMA DE PARCERIAS PÚBLICO-PRIVADAS DO ESTADO DE RONDÔNIA – PPP,Definir a viabilidade econômico-financeira objetivando a atratividade para concessão de serviços públicos.,"Órgãos da Administração Direta e Indireta, demais entes estadual e municipal.",Desenvolvimento Econômico,continuo,2024-01-01T00:00:00,,Finalístico,"O Programa destina-se a fomentar, coordenar, regular e fiscalizar a realização de parcerias e concessões no âmbito da Administração Pública Estadual Direta e Indireta, nos termos da Lei Complementar nº 609/2011.",2024,1,Programa,2024,1
36,11007,Superintendência Estadual de Tecnologia da Informação e Comunicação,Setic,1421,1015,GESTÃO ADMINISTRATIVA DO PODER EXECUTIVO,"Garantir o pleno funcionamento das atividades de apoio administrativo de todas as Unidades Orçamentárias do Poder Executivo, coordenando recursos humanos, materiais, financeiros e técnicos, como forma de assegurar e otimizar as tarefas executadas.",Administração pública em geral,Gestão Estratégica,continuo,2024-01-01T00:00:00,,Gestão Manutenção e Serviço,"Desenvolver atividades meio para proporcionar o bom desempenho das funções operacionais e finalísticas da Unidade, visando a eficiência e a eficácia das Políticas Públicas do Poder Executivo.
",2024,1,Programa,2024,1
37,11007,Superintendência Estadual de Tecnologia da Informação e Comunicação,Setic,1549,2074,GESTÃO INTEGRADA DAS ATIVIDADES DE GESTÃO GOVERNAMENTAL E TECNOLOGIA DA INFORMAÇÃO E COMUNICAÇÃO,"Disponibilização de infraestrutura de rede e comunicação de dados para as unidades governamentais, provendo processamento, segurança da informação, análise e gestão de dados, desenvolvimento e manutenção de sistemas, bem como promover por meio da Tecnologia da Informação e Comunicação, o desenvolvimento sustentável com foco na inclusão social, governança e proteção do meio ambiente - dentre outras atividades relacionadas à área.",Administração pública em geral,Gestão Estratégica,continuo,2024-01-01T00:00:00,,Finalístico,"A gestão integrada das atividades relacionadas à gestão e tecnologia da informação simplificam o acesso e o compartilhamento de serviços prestados tanto à população quanto aos demais órgãos governamentais, gerando economia e eficiência nas ações do Estado.
",2024,1,Programa,2024,1
38,11008,Superintendência Estadual de Compras e Licitações,SUPEL,1481,1015,GESTÃO ADMINISTRATIVA DO PODER EXECUTIVO,Gestão administrativa do Poder Executivo ,Unidades orçamentárias do Poder Executivo,Gestão Estratégica,continuo,2024-01-01T00:00:00,2023-07-01T00:00:00,Gestão Manutenção e Serviço,"Desenvolver atividades-meios para o bom desenvolvimento das funções operacionais-fins da Unidade para qual foi criada por lei, visando à eficiência e eficácia das Políticas Públicas do Poder Executivo.",2024,1,Programa,2024,1
39,11008,Superintendência Estadual de Compras e Licitações,SUPEL,1547,2058,EFICIÊNCIA OPERACIONAL,Eficiência Operacional.,Unidades orçamentárias do Poder Executivo,Gestão Estratégica,continuo,2024-01-01T00:00:00,,Finalístico,Promover eficiência nas aquisição de bens e serviços por meio de licitação ou outros instrumentos congênere,2024,1,Programa,2024,1
40,11009,Superintendência de Gestão dos Gastos Públicos Administrativos ,SUGESP,1419,1015,GESTÃO ADMINISTRATIVA DO PODER EXECUTIVO,Gestão Administrativa do Poder Executivo,Unidades orçamentárias do Poder Executivo,Gestão Estratégica,continuo,2024-01-01T00:00:00,,Gestão Manutenção e Serviço,"Desenvolver atividades meio de forma a subsidiar o alcance dos objetivos, finalidades e atribuição da Unidade e de seus órgãos vinculados.",2024,1,Programa,2024,1
41,11009,Superintendência de Gestão dos Gastos Públicos Administrativos ,SUGESP,1420,2133,FORTALECIMENTO DO DESENVOLVIMENTO REGIONAL,Fomentar o Desenvolvimento Regional Sustentável do Estado de Rondônia por meio da implantação das políticas públicas e inovações com o fortalecimento das Secretarias Executivas Regionais e a implantação de 09 Núcleos de Projetos Regionais pautadas nas diretrizes do PDES.,"Prefeituras dos Municípios e as Organizações da Sociedade Civil constituídas, tendo como objetivo proporcionar o desenvolvimento sócio econômico da população daquela Região.",Gestão Estratégica,continuo,2024-01-01T00:00:00,,Finalístico,"O desenvolvimento socioeconômico do Estado de Rondônia perpassa por macropolíticas públicas estabelecidas pelas unidades Governamentais, o apoio para fortalecimento dessas políticas junto as prefeituras dos 52 Municípios e sociedade civil é competência das Secretarias Executivas Regionais as quais fomentam e buscam o desenvolvimento mais amiúde valorizando os recursos e realidades locais, sendo as mesmas fundamentais desde os diagnósticos e busca de soluções muitas vezes dentro da própria região. A busca pelo desenvolvimento requer inovações de metodologias e benchmarking que se busca com a participação do Estado no Consórcio Brasil Central BrC que traz projetos para melhorar indicadores de competências Estaduais e Municipais, o programa busca trazer esse desenvolvimento regional para todas as dez regiões do Estado por meio da implantação de 09 NÚCLEOS DE PROJETOS REGIONAIS que serão a base, instâncias de integração para o desenvolvimento regional local onde estão estabelecidos órgãos do Governo Federal, Estadual, e Municipal a serviço e diálogo da Sociedade Civil Organizada.",2024,1,Programa,2024,1
42,11009,Superintendência de Gestão dos Gastos Públicos Administrativos ,SUGESP,1429,2128,COMUNICAÇÃO GOVERNAMENTAL,"Promover a Comunicação Governamental, levando aos públicos interno e externo os atos e fatos de governo por meio das ações de comunicação corporativa (produção de releases, matérias jornalísticas, notas distribuídas aos veículos de comunicação estaduais e nacionais, atendimento à imprensa, realização de entrevistas coletivas, realização de eventos; qualificação dos porta-vozes institucionais, qualificação do quadro de assessores de comunicação), e por meio da publicidade institucional e de utilidade pública.",População do Governo do Estado de Rondônia,Gestão Estratégica,continuo,2024-01-01T00:00:00,,Finalístico,"Garantir ao cidadão um direito constitucional, frente à ferramenta de comunicação, que possui em sua essência o fortalecimento à cidadania. Por meio da entrega de campanhas de utilidade pública que tem como objetivo informar, orientar, avisar, prevenir ou alertar a população ou segmento da população para adotar comportamentos que lhe tragam benefícios sociais reais, visando melhorar a sua qualidade de vida, além da campanha institucionais, de cunho educativo e de orientação social quanto aos atos, programas, obras, serviços e projetos fo Governo do Estado de Rondônia.",2024,1,Programa,2024,1
43,11009,Superintendência de Gestão dos Gastos Públicos Administrativos ,SUGESP,1435,2041,GESTÃO INTEGRADA DE POLÍTICAS PÚBLICAS,Gestão Integradas das Políticas Públicas para o Desenvolvimento do Estado de Rondônia.,Administração pública em geral,Desenvolvimento Econômico,continuo,2024-01-01T00:00:00,,Finalístico,"Instituir a governança interfederativa e intermunicipal, de formar  a integrar união entre os entes para o desenvolvimento econômico e social regional, por meio da formulação de projetos estruturantes, execuções em conjunto, buscando formas de articulação, integração, e fortalecimento de ações compartilhadas no desenvolvimento de políticas públicas.",2024,1,Programa,2024,1
44,11009,Superintendência de Gestão dos Gastos Públicos Administrativos ,SUGESP,1459,2112,PROGRAMA PARA O FORTALECIMENTO DA POLÍTICA ESTADUAL DE CIDADANIA E DE DIREITOS HUMANOS,"Programa para promover acesso aos servidores de atendimento ao cidadão, implementar políticas de atendimento ao cidadão, proporcionando a universalização do acesso às informações e aos serviços públicos ou de natureza pública; promover a qualidade e celeridade dos processos de atendimento; resgatar a credibilidade do cidadão no serviço público, bem como a do agente público.",Cidadão que necessitar dos serviços assistenciais.,Cidadania,continuo,2024-01-01T00:00:00,,Finalístico,"Democratizar ao cidadão o acesso à informação e execução de serviços públicos ou de natureza pública com celeridade, credibilidade e eficiência, fazendo uso da Gestão Participativa com a valorização dos agentes públicos.",2024,1,Programa,2024,1
45,11010,Fundo Especial de Modernização Procuradoria-Geral do Estado de Rondônia,FUMORPGE,1466,2085,FORTALECIMENTO DA ESTRUTURA FÍSICA DA PGE/RO,"Dotar as Unidades da Procuradoria Geral do Estado (PGE), localizadas tanto na sede como nas Regionais e na Representação Judicial em Brasília-DF, com uma estrutura física apropriada. Criar um ambiente equipado e propício para a execução eficiente das atividades jurídicas e administrativas, garantindo assim, um melhor desempenho das Unidades do Poder Executivo.",Administração pública em geral,Gestão Estratégica,continuo,2024-01-01T00:00:00,,Finalístico,"Atender as necessidades das unidades da Procuradoria Geral do Estado (PGE) , seja na Sede, nas Regionais ou na Representação e Judicial em Brasília-DF, priorizando a destinação de recursos para a manutenção e aprimoramento da estrutura física, bem como a aquisição de equipamentos e materiais permanentes, visando melhorar o atendimento ao público e proporcionar aos servidores condições ideais de trabalho. Programa estratégico alinhado à política da Instituição, reafirmando o compromisso com a excelência no serviço público e a valorização do público e dos servidores.",2024,1,Programa,2024,1
46,11010,Fundo Especial de Modernização Procuradoria-Geral do Estado de Rondônia,FUMORPGE,1470,2110,MODERNIZAÇÃO DA GESTÃO PÚBLICA,"Garantir a melhoria na modernização da Gestão Pública, alcançando resultados na formação, qualificação e na capacitação dos Servidores desta Instituição, promovendo também uma boa gestão em Tecnologia da Informática, bem como organização e realização de concurso público visando provimento de vagas para cargos de carreira.",Administração pública em geral,Gestão Estratégica,continuo,2024-01-01T00:00:00,,Finalístico,"Buscar as condições ideais de gestão pública para o pleno cumprimento da missão governamental, baseado nos princípios constitucionais e necessários visando modernizar á administração promovendo o aperfeiçoamento dos serviços prestados visando o bem-estar da população em geral.",2024,1,Programa,2024,1
47,11010,Fundo Especial de Modernização Procuradoria-Geral do Estado de Rondônia,FUMORPGE,1616,1015,GESTÃO ADMINISTRATIVA DO PODER EXECUTIVO,"Garantir a melhoria na modernização da Gestão Pública, alcançado resultados na formação, qualificação e na capacitação dos Servidores desta Instituição",Administração pública em geral,Gestão Estratégica,continuo,2024-01-01T00:00:00,,Gestão Manutenção e Serviço,"Buscar capacitação dos membros e servidores, sendo essencial para que as atribuições profissionais sejam realizados de forma mais eficaz, eficiente e ética. Além disso, a capacitação aumenta o conhencimento dos individuos, melhorando as habilidades, destreza e desenvolve ou modifica comportamentos, contribuindo para que os Servidores tomem decisões mais seguras no desempenho de suas funções.",2024,1,Programa,2024,1
48,11011,Fundo Garantidor de Parcerias Público-Privadas do Estado de Rondônia,FGPPP-RO,1669,0000,OPERAÇÕES ESPECIAIS,"Garantir o pagamento de parcelas inadimplentes por parte do Estado aos contratos de concessões e parceiras em cumprimento ao disposto na Lei nº 11.079/2004, por meio de fundo de reserva. O resultado do respectivo programo será satisfatório quando não houver a execução de garantias ou avais.",Administração pública em geral,Desenvolvimento Econômico,continuo,2024-01-01T00:00:00,,Operação Especial,"Faz-se necessário que se tenha um fundo de reserva para garantir o pagamento das parcelas inadimplentes por parte do Estado aos contratos de concessões e parcerias, dentro do que preceitua-se à Lei n° 11.079/2004.",2024,1,Programa,2024,1
49,11013,Fundo de Investimento e Desenv. Industrial do Estado de Rondônia,Fider,1472,2000,DESENVOLVE RONDÔNIA,"Desenvolve Rondônia
","Empresas dos setores Agroindustriais, Industriais, Comerciais, Mineração, Prestação de Serviços, Turismo, Empreendedores e Microempreendedores, Cooperativas, de Tecnologia, Inovação, Indústria da Construção Civil, Farmacêutica e Médica",Desenvolvimento Econômico,continuo,2024-01-01T00:00:00,,Finalístico,"O apoio governamental ao desenvolvimento econômico justifica-se em razão da capacidade contributiva dos resultados alcançados através do avanço econômico e social obtido com o aprimoramento da ciência, tecnologia e inovação nas cadeias produtivas do Estado, com o desenvolvimento e apoio ao Empreendedorismo fomentando o crescimento do PIB estadual, através da comercialização e fortalecimento das cadeias produtivas regionais e promovendo a atração de investimentos, impactando diretamente no fomento do Emprego e Renda.",2024,1,Programa,2024,1
50,11016,Fundo Estadual de Defesa do Consumidor,Fundec,1475,2072,PROTEÇÃO E DEFESA DOS DIREITOS DO CONSUMIDOR,"Fortalecimento e ampliação da política e defesa dos direitos do consumidor no Estado de Rondônia, com vistas à promover o equilíbrio nas relações de consumo.",Consumidores e Fornecedores de bens e serviços.,Desenvolvimento Econômico,continuo,2024-01-01T00:00:00,,Finalístico,"A ampliação do mercado de consumo, desde plataformas tecnológicas até as redes de comunicação, proporcionam maior aproximação do Consumidor e Fornecedor, por conseguinte o referido cenário enseja e maior demanda na resolução de conflitos entre as partes e a necessidade de aprimoramento tecnológico para acompanhar o mercado, tanto na fiscalização quanto nas ações educativas de conscientização dos atores envolvidos na relação de consumo. Não obstante, verifica-se a necessidade de descentralização dos serviços prestados pelo PROCON para cobertura nas diversas regiões do Estado de Rondônia.",2024,1,Programa,2024,1
51,11017,"Fundo Estadual do Trabalho, Emprego e Renda do Estado de Rondônia",FETERO,1477,2135,"FORTALECIMENTO ESTADUAL DO TRABALHO, EMPREGO E RENDA","Fortalecimento Estadual do Trabalho, Emprego e Renda.","Trabalhadores, desempregados, desalentados, estudantes e empresas",Desenvolvimento Econômico,continuo,2024-01-01T00:00:00,,Finalístico,"Prestar apoio a política de trabalho, Emprego e Renda, com vistas a incentivar a relação entre Empregadores e Trabalhadores para o desenvolvimento econômico do Estado de Rondônia aprimorando e capacitando a mão de obra em conformidade com as demandas geradas pelas cadeias produtivas do Estado de Rondônia.",2024,1,Programa,2024,1
52,11020,Contabilidade Geral do Estado,COGES,1449,2148,MODERNIZAR A CONTABILIDADE GERAL DO ESTADO,"Promover a modernização da Contabilidade Geral do Estado através da integração do SIGEF com os demais sistemas do Estado, buscando capacitar e aperfeiçoar o capital humano da COGES, bem como potencializar a eficiência nos mecanismos de controles e transparência das informações contábeis.","Instituições públicas, privadas, não governamentais, comunidades científicas, técnicos, tecnólogos, instituições superiores de ensino, setor produtivo e a sociedade ",Gestão Estratégica,continuo,2024-01-01T00:00:00,,Finalístico,"Planejar, coordenar, supervisionar e controlar as atividades contábeis, bem como acompanhar, centralizar e divulgar os resultados da gestão contábil e fiscal do Estado;

Elaborar e disponibilizar informações contábeis, fiscais e gerenciais, incluídos os indicadores constitucionais e legais que subsidiem a tomada de decisão e permitam eficácia e efetividade à Administração Pública Estadual;

",2024,1,Programa,2024,1
53,11020,Contabilidade Geral do Estado,COGES,1452,1015,GESTÃO ADMINISTRATIVA DO PODER EXECUTIVO,Gestão Administrativa do Poder Executivo,Unidades orçamentárias do Poder Executivo,Gestão Estratégica,continuo,2024-01-01T00:00:00,,Gestão Manutenção e Serviço,"Desenvolver atividades-meios para o bom desenvolvimento das funções operacionais-fins da Unidade para qual foi criada por lei, visando à eficiência e eficácia das Políticas Públicas do Poder Executivo.",2024,1,Programa,2024,1
54,11022,Junta Comercial do Estado de Rondônia,Jucer,1433,1015,GESTÃO ADMINISTRATIVA DO PODER EXECUTIVO,Gestão Administrativa do Poder Executivo,Unidades orçamentárias do Poder Executivo,Gestão Estratégica,continuo,2024-01-01T00:00:00,,Gestão Manutenção e Serviço,"Desenvolver atividades-meios para o bom desenvolvimento das funções operacionais-fins da Unidade para qual foi criada por lei, visando à eficiência e eficácia das Políticas Públicas do Poder Executivo",2024,1,Programa,2024,1
55,11022,Junta Comercial do Estado de Rondônia,Jucer,1545,0000,OPERAÇÕES ESPECIAIS,Operações Especiais ,Servidores e usuários da JUCER,Gestão Estratégica,continuo,2024-01-01T00:00:00,,Operação Especial,Desenvolver atividades relacionadas com o pagamento do PASEP - Contribuição para Formação do Patrimônio do Patrimônio do Servidor público.,2024,1,Programa,2024,1
56,11022,Junta Comercial do Estado de Rondônia,Jucer,1546,1260,SIMPLIFICAÇÃO DO REGISTRO E DA LEGALIZAÇÃO DE EMPRESAS,Manutenção e aprimoramento da Redesim Rondônia,"Empresas em geral, bem como, órgãos públicos estaduais e municipais.",Desenvolvimento Econômico,continuo,2024-01-01T00:00:00,,Finalístico,Manutenção e aprimoramento da Redesim Rondônia e o sistema integrado de registro e legalização de empresas com foco na desburocratização e automatização dos processo de registro e legalização para estimular a abertura e regularização de empresas reduzindo a informalidade e  contribuindo para o desenvolvimento econômico e a geração de emprego e renda.,2024,1,Programa,2024,1
57,11023,Instituto de Pesos e Medidas do Estado de Rondônia,IPEM,1570,1015,GESTÃO ADMINISTRATIVA DO PODER EXECUTIVO,Gestão Administrativa do Poder Executivo,Unidade Orçamentária do Poder  Executivo,Desenvolvimento Econômico,continuo,2024-01-01T00:00:00,,Gestão Manutenção e Serviço,"Desenvolver atividades-meios para o bom desenvolvimento das funções operacionais-fins da Unidade para qual foi criada por lei, visando à eficiência e eficácia das Políticas Públicas do Poder Executivo
",2024,1,Programa,2024,1
58,11023,Instituto de Pesos e Medidas do Estado de Rondônia,IPEM,1572,2051,RONDÔNIA COMPETITIVA,Garantir a segurança à População e Fornecedores,"Indústria, Comércio, Transportes e Unidade de Saúde",Desenvolvimento Econômico,continuo,2024-01-01T00:00:00,,Finalístico,"O programa se faz necessário para garantir a confiança nas medições quando em relações comerciais; quando forem utilizados na concretização ou na definição do objeto de atos em negócios jurídicos de natureza comercial, civil, trabalhista, fiscal, parafiscal, administrativa e processual e quando forem empregados em quaisquer outras medições presentes à incolumidade das pessoas, à saúde, à segurança e ao meio ambiente; Informar e proteger o consumidor, em particular quanto a saúde, segurança e meio ambiente; propiciar a concorrência justa; estimular a melhoria contínua da qualidade; facilitar o comércio internacional e fortalecer o mercado interno.",2024,1,Programa,2024,1
59,11023,Instituto de Pesos e Medidas do Estado de Rondônia,IPEM,1619,2177,OBRAS E INSTALAÇÕES,Construção de sede própria do IPEM/RO.,Servidores do órgão e usuários dos serviços do IPEM/RO.,Desenvolvimento Econômico,temporário,2024-04-01T00:00:00,2027-12-01T00:00:00,Finalístico,"Construção de prédio do IPEM/RO, para que seja possível a instalação dos laboratórios e ambientes de trabalho em conformidade com as atribuições delegadas pelo INMETRO, implementação de novos ramos de atuação da fiscalização no Estado de Rondônia, tendo em vista que as atividades atualmente executadas, por limitações financeiras e instalações físicas só alcançam 50% (cinquenta por cento) da demanda existente.",2024,1,Programa,2024,1
60,11025,Departamento Estadual de Estradas de Rodagem e Transportes,DER,1576,0000,OPERAÇÕES ESPECIAIS,"Pagamento de despesas sentenças judiciais, processos administrativos e precatórios.",A demanda decorrente da sociedade abrangendo todo o Estado de Rondônia,Gestão Estratégica,continuo,2024-01-01T00:00:00,,Operação Especial,"Padronização de procedimentos na reserva de recursos para enfrentamentos de compromissos com o pagamento de despesas com 
sentenças judiciais e/ou administrativa e precatório.",2024,1,Programa,2024,1
61,11025,Departamento Estadual de Estradas de Rodagem e Transportes,DER,1577,1015,GESTÃO ADMINISTRATIVA DO PODER EXECUTIVO,Gestão Administrativa do Poder Executivo,Unidades orçamentárias do Poder Executivo,Gestão Estratégica,continuo,2024-01-01T00:00:00,,Gestão Manutenção e Serviço,"Desenvolver atividades-meios para o bom desenvolvimento das funções operacionais-fins da Unidade para qual foi criada por lei, 
visando à eficiência e eficácia das Políticas Públicas do Poder Executivo",2024,1,Programa,2024,1
62,11025,Departamento Estadual de Estradas de Rodagem e Transportes,DER,1580,2057,DESENVOLVIMENTO DA INFRAESTRUTURA MUNICIPAL,"Desenvolver estudos, projetos, acompanhamento e fiscalização da execução de obras e serviços de engenharia que 
se fizer necessários na implantação da infraestrutura urbana de transporte, saneamento, rodovias e outros.",População urbana dos municípios,Desenvolvimento Econômico,continuo,2024-01-01T00:00:00,,Finalístico,"Elaboração de projeto, construção, ampliação e melhoria da infra-estrutura urbana, realizando obras com serviços de pavimentação 
em Ruas, Avenidas e Rodovias no perímetro urbano, drenagem, arborização, urbanização de cursos d'água e outros.",2024,1,Programa,2024,1
63,11025,Departamento Estadual de Estradas de Rodagem e Transportes,DER,1581,2106,DESENVOLVIMENTO DA INFRAESTRUTURA DE TRANSPORTE E LOGÍSTICA,"Promover melhoria da infraestrutura de transporte rodoviária através da execução de pavimentação asfáltica, 
manutenção e recuperação das rodovias integrantes do Sistema Rodoviário Estadual – SRE nos termos do Decreto 
n.º 22.474 de 14 de dezembro de 2017.",População do Estado e demais usuários dos sistemas de transportes,Desenvolvimento Econômico,continuo,2024-01-01T00:00:00,,Finalístico,"Com o intuito de melhorar a trafegabilidade das rodovias estaduais bem como trazer maior segurança e conforto aos usuários com 
Transporte de bens e pessoas, interligar municípios, distritos, vilas e vilarejos assegurando o tráfego perene, seguro, confortável e 
econômico, contribuindo para o desenvolvimento econômico, social e sustentável do Estado.",2024,1,Programa,2024,1
64,11025,Departamento Estadual de Estradas de Rodagem e Transportes,DER,1597,2179,GESTÃO DE CONVÊNIOS E TRANSFERÊNCIAS VOLUNTÁRIAS,"Promover o gerenciamento dos recursos mediante convênios com órgãos da esfera federal, na forma da lei vigente, visando garantir 
a execução dos seus objetivos e metas propostas e gerir Transferências voluntárias para organismos municipais, entidades e outros.",População do Estado e demais usuários dos sistemas de transportes.,Desenvolvimento Econômico,continuo,2024-01-01T00:00:00,,Finalístico,"Melhorar a trafegabilidade dando maior segurança e conforto aos usuários das rodovias estaduais mediante a outros recursos, bem como trazer melhorias para os municípios por transferência de recursos e assim contribuir com o desenvolvimento econômico, social e sustentável do Estado.",2024,1,Programa,2024,1
65,11025,Departamento Estadual de Estradas de Rodagem e Transportes,DER,1598,2180,DESENVOLVIMENTO DA INFRAESTRUTURA AEROPORTUÁRIA,"Por meio de contratos administrativos, segurança armada, bem como com melhorias de infra estruturas com construção, ampliação e 
manutenção dos aeroportos e aeródromos sob administração do Estado.",População do Estado e demais usuários dos sistemas de transportes aéreo.,Desenvolvimento Econômico,continuo,2024-01-01T00:00:00,,Finalístico,"Com o intuito de aumentar o desenvolvimento do Estado dando opções de meios de trafegabilidade no modo aéreo dando segurança e conforto aos usuários, bem como diversificar os meios de deslocamento para atender a população. ",2024,1,Programa,2024,1
66,11025,Departamento Estadual de Estradas de Rodagem e Transportes,DER,1606,2181,APOIO FINALÍSTICO DE INFRAESTRUTURA,"Por meio de parcerias, termo de cooperação firmado entre os entes atuar de forma direta no apoio e suporte das demandas de infraestrutura.",Administração pública em geral e população em geral.,Desenvolvimento Econômico,continuo,2024-01-01T00:00:00,,Finalístico,Com o intuito de apoiar e dar suporte realizando melhorias na área de infraestrutura para outras entidades dos poderes e da União. ,2024,1,Programa,2024,1
67,11026,Agência de Regulação de Serviços Públicos Delegados do Estado de Rondônia,Agero,1455,2012,FISCALIZAÇÃO E REGULAÇÃO DAS AUTARQUIAS INDIRETAS,Fiscalização e regulação das autarquias indiretas.,População do Estado e demais usuários dos sistemas de transportes,Gestão Estratégica,continuo,2024-01-01T00:00:00,,Finalístico,"O programa finalístico 2012 visa dar cobertura às ações executadas pela autarquia no que tange às atividades de fiscalização e normatização dos serviços públicos delegados do Estado de Rondônia, abrangidos pela Lei Complementar n.º 826, de 09/07/2015, no âmbito do Estado de Rondônia. ",2024,1,Programa,2024,1
68,11026,Agência de Regulação de Serviços Públicos Delegados do Estado de Rondônia,Agero,1489,1015,GESTÃO ADMINISTRATIVA DO PODER EXECUTIVO,Assegurar a manutenção administrativa da unidade.,Credores legalmente constituídos e servidores,Gestão Estratégica,continuo,2024-01-01T00:00:00,,Gestão Manutenção e Serviço,"Assegurar a manutenção administrativa da unidade, atender os servidores com auxílios e assegurar a remuneração de pessoal ativo e encargos sociais",2024,1,Programa,2024,1
69,11033,Fundação Rondônia de Amparo ao Desenv. das Ações Cient. e Tecnol. e a Pesq. do Est de Rondônia ,Fapero,1463,2086,C & T E COOPERAÇÃO PARA O DESENVOLVIMENTO,"Estabelecer a Ciência, Tecnologia e Inovação como ponto central da promoção do desenvolvimento do estado de Rondônia por meio de programas, projetos, bolsas e atividades, voltados para o investimento em pesquisa e tecnológica, formação sustentável de recursos humanos, empreendedorismo de base cientifíca e tecnológica, modernização de infraestrutura, popularização e difusão do conhecimento científico tecnológico e internacionalização e cooperação interinstitucional.","Instituições públicos, privadas, não governamentais, comunidades científicas, técnicos, tecnólogos, instituições superiores de ensino, setor produtivo e sociedade.",Desenvolvimento Econômico,continuo,2024-01-01T00:00:00,,Finalístico,"Explorar de forma sustentável as características ambientais, econômicas, socioculturais da região por meio de pesquisas cientificas, tecnológicas e de inovação, para promover o desenvolvimento socioeconômico. Buscar soluções de acordo com as políticas estadual e federal, pensando a região e agindo com ações afirmativas, considerando suas potencialidades e peculiaridades loco- regionais, reconhecendo a condição estratégica da Ciência, Tecnologia e Inovação na região, para o futuro do estado de Rondônia e do país. É necessário reconhecer à comunidade científica e à sociedade civil organizada, como atores no papel de protagonistas na proposição e execução de políticas que desenvolvam avanços científicos, tecnológicos e de inovação no estado, contribuindo para a modernização da legislação que rege a atuação do poder público sobre esta área de desenvolvimento. O sistema de Ciência, Tecnologia e Inovação (CT&I) na região Norte do país, e em especial na Amazônia Ocidental, encontra-se em aprimoramento para alavancar o desenvolvimento econômico e social do estado de Rondônia. Os indicadores de investimento em CT&I tais como a capacidade instalada para a produção de conhecimento, a formação de recursos humanos (RH), a produtividade do corpo de pesquisadores na região e a produção de produtos e processos inovadores com registro de patentes, mostram a necessidade de investimento para equiparação aos outros indicadores econômicos e sociais em destaque do estado. Portanto, as atividades de pesquisa científica, tecnológica e de inovação são componentes fundamentais na formação de recursos humanos altamente qualificados (Especialistas, Mestres e Doutores) aptos a atuarem em todos setores da sociedade (Civil, Legislativo, Executivo e Judiciário), agregando valores a produtos e processos, principalmente, dos sistemas produtivos vocacionais do estado como agronegócio, com reflexos diretos na inserção competitiva do estado de Rondônia nos mercados regionais, nacional e internacional. Com isso, o desenvolvimento socioeconômico do estado passa pelo aprimoramento do sistema de CT&I, que se tornará um fator determinante na geração de emprego e bem-estar social, pois contribui para promoção dos conhecimentos necessários à melhoria das condições de vida da sociedade rondoniense e de seu entorno. Dessa forma, o programa compreende iniciativas voltadas à garantia do efetivo exercício de cidadania da população rondoniense, na perspectiva da superação das injustiças sociais. O objetivo é continuar construindo oportunidades que garantam o usufruto dos direitos sociais, políticos e culturais para todos. Além disso, consiste em construir oportunidades de maior acesso da população aos benefícios decorrentes do desenvolvimento sustentável, focado nas pessoas e nas suas demandas econômicas, sociais, culturais e ambientais. E com isso promover a dinamização da economia, fortalecendo o sistema de produção e de abastecimento, investindo em pesquisa científica e tecnológica e incentivando a economia solidária, o empreendedorismo, o cooperativismo e o associativismo, como formas de estimular o desenvolvimento local, considerando as potencialidades de cada município.",2024,1,Programa,2024,1
70,11033,Fundação Rondônia de Amparo ao Desenv. das Ações Cient. e Tecnol. e a Pesq. do Est de Rondônia ,Fapero,1557,1015,GESTÃO ADMINISTRATIVA DO PODER EXECUTIVO,Funcionamento e a manutenção das atividades operacionais da unidade.,"Unidades orçamentarias da estrutura do Poder Executivo, Poder Legislativo, Poder judiciario, Ministerio Publico e Tribunal de contas.",Gestão Estratégica,continuo,2024-01-01T00:00:00,,Gestão Manutenção e Serviço,"Desenvolver atividades-meios para o bom desenvolvimento das funções operacionais-fins da Unidade para a qual foi criada por lei, visando à eficiência e eficácia das Políticas Públicas do Poder Executivo.",2024,1,Programa,2024,1
71,11033,Fundação Rondônia de Amparo ao Desenv. das Ações Cient. e Tecnol. e a Pesq. do Est de Rondônia ,Fapero,1688,2098,PROTEÇÃO AMBIENTAL,Proteção Ambiental,População do Estado de Rondônia,Meio Ambiente e Desenvolvimento Territorial,continuo,2024-01-01T00:00:00,,Finalístico,"Para um ambiente protegido e ecologicamente equilibrado  faz-se necessário intensificar a redução da degradação ambiental, do desmatamento, principalmente o desmatamento ilegal e a redução das queimadas florestais, através da execução de ações voltadas para fiscalização, controle e monitoramento ambiental.",2024,1,Programa,2024,1
72,13001,"Secretaria de Estado do Planejamento, Orçamento e Gestão",Sepog,1438,1015,GESTÃO ADMINISTRATIVA DO PODER EXECUTIVO,Gestão Administrativa do Poder Executivo,Unidade administrativa e servidores ,Gestão Estratégica,continuo,2024-01-01T00:00:00,,Gestão Manutenção e Serviço,"Desenvolver atividades-meios para o bom desenvolvimento das funções operacionais-fins da Unidade para qual foi criada por lei, visando à eficiência e eficácia das Políticas Públicas do Poder Executivo.",2024,1,Programa,2024,1
73,13001,"Secretaria de Estado do Planejamento, Orçamento e Gestão",Sepog,1441,0000,OPERAÇÕES ESPECIAIS,Operações Especiais ,Unidades administrativas direta e indireta do Governo Estadual e municípios de Rondônia,Gestão Estratégica,continuo,2024-01-01T00:00:00,,Operação Especial,"Visa atender a alocação temporária de recursos durante o processo de elaboração orçamentária, a ser indicado pelos parlamentares até o limite individual e de bancada das emendas prevista no Projeto de Lei Orçamentária Anual, bem como, os passivos contingentes e outros riscos fiscais e eventos fiscais imprevistos, nos termos previstos na lei de diretrizes orçamentárias.",2024,1,Programa,2024,1
74,13001,"Secretaria de Estado do Planejamento, Orçamento e Gestão",Sepog,1600,2178,CAPACITAR E APERFEIÇOAR OS SERVIDORES PÚBLICOS ESTADUAIS,Capacitar e aperfeiçoar o capital humano dos servidores públicos estaduais. ,Servidores Estaduais da administração direta e indireta.,Gestão Estratégica,continuo,2024-01-01T00:00:00,,Finalístico,"Promover a formação e adoção de posturas de gestão a administração pública estadual por meio da concepção, discussão, compreensão e inovação das praticas gerenciais e do desenvolvimento de pessoas na perspectiva de um processo continuo de modernização do estado e com a visão de tornar-se excelência no atendimento as demandas da sociedade Rondoniense com foco na capacitação dos nossos Servidores. ",2024,1,Programa,2024,1
75,13001,"Secretaria de Estado do Planejamento, Orçamento e Gestão",Sepog,1631,2184,APOIO AO DESENVOLVIMENTO DE POLÍTICAS PÚBLICAS,Programa Convergente De Gestão Orçamentária E Políticas Públicas,Órgãos da Administração Estadual,Gestão Estratégica,continuo,2024-01-01T00:00:00,,Finalístico,"O estado necessita mensurar o impacto das políticas públicas realizadas, dessa forma é primordial que a gestão orçamentária esteja continuamente alinhada com as boas práticas nacionais e internacionais de elaboração, execução e avaliação dos instrumentos de planejamento, tal aspecto se posiciona em âmbito macro, mas desde 2019 com a emenda constitucional nº 109 há obrigatoriedade dos entes federativos de maneira separada ou em conjunto analisarem o impacto das políticas públicas executadas. Diante desse cenário busca-se a confecção de uma metodologia para avaliação do resultado das políticas públicas também alinhada com as boas práticas nacionais e internacionais.",2024,1,Programa,2024,1
76,13006,Superintendência Estadual de Gestão de Pessoas,Segep,1523,1015,GESTÃO ADMINISTRATIVA DO PODER EXECUTIVO,"Desenvolver atividades-meios para o bom desenvolvimento das funções operacionais-fins da Unidade para qual foi criada por lei, visando à eficiência e à eficácia das Políticas Públicas do Poder Executivo.",Servidores da Superintendência Estadual de Gestçao de Pessoas - SEGEP,Gestão Estratégica,continuo,2024-01-01T00:00:00,,Gestão Manutenção e Serviço,"Prover a Unidade de recursos orçamentários e financeiros para atender às atividades administrativas, com aquisição de bens e serviços, gestão de pessoal e outras, de natureza administrativa, classificadas como despesas correntes e de capital.",2024,1,Programa,2024,1
77,13006,Superintendência Estadual de Gestão de Pessoas,Segep,1589,2097,GESTÃO DE RECURSOS HUMANOS,"Garantir a qualificação de recursos humanos para atendimento das políticas de governo; possibilitar a readaptação funcional dos servidores públicos, bem como iniciativas relacionadas à qualidade de vida dos servidores do Estado e projetos relacionados com o componente IV - Modernização da Gestão Pública; Propiciar condições para a complementação do processo ensino-aprendizagem dos servidores do Estado.",Servidores do Estado de Rondônia,Gestão Estratégica,continuo,2024-01-01T00:00:00,,Finalístico,"Possibilitar o incremento de conhecimentos e habilidades, para melhoria do desempenho dos servidores e empregados públicos e a consequente melhoria dos serviços públicos prestados aos cidadões.",2024,1,Programa,2024,1
78,13006,Superintendência Estadual de Gestão de Pessoas,Segep,1590,0000,OPERAÇÕES ESPECIAIS,Atender Pagamento de Pensões Especiais,"Pessoal, prestadores de serviços e pensionistas",Gestão Estratégica,continuo,2024-01-01T00:00:00,,Operação Especial,"O Estado de Rondônia é alvo de ações movidas por terceiros, gerando obrigações de pagamento via decisões judiciais.",2024,1,Programa,2024,1
79,14001,Secretaria de Estado de Finanças,Sefin,1525,1015,GESTÃO ADMINISTRATIVA DO PODER EXECUTIVO,"O programa em questão visa a atender a demandas administrativas e contínuas da Secretaria de Estado de Finanças do Estado de Rondônia - SEFIN RO. Tais como, despesas decorrentes da manutenção das unidades e custeio das despesas obrigatórias com pessoal. Tem como finalidade a eficiente execução e conservação da máquina pública de competência desta unidade gestora.",Unidades orçamentárias e servidores do poder executivo.,Gestão Estratégica,continuo,2023-07-01T00:00:00,,Gestão Manutenção e Serviço,"Desenvolver atividades meios para o bom desenvolvimento das funções operacionais fins da Unidade para qual foi criada por lei, 
visando à eficiência e eficácia das Políticas Públicas do Poder Executivo.",2024,1,Programa,2024,1
80,14001,Secretaria de Estado de Finanças,Sefin,1555,2007,ARRECADAÇÃO E JUSTIÇA FISCAL,"O programa tem como propósito aperfeiçoar o desempenho da arrecadação da Receita Estadual, assim como investir em justiça fiscal.",SOCIEDADE DE RONDÔNIA,Desenvolvimento Econômico,continuo,2023-07-01T00:00:00,,Finalístico,"O desempenho da receita é limitado em relação ao seu potencial e a complexidade no cumprimento tributário afeta negativamente o 
ambiente de negócios e reduz a competitividade do Estado",2024,1,Programa,2024,1
81,14001,Secretaria de Estado de Finanças,Sefin,1583,2008,RESPONSABILIDADE FISCAL,"É essencial o Estado prever instrumentos eficazes para fornecer informações orçamentárias, financeiras e patrimoniais confiáveis e oportunas, a fim de facilitar a tomada de decisões e otimizar o uso dos recursos públicos. Realizar ajustes na execução do orçamento para garantir a implementação completa e pontual das ações necessárias para o desenvolvimento de políticas públicas e o alcance dos resultados planejados.
",Toda sociedade rondoniense,Gestão Estratégica,continuo,2023-07-01T00:00:00,,Finalístico,"A adoção de instrumentos eficazes para gerar informações confiáveis e oportunas no âmbito orçamentário, financeiro e patrimonial a fim de promover para uma gestão pública eficiente, transparente e responsável, que busca otimizar o uso dos recursos públicos em prol do desenvolvimento sustentável e do bem-estar da sociedade.
",2024,1,Programa,2024,1
82,14002,Recursos Sob a Supervisao da Sefin,RS-SEFIN,1436,0000,OPERAÇÕES ESPECIAIS,"Execução dos pagamentos da dívida pública fundada interna e externa, realização de aportes periódicas ao RPPS estadual para cobrir o déficit atuarial do fundo capitalizado de previdência do Estado, quitação regular de precatórios e da contribuição ao PIS/PASEP.",Governo do Estado de Rondônia,Gestão Estratégica,continuo,2024-01-01T00:00:00,,Operação Especial,"O cumprimento pontual do pagamento da dívida pública fundada interna e externa, a realização de aportes periódicos ao RPPS estadual para suprir o déficit atuarial do fundo de previdência capitalizado do Estado, o pagamento regular de precatórios e da contribuição ao PIS/Pasep asseguram a solvência do Estado frente a seus credores. Essas ações também garantem a execução planejada e coordenada das operações do Estado, prevenindo medidas desnecessárias, assegurando o cumprimento das obrigações constitucionais e legais e mantendo o Estado em dia com suas Certidões Negativas de débitos junto à União e aos bancos. Ademais, uma administração adequada dessas responsabilidades contribui para a sustentabilidade fiscal do Estado, permitindo um crescimento contínuo e a alocação apropriada de recursos para políticas públicas.",2024,1,Programa,2024,1
83,14011,Fundo para Infraestrutura de Transporte e Habitação,FITHA,1596,2106,DESENVOLVIMENTO DA INFRAESTRUTURA DE TRANSPORTE E LOGÍSTICA,Desenvolvimento da infra-estrutura de transporte e logística intermodal.,População do Estado e demais usuários dos sistemas de transportes.,Desenvolvimento Econômico,continuo,2024-01-01T00:00:00,,Finalístico,"Transportar bens e pessoas, interligar municípios, distritos, vilas e vilarejos, assegurando o trafego perene, seguro, confortável e
econômico, contribuindo para o desenvolvimento econômico, social e sustentável do Estado.",2024,1,Programa,2024,1
84,14012,Fundo de Desenvolvimento e Aperfeiçoamento da Administração Tributária ,Fundat,1626,2139,MODERNIZAÇÃO DA GESTÃO FISCAL,"O Programa tem por objetivo atender às demandas relacionadas e voltadas para o Desenvolvimento e Aperfeiçoamento da Administração Tributária, através da implementação da Gestão Estratégica desta SEFIN. ",Toda sociedade rondoniense,Gestão Estratégica,continuo,2023-07-01T00:00:00,,Finalístico,"A aplicação de recursos para investimentos na administração fazendária é essencial para o aprimoramento e incremento da 
arrecadação do estado, bem como contribui para os processos sistêmicos de reflexão sobre a qualidade do gasto, garante-se dessa 
forma que a SEFIN atue em seus dois eixos prioritários de trabalho, quais sejam a ""RESPONSABILIDADE FISCAL (perspectiva do 
gasto) e a ARRECADAÇÃO (perspectiva da receita).
Buscar as condições ideais da gestão pública para o pleno cumprimento da missão governamental, baseado nos princípios 
constitucionais e necessidade de modernizar à administração promovendo o aperfeiçoamento dos serviços prestados visando 
sempre o bem-estar da população em geral.",2024,1,Programa,2024,1
85,14023,Instituto de Previdência dos Servidores Públicos do Estado de Rondônia,Iperon,1405,1000,PRÓ-GESTÃO DO RPPS ,Modernização do Sistema Previdenciário com boas práticas de gestão do RPPS.,Servidores públicos do Estado e seus dependentes legais,Gestão Estratégica,continuo,2024-01-01T00:00:00,,Gestão Manutenção e Serviço,"O Pró Gestão RPPS é um programa de certificação que visa ao reconhecimento das boas práticas de gestão adotadas pelos RPPS. É a avaliação, por entidade certificadora externa, credenciada pela Secretaria de Previdência - SPREV, do sistema de gestão existente, com a finalidade de identificar sua conformidade às exigências contidas nas diretrizes de cada uma das ações, nos respectivos níveis de aderência. Esse programa é contemplado por três dimensões, que representam os pilares sobre os quais a modernização da gestão se sustentará: Controles Internos, Governança Corporativa e Educação Previdenciária.",2024,1,Programa,2024,1
86,14023,Instituto de Previdência dos Servidores Públicos do Estado de Rondônia,Iperon,1445,0000,OPERAÇÕES ESPECIAIS,Pagamento de despesas com sentenças judiciais (RPV e Precatórios) e PASEP.,Servidores públicos do Estado de Rondônia,Gestão Estratégica,continuo,2024-01-01T00:00:00,,Operação Especial,Atender as sentenças judiciais e o PASEP.,2024,1,Programa,2024,1
87,14023,Instituto de Previdência dos Servidores Públicos do Estado de Rondônia,Iperon,1451,1015,GESTÃO ADMINISTRATIVA DO PODER EXECUTIVO,Apoio Administrativo do Iperon,Servidores públicos do Estado e seus dependentes legais,Gestão Estratégica,continuo,2024-01-01T00:00:00,,Gestão Manutenção e Serviço,"Gerenciar e manter a estrutura administrativa do Iperon, para o bom desenvolvimento das funções operacionais das atividades de modo a garantir o pleno funcionamento.",2024,1,Programa,2024,1
88,14023,Instituto de Previdência dos Servidores Públicos do Estado de Rondônia,Iperon,1535,2173,CONSULTORIA EM GESTÃO PREVIDENCIÁRIA,Assessoramento em Gestão Pública,Servidores públicos do Estado e seus dependentes legais,Gestão Estratégica,continuo,2024-01-01T00:00:00,,Finalístico,Buscar as condições ideais de gestão pública para o pleno cumprimento da missão governamental em RRPS.,2024,1,Programa,2024,1
89,14025,Fundo Previdenciário Capitalizado do Iperon,FUNPRECAP,1491,0000,OPERAÇÕES ESPECIAIS,Pagamento despesas com sentenças judiciais (RPV e Precatórios) e PASEP.,"Ex-servidores aposentados, pensionista.",Gestão Estratégica,continuo,2024-01-01T00:00:00,,Operação Especial,"Atender pagamento com as sentenças judiciais, bem como o pagamento do PASEP sobre rendimentos de aplicação financeira. ",2024,1,Programa,2024,1
90,14025,Fundo Previdenciário Capitalizado do Iperon,FUNPRECAP,1492,1019,PREVIDÊNCIA SOCIAL ESTATUTÁRIA,Garantir Benefícios Previdenciários aos Segurados do Regime Próprio de Previdência Social - RPPS e outras despesas.,Servidores públicos do Estado e seus dependentes legais,Gestão Estratégica,continuo,2024-01-01T00:00:00,,Gestão Manutenção e Serviço,Garantir pagamento de despesas com: aposentadorias e pensões; compensação previdenciária entre os Regimes Próprios de Previdência Social - RPPS e o RGPS; indenização e restituição; e taxa de administração do RPPS.,2024,1,Programa,2024,1
91,15001,"Secretaria de Estado de Segurança, Defesa e Cidadania",Sesdec,1446,1015,GESTÃO ADMINISTRATIVA DO PODER EXECUTIVO,"Prover a Unidade de recursos orçamentários e financeiros para atender as atividades administrativas, com aquisição de bens e serviços, gestão de pessoal, Operações Especiais e outras, de natureza administrativa, classificadas como despesas correntes e de capital.",Unidades orçamentárias do Poder Executivo,Segurança Pública,continuo,2024-01-01T00:00:00,,Gestão Manutenção e Serviço,"Desenvolver atividades-meios para o bom desenvolvimento das funções operacionais-fins da Unidade para qual foi criada por lei, visando à eficiência e eficácia das Políticas Públicas do Poder Executivo.",2024,1,Programa,2024,1
92,15001,"Secretaria de Estado de Segurança, Defesa e Cidadania",Sesdec,1501,2166,"SEGURANÇA PÚBLICA, INTEGRAÇÃO E PROTEÇÃO","Implementar a execução de mecanismos de prevenção e repressão à criminalidade, reduzindo os indicadores de homicídio e violência nas áreas urbanas e rurais.",População do Estado de Rondônia,Segurança Pública,continuo,2024-01-01T00:00:00,,Finalístico,"Necessidade de revisão e execução de política de defesa civil, prevenção e repressão à criminalidade, de modo integrado, com a participação da sociedade, por meio dos Conselhos Comunitários de Segurança e Gabinetes de Gestão Integrada Municipais, com o foco na redução dos índices de criminalidade, tempo resposta nos atendimentos de emergência, refletindo no aumento da sensação de segurança à população do Estado.",2024,1,Programa,2024,1
93,15001,"Secretaria de Estado de Segurança, Defesa e Cidadania",Sesdec,1510,1025,ATENDER AO SISTEMA DE PROTEÇÃO SOCIAL DOS MILITARES,Pagamento de auxílios aos aposentados.,"Militares Estaduais Inativos, pensionistas e dependentes",Segurança Pública,continuo,2024-01-01T00:00:00,,Gestão Manutenção e Serviço,"O Programa visa atender às alterações promovidas pelo Decreto-Lei Federal  n° 667, modificado pela Lei Federal nº 13.954, de 16 de dezembro de 2019, efetuar o pagamento dos Militares Inativos e Pensionistas",2024,1,Programa,2024,1
94,15003,Polícia Civil,PC,1505,1015,GESTÃO ADMINISTRATIVA DO PODER EXECUTIVO,Gerir de forma adequada e suficiente a aplicação dos recursos públicos destinados à manutenção administrativa das unidades da Polícia Civil,Unidades Administrativas da Polícia Civil,Gestão Estratégica,continuo,2024-01-01T00:00:00,,Gestão Manutenção e Serviço,Promover o desenvolvimento das atividades-meio da Polícia Civil visando proporcionar o cumprimento eficiente e eficaz de sua missão constitucional.,2024,1,Programa,2024,1
95,15003,Polícia Civil,PC,1508,2110,MODERNIZAÇÃO DA GESTÃO PÚBLICA,Modernizar a Gestão Pública por meio de ações que promovam o melhor aproveitamento do capital visando a eficiência e eficácia dos serviços prestados.,Administração pública em geral,Gestão Estratégica,continuo,2024-01-01T00:00:00,,Finalístico,"Buscar as condições ideais da gestão pública para o pleno cumprimento da missão governamental, baseado nos princípios constitucionais e
necessidade de modernizar a administração promovendo o aperfeiçoamento dos serviços prestados visando o bem-estar da população em
geral.",2024,1,Programa,2024,1
96,15003,Polícia Civil,PC,1648,2166,"SEGURANÇA PÚBLICA, INTEGRAÇÃO E PROTEÇÃO",Promover a segurança de pessoas e bens no Estado de Rondônia através da implementação de ações que visem assegurar o pleno funcionamento das unidades da Polícia Civil e a atuação de seus servidores.,População do Estado de Rondônia,Segurança Pública,continuo,2024-01-01T00:00:00,,Finalístico,Cumprir o ofício constitucional da Polícia Civil promovendo a segurança pessoal e patrimonial dos cidadãos através de ações voltadas para a solução de crimes e contravenções penais.,2024,1,Programa,2024,1
97,15004,Corpo de Bombeiro Militar,CBM,1526,2103,DEFESA CONTRA SINISTRO,O Programa prevê  duas Ações - uma de Obras e Construções  Públicas e outra de Aquisição de Materiais e Bens Permanentes,Toda população do Estado,Segurança Pública,temporário,2023-01-01T00:00:00,2027-12-01T00:00:00,Finalístico,"Permitir com base no orçamento anualmente aprovado que a Corporação realize  o planejamento das obras e construções estruturais das instalações da Corporação, bem como  planejar e executar as  aquisições de equipamentos e materiais permanentes utilizados nas ações de prevenção e combate a incêndios, busca, salvamentos, resgates, atendimento pré-hospitalar, proteção ao meio ambiente, ações de Defesa Civil e outras ações correlatas as atividades Bombeiro Militar, buscando garantir o bem estar social, proporcionando segurança e qualidade na execução dos serviço da Instituição prestado a toda população rondoniense.",2024,1,Programa,2024,1
98,15004,Corpo de Bombeiro Militar,CBM,1529,1015,GESTÃO ADMINISTRATIVA DO PODER EXECUTIVO,"O Programa inicialmente prevê uma Ação de Gestão e Manutenção Administrativa das Unidades da Corporação, com  despesas de custeio dos  insumos operacionais e administrativo da Instituição.",Toda sociedade rondoniense,Segurança Pública,continuo,2024-01-01T00:00:00,,Gestão Manutenção e Serviço,"Permitir com base no orçamento anualmente aprovado, que a Corporação realize o planejamento das despesas previstas com as atividades operacionais e administrativas ordinárias, garantindo a manutenção das instalações e a continuidade de atendimento ao público interno e externo assegurando a regularidade na execução de todas as atividades da instituição.",2024,1,Programa,2024,1
99,15005,Polícia Militar,PM,1602,2182,CIDADÃO PROTEGIDO E SEGURO,"A busca por um ambiente seguro e protegido é um anseio de toda a sociedade, no entanto, muitas regiões ainda sofrem com altos índices de criminalidade e violência, o que compromete a qualidade de vida dos cidadãos. Diante desse contexto, surge a necessidade de refletir sobre o ideal do ""Cidadão Protegido e Seguro"" e discutir os elementos necessários para alcançá-lo. O programa busca essencialmente o investimento adequado em segurança pública, incluindo, para tanto, recursos para a capacitação e o aumento do efetivo policial, investimento em tecnologia e modernização do aparato policial e a implementação de políticas de prevenção ao crime. Esse caminho perpassa pela manutenção da ordem pública, desde a presença policial ostensiva e a resposta rápida às ocorrências fortalecendo a confiança dos cidadãos e inibindo a prática de delitos, até a prevenção por meio de disseminação de informações e conhecimento à sociedade com vistas a conscientização da população, capacitando-a para lidar com situações de perigo. Além das ações do Estado, a participação ativa da comunidade é um pilar fundamental na construção de um ambiente seguro com o objetivo comum a ser perseguido por toda a sociedade por meio de conjuntos de esforços e políticas eficazes transformando essa visão em uma realidade concreta para todos os cidadãos."," população de pessoas residentes no Estado de Rondônia e ""visitantes momentâneos""",Segurança Pública,continuo,2024-01-01T00:00:00,,Finalístico,"no cenário estadual podemos verificar que ao longo dos anos o orçamento vem sendo repetido, não levando em consideração as diversas suplementações orçamentárias que ao longo dos anos vêm sendo aportadas. Ou seja, a suplementação se tornou prática rotineira em detrimento do adequado planejamento de tão importante Força Pública. A avaliação é de que essa prática interfere de fato no planejamento estratégico e organizacional da instituição e, especialmente, para redução da capacidade de organização, investimentos e inovações na área de segurança pública. Outro fenômeno é a aglutinação de ações dentro de um único programa denominado ""MANTER A OPERACIONALIDADE"", pois a consequência direta disso é a franca dificuldade tanto no planejamento, quanto na leitura dos indicadores de resultado. ",2024,1,Programa,2024,1
100,15005,Polícia Militar,PM,1604,1015,GESTÃO ADMINISTRATIVA DO PODER EXECUTIVO,"A formação e capacitação dos policiais militares são pressupostos fundamentais para o fortalecimento da Polícia Militar de Rondônia. Assim, investir na educação e treinamento dos militares é essencial para os preparar para lidar com os desafios e demandas da segurança pública, posto que, ao fornecer cursos atualizados, técnicas avançadas de abordagem, capacitação em resolução de conflitos e conscientização sobre direitos humanos sob o aspecto da formação contínua dos policiais militares, viabiliza uma atuação mais profissional e eficiente da instituição. Outro fator primordial ao fortalecimento da corporação remete à saúde do policial militar enquanto detentor pleno de direitos humanos, na conta de que é essencial oferecer condições adequadas de trabalho, incluindo a melhoria das estruturas das unidades policiais e a implementação de programas de saúde e bem-estar como forma de promover a melhoria da qualidade de vida e consequente melhora do rendimento profissional do militar. Outro fator de fortalecimento institucional é a reafirmação de princípios consuetudinários orgânicos das corporações militares, consubstanciados na convivência laboral e social nos quartéis, porque esses aquartelamentos acarretam em sentimento de pertencimento e soberania a sociedade como um todo. Assim, os recursos para a reforma de instalações policiais devem ser considerados investimentos importantes para o fortalecimento da Polícia Militar de Rondônia, como forma de melhorar as condições físicas dos aquartelamentos. Além disso, a reforma de novas instalações em áreas estratégicas permite um maior alcance e cobertura policial, proporcionando um senso de presença e segurança para a população. Em outras palavras, o investimento em infraestrutura demonstra o compromisso do Estado em prover as condições adequadas para que a Polícia Militar exerça suas funções com excelência.",Policiais Militares servidores civis e Corporação de forma institucional.,Segurança Pública,continuo,2024-01-01T00:00:00,,Gestão Manutenção e Serviço,"A falta de formação e capacitação adequadas dos policiais militares pode comprometer sua eficiência no enfrentamento das diferentes situações de segurança pública, resultando em ações inadequadas e possíveis violações de direitos humanos. De igual modo, a ausência de investimentos na saúde policial pode levar ao esgotamento físico e emocional dos agentes, prejudicando sua capacidade de resposta e afetando negativamente seu bem-estar. Ademais, a carência de reformas das instalações policiais resulta em condições de trabalho precárias, desmotivação dos colaboras e limitação na atuação policial. Isso compromete a segurança tanto dos policiais quanto da população em geral.",2024,1,Programa,2024,1
101,15006,Superintendência de Polícia Técnico-Científica,Politec,1582,2166,"SEGURANÇA PÚBLICA, INTEGRAÇÃO E PROTEÇÃO","Aperfeiçoar a capacidade de planejamento, de gestão e para inovar no caminho da integração e possibilitar a promoção da paz social em uma perspectiva local e sistêmica.
",População do Estado no que tange segurança pública,Segurança Pública,continuo,2024-01-01T00:00:00,,Finalístico,"A gestão de segurança pública necessita implementar os princípios, diretrizes e objetivos da Política Nacional de Segurança Pública e Defesa Social e promover ações estratégicas com práticas que possam permitir o contato com o cidadão, desenvolvimento da capacidade inovadora, de governança e estruturação, com observância do amparo legal e marco regulatório (regulamentação, normatização e legislação) e práticas de gestão que utilizem tais instrumentos: planejamento estratégico e sistêmico, programas e projetos, uso de indicadores de desempenho, gestão do conhecimento, gestão financeira e orçamentária.",2024,1,Programa,2024,1
102,15006,Superintendência de Polícia Técnico-Científica,Politec,1587,1015,GESTÃO ADMINISTRATIVA DO PODER EXECUTIVO,Gestão Administrativa do Poder Executivo,Unidades orçamentárias do Poder Executivo,Segurança Pública,continuo,2024-01-01T00:00:00,,Gestão Manutenção e Serviço,"Desenvolver atividades-meios para o bom desenvolvimento das funções operacionais-fins da Unidade para qual foi criada por lei, visando à eficiência e eficácia das Políticas Públicas do Poder Executivo.",2024,1,Programa,2024,1
103,15011,Fundo Especial de Reequipamento Policial,FUNRESPOL,1661,1015,GESTÃO ADMINISTRATIVA DO PODER EXECUTIVO,Promover a Gestão Administrativa das Unidades da Polícia Civil,"Unidades Administrativas, Operacioais, Servidores da Polícia Civil e População do Estado de Rondônia",Gestão Estratégica,continuo,2024-01-01T00:00:00,,Gestão Manutenção e Serviço,"Desenvolver atividades-meios para o bom desenvolvimento das funções operacionais-fins da Unidade para qual foi criada por lei, visando à eficiência e eficácia das Políticas Públicas do Poder Executivo.",2024,1,Programa,2024,1
104,15011,Fundo Especial de Reequipamento Policial,FUNRESPOL,1662,2110,MODERNIZAÇÃO DA GESTÃO PÚBLICA,Promover a modernização tecnológica das Unidades da Polícia Civil,"Unidades Administrativas, Operacionais e Servidores da Polícia Civil",Gestão Estratégica,continuo,2024-01-01T00:00:00,,Finalístico,Necessidade urgente de atualização do parque de equipamentos de informática e criação de rede na Polícia Civil através da contratação de serviço de terceiros e aquisição de equipamentos e insumos necessários,2024,1,Programa,2024,1
105,15011,Fundo Especial de Reequipamento Policial,FUNRESPOL,1666,2166,"SEGURANÇA PÚBLICA, INTEGRAÇÃO E PROTEÇÃO",Promover a segurança de pessoas e bens no Estado de Rondônia através da implementação de ações que visem assegurar o pleno funcionamento das unidades da Polícia Civil e a atuação de seus servidores.,População do Estado de Rondônia,Segurança Pública,continuo,2024-01-01T00:00:00,,Finalístico,Cumprir o ofício constitucional da Polícia Civil promovendo a segurança pessoal e patrimonial dos cidadãos através de ações voltadas para a solução de crimes e contravenções penais.,2024,1,Programa,2024,1
106,15014,Fundo Especial do Corpo de Bombeiros Militar do Estado de Rondônia,Funesbom,1513,2103,DEFESA CONTRA SINISTRO,"Quartéis construídos, reformados e ampliados",População do Estado de Rondônia,Segurança Pública,continuo,2024-01-01T00:00:00,,Finalístico,"Planejar, coordenar e controlar a execução dos serviços de prevenção e combate a incêndios; busca, salvamento e resgate; atendimento pré-hospitalar; proteção do meio ambiente e ações de defesa civil; de forma integrada, tecnicamente moderna, eficaz e proativa promovendo o bem estar social e propiciando segurança e qualidade de vida à população.",2024,1,Programa,2024,1
107,15014,Fundo Especial do Corpo de Bombeiros Militar do Estado de Rondônia,Funesbom,1517,1015,GESTÃO ADMINISTRATIVA DO PODER EXECUTIVO,Manutenção da unidade administrativa e pagamento de servidores contratados por tempo determinado,Unidades orçamentárias do Poder Executivo,Gestão Estratégica,continuo,2024-01-01T00:00:00,,Gestão Manutenção e Serviço,"Desenvolver atividades-meios para o bom desenvolvimento das funções operacionais-fins da Unidade para qual foi criada por Lei, visando à eficiência e eficácia das Políticas Públicas do Poder Executivo",2024,1,Programa,2024,1
108,15015,Fundo Especial de Modernização e Reaparelhamento da Polícia Militar do Estado de Rondônia,Fumrespom,1425,2075,"SEGURANÇA PÚBLICA, JUNTOS SOMOS MAIS EFICAZES",Segurança Pública e Cidadania da População do Estado de Rondônia,Todos habitantes do Estado de Rondônia,Segurança Pública,continuo,2024-01-01T00:00:00,,Finalístico,"Prover o suporte necessário à operacionalização e execução das atividades-meio das unidades militares e FUMRESPOM, de modo a garantir o pleno funcionamento do exercício das atividades.",2024,1,Programa,2024,1
109,15015,Fundo Especial de Modernização e Reaparelhamento da Polícia Militar do Estado de Rondônia,Fumrespom,1443,1015,GESTÃO ADMINISTRATIVA DO PODER EXECUTIVO,"Proporcionar melhores condições de trabalho e qualidade no atendimento aos usuários dos serviços da Polícia Militar de Rondônia, de forma mais eficiente e eficaz.",Todos habitantes do Estado de Rondônia,Segurança Pública,continuo,2024-01-01T00:00:00,,Gestão Manutenção e Serviço,"Prover o suporte necessário à operacionalização e execução das atividades-meio das unidades militares e FUMRESPOM, de modo a garantir o pleno funcionamento do exercício das atividades administrativas.",2024,1,Programa,2024,1
110,15015,Fundo Especial de Modernização e Reaparelhamento da Polícia Militar do Estado de Rondônia,Fumrespom,1689,2166,"SEGURANÇA PÚBLICA, INTEGRAÇÃO E PROTEÇÃO","Implementar a execução de mecanismos de prevenção e repressão à criminalidade, reduzindo os indicadores de homicídio e violência nas áreas urbanas e rurais.",População do Estado de Rondônia,Segurança Pública,continuo,2024-01-01T00:00:00,,Finalístico,"Necessidade de revisão e execução de política de defesa civil, prevenção e repressão à criminalidade, de modo integrado, com a participação da sociedade, por meio dos Conselhos Comunitários de Segurança e Gabinetes de Gestão Integrada Municipais, com o foco na redução dos índices de criminalidade, tempo resposta nos atendimentos de emergência, refletindo no aumento da sensação de segurança à população do Estado.",2024,1,Programa,2024,1
111,15017,Fundo Estadual de Segurança Pública,Funesp,1607,1015,GESTÃO ADMINISTRATIVA DO PODER EXECUTIVO,Atender ao processo de realização de Concursos Públicos e Processos Seletivos.,"Secretaria de Estado da Segurança, Defesa e Cidadania e seus órgãos vinculados",Segurança Pública,continuo,2024-01-01T00:00:00,,Gestão Manutenção e Serviço,O programa tem a finalidade de atender ao processo de realização de Concursos Públicos e Processos Seletivos,2024,1,Programa,2024,1
112,15017,Fundo Estadual de Segurança Pública,Funesp,1609,2166,"SEGURANÇA PÚBLICA, INTEGRAÇÃO E PROTEÇÃO",Integrar e Modernizar a Secretaria de Estado da Segurança Pública e seus órgãos subordinados prestando segurança à sociedade. ,População do Estado de Rondônia,Segurança Pública,continuo,2024-01-01T00:00:00,,Finalístico,"A implementação do programa é devido a necessidade de modernização e reestruturação dos órgãos que desempenham segurança pública e defesa civil no âmbito do Estado de Rondônia, com o foco na redução dos índices de criminalidade violenta de modo a melhorar o nível de segurança pública.  ",2024,1,Programa,2024,1
113,15020,Departamento Estadual de Trânsito,Detran,1558,1015,GESTÃO ADMINISTRATIVA DO PODER EXECUTIVO,"Prover a Unidade de recursos orçamentários e financeiros para atender as atividades administrativas, com aquisição de
bens e serviços, gestão de pessoal, Operações Especiais e outras, de natureza administrativa, classificadas como
despesas correntes e de capital.
",Unidades orçamentárias do poder executivo; servidores e população em geral do Estado,Segurança Pública,continuo,2024-01-01T00:00:00,,Gestão Manutenção e Serviço,"Desenvolver atividades-meios para o bom desenvolvimento das funções operacionais-fins da Unidade para qual foi criada por lei, visando à
eficiência e eficácia das Políticas Públicas do Poder Executivo
",2024,1,Programa,2024,1
114,15020,Departamento Estadual de Trânsito,Detran,1565,0000,OPERAÇÕES ESPECIAIS,"Controle e Acompanhamento bem como o pagamento da Dívida Pública do Estado Interna e Externa. Acompanhar os
novos contratos realizados ajustando o saldo devedor. Atender a demanda da Secretaria do Tesouro Nacional com
relação as dívidas do Estado",servidores publicos do estado de rondonia,Segurança Pública,continuo,2024-01-01T00:00:00,,Operação Especial,"O pagamento pontual das dívidas do Estado primam por não deixar que ocorram inadimplências, a fim de manter o Estado com suas
Certidões Negativas de débitos juntos a União e Bancos, visando à eficiência e eficácia das Políticas Públicas do Poder Executivo. Atender
as sentenças do Poder Judiciário e Acordos judiciais.",2024,1,Programa,2024,1
115,15020,Departamento Estadual de Trânsito,Detran,1566,2002,EDUCAÇÃO E SEGURANÇA NO TRÂNSITO,"Sensibilizar a população sobre a importância de aumentar a atenção ao trânsito, bem como observar e cumprir a legislação de trânsito vigente, por meio de campanhas educativas, operações de fiscalização, parcerias com órgãos públicos e outras entidades, formação de condutores especializados, assim como atividades correlatas à conscientização educativa do trânsito.
","Condutores de veículos automotores, ciclistas, pedestres e transeuntes em geral",Segurança Pública,continuo,2024-01-01T00:00:00,,Finalístico,"A Organização Mundial da Saúde (OMS) prevê que até 2030 ocorrerão mais de 2,4 milhões de mortes por acidentes de trânsito, incluindo o Brasil. Acredita ainda que os índices de acidentes de trânsito representam a primeira maior causa de óbitos entre os indivíduos na faixa de 15 a 29 anos de idade (BRASIL, 2010; WAISELFISZ, 2012). Iniciativas como o Plano Nacional de Redução de Acidentes e Segurança Viária de 2011 - 2020, apresentado à época originalmente pela Organização das Nações Unidas - ONU, possui como diretrizes gerais o alcance da meta de redução de 50% dos acidentes de trânsito. Deste modo, para essa mudança, medidas sustentadas por cinco pilares devem ser tomadas: fiscalização, saúde, infraestrutura, segurança veicular e, principalmente, educação. 

Nesta linha, os pilares estabelecidos pela Organização das Nações Unidas - ONU, incluem: a capacitação de profissionais com conhecimento indispensável de Trânsito; implementação da Educação para o Trânsito com ações pedagógicas permanentes nas escolas; capilarização da Educação para o Trânsito, para a valorização da segurança, das regras e da cidadania no trânsito; difusão de políticas e ações com foco na promoção da vida no trânsito; e finalmente disponibilização de obras técnicas e científicas, artigos e outras informações de interesse da comunidade, relacionadas ao trânsito. 

Tendo o ""caráter educativo"" como uma de suas diretrizes primárias, esta Autarquia incumbe-se da atribuição de disseminar informações de cunho institucional, focando na conscientização do indivíduo que, no contexto da atual realidade brasileira, com uma profunda divisão social e uma injusta distribuição de renda, tem dificultado o desenvolvimento de um processo democrático que oportunize a inclusão de todos em uma sociedade na qual os valores de respeito, solidariedade, dignidade e honestidade estejam presentes. Tais dificuldades, porém, não podem se tornar elementos impeditivos de ações que oportunizem a formação de um indivíduo consciente, crítico, com valores morais éticos, movido por atitudes, hábitos e habilidades que possam vir a transformar essa realidade.

Legalmente, a propositura de ações visando educação e segurança no trânsito encontra respaldo na legislação estadual vigente que estabelece a estrutura organizacional ao Departamento Estadual de Trânsito do Estado de Rondônia - DETRAN/RO, nos moldes do Código de Trânsito Brasileiro - CTB.",2024,1,Programa,2024,1
116,15020,Departamento Estadual de Trânsito,Detran,1567,2171,CIDADE DO TRÂNSITO,"Fomentar a construção da Cidade do Trânsito, unidade para integração física da sede administrativa e estabelecimentos funcionais do Departamento Estadual de Trânsito do Estado de Rondônia.",Servidores e população em Geral.,Segurança Pública,temporário,2024-01-01T00:00:00,2027-12-01T00:00:00,Finalístico,"O Município de Porto Velho possui diversas unidades administrativas e funcionais que - a exceção dos postos avançados - descentralizam as Diretorias Técnicas e setores subordinados à locais diversos, dificultando por vezes o acesso, tanto de servidores quanto da população às principais unidades de atividade-meio da Autarquia. Desta feita, sob égide motriz do princípio da eficiência, conforme elencado no Art. 37, caput, da Constituição Federal, a integração de diversas unidades, inclusive unidades funcionais, como pistas de testes e treinamento, permitirá acelerar o atendimento e comunicação administrativa das unidades, assim como garantir a economicidade financeira de custos administrativos de manutenção, deslocamento e realocação estratégica de bens patrimoniais e servidores públicos relotados.",2024,1,Programa,2024,1
117,15020,Departamento Estadual de Trânsito,Detran,1568,2170,DETRAN CIDADÃO,"Promover ações sociais visando auxiliar pessoas de baixo poder aquisitivo e/ou em situação de vulnerabilidade a obter a primeira habilitação e/ou mudanças de categorias, com atuação descentralizada, sob enfoques de classe social, pessoas em situação de vulnerabilidade, alunos que já possuam 18 (dezoito) anos completos e tenha concluído o programa “CNH na Escola"", bem como promover a realização de convênios e parcerias estratégicas junto aos municípios com enfoque na gestão do tráfego e melhoria do trânsito sob eixos da segurança, educação, fiscalização e engenharia de tráfego.",Toda sociedade rondoniense,Segurança Pública,continuo,2024-01-01T00:00:00,,Finalístico,"A independência pessoal, como motriz cumprimento do direito constitucional à liberdade depende em grande parte da capacidade que o indivíduo possui de se locomover. Em diversas situações, pessoas em situação de vulnerabilidade financeira e social encontram dificuldade em alcançar a liberdade plena de locomoção devido aos custos envolvidos na emissão de suas habilitações veiculares. 

Economicamente, a falta de habilitação veicular pode engessar a progressão funcional de futuros profissionais que pretendem utilizar o meio de transporte privado como principal aparato de deslocamento profissional, ou - em casos exponencialmente crescentes - como ponto central da própria profissão. 

Sabe-se que – originalmente – os pilares de investimento público do DETRAN se concentram em Educação, Fiscalização e Engenharia de Tráfego. Tais ações são realizadas diretamente pela Autarquia ou indiretamente por meio de parceiros credenciados, a exemplo dos convênios municipais de sinalização vertical e horizontal. As ações sociais pretendidas atendem – difusamente – as atribuições correlatas estabelecidas por legislação estadual vigente, as quais incumbiram o Departamento Estadual de Trânsito de adotar um quarto – e igualmente importante – viés social na prática de suas atividades. 

Portanto os olhares atentos da sociedade às atividades desenvolvidas pelo governo que, por sua vez, tem como princípio básico prestar serviços que supram as necessidades coletivas de forma eficiente e eficaz, indicam a importância do gestor público em ter como preceitos motrizes modernos para administrar o setor público. A importância dessas visões na gestão pública tem como vertente o desenvolvimento social que afeta diretamente a sociedade como um todo, contribuindo na melhoria dos serviços públicos prestados a sociedade.",2024,1,Programa,2024,1
118,15020,Departamento Estadual de Trânsito,Detran,1569,2172,HABILITAÇÃO DE CONDUTORES E VEÍCULOS,"Fomentar: a habilitação de condutores aptos a conduzir veículos automotores em conformidade com a legislação em vigor, a realização de exames práticos e teóricos eficazes na internalização do conhecimento e diretrizes éticas de tráfego, a fiscalização e vistoria de empresas credenciadas para prestação de serviços de condutores (Centros de Formação de Condutores, Clínicas Médicas e Psicológicas) e serviços relacionados a veículos (Empresas Credenciadas de Vistoria e Estampadoras de Placas) e a execução de serviços correlatos às unidades gerenciais, técnicas e operacionais de habilitação e veículos.","Condutores de veículos automotores, ciclistas, pedestres e transeuntes em geral",Segurança Pública,continuo,2024-01-01T00:00:00,,Finalístico,"Três pontos são consensuais entre todos os profissionais que laboram com a temática de trânsito no Brasil. Primeiramente, a educação para o trânsito é absolutamente imprescindível para reduzir a grande acidentalidade de trânsito do país e transformar o espaço público de deslocamento em um espaço de melhor convívio social. Ademais, a educação para o trânsito não tem sido tratada com a importância que deve ter. Senda reta, é necessário aperfeiçoar os conteúdos programáticos relativos à educação para o trânsito no ensino fundamental.

No caso dos Centros de Formação de Condutores, os esclarecimentos ministrados em sala de aula, não devem ficar no campo meramente informativo, mas, sobretudo, deve se buscar que os mesmos se tornem valiosas lições para que os alunos refletirem sobre a temática debatida, neste caso o trânsito, bem como seus comportamentos ao dirigir, sendo portanto responsabilidade destes institutos não apenas ensinar o domínio do veículo, mas também de conscientizar aos futuros motoristas sobre a realidade complexa que o mesmo está inserido, demonstrando e conscientizando sobre a premente necessidade de se sentirem responsáveis por suas atitudes e eventuais falhas no trânsito. Por conseguinte, compete ao Departamento Estadual de Trânsito a responsabilidade de garantir que este ensinamento está sendo corretamente repassado e - diretamente - absorvido.

Sendo o trânsito um organismo de constante transformação, constitui-se em um ambiente complexo onde há uma convivência indissociável entre pedestre, motociclista, ciclista e diversos outros atores. O pretenso condutor está inserido no trânsito como pedestre ou passageiro e possui valores e conceitos pré-estabelecidos sobre o trânsito que devem ser testados e eticamente validados quando do momento de sua habilitação, como garantia futura de minimizar os acidentes automobilísticos que ocorrem anualmente no Estado de Rondônia.

Situação semelhante se aplica à correta e minuciosa fiscalização das Empresas Credenciadas de Vistoria dos veículos que compõem a frota comum de tráfego do Estado de Rondônia. A proba correição e auditoria das empresas atinge diretamente o número de veículos que provocam sinistros de trânsito, desde leves até gravíssimos, devido a falhas técnicas e mecânicas envolvendo componentes que deveriam ter sido corretamente vetados pelas empresas.

Nesta seara, compete legalmente ao Departamento Estadual de Trânsito do Estado de Rondônia o fomento de ações que incentivem a habilitação de condutores, fiscalização e vistoria de veículos, bem como a correta transmissão de conhecimento técnico e ético aos futuros condutores, sob garantia de um trânsito mais seguro.",2024,1,Programa,2024,1
119,15020,Departamento Estadual de Trânsito,Detran,1573,2174,MODERNIZAÇÃO DO DETRAN/RO,"Fomentar a modernização, atualização e segurança de dados dos sistemas informáticos, a modernização administrativa e gerencial do patrimônio, a construção e reforma das sedes e unidades adjacentes, a atualização, capacitação e melhoria de qualidade de vida dos servidores públicos, bem como implementação de novas metodologias no Departamento Estadual de Trânsito do Estado de Rondônia.","Administração pública em geral, usuários e população em geral.",Segurança Pública,continuo,2024-01-01T00:00:00,,Finalístico,"O Departamento Estadual de Trânsito possui atribuições baseadas nos pilares da Educação, Fiscalização e Engenharia de Tráfego, as quais exigem o constante uso de ferramentas tecnológicas para a garantia de suas execuções, tanto em macro escala - no gerenciamento das atividades de educação e fiscalização - quanto em microescala - nas ferramentas diretas de captação de estatísticas de trânsito - as quais não podem sucumbir à estagnação temporal inerentes à natureza da tecnologia da informação. 

O fomento da modernização tecnológica atinge diretamente a eficácia do serviço a ser acessado pelo cidadão, a eficiência - leia-se: celeridade - com a qual consegue alcançar seu objetivo de atendimento, bem como a efetividade do cumprimento deste serviço. Uma vez que novas tecnologias - a exemplo do advento da Inteligência Artificial - o qual renasceu sob força herculana, propõe o desafio de proporções igualmente herculanas ao Departamento Estadual de Trânsito: garantir que os servidores e o cidadão - como é de seu direito - tenha acesso às ferramentas tecnológicas mais avançadas sob égide do cumprimento das atribuições funcionais da Autarquia.

Esta modernização ocorre não só por meio do fomento de sistemas informáticos mais avançados, como também na implementação de sistemas com enfoque em modernização administrativa e gerencial no patrimônios dos recursos físicos e financeiros disponíveis pela Autarquia, garantindo uma aplicação mais ordenada.

Em igual forma, a modernização tecnológica e melhor gerência patrimonial exigem a manutenção de sedes e unidades adjacentes bem estruturadas e seguras, como forma de proteção e segurança da vida e bem-estar dos servidores e cidadãos-usuários, bem como garantia de conservação do patrimônio físico e financeiro da Autarquia.",2024,1,Programa,2024,1
120,16001,Secretaria de Estado da Educação,Seduc,1456,1015,GESTÃO ADMINISTRATIVA DO PODER EXECUTIVO,"O programa busca garantir a execução de atividades-meios para  o bom desenvolvimento das funções operacionais-fins, assegurando  a manutenção  do órgão/unidades administrativas da educação básica.","Servidores, fornecedores, conselheiros, prestadores de serviços e estagiários.",Educação,continuo,2024-01-01T00:00:00,,Gestão Manutenção e Serviço,"Manter  órgão/unidades administrativas e Conselhos da Educação Básica,  com aquisição de bens e/ou  serviços, remuneração de pessoal e encargos, programa de estágio, programa amigo voluntáio, pagamento de verbas indenizatórias e rescisórias, despesas contínuada de manutenção administrativa e repasse financeiro, dando suporte às atividades fins.",2024,1,Programa,2024,1
121,16001,Secretaria de Estado da Educação,Seduc,1514,2156,ENSINO FUNDAMENTAL + : AVANÇANDO NA PROFICIÊNCIA,"O programa Ensino Fundamental + : Avançando na Proficiência  busca proporcionar uma educação de qualidade, garantindo que os estudantes adquiram as competências e habilidades necessárias para o seu desenvolvimento.","Estudantes, Professores, Gestores  e demais atores da comunidade escolar.",Educação,continuo,2024-01-01T00:00:00,,Finalístico,"O programa ""Ensino Fundamental +: Avançando na Proficiência"" surge como resposta a um problema educacional de extrema conversão: a defasagem educacional e os baixos índices de proficiência em língua portuguesa e matemática entre os alunos do Ensino Fundamental. Essa situação preocupante se agravou ainda mais com a identificação de um elevado padrão de desempenho abaixo do básico e básico nestas disciplinas. 
A defasagem educacional e a baixa proficiência nas áreas fundamentais da aprendizagem têm consequências negativas e de longo prazo para os estudantes, podendo comprometer suas chances de sucesso acadêmico, inserção no mercado de trabalho e participação plena na sociedade. Para enfrentar esse desafio, é imperativo implementar estratégias e ações específicas, destinadas a elevar o nível de proficiência dos alunos em língua portuguesa e matemática. Assim como combater as causas subjacentes à baixa performance dos estudantes e, ao mesmo tempo, fortalecer os pontos fortes do sistema educacional.
",2024,1,Programa,2024,1
122,16001,Secretaria de Estado da Educação,Seduc,1515,2157,PROFICIÊNCIA 360: FORTALECENDO O ENSINO MÉDIO,"O programa ""Proficiência 360: Fortalecendo o Ensino Médio"" busca proporcionar uma educação de qualidade, garantindo que os estudantes adquiram as competências e habilidades necessárias para o seu desenvolvimento, preparando-os para os desafios da cidadania e do mundo do trabalho.","Estudantes, Professores, Gestores e demais atores da Comunidade Escolar.",Educação,continuo,2024-01-01T00:00:00,,Finalístico,"O programa ""Proficiência 360: Fortalecendo o Ensino Médio"" surge como resposta a um problema educacional de extrema conversão: a defasagem educacional e os baixos índices de proficiência em língua portuguesa e matemática entre os alunos do Ensino Médio. Essa situação preocupante se agravou ainda mais com a identificação de um elevado padrão de desempenho abaixo do básico e básico nestas disciplinas. A defasagem educacional e a baixa proficiência nas áreas fundamentais da aprendizagem têm consequências negativas e de longo prazo para os estudantes, podendo comprometer suas chances de sucesso acadêmico, inserção no mercado de trabalho e participação plena na sociedade. Para enfrentar esse desafio, é imperativo implementar estratégias e ações específicas, destinadas a elevar o nível de proficiência dos alunos em língua portuguesa e matemática. Assim como combater as causas subjacentes à baixa performance dos estudantes e, ao mesmo tempo, fortalecer os pontos fortes do sistema educacional.",2024,1,Programa,2024,1
123,16001,Secretaria de Estado da Educação,Seduc,1516,2158,EDUCAÇÃO PARA TODOS: RUMO À INCLUSÃO,"O Programa ""Educação para Todos: Rumo à Inclusão"" busca  promover a inclusão educacional de forma abrangente e equitativa, garantindo o acesso, permanência e sucesso na educação de estudantes com necessidades especiais, indígenas,  jovens e adultos, inclusive aqueles em vulnerabilidade social que estão em cumprimento de medidas socioeducativas e prisional. O programa visa assegurar que todos os indivíduos, independentemente de suas origens e características pessoais, tenham oportunidades iguais de participar da educação e alcançar o pleno desenvolvimento de suas potencialidades.",Estudantes e Comunidade Escolar,Educação,continuo,2024-01-01T00:00:00,,Finalístico,"Para assegurar um futuro próspero e igualitário, é imperativo que o sistema educacional seja inclusivo e capaz de atender às necessidades de todos os cidadãos, independentemente de suas limitações,  origem étnica, social ou idade. O programa ""Educação para Todos: Rumo à Inclusão"" surge como estratégia para enfrentar  esses desafios e tem como objetivo principal promover a igualdade de oportunidades educacionais para indígenas,  jovens e adultos e aqueles com necessidades especiais e em vulnerabilidade social (socioeducativo e prisional), visando diminuir a defasagem educacional e proporcionar acesso e permanência no ensino.",2024,1,Programa,2024,1
124,16001,Secretaria de Estado da Educação,Seduc,1564,2176,LEITURA PARA O FUTURO: PARCERIA PELA ALFABETIZAÇÃO,"O Programa ""Leitura para o Futuro: Parceria pela Alfabetização busca promover o desenvolvimento e melhoria da qualidade do ensino fundamental nas séries iniciais, com foco principal na alfabetização na idade certa, estabelecendo uma colaboração efetiva entre o governo estadual e as prefeituras. ","Estudantes, Professores, Gestores  e demais atores da comunidade escolar.",Educação,continuo,2024-01-01T00:00:00,,Finalístico,"A alfabetização é uma etapa fundamental na formação educacional de qualquer indivíduo e tem um impacto significativo em seu desenvolvimento cognitivo, emocional e social. É nessa fase que as bases da aprendizagem são construídas, permitindo que as crianças adquiram habilidades e competências essenciais para uma participação plena na sociedade. No entanto, Rondônia ainda enfrenta desafios persistentes no que diz respeito à alfabetização na idade certa. Dados educacionais revelam que muitas crianças não estão atingindo níveis elevados de leitura e escrita ao final do ciclo das séries iniciais do ensino fundamental. Esse cenário implica em consequências negativas para o percurso educacional desses alunos, tornando-os mais tolerantes ao abandono escolar e às dificuldades acadêmicas ao longo de suas trajetórias educacionais. Diante dessa realidade, a criação do programa  ""Leitura para o Futuro: Parceria pela Alfabetização"" se faz necessária para promoção do desenvolvimento e melhoria da qualidade do ensino fundamental nas séries iniciais, concentrando-se especialmente na alfabetização na idade apropriada. Para alcançar esse propósito, será estabelecida uma colaboração sólida e efetiva entre o governo e as prefeituras, fundamentada em princípios de cooperação, diálogo e complementaridade de esforços. ",2024,1,Programa,2024,1
125,16020,Instituto Estadual de Desenvolvimento da Educação Profissional ,IDEP,1434,1015,GESTÃO ADMINISTRATIVA DO PODER EXECUTIVO,Gestão Administrativa do Poder Executivo,Unidades orçamentárias do Poder Executivo,Educação,continuo,2024-01-01T00:00:00,,Gestão Manutenção e Serviço,"O Programa busca garantir a execução de atividades-meios, para o bom desenvolvimento das funções operacionais-fins, assegurando a manutenção do Instituto de Desenvolvimento de Educação Profissional e das unidades escolares da Educação Profissional.",2024,1,Programa,2024,1
126,16020,Instituto Estadual de Desenvolvimento da Educação Profissional ,IDEP,1450,2134,EXPANSÃO DA EDUCAÇÃO PROFISSIONAL E TECNOLÓGICA,Expansão da educação profissional e tecnológica.,Estudantes do Ensino Médio e Sociedade,Educação,continuo,2023-01-01T00:00:00,,Finalístico,"Formar o indivíduo para o universo laboral mediante o processo de ensino e aprendizagem que lhe oportunize a apreensão dos conhecimentos e habilidades necessárias ao exercício das profissões técnicas, bem como o desenvolvimento das respectivas aptidões compreendidas, ainda, a iniciação profissional, qualificação inicial, atualização, aperfeiçoamento, especialização e capacitação.",2024,1,Programa,2024,1
127,16031,Fundação Cultural do Estado de Rondônia ,Funcer,1447,1015,GESTÃO ADMINISTRATIVA DO PODER EXECUTIVO,"Assegurar a Manutenção Administrativa e prestar apoio às Unidades: Complexo Teatral, BPE, MERO, CCIM e Teatro de Ariquemes, com a finalidade de constituir os custos administrativos orçamentárias constantes do orçamento da FUNCER, agregando as despesas que não são passíveis de apropriação em ações finalísticas, a ação  compreende: serviços administrativos ou de apoio; manutenção e uso de frota veicular; manutenção e conservação de bens imóveis próprios na qual a posse dos espaços culturais ser de competência desta FUNCER, de acordo com o Decreto 22.842 de 2018; despesas com tecnologia de informação e comunicações, sob a ótica ""meio"", aquisição de equipamentos e contratação de serviços técnicos e administrativos de apoio, desde que voltados à administração e suas unidades; capacitação de servidores em temas e ferramentas de uso geral; despesas com viagens e locomoção, incluindo aquisição de passagens, pagamento de diárias e afins; realização de estudos que têm por objetivo elaborar, aprimorar ou dar subsídios à formulação de políticas públicas; promoção de eventos para discussão, formulação e divulgação de políticas etc; produção e edição de publicações para divulgação e disseminação de informações sobre políticas públicas; demais atividades-meio necessárias à gestão e à administração da unidade.","População em geral, pessoa física e jurídica (pública e privada), Setores Administrativos: Setor de Contratos, Setor de Compras, Setor de Patrimônio e Almoxarifado e Outros, e, de apoio às Unidades: Complexo Teatral, BPE, MERO, CCIM e Teatro de Ariquemes.",Gestão Estratégica,continuo,2024-01-01T00:00:00,,Gestão Manutenção e Serviço,"Programa destinado a suprir com materiais, bens e serviços as atividades administrativas, a fim de garantir a manutenção das Unidades relacionadas à Fundação Cultural do Estado de Rondônia - FUNCER, bem como, prestar o apoio imprescíndivel as ações finalísticas.",2024,1,Programa,2024,1
128,16031,Fundação Cultural do Estado de Rondônia ,Funcer,1503,2090,DESENVOLVIMENTO DO PATRIMÔNIO CULTURAL,"O programa visa promover o patrimônio histórico cultural, pois por meio dele é possível conhecer a história e tudo que o envolve. Por exemplo, a arte, as tradições, os saberes de determinado povo. Preservar e valorizar os elementos culturais de um povo é manter viva a sua identidade. Trata-se, portanto, de um ato de construção da cidadania.",cidadão que necessitar,Educação,continuo,2024-01-01T00:00:00,,Finalístico,"O Estado de Rondônia contém riquíssimo acervo cultural, como festas populares, culinárias, paisagens, dente outras. Assim, desenvolver esse patrimônio é conservar a identidade do nosso povo. ",2024,1,Programa,2024,1
129,17010,"Fundo estadual de prevenção, fiscalização e repressão de entorpecentes",FESPREN,1630,1015,GESTÃO ADMINISTRATIVA DO PODER EXECUTIVO,"O programa tem como objetivo primordial garantir recursos adequados e suficientes para a manutenção das atividades da parte administrativa do órgão governamental. Através de uma gestão orçamentária eficiente e transparente, busca-se suprir todas as necessidades operacionais e funcionais do órgão, permitindo o pleno funcionamento das suas atividades administrativas.",Unidades administrativas direta e indireta do Governo Estadual e municípios de Rondônia,Gestão Estratégica,continuo,2024-01-01T00:00:00,,Gestão Manutenção e Serviço,"O programa visa proporcionar um ambiente estável e funcional para os servidores do órgão, possibilitando que eles desempenhem suas funções de forma eficaz. Dessa forma, o programa contribui diretamente para a eficiência e efetividade da administração pública, assegurando que o órgão possa cumprir sua missão institucional de maneira responsável.  ",2024,1,Programa,2024,1
130,17010,"Fundo estadual de prevenção, fiscalização e repressão de entorpecentes",FESPREN,1632,2039,DESENVOLVIMENTO DE POLÍTICAS PÚBLICAS SOBRE DROGAS,Fomentar a política sobre drogas com ações para redução da demanda e oferta do uso de drogas lícitas e ilícitas e apoiar as Comunidades Terapêuticas.,População do Estado de Rondônia,Saúde,continuo,2024-01-01T00:00:00,,Finalístico,"A questão das drogas, no Brasil e no mundo, constitui um grave problema de saúde pública, com reflexos nos diversos segmentos da sociedade. Os serviços de segurança pública, educação, trabalho, saúde, sistema de justiça, assistência social, dentre outros, e os espaços familiares e sociais são repetidamente afetados, direta ou indiretamente, pelos reflexos e pelas consequências do uso das drogas. Assim, considerando a complexidade e a transversalidade da política sobre drogas, faz-se necessário um enorme esforço de coordenação entre diversas áreas diferentes para realização de formas integradas de intervenção a fim de solucionar os problemas sociais enfrentados. Faz-se necessário a adoção de políticas públicas adequadas, nos eixos da prevenção, cuidados, tratamento e reinserção social, no eixo da redução da oferta, da pesquisa e avaliação, bem como do eixo da governança, gestão e integração e que convergem para um conjunto de objetivos estratégicos e metas a fim de que sejam solucionados os problemas sociais relacionados à demanda e à oferta de drogas.",2024,1,Programa,2024,1
131,17012,Fundo Estadual de Saúde,FES,1487,2069,ASSISTÊNCIA FARMACÊUTICA NO SUS,"A Assistência Farmacêutica (AF) engloba um conjunto de ações voltadas à promoção, proteção e recuperação da saúde, tanto individual como coletiva, tendo o medicamento como insumo essencial e visando ao seu acesso e ao seu uso racional. Relacionada ao abastecimento de medicamentos para as unidades de saúde ambulatoriais e hospitalares próprias da SESAU e dar acesso aos usuários do SUS em uso de medicamentos do componente especializado.",População do Estado de Rondônia,Saúde,continuo,2024-01-01T00:00:00,,Finalístico,"Desenvolver ações de aquisição e distribuição de medicamentos, com o devido  planejamento,  formulação,  implementação das políticas de gestão da assistência farmacêutica, exigindo programas e atividades específicas. A eficácia na gestão dessas ações pressupõe além da disponibilidade de recursos financeiros a organização dos serviços e, de forma a prestar uma assistência digna, humanizada, segura aos usuários portadores de doenças crônicas, com a ação de pessoal capacitado para coordenar as atividades a serem desenvolvidas.",2024,1,Programa,2024,1
132,17012,Fundo Estadual de Saúde,FES,1490,1015,GESTÃO ADMINISTRATIVA DO PODER EXECUTIVO,Gestão Administrativa do Poder Executivo,Unidades orçamentárias do poder executivo; servidores e população em geral do Estado,Saúde,continuo,2024-01-01T00:00:00,,Gestão Manutenção e Serviço,"Desenvolver atividades-meios para o bom desenvolvimento das funções operacionais-fins da Unidade para qual foi criada por Lei, visando à eficiência e eficácia das Políticas Públicas do Poder Executivo",2024,1,Programa,2024,1
133,17012,Fundo Estadual de Saúde,FES,1493,2049,RONDÔNIA ACOLHE,"Ancorado pelas diretrizes do Sistema Nacional de Políticas Públicas sobre Drogas, que tem, entre seus princípios, o respeito aos direitos fundamentais do ser humano, a CPOAD dispõe do CREPAD - Centro de Referência de Prevenção e Atenção à Dependência Química – CREPAD, em funcionamento desde 2013, voltado para a oferta de serviços de atenção e cuidado às pessoas com uso abusivo ou dependência de substâncias psicoativas. Tendo disponibilidade para atendimento por demanda espontânea ou referenciada, diariamente.","Dependentes químicos, familiares e demais pessoas em situação de vulnerabilidade e risco",Saúde,continuo,2024-01-01T00:00:00,,Finalístico,"O CREPAD é um equipamento da política estadual, de atendimento psicossocial diário (aos munícipes de Porto Velho e adjacências), grupo de apoio a usuários e familiares, projetos e ações de prevenção, capacitações, bem como, coordenação e regulação dos procedimentos para acolhimento, em regime de residência em Comunidades Terapêuticas, na modalidade de acolhimento voluntário, além dos demais encaminhamentos para a rede de atenção, que contribuem para o tratamento, recuperação e a reinserção social. ",2024,1,Programa,2024,1
134,17012,Fundo Estadual de Saúde,FES,1588,2034,GESTÃO DA ASSISTÊNCIA HOSPITALAR E AMBULATORIAL,Fortalecimento da gestão da assistência hospitalar e ambulatorial,Usuários do Sistema Único de Saúde-SUS,Saúde,continuo,2024-01-01T00:00:00,,Finalístico,O Programa da Gestão da Assistência Hospitalar e Ambulatorial visa o desenvolvimento de estratégias por meio do aporte de recursos financeiros necessários ao fortalecimento da integralidade dos serviços de saúde da rede própria e complementar do Estado de Rondônia.,2024,1,Programa,2024,1
135,17012,Fundo Estadual de Saúde,FES,1593,2084,GESTÃO DA POLÍTICA DE SAÚDE,Gestão da Política de Saude,Toda a população do Estado de Rondônia,Saúde,continuo,2024-01-01T00:00:00,,Finalístico,"Necessidade de assegurar ao usuário o acesso universal das ações e serviços do SUS, de forma regionalizada, com a transparência, integralidade, equidade e participação popular nas regiões de saúde do estado. Além disso, fortalecer a estrutura de governança do SUS. ",2024,1,Programa,2024,1
136,17012,Fundo Estadual de Saúde,FES,1594,2070,INVESTIMENTOS EM SAÚDE,"Assegurar os recursos necessários para todos os investimentos (Obras e Material Permanente) para as Unidades da Secretaria, visando ampliação de melhoria no atendimento ao usuário do SUS",População do Estado de Rondônia,Saúde,continuo,2024-01-01T00:00:00,,Finalístico,"Necessidade de investir em saúde, com o objetivo de manter, melhorar e ampliar a oferta e qualidade de serviços da rede, adequando a legislação pertinente bem como aos novos serviços que se fazem necessário.",2024,1,Programa,2024,1
137,17012,Fundo Estadual de Saúde,FES,1603,0000,OPERAÇÕES ESPECIAIS,"A ação 0256 foi cadastrada para atender às emendas parlamentares estaduais destinadas às ações e serviços de saúde em decorrência do Art. 166, §9° da Constituição Federal, não sendo realizada execução orçamentária e financeira dos recursos através desta, por não haver vinculação direta com o objeto da destinação, vez que desse modo, não é possível identificar e monitorar a aplicação dos recursos por nível de complexidade dos serviços de saúde. Assim, os recursos de Emenda Parlamentar alocados nessa ação são obrigatoriamente remanejados para as ações de execução, para celebração de Convênios, Execução Direta ou Transferências na modalidade Fundo a Fundo.",População do Estado de Rondônia,Saúde,temporário,2024-01-01T00:00:00,2027-12-01T00:00:00,Operação Especial,"Atendimento à alocação temporária de recursos durante o processo de elaboração orçamentária, por indicação parlamentar, até o limite individual da Emenda prevista no Projeto de Lei Orçamentária Anual, atendendo ao disposto no artigo 166 §9° da Constituição Federal.",2024,1,Programa,2024,1
138,17012,Fundo Estadual de Saúde,FES,1667,2189,FORTALECIMENTO DAS REDES DE ATENÇÃO À SAÚDE,"Programa finalístico voltado ao fortalecimento das redes de atenção à saúde na luz das diretries do SUS, tendo como a atenção primária o centro comunicador das redes de atenção.",Todos os municípios de Rondônia,Saúde,continuo,2024-01-01T00:00:00,,Finalístico,"Programa importante devido a participação da gestão estadual no fomento de políricas estaduais de saúde, garantindo assim o cumprimento dos princípios do SUS e os atributos e competências da atenção primária em saúde, bem como a média e alta complexidade, de caráter descentralizado e regionalizado.",2024,1,Programa,2024,1
139,17013,Fundo Estadual para Construção do Hospital de Urgência e Emergência de Porto Velho,FUN-HEURO,1618,2152,GESTÃO E OPERACIONALIZAÇÃO DO HEURO,Gestão e Operacionalização do HEURO,Usuários do Sistema Único de Saúde-SUS,Saúde,continuo,2024-02-01T00:00:00,,Finalístico,"Busca-se manter a locação do prédio do Novo Hospital sob medida de reversão ao final do contrato, bem como assegurar a manutenção da Parceria Público-Privada PPP",2024,1,Programa,2024,1
140,17032,Fundação de Hematologia e Hemoterapia de Rondônia,Fhemeron,1424,1015,GESTÃO ADMINISTRATIVA DO PODER EXECUTIVO,Programa de gestão administrativa do poder executivo,Unidades administrativas e servidores da Fundação de Hematologia e Hemoterapia do Estado de Rondônia,Gestão Estratégica,continuo,2024-01-01T00:00:00,,Gestão Manutenção e Serviço,"O programa busca garantir a execução das atividades meio para o bom desenvolvimento das funções operacionais fins, assegurando a manutenção do órgão/unidades administrativas, hemocentros regionais e agências transfunsionais.",2024,1,Programa,2024,1
141,17032,Fundação de Hematologia e Hemoterapia de Rondônia,Fhemeron,1504,2105,ATENÇÃO HEMOTERÁPICA E HEMATOLÓGICA,Assistência hemoterápica e hematológica no Estado de Rondônia,População com demandas transfusionais,Saúde,continuo,2024-01-01T00:00:00,,Finalístico,"Necessidade de promover disponibilidade de produtos e serviços hemoterápicos à rede de saúde pública, privada e filantrópicas no Estado de Rondônia, bem como o atendimento hematológico aos pacientes com coagulopatias hereditárias, de acordo com as exigências da legislação vigente.",2024,1,Programa,2024,1
142,17032,Fundação de Hematologia e Hemoterapia de Rondônia,Fhemeron,1530,0000,OPERAÇÕES ESPECIAIS,Operações especiais para atendimento das demandas judiciais,Unidades administrativas e servidores da Fundação de Hematologia e Hemoterapia do Estado de Rondônia,Saúde,continuo,2024-01-01T00:00:00,,Operação Especial,Atender as determinações judiciais mediante Requisições de Pequeno Valor (RPV) e precatórios.,2024,1,Programa,2024,1
143,17033,Centro de Educação Técnico-Profissional na Área de Saúde,Cetas,1484,1015,GESTÃO ADMINISTRATIVA DO PODER EXECUTIVO,"Garantir o pleno funcionamento das atividades administrativas da Unidade Orçamentária, coordenando recursos humanos e a otimização de recursos financeiros na execução das ações de educação permanente para melhoria da assistência em saúde no Estado de Rondônia","Profissionais de saúde de nível fundamental, médio e superior que atuam no SUS e usuários",Saúde,continuo,2024-01-01T00:00:00,,Gestão Manutenção e Serviço,"Assegurar condições adequadas de infraestrutura física, administrativa e financeira essenciais para o planejamento e  desenvolvimento das atividades finalísticas (ações educativas) para melhoria da qualificação dos servidores de saúde do SUS no Estado de Rondônia",2024,1,Programa,2024,1
144,17033,Centro de Educação Técnico-Profissional na Área de Saúde,Cetas,1536,2109,EDUCAÇÃO PERMANENTE EM SAÚDE,Desenvolver ações de educação permanente e continuada em saúde aos servidores do SUS nas esferas municipal e estadual visando o fortalecimento das Redes de Atenção à Saúde e a melhoria dos serviços/ assistência prestados à população no Estado de Rondônia.,"Profissionais de saúde de nível fundamental, médio e superior que atuam no SUS e usuários",Saúde,continuo,2024-01-01T00:00:00,,Finalístico,Promover o fortalecimento dos processos de educação em saúde voltados à qualificação dos trabalhadores para transformação de seus processos de trabalho alinhados aos princípios fundamentais do SUS e a melhoria dos serviços/ assistência prestados à população no Estado de Rondônia.,2024,1,Programa,2024,1
145,17033,Centro de Educação Técnico-Profissional na Área de Saúde,Cetas,1559,2070,INVESTIMENTOS EM SAÚDE,"Ampliação, reforma e manutenção da estrutura física da sede da Escola de Saúde Pública do Estado de Rondônia/ CETAS","Profissionais de saúde de nível fundamental, médio e superior que atuam no SUS e usuários",Saúde,continuo,2024-01-01T00:00:00,,Finalístico,"Necessidade de expansão da infraestrutura física da Escola de Saúde Pública do Estado de Rondônia/ CETAS, com a construção de mais laboratórios, salas de aula e outros espaços de aprendizagem para ampliação das ações de educação permanente em saúde",2024,1,Programa,2024,1
146,17034,Agência Estadual de Vigilância em Saúde ,Agevisa,1457,1015,GESTÃO ADMINISTRATIVA DO PODER EXECUTIVO,Gestão Administrativa do Poder Executivo. ,Unidades Gestoras do Poder Executivo e Sociedade,Gestão Estratégica,continuo,2024-01-01T00:00:00,,Gestão Manutenção e Serviço,"Desenvolver atividades-meios para o bom desenvolvimento das funções operacionais-fins da Unidade para qual foi criada por lei, visando à eficiência e eficácia das Políticas Públicas do Poder Executivo",2024,1,Programa,2024,1
147,17034,Agência Estadual de Vigilância em Saúde ,Agevisa,1458,2023,VIGILANCIA EM SAÚDE,Desenvolver as Ações de Vigilância em saúde,População do Estado de Rondônia,Saúde,continuo,2024-01-01T00:00:00,,Finalístico,"Promover a saúde através de ações destinadas a controlar determinantes, riscos e danos à saúde, de populações que vivem em determinados territórios, sob a ótica da integralidade do cuidado, resultante do trabalho integrado das vigilâncias (Epidemiológica, Sanitária, Saúde Ambiental, Saúde do Trabalhador e CIVES), embasados em ações de promoção da saúde e continua análise da situação de saúde.",2024,1,Programa,2024,1
148,18001,Secretaria de Estado do Desenvolvimento Ambiental,Sedam,1454,1015,GESTÃO ADMINISTRATIVA DO PODER EXECUTIVO,Manter a operacionalização da Unidade Administrativa.,Unidades orçamentárias do Poder Executivo,Meio Ambiente e Desenvolvimento Territorial,continuo,2024-01-01T00:00:00,,Gestão Manutenção e Serviço,"Desenvolver atividades meios para subsidiar as funções operacionais fins da Unidade para qual foi criada por lei, visando a eficiência e eficácia das Políticas Públicas voltadas para o Desenvolvimento Ambiental Sustentável do estado de Rondônia.",2024,1,Programa,2024,1
149,18001,Secretaria de Estado do Desenvolvimento Ambiental,Sedam,1460,2153,DESENVOLVIMENTO AMBIENTAL SUSTENTÁVEL,"A sustentabilidade ambiental busca o equilíbrio entre o progresso da sociedade, conservação do meio ambiente e o desenvolvimento da economia.",População do Estado de Rondônia,Meio Ambiente e Desenvolvimento Territorial,continuo,2024-01-01T00:00:00,,Finalístico,"Desenvolver e suprir as necessidades da geração atual, sem comprometer a capacidade de atender as necessidades das futuras gerações. Além de promover a utilização de ferramentas e estratégias eficazes para minimizar os impactos negativos que o crescimento e o desenvolvimento da sociedade podem causar à natureza.",2024,1,Programa,2024,1
150,18001,Secretaria de Estado do Desenvolvimento Ambiental,Sedam,1468,2154,GESTÃO INTEGRADA DAS UNIDADES DE CONSERVAÇÃO ESTADUAIS,"Implementar ações visando integrar a gestão das Unidades de Conservação sob responsabilidade do Estado de Rondônia, de modo que possa garantir a preservação dos recursos naturais.",População do Estado de Rondônia,Meio Ambiente e Desenvolvimento Territorial,continuo,2024-01-01T00:00:00,,Finalístico,"Conservar os limites definidos das Unidades de Conservação Estaduais conforme SNUC Lei nº 9.985 de 2000 e SEUC, sob regime especial de administração, ao qual se aplicam garantias adequadas de proteção. Aprimorando a implementação do que prevê a legislação nas atividades de gestão das Unidades de Conservação estaduais, tão necessária para garantir a conservação da natureza, diversidade biológica, preservação e a restauração da diversidade de ecossistemas naturais, proteção dos recursos naturais, preservação dos Povos e Comunidades Tradicionais, promoção do desenvolvimento sustentável, educação ambiental e conscientização, além do cumprimento de compromissos internacionais.",2024,1,Programa,2024,1
151,18011,Fundo Especial de Proteção Ambiental,Fepram,1478,1015,GESTÃO ADMINISTRATIVA DO PODER EXECUTIVO,Gestão Administrativa do Poder Executivo.,População do Estado de Rondônia,Meio Ambiente e Desenvolvimento Territorial,continuo,2024-01-01T00:00:00,,Gestão Manutenção e Serviço,"Desenvolver atividades-meios para o bom desenvolvimento das funções operacionais-fins da Unidade para qual foi criada por lei, visando à eficiência e eficácia das Políticas Públicas do Poder Executivo.",2024,1,Programa,2024,1
152,18011,Fundo Especial de Proteção Ambiental,Fepram,1479,2098,PROTEÇÃO AMBIENTAL,Proteção Ambiental,População do Estado de Rondônia,Meio Ambiente e Desenvolvimento Territorial,continuo,2024-01-01T00:00:00,,Finalístico,"Para um ambiente protegido e ecologicamente equilibrado  faz-se necessário intensificar a redução da degradação ambiental, do desmatamento, principalmente o desmatamento ilegal e a redução das queimadas florestais, através da execução de ações voltadas para fiscalização, controle e monitoramento ambiental.",2024,1,Programa,2024,1
153,18011,Fundo Especial de Proteção Ambiental,Fepram,1480,2154,GESTÃO INTEGRADA DAS UNIDADES DE CONSERVAÇÃO ESTADUAIS,"Implementar ações visando integrar a gestão das Unidades de Conservação sob responsabilidade do Estado de Rondônia, de modo que possa garantir a preservação dos recursos naturais.",População do Estado de Rondônia,Meio Ambiente e Desenvolvimento Territorial,continuo,2024-01-01T00:00:00,,Finalístico,"Conservar os limites definidos das Unidades de Conservação Estaduais conforme SNUC, Lei nº 9.985 de 2000 e SEUC, Lei ordinária nº 1.144 de 2002, sob regime especial de administração, ao qual se aplicam garantias adequadas de proteção. Aprimorando a implementação do que prevê a legislação nas atividades de gestão das Unidades de Conservação estaduais, tão necessária para garantir a conservação da natureza, diversidade biológica, preservação e a restauração da diversidade de ecossistemas naturais, proteção dos recursos naturais, preservação dos Povos e Comunidades Tradicionais, promoção do desenvolvimento sustentável, educação ambiental e conscientização, além do cumprimento de compromissos internacionais.",2024,1,Programa,2024,1
154,18012,Fundo Estadual de Recursos Hídricos,FRH,1538,2080,FORTALECER A GESTÃO INTEGRADA DOS RECURSOS HÍDRICOS,"Fortalecer a Gestão dos Recursos Hídricos promovendo o desenvolvimento Institucional; Consolidação e implementação dos Instrumentos de Gestão dos Recursos Hídricos, Desenvolvimento tecnológico, capacitação e comunicação; Conservação da água, do solo e dos Ecosistemas.",População do Estado de Rondônia,Meio Ambiente e Desenvolvimento Territorial,continuo,2024-01-01T00:00:00,,Finalístico,"A água é um recurso natural limitado, dotado de valor econômico e essencial para a vida de todos os seres vivos. Por ser um bem de domínio público, o Governo Federal e os Estaduais são os responsáveis por regular o seu acesso, promovendo o uso múltiplo e sustentável em benefício das atuais e futuras gerações.",2024,1,Programa,2024,1
155,18013,Fundo Estadual de Governança Climática e Serviços Ambientais,FUNCLIMA,1537,2136,PROMOVER A GESTÃO DA GOVERNANÇA CLIMÁTICA E SERVIÇOS AMBIENTAIS,Implementação da Política de Governança Climática e de Serviços Ambientais.,População do Estado de Rondônia ,Meio Ambiente e Desenvolvimento Territorial,continuo,2024-01-01T00:00:00,,Finalístico,Necessidade de implementar políticas públicas voltadas para a promoção da gestão da governança climática e serviços ambientais.,2024,1,Programa,2024,1
156,19001,Secretaria de Estado da Agricultura,Seagri,1418,1015,GESTÃO ADMINISTRATIVA DO PODER EXECUTIVO,Gestão Administrativa do Poder Executivo,Servidores e demais unidades e subunidades da secretaria,Desenvolvimento Econômico,continuo,2024-01-01T00:00:00,,Gestão Manutenção e Serviço,"Desenvolver atividades - meios para o bom desenvolvimento das funções operacionais-fins da Unidade para a qual foi criada por Lei, visando a eficiência e eficácia das Políticas Públicas do Poder Executivo e outras atividades correlatas.",2024,1,Programa,2024,1
157,19001,Secretaria de Estado da Agricultura,Seagri,1506,2101,PROGRAMA DE ACESSO A TERRA CRÉDITO FUNDIÁRIO,Promover acesso ao Crédito Fundiário.,"TRABALHADORES RURAIS, FILHOS DE AGRICULTORES, JOVENS, MULHERES, NEGROS, ENTIDADES RURAIS ORGANIZADAS E TERRITÓRIOS RURAIS E DA CIDADANIA NO ESTADO",Desenvolvimento Econômico,continuo,2024-01-01T00:00:00,,Finalístico,"Necessidade de consolidar e propagar o TERRA BRASIL - PROGRAMA NACIONAL DE CRÉDITO FUNDIÁRIO no estado de Rondônia, complementando a Reforma Agrária, para atender a demanda de trabalhadores rurais, sem terras, filhos de agricultores, jovens e mulheres.",2024,1,Programa,2024,1
158,19001,Secretaria de Estado da Agricultura,Seagri,1561,2003,DESENVOLVIMENTO DA ATIVIDADE PRODUTIVA AGROPECUÁRIA,Desenvolvimento da Atividade Produtiva Agropecuária,Agricultor familiar,Desenvolvimento Econômico,continuo,2024-01-01T00:00:00,,Finalístico,"Necessidade de implementar políticas públicas que viabilizem o fortalecimento da atividade produtiva agropecuária, propiciando o aumento de arrecadação, gerando renda e melhorando a qualidade de vida do produtor rural.",2024,1,Programa,2024,1
159,19001,Secretaria de Estado da Agricultura,Seagri,1579,2011,DESENVOLVIMENTO DA PRODUÇÃO SUSTENTÁVEL DA AGRICULTURA FAMILIAR,O programa visa promover ações de incentivo a produção rural familiar através investimentos em programas e política públicas voltadas ao desenvolvimento da produção sustentável na agricultura familiar.,Agricultor familiar,Desenvolvimento Econômico,continuo,2024-01-01T00:00:00,,Finalístico,"Se tratando de um estado predominantemente agrícola o investimento na agricultura familiar torna-se primordial para o desenvolvimento econômico do estado de Rondônia, a agricultura familiar representa papel significativo na produção de alimentos que é consumido dentro e fora do estado de Rondônia. ",2024,1,Programa,2024,1
160,19001,Secretaria de Estado da Agricultura,Seagri,1599,2055,VERTICALIZAÇÃO DA PRODUÇÃO AGROINDUSTRIAL - PROVE RONDÔNIA,"O Programa de Verticalização da Produção Agropecuária da Agricultura Familiar do Estado de Rondônia- PROVE/RO, com regulamentação mais recente pela Lei no 4584, de 18 de setembro de 2019, e alterada pela Lei no 4609, de 15 de outubro de 2019, com foco econômico que visa estimular a geração de emprego e renda, bem como o aquecimento da economia local, possibilita e regulamenta a instalação de Unidade Familiar de Processamento Agroindustrial – UFPA e Agroindústria Familiar de Processamento Artesanal – AFPA, nas propriedades rurais familiares, denominadas Agroindústrias.",Agricultor familiar,Desenvolvimento Econômico,continuo,2024-01-01T00:00:00,,Finalístico,"A implementação de politicas publicas voltadas a verticalização da produção agropecuária, como o incentivo a agroindustrialização e mercado assegura agregação de valor a produção agropecuária, gerando renda a produtores rurais e fortalecendo a Agricultura Familiar.",2024,1,Programa,2024,1
161,19011,Fundo de Apoio à Cultura do Café em Rondônia,Funcafé,1553,2005,DESENVOLVIMENTO DA CAFEICULTURA,Desenvolvimento da Cafeicultura,Agricultor familiar,Desenvolvimento Econômico,continuo,2024-01-01T00:00:00,,Finalístico,Necessidade de apoiar os cafeicultores para a revitalização das atividades da cafeicultura e fortalecimento da cadeia produtiva com aumento da produtividade e melhoria da qualidade.,2024,1,Programa,2024,1
162,19014,Fundo Estadual de Sanidade Animal,Fesa,1432,0000,OPERAÇÕES ESPECIAIS,Assegurar recursos para eventual emergência sanitária animal.,"Produtores rurais, pequenos produtores que atuam no agronegócio no estado de Rondônia",Desenvolvimento Econômico,continuo,2020-01-01T00:00:00,,Operação Especial,"O presente Programa visa proporcionar uma garantia financeira mínima, para o caso de ocorrência de um eventual sinistro sanitário animal.",2024,1,Programa,2024,1
163,19014,Fundo Estadual de Sanidade Animal,Fesa,1453,2095,PROGRAMA ESTADUAL DE SANIDADE ANIMAL,Programa Estadual de Sanidade Animal,Produtores rurais que atuam no agronegócio e a sociedade do Estado de Rondônia.,Desenvolvimento Econômico,continuo,2020-01-01T00:00:00,,Finalístico,"O Fundo Estadual de Sanidade Animal – FESA, atua de maneira suplementar, com vistas a melhor incrementar o fortalecimento das ações de inspeção e defesa sanitária animal, contribuindo para o desenvolvimento socioeconômico da pecuária rondoniense.",2024,1,Programa,2024,1
164,19017,Fundo de Inv. e Apoio ao Programa de Desenv. da Pecuária Leiteira do Estado,Proleite,1539,2004,PROGRAMA DE DESENVOLVIMENTO DA PECUÁRIA LEITEIRA DE RONDÔNIA,"É um programa criado para incentivar as ações para o desenvolvimento do agronegócio do leite, pele aplicação de mecanismos e instrumentos que visam aumentar a produtividade e a qualidade do rebanho bovino leiteiro, bem como seus produtos e derivados, induzindo o desenvolvimento e aperfeiçoamento de todos os elos da cadeia produtiva do agronegócio do leite, apoiando projetos de caráter sustentável, promovendo a implantação e modernização nos sistemas produtivos de leite em todo o Estado de Rondônia.","Produtores rurais, pequenos produtores que atuam no agronegócio do leite no estado de Rondônia",Desenvolvimento Econômico,continuo,2023-07-01T00:00:00,,Finalístico,"Promover a cadeia produtiva do leite, através de investimentos que apoiem a realização de projetos que beneficiem o produtor de leite, incentivando o produtor a produzir mais e com qualidade, colaborando com o fortalecimento da cadeia produtiva do leite, proporcionando melhor renda para todos os municípios do Estado.",2024,1,Programa,2024,1
165,19023,Agência de Defesa Sanitária Agrosilvopastoril do Estado de Rondônia,Idaron,1422,2096,PROGRAMA ESTADUAL DE DEFESA AGROPECUÁRIA,Programa Estadual de Defesa Agropecuária,"Produtores, trabalhadores do setor agropecuário, comerciantes agropecuários, profissionais que atuam na agropecuária e estudantes, indústria ou agroindústria que abatem e/ou processam produtos e subprodutos de origem animal/vegetal e consumidores ",Desenvolvimento Econômico,continuo,2020-01-01T00:00:00,,Finalístico,"Necessidade de garantir a oferta de produtos e subprodutos agropecuários, com qualidade, assim como a transparência nas relações comerciais, facilitando a entrada dos produtos rondonienses nos mercados nacional e internacional traduzindo numa melhor qualidade de vida para a população do Estado de Rondônia.",2024,1,Programa,2024,1
166,19023,Agência de Defesa Sanitária Agrosilvopastoril do Estado de Rondônia,Idaron,1430,0000,OPERAÇÕES ESPECIAIS,"Pagamento da dívida pública fundada interna e externa, bem como despesas com o PASEP; Restituições de Exercícios Anteriores, Requisições de Pequeno Valor (RPV) e pagamentos de juros e multas.",A demanda decorrente da sociedade abrangendo todo o Estado de Rondônia,Gestão Estratégica,continuo,2020-01-01T00:00:00,,Operação Especial,"A Agência de Defesa Agrosilvopastoril do Estado de Rondônia - IDARON primará em honrar seus compromissos, evitando a inadimplência.",2024,1,Programa,2024,1
167,19023,Agência de Defesa Sanitária Agrosilvopastoril do Estado de Rondônia,Idaron,1431,1015,GESTÃO ADMINISTRATIVA DO PODER EXECUTIVO,Gestão Administrativa do Poder Executivo,Unidades orçamentárias do Poder Executivo,Gestão Estratégica,continuo,2020-01-01T00:00:00,,Gestão Manutenção e Serviço,"Desenvolver atividades-meios para o bom desenvolvimento das funções operacionais-fins da Unidade para qual foi criada por lei, visando à eficiência e eficácia das Políticas Públicas do Poder Executivo.",2024,1,Programa,2024,1
168,19025,Entidade Autárquica de Assistência Técnica e Extensão Rural do Estado de Rondônia,Emater,1426,0000,OPERAÇÕES ESPECIAIS,"Pagamento da dívida pública fundada interna e externa, bem como despesas com o PASEP e as Requisições de Pequeno Valor (RPV) por Sentenças Judiciais provindas de ações trabalhistas",A demanda decorrente da sociedade abrangendo todo o Estado de Rondônia,Meio Ambiente e Desenvolvimento Territorial,temporário,2024-01-01T00:00:00,2024-12-01T00:00:00,Operação Especial,"A dívida remonta à época de 2006,  quando a EMATER-RO possuía personalidade jurídica de Direito Privado, sendo Associação sem fins lucrativos filantrópica, tendo como fato gerador a cota patronal do INSS, não sendo recolhido na época, por ser isento diante da filantropia, bem como demandas judiciais provindas de ações trabalhistas.  

O pagamento pontual das dívidas do Estado primam por não deixar que ocorram inadimplências, a fim de manter o Estado com suas Certidões Negativas de débitos juntos a União e Bancos, visando à eficiência e eficácia das Políticas Públicas do Poder Executivo. Atender as sentenças do Poder Judiciário e Acordos judiciais.",2024,1,Programa,2024,1
169,19025,Entidade Autárquica de Assistência Técnica e Extensão Rural do Estado de Rondônia,Emater,1427,1015,GESTÃO ADMINISTRATIVA DO PODER EXECUTIVO,"O referido programa visa garantir o pleno funcionamento das 83(oitenta e três) unidades operacionais distribuídas nos 52 (cinquenta e dois) Municípios, dotando-as de recursos  materiais, equipamentos permanentes e financeiro, suficientes e oportunos  para o desenvolvimento das atividades de Assistência Técnica e Extensão Rural  - ATER com excelência junto ao público alvo, bem como  garantir o  pagamento de salários, encargos e auxílios a 147 (cento e quarenta e sete) servidores lotados no Centro gerencial (CENGE), localizado na região administrativa I, mensurado quadrimestralmente pela manutenção das unidade operacionais.","Agricultores familiares, assentados, ribeirinhos, quilombolas e outros",Desenvolvimento Econômico,continuo,2024-01-01T00:00:00,,Gestão Manutenção e Serviço,"Nos termos da constituição do Estado de Rondônia, no TITULO VI: Da ordem econômica e social, CAPÍTULO I: Da ordem econômica, SEÇÃO III: Da política agrícola, ARTIGO 161 e SS, impõem ao Estado a prestação do Serviço de assistência Técnica e Extensão rural de forma gratuita aos pequenos e médios agricultores, elegendo a Emater-RO, como órgão executor desses Serviços.
Diante do exposto o programa de Gestão Administrativa do Poder Executivo é plenamente justificável em função das atividades de suporte para o bom desenvolvimento das ações do programa finalístico, junto ao público alvo, bem como a operacionalização das políticas do governo do Estado, que visam o bem estar socioeconômico, ambiental e inclusão social do público alvo, culminado com o pleno Desenvolvimento Sustentável.
",2024,1,Programa,2024,1
170,19025,Entidade Autárquica de Assistência Técnica e Extensão Rural do Estado de Rondônia,Emater,1444,2024,FORTALECIMENTO DA AGRICULTURA FAMILIAR,"Nos termos da constituição do Estado de Rondônia, no TITULO VI: Da ordem econômica e social, CAPÍTULO I: Da ordem econômica, SEÇÃO III: Da política agrícola, ARTIGO 161 e SS, impõem ao Estado a prestação do Serviço de assistência Técnica e Extensão rural de forma gratuita aos pequenos e médios agricultores, elegendo a Emater-Ro, como órgão executor desses Serviços.

O presente Programa de Fortalecimento da Agricultura Familiar será implementado com e junto aos agricultores familiares, quilombolas, ribeirinho, assentados, extrativistas, indígenas e outros, de forma holística, participativa, no intuito de integrar as políticas prioritárias governamentais com as demandas oriundas das audiências públicas.

Programa de Fortalecimento da Agricultura Familiar será operacionalizado com uso de metodologias e métodos peculiares de Extensão Rural, que proporcionam a valorização e uso do saber popular e científico, uso dos fatores de produção internos e externos a propriedade, disponibilidade da mão-de-obra, bem como idade e gênero, sempre levando em consideração a globalização ambiental e sua sustentabilidade.
","Agricultores familiares, quilombolas, ribeirinho, assentados, extrativistas, indígenas e outros",Desenvolvimento Econômico,continuo,2024-01-01T00:00:00,,Finalístico,"O setor agropecuário que engloba os agricultores familiares do Estado, vem passando pelo processo de avanço tecnológico nos últimos anos, em função das políticas públicas de Assistência Técnica e Extensão Rural, fomento (mudas clonais de café, cacau, distribuição de calcário, nitrogênio e outros), educação ambiental, crédito rural, inclusão social e outras políticas, mas existe um potencial muito grande para o atendimento das famílias dos agricultores familiares, uma vez que só foram alcançados 49,66% dos mesmos, além das possibilidades reais em aumentar os índices técnicos e zootécnicos da produtividade/produção e qualidade dos produtos, com a ampliação das políticas públicas voltadas a esse segmento da sociedade (agricultores familiares).

A demanda pelos serviços de Assistência Técnica e Extensão Rural, bem como dos insumos de inovação tecnológica são mencionados nas audiências públicas e fazem parte das prioridades governamentais. 

A oferta dos insumos e serviços estão aquém da demanda em quantidade e qualidade, ocasionando déficit no uso das tecnologias inovadoras nos processos produtivos da agropecuária, do manejo ambiental, extrativismo, da verticalização da produção, da comercialização, da inclusão social e gestão da unidade produtiva, bem como as desigualdades socioeconômicas, áreas remotas de difícil acesso. 

O programa em pauta é continuo, pois, o processo de adesão a inovação tecnológica requer ações continuadas e persistentes com demonstrações de resultados pelos agricultores que absorveram e aderiram as inovações, além do fato mencionado acima de carência das políticas públicas que venham dar total suporte aos agricultores familiares. Outro aspecto relevante é que os resultados de inovações tecnológicas levam um lapso de tempo médio a longo, ou seja, no mínimo de três a cinco anos, quando a tecnologia já está definida pela pesquisa. O programa está desenhado com base nas pautas demandadas nas audiências públicas e definições no planejamento estratégico do Estado. O programa prima pelo Desenvolvimento Sustentável e melhoria de qualidade de vida do público alvo, bem como a implantação de tecnologias inovadoras que proporcionarão o incremento na produtividade/produção e qualidade dos produtos ao longo dos 4 (quatro) anos do PPA. 
",2024,1,Programa,2024,1
171,19025,Entidade Autárquica de Assistência Técnica e Extensão Rural do Estado de Rondônia,Emater,1690,2004,PROGRAMA DE DESENVOLVIMENTO DA PECUÁRIA LEITEIRA DE RONDÔNIA,"É um programa criado para incentivar as ações para o desenvolvimento do agronegócio do leite, pele aplicação de mecanismos e instrumentos que visam aumentar a produtividade e a qualidade do rebanho bovino leiteiro, bem como seus produtos e derivados, induzindo o desenvolvimento e aperfeiçoamento de todos os elos da cadeia produtiva do agronegócio do leite, apoiando projetos de caráter sustentável, promovendo a implantação e modernização nos sistemas produtivos de leite em todo o Estado de Rondônia.","Produtores rurais, pequenos produtores que atuam no agronegócio do leite no estado de Rondônia",Desenvolvimento Econômico,continuo,2023-07-01T00:00:00,,Finalístico,"Promover a cadeia produtiva do leite, através de investimentos que apoiem a realização de projetos que beneficiem o produtor de leite, incentivando o produtor a produzir mais e com qualidade, colaborando com o fortalecimento da cadeia produtiva do leite, proporcionando melhor renda para todos os municípios do Estado.",2024,1,Programa,2024,1
172,21001,Secretaria de Estado da Justiça,Sejus,1464,1015,GESTÃO ADMINISTRATIVA DO PODER EXECUTIVO,Gestão Administrativa do Poder Executivo,Unidades orçamentárias do Poder Executivo,Segurança Pública,continuo,2024-01-01T00:00:00,,Gestão Manutenção e Serviço,"Desenvolver atividades-meios para o bom desenvolvimento das funções operacionais-fins da Unidade para qual foi criada por lei, visando à eficiência e eficácia das Políticas Públicas do Poder Executivo",2024,1,Programa,2024,1
173,21001,Secretaria de Estado da Justiça,Sejus,1532,2102,MELHORIA E HUMANIZAÇÃO DO SISTEMA PRISIONAL,"Fortalecimento, modernização e humanização do Sistema Prisional de Rondônia.",População carcerária do Estado de Rondônia,Segurança Pública,continuo,2024-01-01T00:00:00,,Finalístico,"Diante dos elevados índices de reincidências de apenados e a necessidade de cumprir com os preceitos de dignidade e humanidade no sistema prisional do Estado, é imprescindível estabelecer programa finalístico com ações para a manutenção das unidades prisionais e a ressocialização de todos que se encontram privados de liberdade.",2024,1,Programa,2024,1
174,21001,Secretaria de Estado da Justiça,Sejus,1645,2165,FOMENTAR POLÍTICAS DE EXECUÇÃO PENAL (REPASSES DA UNIÃO),"Reunir ações que promovem o desenvolvimento e modernização do sistema prisional, através de Convênios de recurso oriundo a Secretaria Nacional de Políticas Penais - Governo Federal. ",Atores do sistema prisional,Segurança Pública,continuo,2024-01-01T00:00:00,,Finalístico,Recepcionar recursos oriundos do Governo Federal em benefício do Sistema Penitenciário de Rondônia. ,2024,1,Programa,2024,1
175,21011,Fundo Penitenciário do Estado de Rondônia,Fupen,1541,2102,MELHORIA E HUMANIZAÇÃO DO SISTEMA PRISIONAL,"Fortalecimento, modernização e humanização do Sistema Prisional de Rondônia.",Reeducandos do Estado de Rondônia,Segurança Pública,continuo,2024-01-01T00:00:00,,Finalístico,"Diante dos elevados índices de reincidências de apenados e a necessidade de cumprir com os preceitos de dignidade e humanidade no sistema prisional do Estado, é imprescindível estabelecer programa finalístico com ações para a manutenção das unidades prisionais e a ressocialização de todos que se encontram privados de liberdade.",2024,1,Programa,2024,1
176,21011,Fundo Penitenciário do Estado de Rondônia,Fupen,1614,1015,GESTÃO ADMINISTRATIVA DO PODER EXECUTIVO,Gestão Administrativa do Poder Executivo - Descentralizações orçamentárias e financeiras,Reeducandos do Estado de Rondônia,Cidadania,continuo,2024-01-01T00:00:00,,Gestão Manutenção e Serviço,"Desenvolver atividades-meios para o bom desenvolvimento das funções operacionais-fins da Unidade para qual foi criada por lei, visando à eficiência e eficácia das Políticas Públicas do Poder Executivo na reinserção social do apenado.",2024,1,Programa,2024,1
177,21011,Fundo Penitenciário do Estado de Rondônia,Fupen,1642,2167,ESTRUTURAÇÃO DAS POLÍTICAS DE EXECUÇÃO PENAL (REPASSES DA UNIÃO) ,"Reunir ações que promovem o desenvolvimento e modernização do sistema prisional, através dos Repasses do Governo Federal. ",Atores do sistema prisional,Segurança Pública,continuo,2023-07-01T00:00:00,,Finalístico,Recepcionar os recursos oriundos do Governo Federal em benefício do Sistema Penitenciário de Rondônia. ,2024,1,Programa,2024,1
178,21011,Fundo Penitenciário do Estado de Rondônia,Fupen,1691,2119,MEU IMÓVEL LEGAL,"Promover o processo de regularização fundiária urbana e rural, em áreas públicas ocupadas por população de baixa renda, implementando medidas técnicas, administrativas, jurídicas, sociais e ambientais necessárias a efetivação da regularização fundiária para as atuais e novas áreas de interesse social.",Pessoas de baixa renda,Meio Ambiente e Desenvolvimento Territorial,continuo,2024-01-01T00:00:00,,Finalístico,"O programa visa promover a regularização fundiária de interesse social em áreas urbanas e rurais. A qual tem por foco a legalização e a inserção da propriedade e da posse na estrutura regular das cidades. Considerando que a regularização fundiária consiste em medidas jurídicas, urbanísticas, ambientais e sociais que visam à regularização de assentamentos irregulares e à titulação de seus ocupantes, de modo a garantir o direito social à moradia, o pleno desenvolvimento das funções sociais da propriedade urbana e rural e o direito ao meio ambiente ecologicamente equilibrado. Considerando que a regularização e legitimação da posse de um imóvel urbano e rural é condição essencial para estabelecer a segurança jurídica nas relações de propriedade e que o georreferenciamento é o trabalho técnico que delimita, com segurança, a extensão de uma propriedade. 
O Programa Meu imóvel Legal, tem como plano de governo, a regularização de 36 mil imóveis urbanos, a serem realizados nos municípios conveniados, em núcleos urbanos consolidados.",2024,1,Programa,2024,1
179,21011,Fundo Penitenciário do Estado de Rondônia,Fupen,1692,2138,GESTÃO DO PATRIMÔNIO IMOBILIÁRIO,"Gestão do Patrimônio Imobiliário através da regularização dos imóveis Estaduais, referente a escrituras públicas, registro de imóveis, memorial descritivo, fiscalização, demarcação de imóveis estaduais e avaliação e reavaliação através da emissão de Laudo Técnico Rural e Urbano. E atualização cadastral dos seguintes documentos, planta de localização, matrícula no registro de imóveis, valor venal atualizado, cadastro imobiliário, termo de recebimento de obras, entre outras informações que se julguem necessárias. Assim como a padronização de normativas e sistemas de gestão imobiliária.",Unidades que compõem Administração Direta e Indireta do Poder Executivo,Meio Ambiente e Desenvolvimento Territorial,continuo,2024-01-01T00:00:00,,Finalístico,"Gerenciamento do patrimônio estadual e prestação de informação e orientação técnica e normativa aos órgãos e entidades estaduais sobre gestão do patrimônio do Estado.
Fiscalizar, acompanhar a entrega de bens de uso coletivo (imóveis) do Estado de Rondônia, a solicitação de projetos de leis pertinentes a doação bens imóveis de propriedade estaduais.
Realizar relatório de fiscalização do estado atual de cada uma das edificações ou terreno do imóvel para atualização e verificação das condições, guarda, conservação, manutenção e outras que se fizerem necessárias.
A promoção de ações para regularização cartorial dos bens imóveis de propriedade do Estado. 
E a viabilização dos laudos de avaliação mercadológica para alienação, aquisição, locação, doação, permuta, usucapião, desapropriação e o auxilio nos inventários dos imóveis  ocupados pela administração pública.
",2024,1,Programa,2024,1
180,23001,Secretaria de Estado da Assistência e do Desenvolvimento Social,Seas,1461,1015,GESTÃO ADMINISTRATIVA DO PODER EXECUTIVO,Gestão Administrativa do Poder Executivo,Unidades orçamentárias do Poder Executivo,Cidadania,continuo,2024-01-01T00:00:00,,Gestão Manutenção e Serviço,"Desenvolver atividades-meios para o bom desenvolvimento das funções operacionais-fins da Unidade para qual foi criada por lei, visando à eficiência e eficácia das Políticas Públicas do Poder Executivo",2024,1,Programa,2024,1
181,23001,Secretaria de Estado da Assistência e do Desenvolvimento Social,Seas,1509,2163,PROMOVER A POLÍTICA ESTADUAL DE SEGURANÇA ALIMENTAR E NUTRICIONAL, Implantar ações de caráter preventivo e estruturante da política de Segurança Alimentar e Nutricional; manutenção e aprimoramento das ações de enfrentamento a insegurança alimentar em Rondônia.,População em situação de vulnerabilidade socioeconômica no Estado de Rondônia.,Cidadania,continuo,2024-01-01T00:00:00,,Finalístico,"A insegurança alimentar é um dos maiores problemas sociais da sociedade contemporânea. Deste modo, visando a prevenção e o combate à insegurança alimentar e nutricional, faz-se necessário o estabelecimento de ações e medidas que afastem e diminuam a problemática da população, em especial dos grupos vulneráveis, tendo em mente a promoção, articulação e fortalecimento das Políticas Públicas de Segurança Alimentar e Nutricional. 
A insegurança alimentar ultrapassa a ligação direta da fome, o qual encontra-se na situação em que o indivíduo ou família enfrenta a falta de acesso constante ou temporário a alimentos saudáveis, seguros e em quantidade suficiente para atender às suas necessidades dietéticas e preferências alimentares. Assim, a insegurança alimentar se divide em três níveis, sendo eles: insegurança alimentar leve (quando há queda na qualidade dos alimentos consumidos e há preocupação com o acesso a alimentos no futuro); insegurança alimentar moderada (quando há restrição no acesso aos alimentos, isto é, na quantidade que é consumida); insegurança alimentar grave (quando há escassez de alimentos para todos os indivíduos de uma família, chegando até mesmo a condição de fome).
Assim, foi estabelecido a Lei nº 11.346/2006, que cria o Sistema Nacional de Segurança Alimentar e Nutricional SISAN, com perspectiva de garantir o direito humano à alimentação saudável e adequada, consubstanciando os ditames da Lei Federal, a Lei nº 2.221, de 21 de Dezembro de 2009 - Lei Orgânica da Segurança Alimentar e Nutricional do Estado de Rondônia – nos artigos 3º, 4º e 5º, asseveram a responsabilidade do Estado em promover ações que garantam o direito à alimentação com qualidade e quantidades suficientes, principalmente às populações com maior risco e vulnerabilidade social.
Portanto, o fortalecimento da política pública de segurança alimentar e nutricional através do acesso regular e adequado a alimentos de qualidade, os quais são fundamentais para promoção da saúde e o bem-estar da população - além de ser um direito humano básico – bem como, por meio do apoio aos Órgãos e Estabelecimentos é uma medida justificável e necessária para enfrentar os desafios relacionados à garantia de alimentos adequados e de qualidade para a população. Ao investir nessas instituições, é possível promover uma abordagem integrada, capacitar profissionais, monitorar e avaliar as ações, e engajar a sociedade, resultando em melhores resultados e impactos positivos na segurança alimentar e nutricional do Estado.
",2024,1,Programa,2024,1
182,23001,Secretaria de Estado da Assistência e do Desenvolvimento Social,Seas,1512,2112,PROGRAMA PARA O FORTALECIMENTO DA POLÍTICA ESTADUAL DE CIDADANIA E DE DIREITOS HUMANOS,Fortalecimento das políticas públicas de direitos humanos no Estado de Rondônia.,População rondoniense em situação de risco de violação de direitos humanos ou que já sofreu violação.,Cidadania,continuo,2024-01-01T00:00:00,,Finalístico,"A formação de uma sociedade igualitária, justa e humana está diretamente ligada ao desenvolvimento das políticas públicas de direitos humanos, em especial dos grupos mais vulneráveis, sendo necessário promover, articular e fortalecer os direitos humanos e a cidadania dos rondonienses por meio de polítcas voltadas à prevenção e à reparação da violação de direitos das crianças e adolescentes, mulheres, idosos, pessoas com deficência, migrantes, refugiados e apátridas, populações tradicionais, população em situação de rua, promoção da igualdade racial, diversidade sexual e demais grupos socias em situação de vulnerabilidade, como forma de garantia dos direitos fundamentas e sociais dos indivíduos, assegurando também a participação social na construção destas políticas públicas.",2024,1,Programa,2024,1
183,23001,Secretaria de Estado da Assistência e do Desenvolvimento Social,Seas,1524,2162,PROGRAMA DE DESENVOLVIMENTO SOCIOECONÔMICO,"Promover acesso aos serviços públicos de desenvolvimento social aos que necessitam; qualificar, capacitar, proporcionar a inclusão social produtiva e desenvolver ações de apoio e fomento à economia solidária.","Pessoas em situação de vulnerabilidade social, municípios, entidades e empreendimentos de economia solidária.",Cidadania,continuo,2024-01-01T00:00:00,,Finalístico,"Necessidade de levar cidadania às populações rondonienses mais longínquas e que possuem dificuldade de acesso a serviços essenciais como documentação básica, saúde e lazer; carência de acesso gratuito à qualificação, capacitação, inclusão social produtiva, desenvolvimento social e fomento da economia solidária com vistas a oportunizar a entrada no mercado de trabalho por pessoas em situação de hipossuficiência; que se alinham ao regimento interno desta Secretaria de Estado da Assistência e do Desenvolvimento Social, conforme Art. 2° e seus incisos, disposto no Decreto nº 27.195, que descrevem as finalidades e competências, transcritas abaixo:
Art. 2º A Secretaria de Estado da Assistência e do Desenvolvimento Social - SEAS, Órgão integrante da Administração Direta do Poder Executivo, tem como escopo:
I - reduzir as desigualdades sociais por meio de políticas públicas, que promovam o acesso a melhores condições de desenvolvimento humano, social e familiar;
II - promover acesso aos serviços públicos assistenciais e de desenvolvimento social aos que necessitem;
III - garantir a efetividade dos direitos das pessoas em situação de vulnerabilidade social;
IV - fortalecer os vínculos familiares, como meio de promoção de uma sociedade justa, fraterna e igualitária; e
V - proporcionar meios de inclusão social e econômico para a superação da pobreza.",2024,1,Programa,2024,1
184,23001,Secretaria de Estado da Assistência e do Desenvolvimento Social,Seas,1542,2175,PROGRAMA HABITACIONAL,"Implementar, coordenar, apoiar, supervisionar e executar a política de habitação popular e de interesse social, com o intuito de reduzir o déficit habitacional no Estado de Rondônia.",Possibilitar o acesso à moradia e/ou melhoria habitacional às famílias inseridas no percentual do deficit habitacional no Estado de Rondônia.,Cidadania,continuo,2024-01-01T00:00:00,,Finalístico,"Com a promulgação da Constituição da República Federativa do Brasil de 1988, a moradia passou a figurar como Direito Social em seu Art. 6º, sendo-lhe garantido a todos os brasileiros, ao mesmo tempo em que se reconheceu a função social da propriedade, nos termos do Inciso XXIII do Art. 5º da Carta Magna em comento.
Importante ressaltar que a Política de Habitação é um tipo específico de política pública, que tem como objetivo promover o acesso da população à moradia digna. Desta forma, é importante que o poder público vise a realização de programas voltados a habitação de interesse social, bem como, destinados à habitação popular. O bem imóvel habitado possui várias especificidades que justificam a atuação governamental no setor. Assim, a habitação atende a uma necessidade básica do ser humano e seu acesso é constitucionalmente assegurado a todos os cidadãos. Produzir habitação é produzir a cidade. Além de benefícios que serão concedidos aos cidadãos de baixa renda, cumpre salientar que a construção de moradias responde por uma parcela significativa do setor da construção civil, gerando empregos e o aumento do Produto Interno Bruto (PIB). Trata-se de um mecanismo redistributivo, que pode melhorar o padrão de vida da população e promover a sua inclusão social. Tais especificidades, juntamente com as demandas habitacionais observadas concentradas nas famílias de baixa renda reforçam a necessidade de atuação do Estado no setor, a fim de promover uma maior eficiência e justiça social.",2024,1,Programa,2024,1
185,23002,Superintendência Estadual do Indígena,SI,1502,1015,GESTÃO ADMINISTRATIVA DO PODER EXECUTIVO,Gestão Administrativa do Poder Executivo,Unidades orçamentárias do Poder Executivo,Cidadania,continuo,2024-01-01T00:00:00,,Gestão Manutenção e Serviço,"Desenvolver atividades-meios para o bom desenvolvimento das funções operacionais-fins da Unidade para qual foi criada por lei, visando à eficiência e eficácia das Políticas Públicas do Poder Executivo",2024,1,Programa,2024,1
186,23002,Superintendência Estadual do Indígena,SI,1650,2188,PROGRAMA PARA O FORTALECIMENTO E DESENVOLVIMENTO  DA POLÍTICA ESTADUAL PARA OS POVOS INDÍGENAS,Fortalecimento dos direitos dos povos indígenas.,Povos Indígenas do Estado de Rondônia.,Cidadania,continuo,2024-01-01T00:00:00,,Finalístico,"Os povos indígenas desempenham um papel crucial na preservação ambiental no Brasil, devido à sua profunda conexão e conhecimento tradicional da fauna e flora, além de serem os povos originários desta grande nação.

O Brasil abriga um grande número de comunidades indígenas, muitas das quais vivem em áreas de grande importância ecológica, como a floresta amazônica; onde cerca de 55% da população indígena está na Amazônia Legal, região que abrange a região Norte, onde está o estado de Rondônia. 

Em Rondônia, segundo dados do IBGE, a população indígena passou de 12 mil para 18 mil, aproximadamente, do ano de 2010 a 2022; oriundos de 54 etnias diferentes, em comunidades localizadas, no momento, na capital Porto Velho, Guajara Mirim, Ariquemes, Jaru, Ji-Paraná, Cacoal, Costa Marques, São Miguel do Guaporé, Parecis, São Francisco e Vilhena. 

Considerando as especificidades e peculiaridades do público em questão, a estrutura criada e o programa em tela têm como foco a promoção do bem estar social; através de estratégias intersetoriais, onde as políticas públicas serão de fato efetivadas e garantidoras dos direitos fundamentais e sociais, buscando a valorização e a preservação dos povos indígenas. ",2024,1,Programa,2024,1
187,23011,Fundo Estadual de Combate e Erradicação da Pobreza de Rondônia,FECOEP/RO,1520,2087,PROGRAMA DE ENFRENTAMENTO À POBREZA,"O Fundo Estadual de Combate e Erradicação da Pobreza de Rondônia - FECOEP/RO, criado pela Lei Complementar nº 842 de 27 de novembro de 2015 e alterado pelas Leis Complementares nº 879/2016, 914/2016 e 1.016/2019, foi instituído para atender a população de Rondônia em situação de vulnerabilidade social, em especial aos em situação de pobreza e extrema pobreza, objetivando promover acesso aos serviços públicos essenciais para a superação dessas condições e melhoria da qualidade de vida dos rondonienses, através de programas e projetos que possuam finalidades compatíveis com as áreas previstas na legislação do Fundo, devidamente aprovados pelo Conselho Deliberativo do Fundo.","População rondoniense, em especial os em situação de pobreza e extrema pobreza",Cidadania,continuo,2024-01-01T00:00:00,,Finalístico,"A superação da situação de pobreza e extrema pobreza está diretamente ligada aos serviços públicos aos quais a população tem acesso, com a ampliação dos direitos sociais desde a promulgação da Constituição Federal de 1988, consequentemente ocorreu a necessidade do Estado em ampliar a gama de serviços prestados em todas as áreas de atuação, tanto em caráter de prevenção quanto de mitigação da situação atual, em especial no que se refere às áreas de assistência social, saúde, educação, segurança pública, cidadania, dentre outras. Considerando os índices de pessoas no Estado de Rondônia em situação de pobreza e extrema pobreza, faz-se necessária a adoção de políticas públicas efetivas para a diminuição desses índices e a consequente melhoria da qualidade de vida das pessoas atendidas. No bojo das políticas públicas que elevam o padrão de vida, destaca-se a oferta de programas, ações ou serviços que erradicam ou minimizam os efeitos nefastos da pobreza. 
Cabe gizar, embora a pobreza seja frequentemente associada à condição de privação de recursos monetários, é indispensável compreendê-la como fenômeno multifacetado e multidimensional (pobreza não monetária) que resulta na desproteção social do indivíduo. 
Uma das manifestações não monetárias da pobreza é insegurança alimentar e nutricional. O flagelo da fome está intimamente relacionado com sistemas de proteção social restritivos, nos quais há um comprometimento do amparo aos riscos inerentes à vida, tais como a perda do emprego, acometimento por doenças ou a incapacidade laboral. De modo geral, a exclusão do mercado de trabalho por quaisquer dos fatores anteriormente mencionados, seja pelas crises econômica ou decorrentes de pandemias como a de Covid-19, culminam em pobreza alimentar. Assim, o enfrentamento da pobreza, sob a ótica do presente programa orçamentário, reflete, sobretudo, a preocupação com os impactos da pobreza não monetária, em especial no enfrentamento das circunstâncias que geram insegurança alimentar e nutricional, sem, contudo, deixar de lado as ações e ofertas de serviços para mitigação das desvantagens sociais a que estão submetidos os indivíduos vivendo em situação de pobreza e extrema pobreza.",2024,1,Programa,2024,1
188,23012,Fundo Estadual de Assistência Social,Feas,1518,2168,GESTÃO ESTADUAL DO SISTEMA ÚNICO DA ASSISTÊNCIA SOCIAL - SUAS,"O acesso a Politica de Assistência Social, é um direito garantido pela Constituição Federal de 1988, e dever do poder público a sua disponilidade a quem dela necessitar. No Estado de Rondônia há 62 unidades de Centro de Referência de Assistência Social - CRAS destinado a oferta dos programas e serviços de Proteção Social Básica , os quais  têm como objetivo apoiar as famílias e os indivíduos na ampliação de sua proteção social, promovendo o acesso a direitos e contribuindo para a melhoria da sua qualidade de vida. Os serviços atendem o conjunto da população em situação de vulnerabilidade, incluindo pessoas inseridas no Cadastro Único, beneficiários do Programa Bolsa Família e do Benefício de Prestação Continuada (BPC).  O Estado possui ainda 20 Centros de Referencia Especializados da Assistência Social - CREAS que oferece atendimento socioassistencial às famílias e indivíduos que se encontram em situação de risco pessoal ou social por ameaça ou violação de direitos, cujos vínculos familiares e comunitários não foram rompidos e que demandam intervenções especializadas. Além dos CRAS e CREAS, ainda há as unidades de acolhimento institucional destinadas ao atendimento de pessoas em situação de vínculos famíliares rompidos ou fragilizados. 
Desta forma cabe aos entes federados a gestão compatilhada desta rede, em suas especificades, por meio de financiamento compartilhado, apoio técnico, supervisão e monitoramento e a formação continuada dos trabalhadores do SUAS. ",Rede Estadual do Suas,Cidadania,continuo,2024-01-01T00:00:00,,Finalístico,"A Assistência Socal é politica pública não contributiva, regida pela Lei 8.742/1993 e no Estado de Rondônia pela Lei Complementar nº 1.052/2019. Por meio da Norma Operacional Básica da Assistência Social – NOB/SUAS, fora criado o Sistema Único da Assistência Social – SUAS, tendo sua ultima atualização normativa no ano de 2012.
A gestão do Sistema Único de Assistência Social - SUAS é dever compartilhado por todos os entes da Federação. Aos Estados compete a busca contínua e permanente pelo aprimoramento da Gestão da Política de Assistência Social, por meio do planejamento, articulação, monitoramento e avaliação da oferta de serviços e programas federais executados pela rede municipal do SUAS e a execução estadual da educação permanente, vigilância socioassistencial, controle social concessão de benefícios eventuais, repasse financeiro fundo a fundo e a proteção social especial de alta complexidade por meio do acolhimento institucional de idosos.",2024,1,Programa,2024,1
189,23012,Fundo Estadual de Assistência Social,Feas,1519,2169,PRIMEIRA INFÂNCIA,"A  Primeira Infância, compreende a criança desde a sua concepção até os 6 anos de idade, com o recorte especial, para a faixa de 0 a 3 anos, chamada de primeirissima infância.  O Marco Legal da Primeira Infância de  8 de março de 2016, traz em resumo a garantia às crianças o direito de brincar; reforçar a importância do atendimento domiciliar, especialmente a crianças em situação de vulnerabilidade. Segundo o economista americano James Heckman, prêmio Nobel de Economia de 2000, programas pré-escolares dão um retorno sobre o investimento de 7% a 10% por ano. Isso acontece por dois motivos. De um lado, crianças que recebem estímulos apropriados durante a primeira fase da vida têm um desenvolvimento emocional e cognitivo mais saudável, que se reflete nas realizações na fase adulta (seus cálculos apontam que crianças que frequentaram creche de qualidade vão  receber salários, na média, 25% maiores). Crianças que frequentaram creche de qualidade e pré-escola,  têm mais chances de terminar o ensino médio, menos chances de ir para a cadeia e mais chances de cursar uma faculdade. Uma dessas pesquisas, do professor de sociologia Donald J. Hernandez, do Hunter College, em Nova York, dá as proporções, para a realidade dos Estados Unidos: a chance de um jovem terminar o ensino médio é quatro vezes maior se ele souber ler com fluência no terceiro ano do ensino fundamental; e a chance de saber ler com fluência no terceiro ano dobram se ele entrar na escola já preparado para aprender. Segundo Heckman, o retorno do investimento nas  crianças é tão maior quanto mais cedo se comece a dar  atenção a elas. O segundo motivo é a economia em gastos futuros. Crianças bem cuidadas têm menos chance de precisar frequentar programas de recuperação educacional, menos probabilidade de fazer escolhas que prejudicam sua saúde e levem a atividades criminosas. ",Familias com crianças de 0 a 6 anos,Cidadania,continuo,2024-01-01T00:00:00,,Finalístico,"No Estado de Rondônia,  segundo dados do Ministério da Saúde no ano de 2021 havia 196.148 crianças com idade de 0 a 6 anos de idade (DATASUS). Sendo que destas 45.943 crianças de 0 a 6 anos estão em  situação de extrema probreza, ou seja, com renda percapita de  até R$ 104,00 mensais ( Secretaria Nacional de Renda e Cidadania – SENARC, CECAD 2.0, Maio de 2023). 
A taxa de mortalidade infantil no Estado é 12,34 a cada mil nascidos vivos, estando acima da média nacional, sendo que desses óbitos 65,29% foram de causas evitáveis. 
A proteção a crianças de 0 a 6 anos,  obrigatóriamente tem  prioridade absoluta na formulação, execução e proposição de politicas públicas, por tratar-se de pessoa em desenvolvimento e com alto risco de vulnerabilidade.  O desenvovimento protegido e na idade certa, comprovadamente aumenta a formação de adultos com melhores níveis de escolaridade e com a redução da evasão escolar; com melhores chances de acesso ao  mercado de trabalho; com menores índices de desevolvimento de doenças;   e impacta na redução dos indicadores de probreza.
Na primeira infância ocorre o maior número de desenvolvimento de estruturas e circuitos cerebrais do que em qualquer época da vida, bem como, a aquisição de capacidades fundamentais que permitirão o aprimoramento de habilidades futuras e  mais complexas.
Por isso fortalecer a oferta de politicas publicas de forma articulada  e  integrada na primeira infancia, é um investimento no futuro. É proporcionar as crianças rondonienses oportunidades de ter um desenvolvimento saudável e adequado.  ",2024,1,Programa,2024,1
190,23013,Fundo Estadual dos Direitos da Criança e do Adolescente,FUNEDCA,1498,2115,FORTALECIMENTO DO SISTEMA DE GARANTIA DOS DIREITOS DA CRIANÇA E DO ADOLESCENTE, Fortalecimento dos direitos da criança e do adolescente. ,Crianças e adolescentes do Estado de Rondônia.,Cidadania,continuo,2024-01-01T00:00:00,,Finalístico,"Conforme preconizado na Constituição Federal, é dever da família, da sociedade e do Estado assegurar à criança e ao adolescente, com absoluta prioridade, o direito à vida, à saúde, à alimentação, à educação, ao lazer, à profissionalização, à cultura, à dignidade, ao respeito, à liberdade e à convivência familiar e comunitária.
Sob essa perspectiva, o fortalecimento do do Sistema de Garantia de Direitos (SGD) é de suma importância para assegurar a proteção e promoção dos direitos da Criança e do Adolescente. O SGD é composto pelos órgãos de Assistência Social, Saúde, Educação e Segurança Pública, bem como Conselhos de Direito, Conselhos Tutelares, Ministério Público, Poder Judiciário, Defensoria Pública e Sociedade Civil, dentre outros, todos com atuação direta em atenção às demandas das crianças e dos adolescentes, principalmente no âmbito dos direitos violados.
A Constituição Federal e o Estatuto da Criança e do Adolescente (ECA) estabelecem a prioridade absoluta na garantia dos direitos dessa faixa etária. Fortalecer o SGD reforça esse compromisso, assegurando que as políticas públicas sejam desenvolvidas com foco nas necessidades específicas de crianças e adolescentes.",2024,1,Programa,2024,1
191,23015,Fundo Estadual dos Direitos da Pessoa Idosa,FEDIPI,1499,2117,FORTALECIMENTO DA POLÍTICA ESTADUAL DOS DIREITOS DA PESSOA IDOSA,Fortalecimento dos direitos da pessoa idosa.,População idosa do Estado de Rondônia,Cidadania,continuo,2024-01-01T00:00:00,,Finalístico,"O Brasil tem, atualmente, aproximadamente 215 (duzentos e quinze) milhões de habitantes, e deste montante 33 (trinta e três) estão acima dos 60 anos, ou seja, pessoas idosas, com projeção contínua e crescente para os próximos anos; o que segundo o Instituto Brasileiro de Geografia e Estatística (IBGE)  e a Organização das Nações Unidas, validados pela Secretaria Nacional dos Direitos da Pessoa Idosa (SNDPI), torna cada vez mais urgente a formatação de políticas públicas que deem atenção ao envelhecimento da população com qualidade de vida — uma das forma de combater o etarismo (ou idadismo), que é o preconceito contra pessoas que ultrapassaram certa faixa de idade.

Ainda que pese o disposto na Constituição Federal de 1988, com destaque ao Artigo 230, onde:
    
Art 230.A família, a sociedade e o Estado têm o dever de amparar as pessoas idosas, assegurando sua participação na comunidade, defendendo sua dignidade e bem-estar e garantindo-lhes o direito à vida.

O amparo citado não tem sido efetivo, visto que mais de 87% das situações de violência contra a pessoa idosa ocorrem dentro de sua própria casa, dados que têm aumentado segundo os  registros do Disk 100 (canal oficial para denúncias), do ano de 2022 para 2023, com referências de todo o território nacional. 

A partir dos dados acima elencados, o programa em tela subsidiará eventos que promovam a articulação intersetorial, com vistas a assegurar os direitos humanos e a cidadania da pessoa idosa; através de políticas públicas voltadas a prevenção e a mitigação das situações de violação, com base no Estatuto da Pessoa Idosa, Lei 10.741/2003, para garantia dos direitos fundamentais e sociais dos indivíduos.",2024,1,Programa,2024,1
192,23016,Fundo Estadual dos Direitos da Mulher,FUNEDM,1521,2116,FORTALECIMENTO DA POLÍTICA ESTADUAL DOS DIREITOS DA MULHER,"Manter, fortalecer e ampliar a execução de políticas públicas de direitos das mulheres no Estado de Rondônia, de forma a diminuir ou mitigar violação de direitos.",População feminina do Estado de Rondônia,Cidadania,continuo,2024-01-01T00:00:00,,Finalístico,"A Constituição Cidadã de 1988 buscou potencializar os direitos fundamentais da pessoa, incluindo a plena cidadania feminina, mas ainda assim a violência contra a mulher constitui uma das principais formas de violação dos direitos humanos. Trata-se de um problema social e histórico que ganhou visibilidade na contemporaneidade, cuja prática de violência passa a ser considerada crime com a promulgação da Lei Maria da Penha.
A Lei Maria da Penha (Lei 11.340/20006) também trouxe mecanismos para coibir e prevenir a violência doméstica e familiar, bem como estabeleceu medidas de proteção e assistência às mulheres em situação de violência doméstica e familiar. 
O Tribunal de Justiça de Rondônia registrou a concessão de 3.936 medidas protetivas de urgência em 2019, 5.444 medidas em 2020, 5.603 medidas em 2021, e no primeiro trimestre de 2022, 4.503 medidas protetivas de urgência foram concedidas às mulheres vítimas de violência doméstica e familiar. Além disso, a Secretaria de Estado da Segurança, Defesa e Cidadania (SESDEC) apresentou dados estatísticos referente aos registros de ocorrências policiais de crimes de ameaça, injúria, calúnia, difamação, lesão corporal relacionados à violência doméstica e familiar contra mulheres, sendo 3.411 no ano de 2021 e 3.536 em 2022; e de registros de feminicídio consumado no ano de 2022 teve um aumento de  28% em relação ao ano de 2021; já o de registros de feminicídio tentado o aumento foi alarmante, 12 ocorrências em 2022, o dobro em relação ao no de 2021. 
Necessário se faz propiciar suporte financeiro para manutenção e desenvolvimento de políticas públicas dos Direitos da Mulher, que visam  fortalecer e apoiar os Municípios na execução de suas ações de políticas públicas para mulheres possam realizar assistência, prevenção e proteção dos direitos das mulheres, bem como diminuir ou mitigar violação de direitos deste público alvo.",2024,1,Programa,2024,1
193,23030,Fundação Estadual de Atendimento Socioeducativo,Fease,1494,1015,GESTÃO ADMINISTRATIVA DO PODER EXECUTIVO,Gestão Administrativa do Poder Executivo,Unidades orçamentárias do Poder Executivo,Cidadania,continuo,2024-01-01T00:00:00,,Gestão Manutenção e Serviço,"Desenvolvimento de atividades meios para o bom desempenho das funções operacionais fins das Unidades para as quais foram criadas por Lei, visando eficiência e eficácia das Políticas Públicas no âmbito do Poder Executivo no Estado de Rondônia.",2024,1,Programa,2024,1
194,23030,Fundação Estadual de Atendimento Socioeducativo,Fease,1495,0000,OPERAÇÕES ESPECIAIS,"Realizar o Pagamento de Dívidas, Indenizações e Sentenças Judiciais.",Servidores que  atuam no sistema Socioeducativo,Cidadania,continuo,2024-01-01T00:00:00,,Operação Especial,"Garantia do pagamento de RPV ou outros, decorrentes de Decisões Judiciais, de modo a assegurar a administração pública efetivo e eficiente cumprimento.",2024,1,Programa,2024,1
195,23030,Fundação Estadual de Atendimento Socioeducativo,Fease,1496,2006,PROGRAMA ESTADUAL DE ATENDIMENTO SOCIOEDUCATIVO,"O programa se constitui em instrumento de alinhamento das normas previstas no ECA - Lei 8.069/90 e na Lei do SINASE (Sistema Nacional de atendimento Socioeducativo  Lei 12.594, de janeiro de 2012, com a execução das ações de atendimento socioeducativo no Estado de Rondônia.","Adolescentes em cumprimento de medida de internação provisória, internação sentenciada e semiliberdade.",Cidadania,continuo,2024-01-01T00:00:00,,Finalístico,Desenvolver o atendimento socioeducativo desde o início da inserção do adolescente junto ao sistema até o cumprimento da medida socioeducativa (Internação e Semiliberdade) estando diretamente relacionado ao ECA e ao que preconiza o SINASE.,2024,1,Programa,2024,1
196,23030,Fundação Estadual de Atendimento Socioeducativo,Fease,1497,2164,APRIMORAMENTO DA ESTRUTURA FÍSICA DAS UNIDADES SOCIOEDUCATIVAS,Assegurar a ampliação e Construção de Unidades Socioeducativas,servidores que atuam no sistema socioeducativo e adolescentes em cumprimento de medidas socioeducativas,Cidadania,continuo,2024-01-01T00:00:00,,Finalístico,"Realizar o aprimoramento das estruturas físicas das Unidades Socioeducativas, bem como, construção de Centros Socioeducativos, possibilitando um atendimento mais humanizado e salubre aos adolescente e servidores.",2024,1,Programa,2024,1
197,27001,Secretaria de Estado de Obras e Serviços Públicos ,Seosp,1571,1015,GESTÃO ADMINISTRATIVA DO PODER EXECUTIVO,Gestão Administrativa do Poder Executivo da Secretaria de Estado de Obras e Serviços Públicos - SEOSP/RO.,"Servidores, Escritórios da SEOSP/RO e Parceiros.",Gestão Estratégica,continuo,2024-01-01T00:00:00,,Gestão Manutenção e Serviço,"Oferecer recursos para aquisição de bens e serviços que gerem condições de modernizações dos recursos de execução dos escritórios da SEOSP/RO, para o desenvolvimento das funções estratégicas, táticas e operacionais, para a qual a Secretaria foi criada por Lei, visando promover a eficiência, eficácia e efetividade das políticas públicas do Poder executivo, inclusive no atendimento as parcerias com os poderes Legislativo, Judiciários e órgãos de controle.",2024,1,Programa,2024,1
198,27001,Secretaria de Estado de Obras e Serviços Públicos ,Seosp,1592,2130,PROGRAMA DE ACELERAÇÃO DO CRESCIMENTO - PAC,Programa de Aceleração do Crescimento - PAC,População do Estado de Rondônia,Desenvolvimento Econômico,temporário,2024-01-01T00:00:00,2027-12-01T00:00:00,Finalístico,"O PAC é regido pelo Manual de Instruções para Contratação e Execução dos Programas e Ações do Ministério das Cidades (Divulgado pela Portaria nº 164, de 12 de abril de 2013, publicada no DOU nº 71, de 15 de abril de 2013, Seção 1, pág. 101 e com as alterações introduzidas pelas Portarias nºs 270, de 13 de junho de 2013, publicada no DOU nº 113, de 14 de junho de 2013, Seção 1, pág. 47; 280, de 25 de junho de 2013, publicada no DOU nº 121, de 26 de junho de 2013, Seção 1, pág. 70; 287, de 28 de junho de 2013, publicada no DOU nº 124, de 1º de julho de 2013, Seção 1, pág. 57; 349, de 26 de julho de 2013, publicada no DOU nº 144, de 29 de julho de 2013, Seção 1, pág. 176; 444, de 26 de setembro de 2013, publicada no DOU nº 189, de 30 de setembro de 2013, Seção 1, págs. 84 e 85; 13, de 14 de janeiro de 2014, publicada no DOU nº 10, de 15 de janeiro de 2014, Seção 1, págs. 43 e 44; 43, de 28 de janeiro de 2014, publicada no DOU nº 21, de 30 de janeiro de 2014, Seção 1, pág. 93; 685, de 24 de outubro de 2014, publicada no DOU nº 207, de 27 de outubro de 2014, Seção 1, pág. 53; e 686, de 24 de outubro de 2014, publicada no DOU nº 207, de 27 de outubro de 2014, Seção 1, pág. 53.). A região Norte é a que apresenta os índices mais preocupantes, onde apenas 54,5% da população tem acesso ao abastecimento de água, 7,8% à coleta dos esgotos e apenas 14% de todo volume de esgoto gerado é tratado (SNIS, 2014). Rondônia é um típico caso da grande deficiência em saneamento básico na Região Norte. E foi inserido no programa do Governo Estadual, com o objetivo de melhorar as condições de saneamento básico em Rondônia. Para aumentar a cobertura de abastecimento de água tratada, de coleta e tratamento de esgoto, e de coleta e destinação adequada de resíduos sólidos. Os investimentos do PAC são disponibilizados aos municípios de Jaru, Ji-Paraná, Porto Velho e União bandeirantes, pelo grupo sob a coordenação do Ministério das Cidades, tendo como interveniente a CAIXA. Haja vista o estado encontra-se com um baixo índice de saneamento em todos os seus municípios, o PAC tem como objetivo, trazer uma melhor qualidade de vida a população. Pois a falta de condições adequadas de saneamento podem contribuir para a proliferação de inúmeras doenças parasitárias e infecciosas além da degradação do corpo da água. A disposição adequada dos esgotos é essencial para a proteção da saúde pública.",2024,1,Programa,2024,1
199,27001,Secretaria de Estado de Obras e Serviços Públicos ,Seosp,1610,2183,DESENVOLVIMENTO DA INFRAESTRUTURA URBANA,"A infraestrutura urbana e todo o conjunto de serviços básicos em uma cidade como telefone, água, gás, luz, transporte público em geral (aeroportos, portos, rodovias, ferrovias) e rede de esgoto - sistemas indispensáveis ao bem-estar e qualidade de vida da população.
Dessa forma, considerando as especificidades dos 52 municípios rondonienses, julga-se de extrema relevância a alocação de recursos orçamentários para a promoção do desenvolvimento urbano; ",População do Estado de Rondônia,Desenvolvimento Econômico,continuo,2024-01-01T00:00:00,,Finalístico,"Considerando o fortalecimento das ações municipalistas, bem como reforço da parceria para o desenvolvimento dos municípios o Governo do Estado de Rondônia busca promover a promoção do da infraestrutura urbana dos municípios. ",2024,1,Programa,2024,1
200,29001,Ministério Público,MP,1403,1280,PROGRAMA DE GESTÃO E MANUTENÇÃO DO MINISTÉRIO PÚBLICO DE RONDÔNIA,Programa de Gestão e Manutenção do Ministério Público do Estado de Rondônia,Ministério Público do Estado de Rondônia,Gestão Estratégica,continuo,2024-01-01T00:00:00,,Gestão Manutenção e Serviço,"Em razão da constante ampliação da atuação do Ministério Público Estadual para atender as demandas oriundas da sociedade, sobretudo, sua intervenção na defesa dos interesses coletivos e direitos dos cidadãos de Rondônia, faz-se necessário manter, ampliar e modernizar a infraestrutura e adquirir bens e serviços para instrumentalizar as áreas meio e fim, utilizando para isso as unidades orçamentárias  29001  e 29012.",2024,1,Programa,2024,1
201,29001,Ministério Público,MP,1404,1019,PREVIDÊNCIA SOCIAL ESTATUTÁRIA,"Promover e assegurar os benefícios previstos aos membros e servidores aposentados, seus pensionistas e dependentes",Ministério Público do Estado de Rondônia,Gestão Estratégica,continuo,2024-01-01T00:00:00,,Gestão Manutenção e Serviço,"Assegurar aos membros e servidores públicos do Ministério Público do Estado e a seus dependentes legais pagamento de valor estabelecido em lei, quando da aposentadoria ou do óbito, proporcionando, assim, a certeza da manutenção das condições financeiras da família.",2024,1,Programa,2024,1
202,29001,Ministério Público,MP,1560,1001,MP TRANSFORMANDO A SOCIEDADE,"Cumprir a missão de defender a ordem jurídica e o regime democrático, transformando a realidade social, tendo como diretrizes os macros-objetivos da perspectiva Sociedade definidos no Mapa estratégico e Plano Geral de Atuação do Ministério Público do Estado de Rondônia.",População do Estado de Rondônia,Gestão Estratégica,continuo,2024-01-01T00:00:00,,Finalístico,"O alcance da missão e da visão institucional ensejam a tutela dos interesses difusos e coletivos da sociedade. Neste contexto, como desdobramento tático da estratégia pode-se distinguir as áreas temáticas de atuação finalísticas, que representam os desafios da instituição e o compromisso desta com os cidadãos, quais sejam: Defender os direitos de crianças e adolescentes; Proteger o meio ambiente; Combater a criminalidade; Promover a ressocialização de reeducandos; Defender a probidade na gestão pública; Garantir atendimento de saúde de qualidade; Proporcionar acesso a educação de qualidade; Assegurar os direitos do cidadão; Promover o aperfeiçoamento do regime
democrático.",2024,1,Programa,2024,1
203,29012,Fundo de Desenvolvimento Institucional do Ministério Público de Rondônia,FUNDIMPER,1563,1280,PROGRAMA DE GESTÃO E MANUTENÇÃO DO MINISTÉRIO PÚBLICO DE RONDÔNIA,Programa de Gestão e Manutenção do Ministério Público do Estado de Rondônia,Ministério Público do Estado de Rondônia,Gestão Estratégica,continuo,2024-01-01T00:00:00,,Gestão Manutenção e Serviço,"Em razão da constante ampliação da atuação do Ministério Público Estadual para atender as demandas oriundas da sociedade, sobretudo, sua intervenção na defesa dos interesses coletivos e direitos dos cidadãos de Rondônia, faz-se necessário manter, ampliar e modernizar a infraestrutura e adquirir bens e serviços para instrumentalizar as áreas meio e fim, utilizando para isso as unidades orçamentárias 29001 e 29012.",2024,1,Programa,2024,1
204,29013,Fundo de Reconstituição de Bens Lesados,FRBL,1562,1001,MP TRANSFORMANDO A SOCIEDADE,"Cumprir a missão de defender a ordem jurídica e o regime democrático, transformando a realidade social, tendo como diretrizes os macro-objetivos da perspectiva Sociedade definidos no Mapa estratégico e Plano Geral de Atuação do Ministério Público do Estado de Rondônia.",População do Estado de Rondônia,Gestão Estratégica,continuo,2024-01-01T00:00:00,,Finalístico,"O alcance da missão e da visão institucional ensejam a tutela dos interesses difusos e coletivos da sociedade. Neste contexto, como desdobramento tático da estratégia pode-se distinguir as áreas temáticas de atuação finalísticas, que representam os desafios da instituição e o compromisso desta com os cidadãos, quais sejam: Defender os direitos de crianças e adolescentes; Proteger o meio ambiente; Combater a criminalidade; Promover a ressocialização de reeducandos; Defender a probidade na gestão pública; Garantir atendimento de saúde de qualidade; Proporcionar acesso a educação de qualidade; Assegurar os direitos do cidadão; Promover o aperfeiçoamento do regime democrático.",2024,1,Programa,2024,1
205,30001,Defensoria Pública do Estado de Rondonia,DPE,1551,1007,GESTÃO DE PESSOAS NA DPE/RO,Gestão de Pessoas na DPE/RO.,Público interno da Defensoria Pública,Gestão Estratégica,continuo,2024-01-01T00:00:00,,Gestão Manutenção e Serviço,"O programa se justifica pela necessidade de gestão das pessoas que trabalham na Defensoria Pública, por meio do pagamento de remuneração, benefícios e encargos, atração e retenção de talentos, melhoria das condições de trabalho e estabelecimento de boas práticas, tendo em vista o pleno funcionamento do órgão, para o cumprimento de sua missão de forma efetiva.",2024,1,Programa,2024,1
206,30001,Defensoria Pública do Estado de Rondonia,DPE,1552,2043,GESTÃO E MANUTENÇÃO DA DPE/RO,Gestão e Manutenção da DPE/RO,Público interno e externo da Defensoria Pública,Gestão Estratégica,continuo,2024-01-01T00:00:00,,Gestão Manutenção e Serviço,"O programa se justifica pela necessidade de gestão e manutenção das unidades e atividades da Defensoria Pública, por meio da realização de aquisições e contratações de bens e serviços estratégicos, administrativos, tecnológicos ou operacionais, tendo em vista o pleno funcionamento do órgão, para o cumprimento de sua missão de forma efetiva.",2024,1,Programa,2024,1
207,30001,Defensoria Pública do Estado de Rondonia,DPE,1554,2145,ASSISTÊNCIA JURÍDICA INTEGRAL E GRATUITA AOS VULNERÁVEIS,Assistência Jurídica Integral e Gratuita aos Vulneráveis.,Público externo da Defensoria Pública,Gestão Estratégica,continuo,2024-01-01T00:00:00,,Finalístico,"O programa se justifica pela necessidade de aperfeiçoamento da área finalística da Defensoria Pública, tendo em vista o cumprimento de seu dever constitucional de prestar assistência jurídica integral e gratuita aos vulneráveis, garantindo-lhes o acesso à justiça e concretizando direitos individuais e coletivos.",2024,1,Programa,2024,1
208,30011,Fundo Especial da Defensoria Pública do Estado de Rondônia,FUNDEP,1411,1008,FORTALECIMENTO E APRIMORAMENTO CULTURAL DO QUADRO FUNCIONAL DA DPE/RO,Fortalecimento e aprimoramento cultural do quadro funcional da DPE/RO,Público interno da Defensoria Pública,Gestão Estratégica,continuo,2024-01-01T00:00:00,,Gestão Manutenção e Serviço,"O programa se justifica pela necessidade de fortalecimento do quadro funcional da Defensoria Pública, associado ao aprimoramento cultural daqueles que trabalham no órgão, tendo em vista a garantia de uma atuação eficiente por meio de pessoas qualificadas.",2024,1,Programa,2024,1
209,30011,Fundo Especial da Defensoria Pública do Estado de Rondônia,FUNDEP,1412,1009,ESTRUTURAÇÃO E MODERNIZAÇÃO DA DPE/RO,Estruturação e modernização da DPE/RO,Público interno e externo da Defensoria Pública,Gestão Estratégica,continuo,2024-01-01T00:00:00,,Gestão Manutenção e Serviço,"O programa se justifica pela necessidade de estruturação, aparelhamento, manutenção, modernização e aprimoramento da comunicação na Defensoria Pública, tendo em vista o pleno funcionamento das unidades e atividades do órgão, para o cumprimento de sua missão de forma efetiva.",2024,1,Programa,2024,1
210,31001,Secretaria de Estado de Patrimônio e Regularização Fundiária,Sepat,1540,2159,GESTÃO DO PATRIMÔNIO MOBILIÁRIO,"Coordenar, normatizar, controlar, monitorar e fiscalizar o Patrimônio Mobiliário da Administração Pública Estadual.",Administração Pública Estadual,Gestão Estratégica,continuo,2023-08-01T00:00:00,,Finalístico,"A Secretaria de Estado de Patrimônio, como órgão central, visa padronizar a gestão do patrimônio mobiliário, coordenando, controlando, normatizando e fiscalizando os bens móveis do Estado.",2024,1,Programa,2024,1
211,31001,Secretaria de Estado de Patrimônio e Regularização Fundiária,Sepat,1585,2138,GESTÃO DO PATRIMÔNIO IMOBILIÁRIO,"Gestão do Patrimônio Imobiliário através da regularização dos imóveis Estaduais, referente a escrituras públicas, registro de imóveis, memorial descritivo, fiscalização, demarcação de imóveis estaduais e avaliação e reavaliação através da emissão de Laudo Técnico Rural e Urbano. E atualização cadastral dos seguintes documentos, planta de localização, matrícula no registro de imóveis, valor venal atualizado, cadastro imobiliário, termo de recebimento de obras, entre outras informações que se julguem necessárias. Assim como a padronização de normativas e sistemas de gestão imobiliária.",Unidades que compõem Administração Direta e Indireta do Poder Executivo,Meio Ambiente e Desenvolvimento Territorial,continuo,2024-01-01T00:00:00,,Finalístico,"Gerenciamento do patrimônio estadual e prestação de informação e orientação técnica e normativa aos órgãos e entidades estaduais sobre gestão do patrimônio do Estado.
Fiscalizar, acompanhar a entrega de bens de uso coletivo (imóveis) do Estado de Rondônia, a solicitação de projetos de leis pertinentes a doação bens imóveis de propriedade estaduais.
Realizar relatório de fiscalização do estado atual de cada uma das edificações ou terreno do imóvel para atualização e verificação das condições, guarda, conservação, manutenção e outras que se fizerem necessárias.
A promoção de ações para regularização cartorial dos bens imóveis de propriedade do Estado. 
E a viabilização dos laudos de avaliação mercadológica para alienação, aquisição, locação, doação, permuta, usucapião, desapropriação e o auxilio nos inventários dos imóveis  ocupados pela administração pública.
",2024,1,Programa,2024,1
212,31001,Secretaria de Estado de Patrimônio e Regularização Fundiária,Sepat,1628,1015,GESTÃO ADMINISTRATIVA DO PODER EXECUTIVO,"Garante o funcionamento do Poder Executivo do Estado de Rondônia, no que concerne aos objetivos desta secretaria de Fiscalizar, Monitorar, Avaliar, Gerenciar e Gerir o patrimônio do Estado de Rondônia e Promover a Regularização Fundiária Urbana e Rural.",População do Estado de Rondônia,Gestão Estratégica,continuo,2024-01-01T00:00:00,,Gestão Manutenção e Serviço,"Gerir e Manter o funcionamento da máquina pública diariamente com o máximo de eficácia e qualidade possíveis, afim de atingir os objetivos de desenvolvimento econômico, social, e sustentável do Estado de Rondônia, e assim garantindo a satisfação dos cidadãos Rondonienses com o serviço público local.",2024,1,Programa,2024,1
213,31001,Secretaria de Estado de Patrimônio e Regularização Fundiária,Sepat,1651,2119,MEU IMÓVEL LEGAL,"Promover o processo de regularização fundiária urbana e rural, em áreas públicas ocupadas por população de baixa renda, implementando medidas técnicas, administrativas, jurídicas, sociais e ambientais necessárias a efetivação da regularização fundiária para as atuais e novas áreas de interesse social.",Pessoas de baixa renda,Meio Ambiente e Desenvolvimento Territorial,continuo,2024-01-01T00:00:00,,Finalístico,"O programa visa promover a regularização fundiária de interesse social em áreas urbanas e rurais. A qual tem por foco a legalização e a inserção da propriedade e da posse na estrutura regular das cidades. Considerando que a regularização fundiária consiste em medidas jurídicas, urbanísticas, ambientais e sociais que visam à regularização de assentamentos irregulares e à titulação de seus ocupantes, de modo a garantir o direito social à moradia, o pleno desenvolvimento das funções sociais da propriedade urbana e rural e o direito ao meio ambiente ecologicamente equilibrado. Considerando que a regularização e legitimação da posse de um imóvel urbano e rural é condição essencial para estabelecer a segurança jurídica nas relações de propriedade e que o georreferenciamento é o trabalho técnico que delimita, com segurança, a extensão de uma propriedade. 
O Programa Meu imóvel Legal, tem como plano de governo, a regularização de 36 mil imóveis urbanos, a serem realizados nos municípios conveniados, em núcleos urbanos consolidados.",2024,1,Programa,2024,1
214,31001,Secretaria de Estado de Patrimônio e Regularização Fundiária,Sepat,1655,2160,GEORREFERENCIAMENTO, Georreferenciar imóveis urbanos e rurais e imóveis pertencentes ao patrimônio imobiliário do Estado de Rondônia.,"Órgãos da administração direta e indireta do executivo estadual, prefeituras municipais e entidades da sociedade civil organizada",Meio Ambiente e Desenvolvimento Territorial,continuo,2024-01-01T00:00:00,,Finalístico,"O georreferenciamento é a primeira etapa no processo de regularização fundiária que visa a titulação urbana e rural, bem como a demarcação, regularização e transferência ao Estado, dos imóveis do Patrimônio Estadual.",2024,1,Programa,2024,1
215,31010,Fundo Especial de Regularização Fundiária Urbana e Rural do Estado de Rondônia,FRFUR,1575,2161,REALIZAR ALIENAÇÃO DE BENS,Promover a Alienação de Bens Móveis e Imóveis do Estado de Rondônia.,População do Estado de Rondônia,Gestão Estratégica,continuo,2024-01-01T00:00:00,,Finalístico,"Realizar arrecadação financeira através do desfazimento de bens ociosos, por meio de: Leilão ou Concorrência.",2024,1,Programa,2024,1
216,31010,Fundo Especial de Regularização Fundiária Urbana e Rural do Estado de Rondônia,FRFUR,1675,2129,PROGRAMA ESTADUAL DE REGULARIZAÇÃO FUNDIÁRIA,"Promover a regularização fundiária urbana e rural para ampliação do acesso à terra bem como de redução da pobreza, alavancar o desenvolvimento econômico e social das cidades e das comunidades rurais envolvidas.","População de Baixa Renda,  ocupante de boa fé em áreas do Estado de Rondônia.",Meio Ambiente e Desenvolvimento Territorial,continuo,2024-01-01T00:00:00,,Finalístico,"A Regularização Fundiária é uma obrigação do Poder Público, que deve implementá-la para atender ao preceito constitucional de garantir a função social da propriedade, visando diminuir a exclusão territorial, ampliando o acesso aos bens e serviços, como também viabilizar o direito fundamental e direito humano de acesso à moradia e ao uso social da terra produtiva.
Por outro lado, no tocante as políticas públicas de regularização fundiária urbana e rural, o Programa Estadual de Regularização Fundiária, disciplina importante instrumento para viabilização das ações de regularização fundiária voltado a pequenos posseiros de baixa renda, da cidade ou do campo, que, por causa de insegurança dominial sobre os imóveis que ocupam, convivem com conflitos pelo uso e posse da terra e com sérios obstáculos para o desenvolvimento social e econômico de suas comunidades. Tem como principal finalidade a destinação de recursos aos programas de regularização fundiária urbana e rural, que garantam o acesso da população à terra urbanizada, através de medidas jurídicas, urbanísticas, ambientais e sociais, destinadas à incorporação dos núcleos urbanos informais ao ordenamento territorial urbano e a titulação de seus ocupantes, o desenvolvimento socioeconômico de pequenos agricultores e o fortalecimento da produção e a geração de emprego e renda no campo, legitimando suas posses, respectivamente.",2024,1,Programa,2024,1
217,32001,"Secretaria de Estado da Juventude, Cultura, Esporte e Lazer",Sejucel,1636,1015,GESTÃO ADMINISTRATIVA DO PODER EXECUTIVO,"Prover a Unidade de recursos orçamentários e financeiros para atender as atividades administrativas, com aquisição de bens e serviços,
gestão de pessoal, Operações Especiais e outras, de natureza administrativa, classificadas como despesas correntes e de capital.",Unidades orçamentárias do Poder Executivo,Cidadania,continuo,2024-01-01T00:00:00,,Gestão Manutenção e Serviço,"Desenvolver atividades-meios para o bom desenvolvimento das funções operacionais, fins da Unidade para qual foi criada por lei visando a eficiência e eficácia das politicas públicas do poder executivo ",2024,1,Programa,2024,1
218,32001,"Secretaria de Estado da Juventude, Cultura, Esporte e Lazer",Sejucel,1637,2143,PRESERVAÇÃO DO PATRIMÔNIO HISTÓRICO CULTURAL E IMATERIAL DE RONDÔNIA,"Preservar o patrimonio histórico e cultural do Estado, promovendo açoes para o desenvolvimento cultural com difusão, manutenção e preservação da cultura contribuindo para o desenvolvimento humano da população.",População do Estado de Rondônia,Cidadania,continuo,2024-01-01T00:00:00,,Finalístico,"Aplicação de recurso financeiro advindo do Estado de Rondônia, conforme disposto de lei de n° 965 de 20.12.2017 que atribui a superintendência estadual da juventude, cultura, Esporte e lazer - SEJUCEL, desenvolver ações de promoção, difusão e orientação das atividades culturais, em todas as formas e manifestações, bem como preservar o patrimônio histórico e cultural do Estado.",2024,1,Programa,2024,1
219,32001,"Secretaria de Estado da Juventude, Cultura, Esporte e Lazer",Sejucel,1639,2094,DESENVOLVIMENTO DO DESPORTO E LAZER,"O desporto e lazer em Rondônia busca promover a saúde, bem-estar e inclusão social da população, estimulando a prática de atividades físicas, esportivas e culturais. O governo investe na construção de infraestruturas adequadas, apoia a formação de atletas e equipes locais, além de incentivar a realização de eventos esportivos e culturais, fortalecendo a identidade do estado e impulsionando o turismo esportivo. Essas iniciativas visam criar uma sociedade mais saudável, coesa e com oportunidades de lazer para todos os cidadãos.",População do Estado de Rondônia,Cidadania,continuo,2024-01-01T00:00:00,,Finalístico,"O desenvolvimento do desporto e lazer em Rondônia é uma estratégia fundamental para o governo promover a melhoria da qualidade de vida de sua população. Ao investir nessas áreas, o governo estará incentivando a prática de atividades físicas, o que contribui para a redução dos índices de doenças crônicas e do sedentarismo, resultando em uma população mais saudável e produtiva. É uma forma de inclusão social, para crianças, jovens e grupos vulneráveis, favorecendo a construção de valores como respeito, trabalho em equipe e disciplina. Outro ponto relevante é o potencial econômico dessas atividades, impulsionando o turismo esportivo e gerando empregos diretos e indiretos em diversos setores. Com infraestrutura adequada e apoio ao desenvolvimento esportivo, Rondônia pode atrair eventos esportivos regionais.",2024,1,Programa,2024,1
220,32001,"Secretaria de Estado da Juventude, Cultura, Esporte e Lazer",Sejucel,1686,2010,DESENVOLVIMENTO SOCIAL DA JUVENTUDE,Desenvolvimento Social da Juventude,"Familias, crianças, adolescentes e jovens carentes",Cidadania,continuo,2024-01-01T00:00:00,,Finalístico,"Necessidade de promover, fomentar e valorizar políticas públicas voltadas ao desenvolvimento social da juventude do Estado de Rondônia.",2024,1,Programa,2024,1
221,32001,"Secretaria de Estado da Juventude, Cultura, Esporte e Lazer",Sejucel,1687,2093,DESENVOLVIMENTO CULTURAL,"Formular e fomentar políticas públicas, projetos e ações que promovam a cidadania por meio da cultura.",SOCIEDADE DE RONDÔNIA,Cidadania,continuo,2024-01-01T00:00:00,,Finalístico,"O programa fundamenta-se na concepção de cultura articulada em três dimensões: simbólica, cidadã e econômica. A dimensão simbólica aborda o aspecto da cultura que considera que todos os seres humanos têm a capacidade de criar símbolos que se expressam em práticas culturais diversas como idiomas, costumes, culinária, modos de se vestir, crenças, criações tecnológicas e arquitetônicas, bem como nas linguagens artísticas: teatro, música, artes visuais, dança, literatura, circo, entre outros. Em relação a dimensão cidadã considera-se o aspecto em que a cultura é entendida como um direito básico do cidadão. Assim, é preciso garantir que os rondonienses participem mais da vida cultural, criando e tendo mais acesso a livros, espetáculos de dança, teatro e circo, exposições visuais, filmes regionais e nacionais, apresentações musicais, expressões populares e ao Patrimônio Cultural material e imaterial do Estado de Rondônia. Na dimensão econômica, foca-se o Programa no aspecto da cultura como vetor econômico. A cultura como um lugar de inovação e expressão da criatividade rondoniense contribuindo para a construção de um cenário de desenvolvimento econômico, socialmente justo e sustentável. ",2024,1,Programa,2024,1
222,32012,Fundo de Desenvolvimento dos Desportos,Funder,1671,2094,DESENVOLVIMENTO DO DESPORTO E LAZER,"Desencadeamento de múltiplas ações esportivas coordenadas e supervisionadas pela SEJUCEL; apoio as entidades desportivas com a fomentação do esporte nos municípios, concessão de passagens aéreas para atendimento a atletas olímpicos e paraolímpicos. Promoção de atividades recreativas e de lazer, modernização dos espaços esportivos e realização de cursos básicos de arbitragem na qualificação da população rondoniense.","Profissionais do desporto, entidades de práticas e de administração do desporto, atletas e comunidade em geral",Cidadania,continuo,2024-01-01T00:00:00,,Finalístico,"Proporcionar atividades desportivas e de lazer a população, promovendo o desporto de rendimento com a realização de eventos esportivos e lazer no atendimento aos 52 (cinquenta e dois) municípios do estado de Rondônia como: Programa Bolsa-Atleta que tem o objetivo de formar uma geração de atletas com potencial de melhorar e aperfeiçoar sua performance esportiva. Esporte de participação buscando promover o fomento da modalidade em todas as suas manifestações. Capacitar e aperfeiçoamento dos gestores municipais, agentes e comunidade através de cursos que possam contribuir para o aumento da credibilidade destes profissionais junto a sociedade. Visa a construção, reforma, ampliação e manutenção dos espaços esportivos é de lazer de responsabilidade da Superintendência e ou através de convênios com as prefeituras e termo de fomento com as entidades, proporcionando qualidade de vida, conforto e segurança, garantindo melhor qualidade de vida e população rondoniense",2024,1,Programa,2024,1
223,32013,Fundo Estadual de Desenvolvimento da Cultura,Fedec,1615,2093,DESENVOLVIMENTO CULTURAL,Gerenciar o Fundo Estadual de desenvolvimento da Cultura - FEDEC,População do Estado de Rondônia,Cidadania,continuo,2024-01-01T00:00:00,,Finalístico,"Gerenciar recursos do FEDEC, tendo como foco financiar projetos culturais de iniciativa de pessoas fisicas e pessoas jurídicas de direito público e privado, destinados a fomentar a produção artístico-cultural de Rondônia. ",2024,1,Programa,2024,1
224,01001,Assembleia Legislativa do Estado de Rondônia,ALE,1399,0000,OPERAÇÕES ESPECIAIS,Execução das ações classificadas como operações especiais,Credores da Assembleia Legislativa,Gestão Estratégica,continuo,2024-01-01T00:00:00,,Operação Especial,"Necessidade de manutenção das ações administrativas para cobertura de despesas que não se pode associar à geração de um bem ou serviço, tais como pagamento de dívidas, indenizações administrativas ou cumprimento de sentenças judiciais, bem como o pagamento de pensionistas, nos termos da legislação vigente.",2024,2,Programa,2024,2
225,01001,Assembleia Legislativa do Estado de Rondônia,ALE,1400,1006,APERFEIÇOAMENTO DA GESTÃO DO PODER LEGISLATIVO,Execução de ações que visem aprimorar os mecanismos administrativos e as práticas legislativas.,"Parlamentares, Servidores e Sociedade",Gestão Estratégica,continuo,2024-01-01T00:00:00,,Gestão Manutenção e Serviço,"Dotar a Assembleia Legislativa de meios legais, estruturais, instrumentais e humanos, de modo a proporcionar melhores condições de trabalho e de atendimento à população, em observância ao princípio constitucional da eficiência e ao interesse público.",2024,2,Programa,2024,2
226,01001,Assembleia Legislativa do Estado de Rondônia,ALE,1401,1020,APOIO ADMINISTRATIVO DO PODER LEGISLATIVO,Execução de ações que visem aprimorar os mecanismos administrativos e as práticas legislativas,"Parlamentares, Servidores e Sociedade",Gestão Estratégica,continuo,2024-01-01T00:00:00,,Gestão Manutenção e Serviço,"Prover o suporte necessário à operacionalização e execução das atividades-meio da Assembleia Legislativa, de modo a garantir o pleno funcionamento do exercício do Poder Legislativo Estadual.",2024,2,Programa,2024,2
227,01001,Assembleia Legislativa do Estado de Rondônia,ALE,1402,2126,PODER LEGISLATIVO EM AÇÃO,Execução das ações predominantemente finalísticas da Assembleia Legislativa.,Toda a população do Estado de Rondônia,Cidadania,continuo,2024-01-01T00:00:00,,Finalístico,"Dotar a Assembleia Legislativa de recursos necessários ao exercício da representatividade social e da função legislativa, em atendimento às demandas da população nos aspectos legislativos e de fiscalização na sua esfera de competência, visando à melhoria dos serviços públicos e do bem-estar comum.",2024,2,Programa,2024,2
228,02001,Tribunal de Contas do Estado,TCE,1393,0000,OPERAÇÕES ESPECIAIS,Promover aos servidores do Tribunal de Contas o pagamento de sentenças e/ ou acordo judiciais.  ,Servidores do Tribunal de Contas do Estado de Rondônia,Gestão Estratégica,continuo,2024-01-01T00:00:00,,Operação Especial,Cumprir o pagamento de sentenças e/ ou acordos judiciais.,2024,2,Programa,2024,2
229,02001,Tribunal de Contas do Estado,TCE,1394,1019,PREVIDÊNCIA SOCIAL ESTATUTÁRIA,"Assegurar aos Membros, Servidores e Dependentes o pagamento de aposentadoria e pensões.",Servidores públicos do Estado e seus dependentes legais,Gestão Estratégica,continuo,2024-01-01T00:00:00,,Gestão Manutenção e Serviço,"Assegurar aos servidores públicos inativos e pensionistas do Tribunal de Contas do Estado o pagamento de um valor estabelecido em lei, quando da aposentadoria ou do óbito, proporcionando, assim, a certeza da manutenção das condições financeiras da família. ",2024,2,Programa,2024,2
230,02001,Tribunal de Contas do Estado,TCE,1408,1011,"REMUNERAÇÃO, INCENTIVO E VALORIZAÇÃO DOS SERVIDORES DO TCE/RO","Consiste em um conjunto de estratégias implementadas por meio de ações interligadas e complementares voltadas aos servidores do TCERO, que transcendem a remuneração e abrangem as demandas humanas para o desempenho de suas atividades laborais, tais como o senso de pertencimento, desenvolvimento e reconhecimento profissional, realização pessoal, e de forma ampla, promover à sociedade o sistema de controle externo na gestão pública através de corpo técnico, cumprindo os preceitos constitucionais.   ",Servidores do Tribunal de Contas do Estado de Rondônia,Gestão Estratégica,continuo,2024-01-01T00:00:00,,Gestão Manutenção e Serviço,"Os servidores públicos do Tribunal de Contas do Estado de Rondônia (TCE RO) desempenham papel - direta ou indiretamente - crucial no exercício do controle externo, que, a seu turno, objetiva assegurar a alocação e dispêndio de recursos públicos pelo Estado em ações e políticas vertidas em prol da sociedade. Neste diapasão, o trabalho dos servidores desta casa está intrinsecamente conectado ao avanço social. Portanto, valorizá-los e proporcioná-los melhores condições de trabalho é fundamental para assegurar melhoria à população do Estado de Rondônia.",2024,2,Programa,2024,2
231,02001,Tribunal de Contas do Estado,TCE,1413,2147,CONTROLE EXTERNO DAS CONTAS PÚBLICAS,Gestão das Ações Institucionais de Controle Externo.,"Órgãos da Administração Direta e Indireta, demais entes estadual e municipal.",Gestão Estratégica,continuo,2024-01-01T00:00:00,,Finalístico,"Promover a gestão fiscal responsável é condição essencial para garantir o financiamento da atuação governamental em todas as políticas públicas e, por conseguinte, para o desenvolvimento econômico e social sustentável. No geral, a maioria dos entes jurisdicionados destinam reduzida parcela da receita total aos investimentos que geram bem-estar à população e melhoram o ambiente de negócios. Para a garantia da sustentabilidade do financiamento das políticas públicas, o TCE deve atuar por meio de ações de controle tempestivas, sempre que possível de caráter preventivo, para assegurar o equilíbrio financeiro, provendo recomendações, alertas e determinações. ",2024,2,Programa,2024,2
232,02001,Tribunal de Contas do Estado,TCE,1414,1010,APRIMORAMENTO DA GESTÃO E GOVERNANÇA INSTITUCIONAL DO TCE/RO,Gestão das atividades administrativas e o desenvolvimento da política e gestão da tecnologia da informação para aprimoramento e modernização do TCE-RO.,Servidores do Tribunal de Contas do Estado de Rondônia e dos órgãos jurisdicionados,Gestão Estratégica,continuo,2024-01-01T00:00:00,,Gestão Manutenção e Serviço,"As atividades de gestão e governança evidenciam a existência e continuidade dos serviços prestados para o alcance dos objetivos institucionais. Justifica-se ainda pela necessidade de viabilizar as atividades de inspeção e auditoria, por intermédio de ações de apoio administrativo e tecnológico para o exercício do controle externo das contas públicas e da avaliação de políticas públicas. ",2024,2,Programa,2024,2
233,02001,Tribunal de Contas do Estado,TCE,1416,2146,AVALIAÇÃO DE POLÍTICAS PÚBLICAS,"O Tribunal de Contas deverá estruturar e realizar, periodicamente, avaliações do funcionamento das políticas públicas para assegurar o funcionamento dos processos críticos que conduzam à preservação e conservação das unidades de conservação.",Servidores do Tribunal de Contas e jurisdicionados,Gestão Estratégica,continuo,2024-01-01T00:00:00,,Finalístico,"O Brasil e a região Norte em particular enfrentam grandes desafios para alcançar os desafios dos Objetivos de Desenvolvimento Sustentável da Agenda 2023. Na perspectiva de melhorar a qualidade de vida das atuais e futuras gerações, o TCE assume o compromisso de contribuir para o atingimento dos objetivos e metas do Plano Nacional de Educação (PNE) e do Plano de Ação para Prevenção e Controle do Desmatamento na Amazônia Legal (PPCDAm).",2024,2,Programa,2024,2
234,02011,Fundo de Desenvolvimento Institucional do Tribunal de Contas do Estado de Rondônia,FDI,1415,1220,GESTÃO DO FUNDO DE DESENVOLVIMENTO INSTITUCIONAL - FDI,"Gestão do Fundo de Desenvolvimento Institucional - FDI, vinculado ao Tribunal de Contas do Estado de Rondônia.",Administração pública em geral,Gestão Estratégica,continuo,2024-01-01T00:00:00,,Gestão Manutenção e Serviço,"São finalidades precípuas do Fundo de Desenvolvimento Institucional criar condições técnicas, materiais e de espaço físico que
promovam o desenvolvimento institucional, o aperfeiçoamento dos instrumentos de gestão, planejamento, administração e controle dos planos e técnicas aprovadas pelo Tribunal de Contas.",2024,2,Programa,2024,2
235,03001,Tribunal de Justiça,TJ,1649,1012,GESTÃO DE PESSOAS E QUALIDADE DE VIDA NO TRABALHO,Gestão de Pessoas e Qualidade de Vida no Trabalho,Magistrados(as) e servidores(as) e estagiários (as) do Poder Judiciário e da administração pública do Estado de Rondônia.,Gestão Estratégica,continuo,2024-01-01T00:00:00,,Gestão Manutenção e Serviço,"O programa ""Gestão de Pessoas, Manutenção de Serviços e Qualidade de Vida no Trabalho"" busca valorizar os(as) magistrados(as), servidores(as) e estagiários(as), humanizar as relações de trabalho, promover a saúde, melhorar as condições de trabalho e a qualidade de vida no ambiente profissional. Essas ações estão alinhadas com o objetivo de melhorar a gestão de pessoas estabelecido na Estratégia 2021-2026 do Poder Judiciário do Estado de Rondônia (PJRO). Ademais, esta SGP desenvolve ações e práticas voltadas ao gerenciamento de pessoas e processos, de modo sustentável, eficiente, com caráter valorativo e proativo. Sendo que, a premente necessidade de otimização dos recursos e a mitigação de desperdícios impõe a necessidade de melhorar a gestão. Deste modo, assegurar a manutenção das atividades administrativas e judiciárias do PJRO implica elevar o padrão de eficiência da gestão dos contratos e serviços, primando pela qualidade, rapidez, precisão e menor custo possível. Os dados obtidos por meio da aplicação da Pesquisa de Clima 2022, evidenciou que, embora o Índice de Favorabilidade Anual tenha atingido 73,46%, alguns pontos demandam ações, a exemplo: >Qualidade de Vida 60% >Reconhecimento Profissional 67% >Benefícios 79% >Comunicação Interna 79% >Imagem Institucional 70% Essas temáticas foram relembradas no Diagnóstico do Programa de Qualidade de Vida no Trabalho do TJRO, o que demonstra a necessidade da continuidade do programa. Com as ações promovidas pelo programa busca-se atingir/manter os indicadores da Estratégia do PJRO 2021-2026, quais sejam: a manutenção do índice de absenteísmo-doença em 2,5%, bem como o atingimento anual do Índice de Favorabilidade do Clima Organizacional superior a 70%. Destaca-se as Resoluções n. 240/2016-CNJ, n. 121/2019-PR, n. 207/2015-CNJ e n. 031/2017-PR, que estabelecem diretrizes e políticas de gestão de pessoas e atenção à saúde no âmbito do Poder Judiciário. Nelas prevalecem a importância de promover ambientes, processos e condições de trabalho saudáveis ​​e conscientizar magistrados e servidores sobre sua responsabilidade nesses aspectos. Ao aprimorar a gestão de pessoas e a qualidade de vida no ambiente de trabalho, obtêm-se benefícios significativos. Dentre eles, destaca-se, o aumento da eficiência dos serviços prestados, promoção de um clima organizacional positivo e a satisfação dos (as) magistrados(as), servidores(as) e estagiários(as) deste PJRO.",2024,2,Programa,2024,2
236,03001,Tribunal de Justiça,TJ,1656,1014,"GESTÃO DAS AÇÕES INERENTES À SEGURANÇA PESSOAL, PATRIMONIAL E DE INTELIGÊNCIA INSTITUCIONAL","Gestão das ações inerentes à segurança pessoal, patrimonial e de inteligência institucional",Magistrados e Servidores do Poder Judiciário de Rondônia									,Gestão Estratégica,continuo,2024-01-01T00:00:00,,Gestão Manutenção e Serviço,"Com efeito, a criminalidade tratada pelo judiciário brasileiro sofreu profunda modificação nos últimos tempos, onde se verifica que são cada vez mais comuns os crimes de base organizativa, compreendendo a corrupção, o tráfico de entorpecentes, pessoas, armas e lavagem de dinheiro.
A alteração do perfil da criminalidade e as várias formas com que ela se manifesta, obriga a adoção de cuidados igualmente diversificados, tanto dos ambientes em que se desenvolvem as atividades jurisdicionadas a ela inerentes, bem como dos agentes públicos nelas envolvidos.
Atento ao contexto apresentado, o Conselho Nacional de Justiça editou a Resolução n. 435, de 28/10/2021 que dispõe sobre a política e o sistema nacional de segurança do Poder Judiciário e dá outras providências, especificamente em seu Capítulo VI "" Das Medidas de Segurança no âmbito dos Conselho e Tribunais"". Nesse sentido, é essencial para a proteção contra depredação, violação, evasão, apropriação indébita e outras ações que redundem em dano ao patrimônio e para assegurar a integridade física dos magistrados, servidores e demais colaboradores no desempenho de suas atividades, e, ainda, daqueles que transitam pelas dependências deste Órgão. Dar a todos os envolvidos na execução das competências incumbidas a este Poder Judiciário a sensação de estarem seguros. Ainda nessa senda, realizar ações da atividade de inteligência destinadas a instrumentalizar o exercício da segurança institucional, produzindo conhecimentos e informações que subsidiem ações, de forma neutralizar e coibir ameaças e atos criminosos na esfera de competência deste Pode Judiciário do Estado de Rondônia. ",2024,2,Programa,2024,2
237,03001,Tribunal de Justiça,TJ,1670,1019,PREVIDÊNCIA SOCIAL ESTATUTÁRIA,Previdência Social Estatutária,Servidores públicos do Estado de Rondônia,Gestão Estratégica,continuo,2024-01-01T00:00:00,,Gestão Manutenção e Serviço,"Assegurar aos servidores públicos do Tribunal de Justiça do Estado e a seus dependentes legais o pagamento de um valor estabelecido em lei, quando da aposentadoria ou do óbito, proporcionando, assim, a certeza da manutenção das condições financeiras da família.",2024,2,Programa,2024,2
238,03001,Tribunal de Justiça,TJ,1683,2065,APRIMORAMENTO DA ESTRUTURA DO PJRO,Aprimoramento da Estrutura do PJRO,"Magistrados, Servidores do Poder Judiciário de Rondônia e jurisdicionados	",Gestão Estratégica,continuo,2024-01-01T00:00:00,,Finalístico,"O programa justifica-se pela importância que possui na dotação de estrutura adequada para que a Instituição tenha condições de cumprir sua missão de prestar serviço jurisdicional. Possuindo unidades prediais distribuídas em parte dos municípios do Estado de Rondônia, o PJRO tem o dever de apresentar unidades prediais adequadas para atendimento dos servidores, magistrados e jurisdicionado. Assim, para esta finalidade o programa contribui na medida em que se presta a realizar reformas nos locais em que prédios do TJRO não tem a estrutura adequada, como espaço, acessibilidade, segurança, mobiliário, dentre outros. O programa também soluciona situações em que as atuais unidades já não atendem a necessidade do TJRO quanto ao tamanho, localidade e disposição, propondo a construção de fóruns modernos e condizentes com a atuação do Tribunal no Estado.",2024,2,Programa,2024,2
239,03011,Fundo de Aperfeiçoamento dos Serviços Judiciários,FUJU,1605,0000,OPERAÇÕES ESPECIAIS,Operações Especiais,"Magistrados, Servidores e jurisdicionados",Gestão Estratégica,continuo,2024-01-01T00:00:00,,Operação Especial,"Necessidade de uniformização das ações administrativas na cobertura de despesas as quais não se pode associar a geração de bem ou serviço, tais como cumprimento de sentenças judiciais, financiamento com retorno, transferências constitucionais, transferências decorrentes de lei específica, outras transferências, serviços da dívida interna, serviços da dívida externa, refinanciamento da dívida interna, refinanciamento da dívida externa, amortizações, encargos, aquisições de títulos, fundos de participação, operações de financiamento, ressarcimento de toda ordem, indenizações, pagamento de inativos e pensionistas, participações acionárias, contribuições a organismos nacionais e internacionais, compensações financeiras e outros encargos especiais.",2024,2,Programa,2024,2
240,03011,Fundo de Aperfeiçoamento dos Serviços Judiciários,FUJU,1634,2073,"GESTÃO, MANUTENÇÃO E SERVIÇOS DO PODER JUDICIÁRIO","Gestão, Manutenção e Serviços do Poder Judiciário","Estagiários(as), jurisdicionados(as), magistrados(as) e servidores(as) do Poder Judiciário do Estado de Rondônia   	",Gestão Estratégica,continuo,2024-01-01T00:00:00,,Gestão Manutenção e Serviço,"Este Programa justifica-se pela necessidade de manutenção das atividades administrativas e judiciárias do PJRO, por meio de serviços, bens/materiais, infraestrutura indispensáveis à continuidade do serviço, prezando pela qualidade, eficiência e celeridade da Justiça de Rondônia.",2024,2,Programa,2024,2
241,03011,Fundo de Aperfeiçoamento dos Serviços Judiciários,FUJU,1635,2065,APRIMORAMENTO DA ESTRUTURA DO PJRO,Aprimoramento da Estrutura do PJRO,"Magistrados, Servidores do Poder Judiciário de Rondônia e jurisdicionados",Gestão Estratégica,continuo,2024-01-01T00:00:00,,Finalístico,"O programa justifica-se pela importância que possui na dotação de estrutura adequada para que a Instituição tenha condições de cumprir sua missão de prestar serviço jurisdicional. Possuindo unidades prediais distribuídas em parte dos municípios do Estado de Rondônia, o PJRO tem o dever de apresentar unidades prediais adequadas para atendimento dos servidores, magistrados e jurisdicionado. Assim, para esta finalidade o programa contribui na medida em que se presta a realizar reformas nos locais em que prédios do TJRO não tem a estrutura adequada, como espaço, acessibilidade, segurança, mobiliário, dentre outros. O programa também soluciona situações em que as atuais unidades já não atendem a necessidade do TJRO quanto ao tamanho, localidade e disposição, propondo a construção de fóruns modernos e condizentes com a atuação do Tribunal no Estado.",2024,2,Programa,2024,2
242,03011,Fundo de Aperfeiçoamento dos Serviços Judiciários,FUJU,1641,2185,POLÍTICA DA PAZ,Política da Paz,População do Estado de Rondônia,Gestão Estratégica,continuo,2024-01-01T00:00:00,,Finalístico,"A implementação do programa Política da Paz, estabelece no âmbito do Poder Judiciário de Rondônia uma ferramenta estratégica para o devido planejamento de ações e iniciativas que tem como objetivo a efetivação do devido acesso à justiça, tratamento adequado dos conflitos de interesses, pacificação social e prevenção de litígios.
Verifica-se ser necessário a concretrização deste programa para: 1) Descontruir Barreiras e resistências para a implementação de Métodos Consensuais de Solução de Conflitos, 2) Dificuldade na tomada de decisões ágeis e eficientes; 3) Sobrecarga na programação das atividades do Nupemec. Estes  problemas dificultam as implementações, os aperfeiçoamentos e a efetividades de soluções consensuais para solução de conflitos desenvolvidas por este Poder Judiciário, uma vez que a existências e a persistências destas virão a colaborar com a cultura do litígio em nossa sociedade, resultando no congestionamento de processos no Poder Judiciário, tornando mais longos e custosos e impactando negativamente na imagem desta instituição em frente à sociedade, pela não efetividade das políticas adotadas.
A implementação do programa visa contornar esse impacto negativo,  com adoção de medidas que melhorem a efetividade das políticas adotadas, decisões com agilidade e eficiência e assegurar recursos para melhorar a capacidade de execução das atividades do Nupemec.
As principais causas que contribuem para causar esta situação são: As barreiras e resistências para a efetivação dos Métodos Consensuais de Solução de Conflitos; Dificuldade na tomada de decisões ágeis e eficientes e Sobrecarga da programação das atividades do Nupemec. Também, a ineficácia dos canais de comunicação comprometem e acabam impactando a comunicação intersetorial e interinstitucional desta Instituição, gerando a adoção de práticas divergentes dos direcionamentos externados pela administração.    
Concernente às estrutura das unidades vinculadas à temática, nos 23 Cejusc's averiguou-se que estas demonstraram estarem insuficientes quanto ao quadro de pessoal, com demanda acima de suas capacidades de atendimento, gerando produtividade abaixo do esperado. 
Com a implementação do programa, esperamos direcionar os esforços do Tribunal de Justiça do Estado de Rondônia para fortalecer os métodos consensuais de solução de conflitos, fomentando a padronização, integração, agilidade, eficiência e mudança cultural na sociedade, promovendo a paz, a justiça e a harmonia social, tornando sua implementação essencial para o aprimoramento do sistema de justiça, atingindo objetivos específicos: 1) Descontruir Barreiras e resistências para a implementação de Métodos Consensuais de Solução de Conflitos, 2) Dificuldade na tomada de decisões ágeis e eficientes; 3) Sobrecarga na programação das atividades do Nupemec.",2024,2,Programa,2024,2
243,03011,Fundo de Aperfeiçoamento dos Serviços Judiciários,FUJU,1643,1017,APRENDIZAGEM ORGANIZACIONAL,Aprendizagem Organizacional,Magistrados(as) e Servidores(as) do Tribunal de Justiça do Estado de Rondônia e dos órgãos jurisdicionados,Gestão Estratégica,continuo,2024-01-01T00:00:00,,Gestão Manutenção e Serviço,"O programa é fundamentado na necessidade de fortalecer o Poder Judiciário e a administração pública do Estado de Rondônia, garantindo a eficiência, eficácia e efetividade das instituições. O incentivo ao desenvolvimento, capacitação e realização de pesquisas, publicações, estudos e projetos de extensão, juntamente com a promoção da formação continuada de magistrados(as) e servidores(as) do PJRO, contribui para aprimorar as competências e habilidades, o que resulta em um serviço público de maior qualidade e maior satisfação da população. Além disso, ao alinhar as ações com a Estratégia do Poder Judiciário de Rondônia, em especial o objetivo 10 e suas respectivas metas estratégicas, garante-se um planejamento adequado e uma atuação voltada para as necessidades reais da sociedade. Isso também favorece a integração e a cooperação entre as diferentes esferas do setor público e a comunidade em geral. Promover iniciativas de extensão e responsabilidade social é fundamental para aproximar o Poder Judiciário e a administração pública da população, facilitando o acesso à justiça e contribuindo para a harmonia social. Essa aproximação permite uma maior compreensão dos direitos e deveres por parte dos cidadãos, o que resulta em um ambiente mais justo e igualitário. Portanto, o objetivo proposto, incluindo a promoção da formação continuada, é crucial para fortalecer o Estado de Rondônia e garantir que o Poder Judiciário e a administração pública atuem de forma eficiente, responsiva e alinhada às demandas da sociedade, promovendo a justiça e a harmonia social.",2024,2,Programa,2024,2
244,03011,Fundo de Aperfeiçoamento dos Serviços Judiciários,FUJU,1644,1031,POLÍTICAS E SERVIÇOS EXTRAJUDICIAIS,Políticas e Serviços Extrajudiciais,População do Estado de Rondônia,Gestão Estratégica,continuo,2024-01-01T00:00:00,,Gestão Manutenção e Serviço,"Os serviços notariais e registrais são prestados por particulares, que recebem delegação do Poder Público, conforme disposto no art. 236 da Constituição Federal do Brasil, os quais devem ser fiscalizados pelo Poder Judiciário, mais precisamente pela atuação direta da Corregedoria Geral de Justiça (CGJ).

Em Rondônia, a Lei Estadual 2.936, de 26 de dezembro de 2012, regulamenta o regimento de custas e emolumentos relativos ao atos dos serviços extrajudiciais. Cabe aos notários e oficiais de registros, a título de remuneração, os emolumentos pelos atos que praticarem.

Parte do valor arrecadado com as custas e selos é destinado ao ressarcimento dos atos gratuitos praticados pelo Tabelionato de Registro Civil, como, por exemplo, o registro e a expedição da primeira certidão de nascimento. Conforme o art. 7°, § 1° da Lei Estadual n. 918, de 20 de setembro de 2000, após o ressarcimento e complementação de renda mínima às serventias que praticam atos do registro civil das pessoas naturais, caso haja sobra de recursos, este será destinado ao FUJU para o desenvolvimento de ações de aprimoramento dos serviços notariais e registrais do Estado, por meio de projetos vinculados à Corregedoria Geral.

Cabe ressaltar que o aperfeiçoamento do Sistema Gerencial do Extrajudicial do Poder Judiciário de Rondônia (Sigextra) deve ser constante, a fim de que sejam cumpridas as normas do Conselho Nacional de Justiça e garantida a eficiência na prestação dos serviços extrajudiciais. Para isso, é necessário que sejam implementados sistemas, ferramentas e tecnologias para a unificação e a proteção de dados, bem como a prestação dos serviços extrajudiciais de forma mais ágil e segura. Além disso, é necessário que haja a edição de legislação específica, complementar e/ou modificativa, em âmbito estadual, visando acompanhar as inovações e atualizações normativas em nível nacional.

Embora haja um ressarcimento mensal e uma complementação de renda mínima para os Registros Civis das Pessoas Naturais (RCPN), há um superávit (sobra) anual que deve ser usado para melhorar a prestação dos serviços extrajudiciais. Para tanto, o programa visa englobar projetos e atividades capazes fomentar a desjudicialização, a desburocratização, a regularização fundiária, a capacitação dos profissionais envolvidos e a transformação digital, entre outras iniciativas.

A capacitação dos (as) delegatários (as), interinos (as), prepostos (as) e servidores (as) da Corregedoria-Geral de Justiça é considerada essencial para garantir a qualidade dos serviços prestados pelas serventias extrajudiciais e reduzir a possibilidade de erros que possam prejudicar a eficiência e segurança jurídica dos atos.

Além disso, a regularização fundiária é vista como uma importante política pública que garante o direito fundamental à moradia e está diretamente ligada a outros direitos sociais previstos na Constituição Federal. Embora a responsabilidade pelo processo de regularização seja do ente municipal, o Poder Judiciário tem o desafio de atuar de forma ativa para garantir a efetivação desse direito e reduzir litígios.

Registre-se, por oportuno, a obrigatoriedade do Poder Judiciário na realização de concurso público, em até 6 (seis) meses, para provimento de serventias vagas, nos moldes dos arts. 15 e 16 da Lei 8.935/1994, de 18 de novembro de 1994, que dispõe o seguinte:

Art. 15. Os concursos serão realizados pelo Poder Judiciário, com a participação, em todas as fases, da Ordem dos Advogados do Brasil, do Ministério Público, de um notário e um registrador.

Art. 16. As vagas serão preenchidas alternadamente, duas terças partes do concurso público de provas e títulos e uma terça parte por meio de remoções reguladas por lei estadual ou do Distrito Federal, homologadas pelo respectivo Tribunal de Justiça, que ocorreram no período anterior à publicação desta Lei.

Por fim, cumpre ressaltar que o programa abrange ações relacionadas às atividades de 111 (cento e onze) serventias extrajudiciais, com impacto nos 52 (cinquenta e dois) municípios de Rondônia.",2024,2,Programa,2024,2
245,03011,Fundo de Aperfeiçoamento dos Serviços Judiciários,FUJU,1646,1018,GESTÃO E SERVIÇOS JUDICIAIS DO 1° GRAU,Gestão e Serviços Judiciais do 1° grau ,"Jurisdicionados, População em Geral; Magistrados (as) e Servidores (as) do 1º Grau de Jurisdição",Gestão Estratégica,continuo,2024-01-01T00:00:00,,Gestão Manutenção e Serviço,"Segundo o Relatório Justiça em Números 2022, produzido pelo Conselho Nacional de Justiça (CNJ), o Tribunal de Justiça de Rondônia (TJRO) é o  mais demandado do país, com a maior quantidade de casos novos por habitante no Brasil.  Com cerca de 15.972 processos novos por habitante, o TJRO enfrenta carga significativa de trabalho, com 1.684 casos por magistrado. Mesmo com a maior produtividade por magistrados entre os tribunais de pequeno porte, com um Índice de Produtividade dos Magistrados (IPM) de 1.863, o TJRO tem o desafio de melhorar o seu Índice de Atendimento à Demanda (IAD), refletindo a capacidade do tribunal em dar vazão ao volume de casos ingressados. Em 2022, o IAD do Judiciário rondoniense foi de 96%, mas alcançou maior capacidade em 2021, com 101,9%.
Esses números demonstram o compromisso e a dedicação dos magistrados do TJRO em lidar com a alta demanda processual e em garantir a prestação jurisdicional eficiente à população de Rondônia. No entanto, é fundamental implementar iniciativas para aperfeiçoar e impulsionar a prestação jurisdicional. A exemplo, embora o tempo médio de tramitação dos processos pendentes e baixados, bem como o tempo médio da inicial até a sentença no segundo grau e primeiro grau, estejam entre os menores tempos de tramitação do país, o TJRO tem a intenção de melhorar ainda mais esses indicadores.
Dentre as melhorias necessárias, destaca-se a simplificação e padronização de procedimentos e modelos, a fim de garantir maior uniformidade e agilidade nos trâmites processuais. É preciso aprimorar o controle da litigância serial e  o gerenciamento dos precedentes, modernizar a Justiça Criminal e aperfeiçoar a transparência dos processos, e fortalecer a comunicação com os jurisdicionados. A integração do sistema PJe com outras plataformas judiciais, como Sisbajud, BNMP e SEEU, dentre outras, é essencial para uma tramitação mais eficiente dos processos. 
O Programa Justiça 4.0 implementado pelo CNJ com a finalidade de impulsionar a transformação digital do Judiciário para garantir serviços mais rápidos, eficazes e acessíveis, é oportunidade que o TJRO pode aproveitar, pois é parceiro do CNJ em uma das principais frentes do programa, a Plataforma Sinapses/Codex, onde atua como desenvolvedor. As soluções digitais colaborativas instadas pelo Programa, automatizam as atividades dos tribunais, otimizam o trabalho dos magistrados, servidores e advogados, e garantem mais produtividade, celeridade, governança e a transparência dos processos. 
O TJRO é reconhecido como um dos melhores tribunais do país, com tradição na modernização e inovação de procedimentos, sistemas e estruturas. É vencedor do Selo Diamante concedido pelo CNJ, pela quarta vez consecutiva em 2022. Suas práticas também são premiadas, tais como os fóruns digitais, laureados com o Prêmio Innovare. Importa à Instituição, manter-se no topo dos tribunais mais eficientes do país, com o propósito maior de garantir justiça mais ágil e eficiente, com foco na transformação dos processos judiciais, ao mesmo tempo em que reforça o compromisso de fortalecer os direitos e garantias individuais dos cidadãos rondonienses.
A execução do presente programa, baseia-se principalmente na necessidade de garantir a eficiência e efetividade do sistema judicial de Rondônia. Portanto, por meio do programa será fortalecido o alinhamento da prestação jurisdicional do 1º Grau de Jurisdição à Estratégia do Poder Judiciário de Rondônia (PJRO), para assegurar que os serviços judiciais estejam em conformidade com os objetivos estratégicos do Tribunal de Justiça e do Conselho Nacional de Justiça, promovendo a efetividade das políticas e diretrizes estabelecidas.
Este alinhamento contribui com o atingimento das Metas Nacionais e outros instrumentos de orientação estabelecidas pelo CNJ, fundamentais para o desempenho e a eficiência do sistema de Justiça em todo o país, demonstrando o compromisso em buscar a excelência na prestação de serviços judiciais.
Para o alcance da excelência desejada, deve ser considerado o embate às ineficiências nos procedimentos judiciais que resultam em uma série de consequências negativas para a prestação jurisdicional, como a morosidade na resolução e a insegurança dos processos judiciais. Portanto, torna-se imprescindível aperfeiçoar as práticas e procedimentos em vista da celeridade, eficiência e qualidade.",2024,2,Programa,2024,2
246,03011,Fundo de Aperfeiçoamento dos Serviços Judiciários,FUJU,1652,2186,ENFRENTAMENTO DA VIOLÊNCIA CONTRA A MULHER,Enfrentamento da violência contra a mulher,"População do Estado de Rondônia, especialmente as mulhres",Gestão Estratégica,continuo,2024-01-01T00:00:00,,Finalístico,"Segundo o Anuário Brasileiro de Segurança Pública 2023, publicado pelo Fórum Brasileiro de Segurança Pública (FBSP), os homicídios em que as vítimas são mulheres e os feminicídios aumentaram de 2021 para 2022, assim como as tentativas de homicídio e feminicídio, sendo que Rondônia teve um aumento de quase 50% nos feminicídios. De acordo com o relatório do FBSP, todas as formas de violência contra a mulher cresceram em 2022, sendo que Rondônia se destacou negativamente no aumento dessas violências, sejam tentadas ou efetivadas. Assim, o Programa de Enfrentamento da Violência Contra a Mulher almeja melhorar essa realidade no Estado de Rondônia, fundamentalmente no que tange às competências do Poder Judiciário Rondoniense.",2024,2,Programa,2024,2
247,03011,Fundo de Aperfeiçoamento dos Serviços Judiciários,FUJU,1653,1013,"GESTÃO, MANUTENÇÃO E SERVIÇOS DE TIC","Gestão, manutenção e serviços de TIC","Estagiários(as), jurisdicionados(as), magistrados(as) e servidores(as) do Poder Judiciário do Estado de Rondônia   	",Gestão Estratégica,continuo,2024-01-01T00:00:00,,Gestão Manutenção e Serviço,"O principal problema enfrentado é a necessidade de uma infraestrutura de TI moderna, escalável e segura, que permita inovação, eficiência operacional e melhor governança de dados, enquanto reduz a vulnerabilidade a ameaças cibernéticas. Para isso, é necessário a renovação das garantias dos equipamentos de microinformática, bem como a manutenção dos contratos relacionados à infraestrutura, segurança, serviços, sistemas e governança. A crescente judicialização das demandas e a necessidade de modernização da área administrativa do Poder judiciários do Estado de Rondônia resultam em necessidades de armazenamento, processamento, segurança e governança de dados. Por isso tem sido realizado investimentos contínuos em soluções de Tecnologia da Informação (TI) para dar suporte e agilizar o fluxo dessas demandas. Além disso, as demandas atuais da área de Tecnologia da Informação e Comunicação (TIC) são cada vez mais complexas e exigentes, porém, a infraestrutura existente mostra-se limitada e incapaz de atender ao aumento na utilização de recursos, o que afeta diretamente a velocidade dos sistemas judiciais e administrativos. Com relação a inovação, um ponto crítico a ser destacado é a ausência de automação na elaboração de minutas de documentos decisórios, o que prejudica a duração razoável dos processos. Além disso, a falta de disponibilidade de alguns sistemas impede uma identificação eficiente das informações necessárias para a automação adequada. Outro ponto a ser ressaltado é o fato de que a maioria dos serviços utilizados pelo Poder Judiciário está disponível internamente e na internet, aumentando assim o risco potencial de incidentes de segurança cibernética. Com os serviços institucionais se tornando cada vez mais dependentes dos recursos computacionais, é necessário enfrentar continuamente as novas ameaças e vulnerabilidades que surgem constantemente, nem sempre sendo possível solucioná-las de forma definitiva internamente. Diante desses desafios, fica evidente que a tecnologia da informação exerce um impacto direto nas estratégias do Poder Judiciário de Rondônia (PJRO), viabilizando a construção de soluções inovadoras, a eficiência do desempenho operacional e a otimização da produtividade. Além disso, é responsável por manter em funcionamento todas as soluções de TIC atualmente utilizadas pelo Poder Judiciário. Portanto, investir em uma infraestrutura de TI moderna e escalável é fundamental para atender às necessidades crescentes do Poder Judiciário, garantindo a eficiência e eficácia na prestação de serviços jurisdicionais à sociedade.",2024,2,Programa,2024,2
248,11003,Procuradoria-Geral do Estado,PGE,1473,1015,GESTÃO ADMINISTRATIVA DO PODER EXECUTIVO,Funcionamento e a Manutenção das atividades operacionais da unidade.,Unidades orçamentárias do Poder Executivo,Gestão Estratégica,continuo,2024-01-01T00:00:00,,Gestão Manutenção e Serviço,"Desenvolver atividades-meios para o bom desenvolvimento das funções operacionais-fins da Unidade para qual foi criada por lei, visando à eficiência e eficácia das Políticas Públicas do Poder Executivo.",2024,2,Programa,2024,2
249,11003,Procuradoria-Geral do Estado,PGE,1482,0000,OPERAÇÕES ESPECIAIS,"Custear pagamentos de despesas de créditos devidos a particulares de decisões judiciais em favor de terceiros mediante Requisição de Pequeno Valor (RPV), exceto precatórios.",População de Rondônia que demandam de acesso a justiça,Gestão Estratégica,continuo,2024-01-01T00:00:00,,Operação Especial,"A Requisição de Pequeno Valor (RPV) representa uma obrigação a pagar após o trânsito em julgado de decisão judicial, o teto é estipulado pela Lei Estadual nº 1788/2007, que fixou em 10 Salários mínimos o limite para pagamento da RPV, e o prazo para pagamento é de 60 (sessenta) dias, e o presente programa visa realizar pagamentos de honorários em favor de advogados dativos, peritos, tradutores, intérpretes e órgãos técnicos ou científicos, eventualmente nomeados pelo Poder Judiciário para atuar em processos em que a parte for beneficiária da justiça gratuita, a fim de garantir o acesso à justiça aos que comprovarem carência de recursos e para pagamento de sentenças judiciais mediante RPV, exceto precatórios.",2024,2,Programa,2024,2
250,11003,Procuradoria-Geral do Estado,PGE,1485,2155,GESTÃO DA DÍVIDA ATIVA,Promover melhoria na recuperação de créditos tributários inscritos em dívida ativa.,SOCIEDADE DE RONDÔNIA,Cidadania,continuo,2024-01-01T00:00:00,,Finalístico,"A aplicação de recursos para investimentos na administração fazendária é essencial para o aprimoramento e incremento da arrecadação do estado, bem como contribui para os processos sistêmicos de reflexão sobre a qualidade do gasto, garante-se dessa forma que a PGE atue em seus dois eixos prioritários de trabalho, quais sejam a ""RESPONSABILIDADE FISCAL (perspectiva do gasto) e a ARRECADAÇÃO (perspectiva da receita). ",2024,2,Programa,2024,2
251,11003,Procuradoria-Geral do Estado,PGE,1684,2085,FORTALECIMENTO DA ESTRUTURA FÍSICA DA PGE/RO,"Dotar as Unidades da Procuradoria Geral do Estado (PGE), localizadas tanto na sede como nas Regionais e na Representação Judicial em Brasília-DF, com uma estrutura física apropriada. Criar um ambiente equipado e propício para a execução eficiente das atividades jurídicas e administrativas, garantindo assim, um melhor desempenho das Unidades do Poder Executivo.",Administração pública em geral,Gestão Estratégica,continuo,2024-01-01T00:00:00,,Finalístico,"Atender as necessidades das unidades da Procuradoria Geral do Estado (PGE) , seja na Sede, nas Regionais ou na Representação e Judicial em Brasília-DF, priorizando a destinação de recursos para a manutenção e aprimoramento da estrutura física, bem como a aquisição de equipamentos e materiais permanentes, visando melhorar o atendimento ao público e proporcionar aos servidores condições ideais de trabalho. Programa estratégico alinhado à política da Instituição, reafirmando o compromisso com a excelência no serviço público e a valorização do público e dos servidores.",2024,2,Programa,2024,2
252,11004,Superintendência Estadual de Turismo,Setur,1442,1015,GESTÃO ADMINISTRATIVA DO PODER EXECUTIVO,Gestão Administrativa do Poder Executivo,Unidades orçamentárias do Poder Executivo,Gestão Estratégica,continuo,2024-01-01T00:00:00,,Gestão Manutenção e Serviço,"Desenvolver atividades-meios para o bom desenvolvimento das funções operacionais-fins da Unidade para qual foi criada por lei, visando à eficiência e eficácia das Políticas Públicas do Poder Executivo.",2024,2,Programa,2024,2
253,11004,Superintendência Estadual de Turismo,Setur,1511,2108,DESENVOLVIMENTO DO TURISMO,Desenvolvimento do Turismo.,Municípios do Estado de Rondônia,Desenvolvimento Econômico,continuo,2024-01-01T00:00:00,,Finalístico,"O Estado de Rondônia com vários atrativos turísticos: naturais, históricos, religioso, ecoturismo, esporte e lazer, culturais, exposições agropecuárias, entre outros, sendo possível transformar esses segmentos em produtos turísticos vendáveis, com geração de emprego, renda e tributos para o estado, aquecendo a economia. Nesse sentido, torna-se necessário a exploração desse potencial, visto que o turismo é a terceira indústria que mais cresce no mundo, ficando atrás apenas da aviação e do setor petrolífero, sendo considerada indústria limpa não poluente. Para consecução dos objetivos desse Programa serão empenhados esforços de estruturação e melhoria de atrativos Turísticos do Estado, Apoio as Ações do CADASTUR dentro e fora do Estado, Participação da SETUR em eventos e feiras dentro e fora do Estado, Elaboração do Plano Estadual de Turismo, Apoio da SETUR em eventos de cunho turístico, visita técnica aos municípios do estado, mapa da regionalização do turismo em RO/mapa do turismo brasileiro.",2024,2,Programa,2024,2
254,11005,Controladoria-Geral do Estado,CGE,1486,1015,GESTÃO ADMINISTRATIVA DO PODER EXECUTIVO,"Qualificação dos servidores da Controladoria-Geral do Estado, bem como funcionamento e manutenção das atividades administrativas da unidade.",Servidores da controladoria geral do Estado,Gestão Estratégica,continuo,2024-01-01T00:00:00,,Gestão Manutenção e Serviço,"Garantir o funcionamento das atividades administrativas do Órgão Central de Controle Interno do Poder Executivo Estadual, assegurando a utilização de recursos de modo eficiente e eficaz para a que a Controladoria-Geral do Estado possa alcançar seus objetivos institucionais, por meio da remuneração de servidores, formação e qualificação e promoção de ações preventivas de saúde ocupacional de qualidade de vida no trabalho, bem como por meio da manutenção administrativa da CGE/RO.  ",2024,2,Programa,2024,2
255,11005,Controladoria-Geral do Estado,CGE,1665,2190,FORTALECIMENTO DO ÓRGÃO CENTRAL DO SISTEMA DE CONTROLE INTERNO DO PODER EXECUTIVO,Garantir a execução das atividades fins da Controladoria-Geral do Estado de Rondônia.,Unidades setoriais de controle do Poder Executivo e Sociedade,Gestão Estratégica,continuo,2024-01-01T00:00:00,,Finalístico,"Os avanços tecnológicos impõem ao sistema de controle interno uma necessidade contínua de aprimoramento e investimento para acompanhar a evolução do ambiente de produção. Esses avanços se traduzem em inovação tecnológica e novas formas de atuação. Nesse sentido, considerando a missão da Controladoria Geral do Estado em agir de maneira preventiva, concomitante e corretiva no enfrentamento e prevenção à corrupção, fomento da transparência e cultura de integridade, fortalecimento da auditoria interna, além de responsabilização de pessoas jurídicas e ações cidadãs. As ações desse programa são fundamentais para o fortalecimento do sistema de controle para que as Unidades Gestoras do Poder Executivo possam atingir seus objetivos estratégicos e defendendo os interesses da coletividade.",2024,2,Programa,2024,2
256,11006,Secretaria de Estado do Desenvolvimento Econômico,Sedec,1462,1015,GESTÃO ADMINISTRATIVA DO PODER EXECUTIVO,Gestão Administrativa da Unidade,Secretaria de Estado do Desenvolvimento Econômico - SEDEC,Desenvolvimento Econômico,continuo,2024-01-01T00:00:00,,Gestão Manutenção e Serviço,"Necessidade de programar recursos para a Gestão Administrativa da Unidade, tais como despesas com diárias, passagens, material de consumo, material permanente e contratos administrativos.",2024,2,Programa,2024,2
257,11006,Secretaria de Estado do Desenvolvimento Econômico,Sedec,1467,2000,DESENVOLVE RONDÔNIA,Desenvolve Rondônia,"Empresas dos setores Agroindustriais, Industriais, Comerciais, Mineração, Prestação de Serviços, Turismo, Empreendedores e Microempreendedores, Cooperativas, de Tecnologia, Inovação, Indústria da Construção Civil, Farmacêutica e Médica",Desenvolvimento Econômico,continuo,2024-01-01T00:00:00,,Finalístico,"O apoio governamental ao desenvolvimento econômico justifica-se em razão da capacidade contributiva dos resultados alcançados através do avanço econômico e social obtido com o aprimoramento da ciência, tecnologia e inovação nas cadeias produtivas do Estado, com o desenvolvimento e apoio ao Empreendedorismo fomentando o crescimento do PIB estadual, através da comercialização e fortalecimento das cadeias produtivas regionais e promovendo a atração de investimentos, impactando diretamente no fomento do Emprego e Renda.",2024,2,Programa,2024,2
258,11006,Secretaria de Estado do Desenvolvimento Econômico,Sedec,1469,2072,PROTEÇÃO E DEFESA DOS DIREITOS DO CONSUMIDOR,"Promover a proteção e garantia dos direitos dos consumidores visando cumprimento da legislação consumerista conscientizando todos os atores desta relação de seus direitos e deveres, objetivando o equilíbrio do mercado de consumo sustentavelmente.
",Consumidores e Fornecedores de bens e serviços.,Desenvolvimento Econômico,continuo,2024-01-01T00:00:00,,Finalístico,"A ampliação o mercado de consumo, desde plataformas tecnológicas e redes de comunicação proporcionaram maior aproximação do Consumidor e Fornecedor, por conseguinte o referido cenário enseja e maior demanda na resolução de conflitos entre as partes e a necessidade de aprimoramento tecnológico para acompanhar o mercado, tanto na fiscalização quanto nas ações educativas de conscientização dos atores envolvidos na relação de consumo. Não obstante, verifica-se a necessidade de descentralização dos serviços prestados pelo PROCON para cobertura nas diversas regiões do Estado de Rondônia.",2024,2,Programa,2024,2
259,11006,Secretaria de Estado do Desenvolvimento Econômico,Sedec,1659,2187,FORTALECIMENTO DAS ESTATAIS,"Promover o fortalecimento das Estatais Rongás, Companhia de Mineração de Rondônia (CMR), Sociedade de Portos e Hidrovias (SOPH), Companhia de Águas e Esgoto de Rondônia (CAERD).","Rongás, Companhia de Mineração de Rondônia (CMR), Sociedade de Portos e Hidrovias (SOPH), Companhia de Águas e Esgoto de Rondônia (CAERD).",Desenvolvimento Econômico,continuo,2024-01-01T00:00:00,,Finalístico,"O apoio as Estatais é essencial ao desenvolvimento do Estado de Rondônia em razão da promoção do progresso do marco do saneamento, exportações realizadas através da Estrutura Portuária sob administração do Estado, produção e exploração do Calcário realizado pela CMR, bem como a produção e exploração dos minerais existentes em Rondônia. ",2024,2,Programa,2024,2
260,11006,Secretaria de Estado do Desenvolvimento Econômico,Sedec,1663,2142,PROGRAMA DE PARCERIAS PÚBLICO-PRIVADAS DO ESTADO DE RONDÔNIA – PPP,Definir a viabilidade econômico-financeira objetivando a atratividade para concessão de serviços públicos.,"Órgãos da Administração Direta e Indireta, demais entes estadual e municipal.",Desenvolvimento Econômico,continuo,2024-01-01T00:00:00,,Finalístico,"O Programa destina-se a fomentar, coordenar, regular e fiscalizar a realização de parcerias e concessões no âmbito da Administração Pública Estadual Direta e Indireta, nos termos da Lei Complementar nº 609/2011.",2024,2,Programa,2024,2
261,11007,Superintendência Estadual de Tecnologia da Informação e Comunicação,Setic,1421,1015,GESTÃO ADMINISTRATIVA DO PODER EXECUTIVO,"Garantir o pleno funcionamento das atividades de apoio administrativo de todas as Unidades Orçamentárias do Poder Executivo, coordenando recursos humanos, materiais, financeiros e técnicos, como forma de assegurar e otimizar as tarefas executadas.",Administração pública em geral,Gestão Estratégica,continuo,2024-01-01T00:00:00,,Gestão Manutenção e Serviço,"Desenvolver atividades meio para proporcionar o bom desempenho das funções operacionais e finalísticas da Unidade, visando a eficiência e a eficácia das Políticas Públicas do Poder Executivo.
",2024,2,Programa,2024,2
262,11007,Superintendência Estadual de Tecnologia da Informação e Comunicação,Setic,1549,2074,GESTÃO INTEGRADA DAS ATIVIDADES DE GESTÃO GOVERNAMENTAL E TECNOLOGIA DA INFORMAÇÃO E COMUNICAÇÃO,"Disponibilização de infraestrutura de rede e comunicação de dados para as unidades governamentais, provendo processamento, segurança da informação, análise e gestão de dados, desenvolvimento e manutenção de sistemas, bem como promover por meio da Tecnologia da Informação e Comunicação, o desenvolvimento sustentável com foco na inclusão social, governança e proteção do meio ambiente - dentre outras atividades relacionadas à área.",Administração pública em geral,Gestão Estratégica,continuo,2024-01-01T00:00:00,,Finalístico,"A gestão integrada das atividades relacionadas à gestão e tecnologia da informação simplificam o acesso e o compartilhamento de serviços prestados tanto à população quanto aos demais órgãos governamentais, gerando economia e eficiência nas ações do Estado.
",2024,2,Programa,2024,2
263,11008,Superintendência Estadual de Compras e Licitações,SUPEL,1481,1015,GESTÃO ADMINISTRATIVA DO PODER EXECUTIVO,Gestão administrativa do Poder Executivo ,Unidades orçamentárias do Poder Executivo,Gestão Estratégica,continuo,2024-01-01T00:00:00,2023-07-01T00:00:00,Gestão Manutenção e Serviço,"Desenvolver atividades-meios para o bom desenvolvimento das funções operacionais-fins da Unidade para qual foi criada por lei, visando à eficiência e eficácia das Políticas Públicas do Poder Executivo.",2024,2,Programa,2024,2
264,11008,Superintendência Estadual de Compras e Licitações,SUPEL,1547,2058,EFICIÊNCIA OPERACIONAL,Eficiência Operacional.,Unidades orçamentárias do Poder Executivo,Gestão Estratégica,continuo,2024-01-01T00:00:00,,Finalístico,Promover eficiência nas aquisição de bens e serviços por meio de licitação ou outros instrumentos congênere,2024,2,Programa,2024,2
265,11009,Superintendência de Gestão dos Gastos Públicos Administrativos ,SUGESP,1419,1015,GESTÃO ADMINISTRATIVA DO PODER EXECUTIVO,Gestão Administrativa do Poder Executivo,Unidades orçamentárias do Poder Executivo,Gestão Estratégica,continuo,2024-01-01T00:00:00,,Gestão Manutenção e Serviço,"Desenvolver atividades meio de forma a subsidiar o alcance dos objetivos, finalidades e atribuição da Unidade e de seus órgãos vinculados.",2024,2,Programa,2024,2
266,11009,Superintendência de Gestão dos Gastos Públicos Administrativos ,SUGESP,1420,2133,FORTALECIMENTO DO DESENVOLVIMENTO REGIONAL,Fomentar o Desenvolvimento Regional Sustentável do Estado de Rondônia por meio da implantação das políticas públicas e inovações com o fortalecimento das Secretarias Executivas Regionais e a implantação de 09 Núcleos de Projetos Regionais pautadas nas diretrizes do PDES.,"Prefeituras dos Municípios e as Organizações da Sociedade Civil constituídas, tendo como objetivo proporcionar o desenvolvimento sócio econômico da população daquela Região.",Gestão Estratégica,continuo,2024-01-01T00:00:00,,Finalístico,"O desenvolvimento socioeconômico do Estado de Rondônia perpassa por macropolíticas públicas estabelecidas pelas unidades Governamentais, o apoio para fortalecimento dessas políticas junto as prefeituras dos 52 Municípios e sociedade civil é competência das Secretarias Executivas Regionais as quais fomentam e buscam o desenvolvimento mais amiúde valorizando os recursos e realidades locais, sendo as mesmas fundamentais desde os diagnósticos e busca de soluções muitas vezes dentro da própria região. A busca pelo desenvolvimento requer inovações de metodologias e benchmarking que se busca com a participação do Estado no Consórcio Brasil Central BrC que traz projetos para melhorar indicadores de competências Estaduais e Municipais, o programa busca trazer esse desenvolvimento regional para todas as dez regiões do Estado por meio da implantação de 09 NÚCLEOS DE PROJETOS REGIONAIS que serão a base, instâncias de integração para o desenvolvimento regional local onde estão estabelecidos órgãos do Governo Federal, Estadual, e Municipal a serviço e diálogo da Sociedade Civil Organizada.",2024,2,Programa,2024,2
267,11009,Superintendência de Gestão dos Gastos Públicos Administrativos ,SUGESP,1429,2128,COMUNICAÇÃO GOVERNAMENTAL,"Promover a Comunicação Governamental, levando aos públicos interno e externo os atos e fatos de governo por meio das ações de comunicação corporativa (produção de releases, matérias jornalísticas, notas distribuídas aos veículos de comunicação estaduais e nacionais, atendimento à imprensa, realização de entrevistas coletivas, realização de eventos; qualificação dos porta-vozes institucionais, qualificação do quadro de assessores de comunicação), e por meio da publicidade institucional e de utilidade pública.",População do Governo do Estado de Rondônia,Gestão Estratégica,continuo,2024-01-01T00:00:00,,Finalístico,"Garantir ao cidadão um direito constitucional, frente à ferramenta de comunicação, que possui em sua essência o fortalecimento à cidadania. Por meio da entrega de campanhas de utilidade pública que tem como objetivo informar, orientar, avisar, prevenir ou alertar a população ou segmento da população para adotar comportamentos que lhe tragam benefícios sociais reais, visando melhorar a sua qualidade de vida, além da campanha institucionais, de cunho educativo e de orientação social quanto aos atos, programas, obras, serviços e projetos fo Governo do Estado de Rondônia.",2024,2,Programa,2024,2
268,11009,Superintendência de Gestão dos Gastos Públicos Administrativos ,SUGESP,1435,2041,GESTÃO INTEGRADA DE POLÍTICAS PÚBLICAS,Gestão Integradas das Políticas Públicas para o Desenvolvimento do Estado de Rondônia.,Administração pública em geral,Desenvolvimento Econômico,continuo,2024-01-01T00:00:00,,Finalístico,"Instituir a governança interfederativa e intermunicipal, de formar  a integrar união entre os entes para o desenvolvimento econômico e social regional, por meio da formulação de projetos estruturantes, execuções em conjunto, buscando formas de articulação, integração, e fortalecimento de ações compartilhadas no desenvolvimento de políticas públicas.",2024,2,Programa,2024,2
269,11009,Superintendência de Gestão dos Gastos Públicos Administrativos ,SUGESP,1459,2112,PROGRAMA PARA O FORTALECIMENTO DA POLÍTICA ESTADUAL DE CIDADANIA E DE DIREITOS HUMANOS,"Programa para promover acesso aos servidores de atendimento ao cidadão, implementar políticas de atendimento ao cidadão, proporcionando a universalização do acesso às informações e aos serviços públicos ou de natureza pública; promover a qualidade e celeridade dos processos de atendimento; resgatar a credibilidade do cidadão no serviço público, bem como a do agente público.",Cidadão que necessitar dos serviços assistenciais.,Cidadania,continuo,2024-01-01T00:00:00,,Finalístico,"Democratizar ao cidadão o acesso à informação e execução de serviços públicos ou de natureza pública com celeridade, credibilidade e eficiência, fazendo uso da Gestão Participativa com a valorização dos agentes públicos.",2024,2,Programa,2024,2
270,11010,Fundo Especial de Modernização Procuradoria-Geral do Estado de Rondônia,FUMORPGE,1466,2085,FORTALECIMENTO DA ESTRUTURA FÍSICA DA PGE/RO,"Dotar as Unidades da Procuradoria Geral do Estado (PGE), localizadas tanto na sede como nas Regionais e na Representação Judicial em Brasília-DF, com uma estrutura física apropriada. Criar um ambiente equipado e propício para a execução eficiente das atividades jurídicas e administrativas, garantindo assim, um melhor desempenho das Unidades do Poder Executivo.",Administração pública em geral,Gestão Estratégica,continuo,2024-01-01T00:00:00,,Finalístico,"Atender as necessidades das unidades da Procuradoria Geral do Estado (PGE) , seja na Sede, nas Regionais ou na Representação e Judicial em Brasília-DF, priorizando a destinação de recursos para a manutenção e aprimoramento da estrutura física, bem como a aquisição de equipamentos e materiais permanentes, visando melhorar o atendimento ao público e proporcionar aos servidores condições ideais de trabalho. Programa estratégico alinhado à política da Instituição, reafirmando o compromisso com a excelência no serviço público e a valorização do público e dos servidores.",2024,2,Programa,2024,2
271,11010,Fundo Especial de Modernização Procuradoria-Geral do Estado de Rondônia,FUMORPGE,1470,2110,MODERNIZAÇÃO DA GESTÃO PÚBLICA,"Garantir a melhoria na modernização da Gestão Pública, alcançando resultados na formação, qualificação e na capacitação dos Servidores desta Instituição, promovendo também uma boa gestão em Tecnologia da Informática, bem como organização e realização de concurso público visando provimento de vagas para cargos de carreira.",Administração pública em geral,Gestão Estratégica,continuo,2024-01-01T00:00:00,,Finalístico,"Buscar as condições ideais de gestão pública para o pleno cumprimento da missão governamental, baseado nos princípios constitucionais e necessários visando modernizar á administração promovendo o aperfeiçoamento dos serviços prestados visando o bem-estar da população em geral.",2024,2,Programa,2024,2
272,11010,Fundo Especial de Modernização Procuradoria-Geral do Estado de Rondônia,FUMORPGE,1616,1015,GESTÃO ADMINISTRATIVA DO PODER EXECUTIVO,"Garantir a melhoria na modernização da Gestão Pública, alcançado resultados na formação, qualificação e na capacitação dos Servidores desta Instituição",Administração pública em geral,Gestão Estratégica,continuo,2024-01-01T00:00:00,,Gestão Manutenção e Serviço,"Buscar capacitação dos membros e servidores, sendo essencial para que as atribuições profissionais sejam realizados de forma mais eficaz, eficiente e ética. Além disso, a capacitação aumenta o conhencimento dos individuos, melhorando as habilidades, destreza e desenvolve ou modifica comportamentos, contribuindo para que os Servidores tomem decisões mais seguras no desempenho de suas funções.",2024,2,Programa,2024,2
273,11011,Fundo Garantidor de Parcerias Público-Privadas do Estado de Rondônia,FGPPP-RO,1669,0000,OPERAÇÕES ESPECIAIS,"Garantir o pagamento de parcelas inadimplentes por parte do Estado aos contratos de concessões e parceiras em cumprimento ao disposto na Lei nº 11.079/2004, por meio de fundo de reserva. O resultado do respectivo programo será satisfatório quando não houver a execução de garantias ou avais.",Administração pública em geral,Desenvolvimento Econômico,continuo,2024-01-01T00:00:00,,Operação Especial,"Faz-se necessário que se tenha um fundo de reserva para garantir o pagamento das parcelas inadimplentes por parte do Estado aos contratos de concessões e parcerias, dentro do que preceitua-se à Lei n° 11.079/2004.",2024,2,Programa,2024,2
274,11013,Fundo de Investimento e Desenv. Industrial do Estado de Rondônia,Fider,1472,2000,DESENVOLVE RONDÔNIA,"Desenvolve Rondônia
","Empresas dos setores Agroindustriais, Industriais, Comerciais, Mineração, Prestação de Serviços, Turismo, Empreendedores e Microempreendedores, Cooperativas, de Tecnologia, Inovação, Indústria da Construção Civil, Farmacêutica e Médica",Desenvolvimento Econômico,continuo,2024-01-01T00:00:00,,Finalístico,"O apoio governamental ao desenvolvimento econômico justifica-se em razão da capacidade contributiva dos resultados alcançados através do avanço econômico e social obtido com o aprimoramento da ciência, tecnologia e inovação nas cadeias produtivas do Estado, com o desenvolvimento e apoio ao Empreendedorismo fomentando o crescimento do PIB estadual, através da comercialização e fortalecimento das cadeias produtivas regionais e promovendo a atração de investimentos, impactando diretamente no fomento do Emprego e Renda.",2024,2,Programa,2024,2
275,11016,Fundo Estadual de Defesa do Consumidor,Fundec,1475,2072,PROTEÇÃO E DEFESA DOS DIREITOS DO CONSUMIDOR,"Fortalecimento e ampliação da política e defesa dos direitos do consumidor no Estado de Rondônia, com vistas à promover o equilíbrio nas relações de consumo.",Consumidores e Fornecedores de bens e serviços.,Desenvolvimento Econômico,continuo,2024-01-01T00:00:00,,Finalístico,"A ampliação do mercado de consumo, desde plataformas tecnológicas até as redes de comunicação, proporcionam maior aproximação do Consumidor e Fornecedor, por conseguinte o referido cenário enseja e maior demanda na resolução de conflitos entre as partes e a necessidade de aprimoramento tecnológico para acompanhar o mercado, tanto na fiscalização quanto nas ações educativas de conscientização dos atores envolvidos na relação de consumo. Não obstante, verifica-se a necessidade de descentralização dos serviços prestados pelo PROCON para cobertura nas diversas regiões do Estado de Rondônia.",2024,2,Programa,2024,2
276,11017,"Fundo Estadual do Trabalho, Emprego e Renda do Estado de Rondônia",FETERO,1477,2135,"FORTALECIMENTO ESTADUAL DO TRABALHO, EMPREGO E RENDA","Fortalecimento Estadual do Trabalho, Emprego e Renda.","Trabalhadores, desempregados, desalentados, estudantes e empresas",Desenvolvimento Econômico,continuo,2024-01-01T00:00:00,,Finalístico,"Prestar apoio a política de trabalho, Emprego e Renda, com vistas a incentivar a relação entre Empregadores e Trabalhadores para o desenvolvimento econômico do Estado de Rondônia aprimorando e capacitando a mão de obra em conformidade com as demandas geradas pelas cadeias produtivas do Estado de Rondônia.",2024,2,Programa,2024,2
277,11020,Contabilidade Geral do Estado,COGES,1449,2148,MODERNIZAR A CONTABILIDADE GERAL DO ESTADO,"Promover a modernização da Contabilidade Geral do Estado através da integração do SIGEF com os demais sistemas do Estado, buscando capacitar e aperfeiçoar o capital humano da COGES, bem como potencializar a eficiência nos mecanismos de controles e transparência das informações contábeis.","Instituições públicas, privadas, não governamentais, comunidades científicas, técnicos, tecnólogos, instituições superiores de ensino, setor produtivo e a sociedade ",Gestão Estratégica,continuo,2024-01-01T00:00:00,,Finalístico,"Planejar, coordenar, supervisionar e controlar as atividades contábeis, bem como acompanhar, centralizar e divulgar os resultados da gestão contábil e fiscal do Estado;

Elaborar e disponibilizar informações contábeis, fiscais e gerenciais, incluídos os indicadores constitucionais e legais que subsidiem a tomada de decisão e permitam eficácia e efetividade à Administração Pública Estadual;

",2024,2,Programa,2024,2
278,11020,Contabilidade Geral do Estado,COGES,1452,1015,GESTÃO ADMINISTRATIVA DO PODER EXECUTIVO,Gestão Administrativa do Poder Executivo,Unidades orçamentárias do Poder Executivo,Gestão Estratégica,continuo,2024-01-01T00:00:00,,Gestão Manutenção e Serviço,"Desenvolver atividades-meios para o bom desenvolvimento das funções operacionais-fins da Unidade para qual foi criada por lei, visando à eficiência e eficácia das Políticas Públicas do Poder Executivo.",2024,2,Programa,2024,2
279,11022,Junta Comercial do Estado de Rondônia,Jucer,1433,1015,GESTÃO ADMINISTRATIVA DO PODER EXECUTIVO,Gestão Administrativa do Poder Executivo,Unidades orçamentárias do Poder Executivo,Gestão Estratégica,continuo,2024-01-01T00:00:00,,Gestão Manutenção e Serviço,"Desenvolver atividades-meios para o bom desenvolvimento das funções operacionais-fins da Unidade para qual foi criada por lei, visando à eficiência e eficácia das Políticas Públicas do Poder Executivo",2024,2,Programa,2024,2
280,11022,Junta Comercial do Estado de Rondônia,Jucer,1545,0000,OPERAÇÕES ESPECIAIS,Operações Especiais ,Servidores e usuários da JUCER,Gestão Estratégica,continuo,2024-01-01T00:00:00,,Operação Especial,Desenvolver atividades relacionadas com o pagamento do PASEP - Contribuição para Formação do Patrimônio do Patrimônio do Servidor público.,2024,2,Programa,2024,2
281,11022,Junta Comercial do Estado de Rondônia,Jucer,1546,1260,SIMPLIFICAÇÃO DO REGISTRO E DA LEGALIZAÇÃO DE EMPRESAS,Manutenção e aprimoramento da Redesim Rondônia,"Empresas em geral, bem como, órgãos públicos estaduais e municipais.",Desenvolvimento Econômico,continuo,2024-01-01T00:00:00,,Finalístico,Manutenção e aprimoramento da Redesim Rondônia e o sistema integrado de registro e legalização de empresas com foco na desburocratização e automatização dos processo de registro e legalização para estimular a abertura e regularização de empresas reduzindo a informalidade e  contribuindo para o desenvolvimento econômico e a geração de emprego e renda.,2024,2,Programa,2024,2
282,11023,Instituto de Pesos e Medidas do Estado de Rondônia,IPEM,1570,1015,GESTÃO ADMINISTRATIVA DO PODER EXECUTIVO,Gestão Administrativa do Poder Executivo,Unidade Orçamentária do Poder  Executivo,Desenvolvimento Econômico,continuo,2024-01-01T00:00:00,,Gestão Manutenção e Serviço,"Desenvolver atividades-meios para o bom desenvolvimento das funções operacionais-fins da Unidade para qual foi criada por lei, visando à eficiência e eficácia das Políticas Públicas do Poder Executivo
",2024,2,Programa,2024,2
283,11023,Instituto de Pesos e Medidas do Estado de Rondônia,IPEM,1572,2051,RONDÔNIA COMPETITIVA,Garantir a segurança à População e Fornecedores,"Indústria, Comércio, Transportes e Unidade de Saúde",Desenvolvimento Econômico,continuo,2024-01-01T00:00:00,,Finalístico,"O programa se faz necessário para garantir a confiança nas medições quando em relações comerciais; quando forem utilizados na concretização ou na definição do objeto de atos em negócios jurídicos de natureza comercial, civil, trabalhista, fiscal, parafiscal, administrativa e processual e quando forem empregados em quaisquer outras medições presentes à incolumidade das pessoas, à saúde, à segurança e ao meio ambiente; Informar e proteger o consumidor, em particular quanto a saúde, segurança e meio ambiente; propiciar a concorrência justa; estimular a melhoria contínua da qualidade; facilitar o comércio internacional e fortalecer o mercado interno.",2024,2,Programa,2024,2
284,11023,Instituto de Pesos e Medidas do Estado de Rondônia,IPEM,1619,2177,OBRAS E INSTALAÇÕES,Construção de sede própria do IPEM/RO.,Servidores do órgão e usuários dos serviços do IPEM/RO.,Desenvolvimento Econômico,temporário,2024-04-01T00:00:00,2027-12-01T00:00:00,Finalístico,"Construção de prédio do IPEM/RO, para que seja possível a instalação dos laboratórios e ambientes de trabalho em conformidade com as atribuições delegadas pelo INMETRO, implementação de novos ramos de atuação da fiscalização no Estado de Rondônia, tendo em vista que as atividades atualmente executadas, por limitações financeiras e instalações físicas só alcançam 50% (cinquenta por cento) da demanda existente.",2024,2,Programa,2024,2
285,11025,Departamento Estadual de Estradas de Rodagem e Transportes,DER,1576,0000,OPERAÇÕES ESPECIAIS,"Pagamento de despesas sentenças judiciais, processos administrativos e precatórios.",A demanda decorrente da sociedade abrangendo todo o Estado de Rondônia,Gestão Estratégica,continuo,2024-01-01T00:00:00,,Operação Especial,"Padronização de procedimentos na reserva de recursos para enfrentamentos de compromissos com o pagamento de despesas com 
sentenças judiciais e/ou administrativa e precatório.",2024,2,Programa,2024,2
286,11025,Departamento Estadual de Estradas de Rodagem e Transportes,DER,1577,1015,GESTÃO ADMINISTRATIVA DO PODER EXECUTIVO,Gestão Administrativa do Poder Executivo,Unidades orçamentárias do Poder Executivo,Gestão Estratégica,continuo,2024-01-01T00:00:00,,Gestão Manutenção e Serviço,"Desenvolver atividades-meios para o bom desenvolvimento das funções operacionais-fins da Unidade para qual foi criada por lei, 
visando à eficiência e eficácia das Políticas Públicas do Poder Executivo",2024,2,Programa,2024,2
287,11025,Departamento Estadual de Estradas de Rodagem e Transportes,DER,1580,2057,DESENVOLVIMENTO DA INFRAESTRUTURA MUNICIPAL,"Desenvolver estudos, projetos, acompanhamento e fiscalização da execução de obras e serviços de engenharia que 
se fizer necessários na implantação da infraestrutura urbana de transporte, saneamento, rodovias e outros.",População urbana dos municípios,Desenvolvimento Econômico,continuo,2024-01-01T00:00:00,,Finalístico,"Elaboração de projeto, construção, ampliação e melhoria da infra-estrutura urbana, realizando obras com serviços de pavimentação 
em Ruas, Avenidas e Rodovias no perímetro urbano, drenagem, arborização, urbanização de cursos d'água e outros.",2024,2,Programa,2024,2
288,11025,Departamento Estadual de Estradas de Rodagem e Transportes,DER,1581,2106,DESENVOLVIMENTO DA INFRAESTRUTURA DE TRANSPORTE E LOGÍSTICA,"Promover melhoria da infraestrutura de transporte rodoviária através da execução de pavimentação asfáltica, 
manutenção e recuperação das rodovias integrantes do Sistema Rodoviário Estadual – SRE nos termos do Decreto 
n.º 22.474 de 14 de dezembro de 2017.",População do Estado e demais usuários dos sistemas de transportes,Desenvolvimento Econômico,continuo,2024-01-01T00:00:00,,Finalístico,"Com o intuito de melhorar a trafegabilidade das rodovias estaduais bem como trazer maior segurança e conforto aos usuários com 
Transporte de bens e pessoas, interligar municípios, distritos, vilas e vilarejos assegurando o tráfego perene, seguro, confortável e 
econômico, contribuindo para o desenvolvimento econômico, social e sustentável do Estado.",2024,2,Programa,2024,2
289,11025,Departamento Estadual de Estradas de Rodagem e Transportes,DER,1597,2179,GESTÃO DE CONVÊNIOS E TRANSFERÊNCIAS VOLUNTÁRIAS,"Promover o gerenciamento dos recursos mediante convênios com órgãos da esfera federal, na forma da lei vigente, visando garantir 
a execução dos seus objetivos e metas propostas e gerir Transferências voluntárias para organismos municipais, entidades e outros.",População do Estado e demais usuários dos sistemas de transportes.,Desenvolvimento Econômico,continuo,2024-01-01T00:00:00,,Finalístico,"Melhorar a trafegabilidade dando maior segurança e conforto aos usuários das rodovias estaduais mediante a outros recursos, bem como trazer melhorias para os municípios por transferência de recursos e assim contribuir com o desenvolvimento econômico, social e sustentável do Estado.",2024,2,Programa,2024,2
290,11025,Departamento Estadual de Estradas de Rodagem e Transportes,DER,1598,2180,DESENVOLVIMENTO DA INFRAESTRUTURA AEROPORTUÁRIA,"Por meio de contratos administrativos, segurança armada, bem como com melhorias de infra estruturas com construção, ampliação e 
manutenção dos aeroportos e aeródromos sob administração do Estado.",População do Estado e demais usuários dos sistemas de transportes aéreo.,Desenvolvimento Econômico,continuo,2024-01-01T00:00:00,,Finalístico,"Com o intuito de aumentar o desenvolvimento do Estado dando opções de meios de trafegabilidade no modo aéreo dando segurança e conforto aos usuários, bem como diversificar os meios de deslocamento para atender a população. ",2024,2,Programa,2024,2
291,11025,Departamento Estadual de Estradas de Rodagem e Transportes,DER,1606,2181,APOIO FINALÍSTICO DE INFRAESTRUTURA,"Por meio de parcerias, termo de cooperação firmado entre os entes atuar de forma direta no apoio e suporte das demandas de infraestrutura.",Administração pública em geral e população em geral.,Desenvolvimento Econômico,continuo,2024-01-01T00:00:00,,Finalístico,Com o intuito de apoiar e dar suporte realizando melhorias na área de infraestrutura para outras entidades dos poderes e da União. ,2024,2,Programa,2024,2
292,11026,Agência de Regulação de Serviços Públicos Delegados do Estado de Rondônia,Agero,1455,2012,FISCALIZAÇÃO E REGULAÇÃO DAS AUTARQUIAS INDIRETAS,Fiscalização e regulação das autarquias indiretas.,População do Estado e demais usuários dos sistemas de transportes,Gestão Estratégica,continuo,2024-01-01T00:00:00,,Finalístico,"O programa finalístico 2012 visa dar cobertura às ações executadas pela autarquia no que tange às atividades de fiscalização e normatização dos serviços públicos delegados do Estado de Rondônia, abrangidos pela Lei Complementar n.º 826, de 09/07/2015, no âmbito do Estado de Rondônia. ",2024,2,Programa,2024,2
293,11026,Agência de Regulação de Serviços Públicos Delegados do Estado de Rondônia,Agero,1489,1015,GESTÃO ADMINISTRATIVA DO PODER EXECUTIVO,Assegurar a manutenção administrativa da unidade.,Credores legalmente constituídos e servidores,Gestão Estratégica,continuo,2024-01-01T00:00:00,,Gestão Manutenção e Serviço,"Assegurar a manutenção administrativa da unidade, atender os servidores com auxílios e assegurar a remuneração de pessoal ativo e encargos sociais",2024,2,Programa,2024,2
294,11033,Fundação Rondônia de Amparo ao Desenv. das Ações Cient. e Tecnol. e a Pesq. do Est de Rondônia ,Fapero,1463,2086,C & T E COOPERAÇÃO PARA O DESENVOLVIMENTO,"Estabelecer a Ciência, Tecnologia e Inovação como ponto central da promoção do desenvolvimento do estado de Rondônia por meio de programas, projetos, bolsas e atividades, voltados para o investimento em pesquisa e tecnológica, formação sustentável de recursos humanos, empreendedorismo de base cientifíca e tecnológica, modernização de infraestrutura, popularização e difusão do conhecimento científico tecnológico e internacionalização e cooperação interinstitucional.","Instituições públicos, privadas, não governamentais, comunidades científicas, técnicos, tecnólogos, instituições superiores de ensino, setor produtivo e sociedade.",Desenvolvimento Econômico,continuo,2024-01-01T00:00:00,,Finalístico,"Explorar de forma sustentável as características ambientais, econômicas, socioculturais da região por meio de pesquisas cientificas, tecnológicas e de inovação, para promover o desenvolvimento socioeconômico. Buscar soluções de acordo com as políticas estadual e federal, pensando a região e agindo com ações afirmativas, considerando suas potencialidades e peculiaridades loco- regionais, reconhecendo a condição estratégica da Ciência, Tecnologia e Inovação na região, para o futuro do estado de Rondônia e do país. É necessário reconhecer à comunidade científica e à sociedade civil organizada, como atores no papel de protagonistas na proposição e execução de políticas que desenvolvam avanços científicos, tecnológicos e de inovação no estado, contribuindo para a modernização da legislação que rege a atuação do poder público sobre esta área de desenvolvimento. O sistema de Ciência, Tecnologia e Inovação (CT&I) na região Norte do país, e em especial na Amazônia Ocidental, encontra-se em aprimoramento para alavancar o desenvolvimento econômico e social do estado de Rondônia. Os indicadores de investimento em CT&I tais como a capacidade instalada para a produção de conhecimento, a formação de recursos humanos (RH), a produtividade do corpo de pesquisadores na região e a produção de produtos e processos inovadores com registro de patentes, mostram a necessidade de investimento para equiparação aos outros indicadores econômicos e sociais em destaque do estado. Portanto, as atividades de pesquisa científica, tecnológica e de inovação são componentes fundamentais na formação de recursos humanos altamente qualificados (Especialistas, Mestres e Doutores) aptos a atuarem em todos setores da sociedade (Civil, Legislativo, Executivo e Judiciário), agregando valores a produtos e processos, principalmente, dos sistemas produtivos vocacionais do estado como agronegócio, com reflexos diretos na inserção competitiva do estado de Rondônia nos mercados regionais, nacional e internacional. Com isso, o desenvolvimento socioeconômico do estado passa pelo aprimoramento do sistema de CT&I, que se tornará um fator determinante na geração de emprego e bem-estar social, pois contribui para promoção dos conhecimentos necessários à melhoria das condições de vida da sociedade rondoniense e de seu entorno. Dessa forma, o programa compreende iniciativas voltadas à garantia do efetivo exercício de cidadania da população rondoniense, na perspectiva da superação das injustiças sociais. O objetivo é continuar construindo oportunidades que garantam o usufruto dos direitos sociais, políticos e culturais para todos. Além disso, consiste em construir oportunidades de maior acesso da população aos benefícios decorrentes do desenvolvimento sustentável, focado nas pessoas e nas suas demandas econômicas, sociais, culturais e ambientais. E com isso promover a dinamização da economia, fortalecendo o sistema de produção e de abastecimento, investindo em pesquisa científica e tecnológica e incentivando a economia solidária, o empreendedorismo, o cooperativismo e o associativismo, como formas de estimular o desenvolvimento local, considerando as potencialidades de cada município.",2024,2,Programa,2024,2
295,11033,Fundação Rondônia de Amparo ao Desenv. das Ações Cient. e Tecnol. e a Pesq. do Est de Rondônia ,Fapero,1557,1015,GESTÃO ADMINISTRATIVA DO PODER EXECUTIVO,Funcionamento e a manutenção das atividades operacionais da unidade.,"Unidades orçamentarias da estrutura do Poder Executivo, Poder Legislativo, Poder judiciario, Ministerio Publico e Tribunal de contas.",Gestão Estratégica,continuo,2024-01-01T00:00:00,,Gestão Manutenção e Serviço,"Desenvolver atividades-meios para o bom desenvolvimento das funções operacionais-fins da Unidade para a qual foi criada por lei, visando à eficiência e eficácia das Políticas Públicas do Poder Executivo.",2024,2,Programa,2024,2
296,11033,Fundação Rondônia de Amparo ao Desenv. das Ações Cient. e Tecnol. e a Pesq. do Est de Rondônia ,Fapero,1688,2098,PROTEÇÃO AMBIENTAL,Proteção Ambiental,População do Estado de Rondônia,Meio Ambiente e Desenvolvimento Territorial,continuo,2024-01-01T00:00:00,,Finalístico,"Para um ambiente protegido e ecologicamente equilibrado  faz-se necessário intensificar a redução da degradação ambiental, do desmatamento, principalmente o desmatamento ilegal e a redução das queimadas florestais, através da execução de ações voltadas para fiscalização, controle e monitoramento ambiental.",2024,2,Programa,2024,2
297,13001,"Secretaria de Estado do Planejamento, Orçamento e Gestão",Sepog,1438,1015,GESTÃO ADMINISTRATIVA DO PODER EXECUTIVO,Gestão Administrativa do Poder Executivo,Unidade administrativa e servidores ,Gestão Estratégica,continuo,2024-01-01T00:00:00,,Gestão Manutenção e Serviço,"Desenvolver atividades-meios para o bom desenvolvimento das funções operacionais-fins da Unidade para qual foi criada por lei, visando à eficiência e eficácia das Políticas Públicas do Poder Executivo.",2024,2,Programa,2024,2
298,13001,"Secretaria de Estado do Planejamento, Orçamento e Gestão",Sepog,1441,0000,OPERAÇÕES ESPECIAIS,Operações Especiais ,Unidades administrativas direta e indireta do Governo Estadual e municípios de Rondônia,Gestão Estratégica,continuo,2024-01-01T00:00:00,,Operação Especial,"Visa atender a alocação temporária de recursos durante o processo de elaboração orçamentária, a ser indicado pelos parlamentares até o limite individual e de bancada das emendas prevista no Projeto de Lei Orçamentária Anual, bem como, os passivos contingentes e outros riscos fiscais e eventos fiscais imprevistos, nos termos previstos na lei de diretrizes orçamentárias.",2024,2,Programa,2024,2
299,13001,"Secretaria de Estado do Planejamento, Orçamento e Gestão",Sepog,1600,2178,CAPACITAR E APERFEIÇOAR OS SERVIDORES PÚBLICOS ESTADUAIS,Capacitar e aperfeiçoar o capital humano dos servidores públicos estaduais. ,Servidores Estaduais da administração direta e indireta.,Gestão Estratégica,continuo,2024-01-01T00:00:00,,Finalístico,"Promover a formação e adoção de posturas de gestão a administração pública estadual por meio da concepção, discussão, compreensão e inovação das praticas gerenciais e do desenvolvimento de pessoas na perspectiva de um processo continuo de modernização do estado e com a visão de tornar-se excelência no atendimento as demandas da sociedade Rondoniense com foco na capacitação dos nossos Servidores. ",2024,2,Programa,2024,2
300,13001,"Secretaria de Estado do Planejamento, Orçamento e Gestão",Sepog,1631,2184,APOIO AO DESENVOLVIMENTO DE POLÍTICAS PÚBLICAS,Programa Convergente De Gestão Orçamentária E Políticas Públicas,Órgãos da Administração Estadual,Gestão Estratégica,continuo,2024-01-01T00:00:00,,Finalístico,"O estado necessita mensurar o impacto das políticas públicas realizadas, dessa forma é primordial que a gestão orçamentária esteja continuamente alinhada com as boas práticas nacionais e internacionais de elaboração, execução e avaliação dos instrumentos de planejamento, tal aspecto se posiciona em âmbito macro, mas desde 2019 com a emenda constitucional nº 109 há obrigatoriedade dos entes federativos de maneira separada ou em conjunto analisarem o impacto das políticas públicas executadas. Diante desse cenário busca-se a confecção de uma metodologia para avaliação do resultado das políticas públicas também alinhada com as boas práticas nacionais e internacionais.",2024,2,Programa,2024,2
301,13006,Superintendência Estadual de Gestão de Pessoas,Segep,1523,1015,GESTÃO ADMINISTRATIVA DO PODER EXECUTIVO,"Desenvolver atividades-meios para o bom desenvolvimento das funções operacionais-fins da Unidade para qual foi criada por lei, visando à eficiência e à eficácia das Políticas Públicas do Poder Executivo.",Servidores da Superintendência Estadual de Gestçao de Pessoas - SEGEP,Gestão Estratégica,continuo,2024-01-01T00:00:00,,Gestão Manutenção e Serviço,"Prover a Unidade de recursos orçamentários e financeiros para atender às atividades administrativas, com aquisição de bens e serviços, gestão de pessoal e outras, de natureza administrativa, classificadas como despesas correntes e de capital.",2024,2,Programa,2024,2
302,13006,Superintendência Estadual de Gestão de Pessoas,Segep,1589,2097,GESTÃO DE RECURSOS HUMANOS,"Garantir a qualificação de recursos humanos para atendimento das políticas de governo; possibilitar a readaptação funcional dos servidores públicos, bem como iniciativas relacionadas à qualidade de vida dos servidores do Estado e projetos relacionados com o componente IV - Modernização da Gestão Pública; Propiciar condições para a complementação do processo ensino-aprendizagem dos servidores do Estado.",Servidores do Estado de Rondônia,Gestão Estratégica,continuo,2024-01-01T00:00:00,,Finalístico,"Possibilitar o incremento de conhecimentos e habilidades, para melhoria do desempenho dos servidores e empregados públicos e a consequente melhoria dos serviços públicos prestados aos cidadões.",2024,2,Programa,2024,2
303,13006,Superintendência Estadual de Gestão de Pessoas,Segep,1590,0000,OPERAÇÕES ESPECIAIS,Atender Pagamento de Pensões Especiais,"Pessoal, prestadores de serviços e pensionistas",Gestão Estratégica,continuo,2024-01-01T00:00:00,,Operação Especial,"O Estado de Rondônia é alvo de ações movidas por terceiros, gerando obrigações de pagamento via decisões judiciais.",2024,2,Programa,2024,2
304,14001,Secretaria de Estado de Finanças,Sefin,1525,1015,GESTÃO ADMINISTRATIVA DO PODER EXECUTIVO,"O programa em questão visa a atender a demandas administrativas e contínuas da Secretaria de Estado de Finanças do Estado de Rondônia - SEFIN RO. Tais como, despesas decorrentes da manutenção das unidades e custeio das despesas obrigatórias com pessoal. Tem como finalidade a eficiente execução e conservação da máquina pública de competência desta unidade gestora.",Unidades orçamentárias e servidores do poder executivo.,Gestão Estratégica,continuo,2023-07-01T00:00:00,,Gestão Manutenção e Serviço,"Desenvolver atividades meios para o bom desenvolvimento das funções operacionais fins da Unidade para qual foi criada por lei, 
visando à eficiência e eficácia das Políticas Públicas do Poder Executivo.",2024,2,Programa,2024,2
305,14001,Secretaria de Estado de Finanças,Sefin,1555,2007,ARRECADAÇÃO E JUSTIÇA FISCAL,"O programa tem como propósito aperfeiçoar o desempenho da arrecadação da Receita Estadual, assim como investir em justiça fiscal.",SOCIEDADE DE RONDÔNIA,Desenvolvimento Econômico,continuo,2023-07-01T00:00:00,,Finalístico,"O desempenho da receita é limitado em relação ao seu potencial e a complexidade no cumprimento tributário afeta negativamente o 
ambiente de negócios e reduz a competitividade do Estado",2024,2,Programa,2024,2
306,14001,Secretaria de Estado de Finanças,Sefin,1583,2008,RESPONSABILIDADE FISCAL,"É essencial o Estado prever instrumentos eficazes para fornecer informações orçamentárias, financeiras e patrimoniais confiáveis e oportunas, a fim de facilitar a tomada de decisões e otimizar o uso dos recursos públicos. Realizar ajustes na execução do orçamento para garantir a implementação completa e pontual das ações necessárias para o desenvolvimento de políticas públicas e o alcance dos resultados planejados.
",Toda sociedade rondoniense,Gestão Estratégica,continuo,2023-07-01T00:00:00,,Finalístico,"A adoção de instrumentos eficazes para gerar informações confiáveis e oportunas no âmbito orçamentário, financeiro e patrimonial a fim de promover para uma gestão pública eficiente, transparente e responsável, que busca otimizar o uso dos recursos públicos em prol do desenvolvimento sustentável e do bem-estar da sociedade.
",2024,2,Programa,2024,2
307,14002,Recursos Sob a Supervisao da Sefin,RS-SEFIN,1436,0000,OPERAÇÕES ESPECIAIS,"Execução dos pagamentos da dívida pública fundada interna e externa, realização de aportes periódicas ao RPPS estadual para cobrir o déficit atuarial do fundo capitalizado de previdência do Estado, quitação regular de precatórios e da contribuição ao PIS/PASEP.",Governo do Estado de Rondônia,Gestão Estratégica,continuo,2024-01-01T00:00:00,,Operação Especial,"O cumprimento pontual do pagamento da dívida pública fundada interna e externa, a realização de aportes periódicos ao RPPS estadual para suprir o déficit atuarial do fundo de previdência capitalizado do Estado, o pagamento regular de precatórios e da contribuição ao PIS/Pasep asseguram a solvência do Estado frente a seus credores. Essas ações também garantem a execução planejada e coordenada das operações do Estado, prevenindo medidas desnecessárias, assegurando o cumprimento das obrigações constitucionais e legais e mantendo o Estado em dia com suas Certidões Negativas de débitos junto à União e aos bancos. Ademais, uma administração adequada dessas responsabilidades contribui para a sustentabilidade fiscal do Estado, permitindo um crescimento contínuo e a alocação apropriada de recursos para políticas públicas.",2024,2,Programa,2024,2
308,14011,Fundo para Infraestrutura de Transporte e Habitação,FITHA,1596,2106,DESENVOLVIMENTO DA INFRAESTRUTURA DE TRANSPORTE E LOGÍSTICA,Desenvolvimento da infra-estrutura de transporte e logística intermodal.,População do Estado e demais usuários dos sistemas de transportes.,Desenvolvimento Econômico,continuo,2024-01-01T00:00:00,,Finalístico,"Transportar bens e pessoas, interligar municípios, distritos, vilas e vilarejos, assegurando o trafego perene, seguro, confortável e
econômico, contribuindo para o desenvolvimento econômico, social e sustentável do Estado.",2024,2,Programa,2024,2
309,14012,Fundo de Desenvolvimento e Aperfeiçoamento da Administração Tributária ,Fundat,1626,2139,MODERNIZAÇÃO DA GESTÃO FISCAL,"O Programa tem por objetivo atender às demandas relacionadas e voltadas para o Desenvolvimento e Aperfeiçoamento da Administração Tributária, através da implementação da Gestão Estratégica desta SEFIN. ",Toda sociedade rondoniense,Gestão Estratégica,continuo,2023-07-01T00:00:00,,Finalístico,"A aplicação de recursos para investimentos na administração fazendária é essencial para o aprimoramento e incremento da 
arrecadação do estado, bem como contribui para os processos sistêmicos de reflexão sobre a qualidade do gasto, garante-se dessa 
forma que a SEFIN atue em seus dois eixos prioritários de trabalho, quais sejam a ""RESPONSABILIDADE FISCAL (perspectiva do 
gasto) e a ARRECADAÇÃO (perspectiva da receita).
Buscar as condições ideais da gestão pública para o pleno cumprimento da missão governamental, baseado nos princípios 
constitucionais e necessidade de modernizar à administração promovendo o aperfeiçoamento dos serviços prestados visando 
sempre o bem-estar da população em geral.",2024,2,Programa,2024,2
310,14023,Instituto de Previdência dos Servidores Públicos do Estado de Rondônia,Iperon,1405,1000,PRÓ-GESTÃO DO RPPS ,Modernização do Sistema Previdenciário com boas práticas de gestão do RPPS.,Servidores públicos do Estado e seus dependentes legais,Gestão Estratégica,continuo,2024-01-01T00:00:00,,Gestão Manutenção e Serviço,"O Pró Gestão RPPS é um programa de certificação que visa ao reconhecimento das boas práticas de gestão adotadas pelos RPPS. É a avaliação, por entidade certificadora externa, credenciada pela Secretaria de Previdência - SPREV, do sistema de gestão existente, com a finalidade de identificar sua conformidade às exigências contidas nas diretrizes de cada uma das ações, nos respectivos níveis de aderência. Esse programa é contemplado por três dimensões, que representam os pilares sobre os quais a modernização da gestão se sustentará: Controles Internos, Governança Corporativa e Educação Previdenciária.",2024,2,Programa,2024,2
311,14023,Instituto de Previdência dos Servidores Públicos do Estado de Rondônia,Iperon,1445,0000,OPERAÇÕES ESPECIAIS,Pagamento de despesas com sentenças judiciais (RPV e Precatórios) e PASEP.,Servidores públicos do Estado de Rondônia,Gestão Estratégica,continuo,2024-01-01T00:00:00,,Operação Especial,Atender as sentenças judiciais e o PASEP.,2024,2,Programa,2024,2
312,14023,Instituto de Previdência dos Servidores Públicos do Estado de Rondônia,Iperon,1451,1015,GESTÃO ADMINISTRATIVA DO PODER EXECUTIVO,Apoio Administrativo do Iperon,Servidores públicos do Estado e seus dependentes legais,Gestão Estratégica,continuo,2024-01-01T00:00:00,,Gestão Manutenção e Serviço,"Gerenciar e manter a estrutura administrativa do Iperon, para o bom desenvolvimento das funções operacionais das atividades de modo a garantir o pleno funcionamento.",2024,2,Programa,2024,2
313,14023,Instituto de Previdência dos Servidores Públicos do Estado de Rondônia,Iperon,1535,2173,CONSULTORIA EM GESTÃO PREVIDENCIÁRIA,Assessoramento em Gestão Pública,Servidores públicos do Estado e seus dependentes legais,Gestão Estratégica,continuo,2024-01-01T00:00:00,,Finalístico,Buscar as condições ideais de gestão pública para o pleno cumprimento da missão governamental em RRPS.,2024,2,Programa,2024,2
314,14025,Fundo Previdenciário Capitalizado do Iperon,FUNPRECAP,1491,0000,OPERAÇÕES ESPECIAIS,Pagamento despesas com sentenças judiciais (RPV e Precatórios) e PASEP.,"Ex-servidores aposentados, pensionista.",Gestão Estratégica,continuo,2024-01-01T00:00:00,,Operação Especial,"Atender pagamento com as sentenças judiciais, bem como o pagamento do PASEP sobre rendimentos de aplicação financeira. ",2024,2,Programa,2024,2
315,14025,Fundo Previdenciário Capitalizado do Iperon,FUNPRECAP,1492,1019,PREVIDÊNCIA SOCIAL ESTATUTÁRIA,Garantir Benefícios Previdenciários aos Segurados do Regime Próprio de Previdência Social - RPPS e outras despesas.,Servidores públicos do Estado e seus dependentes legais,Gestão Estratégica,continuo,2024-01-01T00:00:00,,Gestão Manutenção e Serviço,Garantir pagamento de despesas com: aposentadorias e pensões; compensação previdenciária entre os Regimes Próprios de Previdência Social - RPPS e o RGPS; indenização e restituição; e taxa de administração do RPPS.,2024,2,Programa,2024,2
316,15001,"Secretaria de Estado de Segurança, Defesa e Cidadania",Sesdec,1446,1015,GESTÃO ADMINISTRATIVA DO PODER EXECUTIVO,"Prover a Unidade de recursos orçamentários e financeiros para atender as atividades administrativas, com aquisição de bens e serviços, gestão de pessoal, Operações Especiais e outras, de natureza administrativa, classificadas como despesas correntes e de capital.",Unidades orçamentárias do Poder Executivo,Segurança Pública,continuo,2024-01-01T00:00:00,,Gestão Manutenção e Serviço,"Desenvolver atividades-meios para o bom desenvolvimento das funções operacionais-fins da Unidade para qual foi criada por lei, visando à eficiência e eficácia das Políticas Públicas do Poder Executivo.",2024,2,Programa,2024,2
317,15001,"Secretaria de Estado de Segurança, Defesa e Cidadania",Sesdec,1501,2166,"SEGURANÇA PÚBLICA, INTEGRAÇÃO E PROTEÇÃO","Implementar a execução de mecanismos de prevenção e repressão à criminalidade, reduzindo os indicadores de homicídio e violência nas áreas urbanas e rurais.",População do Estado de Rondônia,Segurança Pública,continuo,2024-01-01T00:00:00,,Finalístico,"Necessidade de revisão e execução de política de defesa civil, prevenção e repressão à criminalidade, de modo integrado, com a participação da sociedade, por meio dos Conselhos Comunitários de Segurança e Gabinetes de Gestão Integrada Municipais, com o foco na redução dos índices de criminalidade, tempo resposta nos atendimentos de emergência, refletindo no aumento da sensação de segurança à população do Estado.",2024,2,Programa,2024,2
318,15001,"Secretaria de Estado de Segurança, Defesa e Cidadania",Sesdec,1510,1025,ATENDER AO SISTEMA DE PROTEÇÃO SOCIAL DOS MILITARES,Pagamento de auxílios aos aposentados.,"Militares Estaduais Inativos, pensionistas e dependentes",Segurança Pública,continuo,2024-01-01T00:00:00,,Gestão Manutenção e Serviço,"O Programa visa atender às alterações promovidas pelo Decreto-Lei Federal  n° 667, modificado pela Lei Federal nº 13.954, de 16 de dezembro de 2019, efetuar o pagamento dos Militares Inativos e Pensionistas",2024,2,Programa,2024,2
319,15003,Polícia Civil,PC,1505,1015,GESTÃO ADMINISTRATIVA DO PODER EXECUTIVO,Gerir de forma adequada e suficiente a aplicação dos recursos públicos destinados à manutenção administrativa das unidades da Polícia Civil,Unidades Administrativas da Polícia Civil,Gestão Estratégica,continuo,2024-01-01T00:00:00,,Gestão Manutenção e Serviço,Promover o desenvolvimento das atividades-meio da Polícia Civil visando proporcionar o cumprimento eficiente e eficaz de sua missão constitucional.,2024,2,Programa,2024,2
320,15003,Polícia Civil,PC,1508,2110,MODERNIZAÇÃO DA GESTÃO PÚBLICA,Modernizar a Gestão Pública por meio de ações que promovam o melhor aproveitamento do capital visando a eficiência e eficácia dos serviços prestados.,Administração pública em geral,Gestão Estratégica,continuo,2024-01-01T00:00:00,,Finalístico,"Buscar as condições ideais da gestão pública para o pleno cumprimento da missão governamental, baseado nos princípios constitucionais e
necessidade de modernizar a administração promovendo o aperfeiçoamento dos serviços prestados visando o bem-estar da população em
geral.",2024,2,Programa,2024,2
321,15003,Polícia Civil,PC,1648,2166,"SEGURANÇA PÚBLICA, INTEGRAÇÃO E PROTEÇÃO",Promover a segurança de pessoas e bens no Estado de Rondônia através da implementação de ações que visem assegurar o pleno funcionamento das unidades da Polícia Civil e a atuação de seus servidores.,População do Estado de Rondônia,Segurança Pública,continuo,2024-01-01T00:00:00,,Finalístico,Cumprir o ofício constitucional da Polícia Civil promovendo a segurança pessoal e patrimonial dos cidadãos através de ações voltadas para a solução de crimes e contravenções penais.,2024,2,Programa,2024,2
322,15004,Corpo de Bombeiro Militar,CBM,1526,2103,DEFESA CONTRA SINISTRO,O Programa prevê  duas Ações - uma de Obras e Construções  Públicas e outra de Aquisição de Materiais e Bens Permanentes,Toda população do Estado,Segurança Pública,temporário,2023-01-01T00:00:00,2027-12-01T00:00:00,Finalístico,"Permitir com base no orçamento anualmente aprovado que a Corporação realize  o planejamento das obras e construções estruturais das instalações da Corporação, bem como  planejar e executar as  aquisições de equipamentos e materiais permanentes utilizados nas ações de prevenção e combate a incêndios, busca, salvamentos, resgates, atendimento pré-hospitalar, proteção ao meio ambiente, ações de Defesa Civil e outras ações correlatas as atividades Bombeiro Militar, buscando garantir o bem estar social, proporcionando segurança e qualidade na execução dos serviço da Instituição prestado a toda população rondoniense.",2024,2,Programa,2024,2
323,15004,Corpo de Bombeiro Militar,CBM,1529,1015,GESTÃO ADMINISTRATIVA DO PODER EXECUTIVO,"O Programa inicialmente prevê uma Ação de Gestão e Manutenção Administrativa das Unidades da Corporação, com  despesas de custeio dos  insumos operacionais e administrativo da Instituição.",Toda sociedade rondoniense,Segurança Pública,continuo,2024-01-01T00:00:00,,Gestão Manutenção e Serviço,"Permitir com base no orçamento anualmente aprovado, que a Corporação realize o planejamento das despesas previstas com as atividades operacionais e administrativas ordinárias, garantindo a manutenção das instalações e a continuidade de atendimento ao público interno e externo assegurando a regularidade na execução de todas as atividades da instituição.",2024,2,Programa,2024,2
324,15005,Polícia Militar,PM,1602,2182,CIDADÃO PROTEGIDO E SEGURO,"A busca por um ambiente seguro e protegido é um anseio de toda a sociedade, no entanto, muitas regiões ainda sofrem com altos índices de criminalidade e violência, o que compromete a qualidade de vida dos cidadãos. Diante desse contexto, surge a necessidade de refletir sobre o ideal do ""Cidadão Protegido e Seguro"" e discutir os elementos necessários para alcançá-lo. O programa busca essencialmente o investimento adequado em segurança pública, incluindo, para tanto, recursos para a capacitação e o aumento do efetivo policial, investimento em tecnologia e modernização do aparato policial e a implementação de políticas de prevenção ao crime. Esse caminho perpassa pela manutenção da ordem pública, desde a presença policial ostensiva e a resposta rápida às ocorrências fortalecendo a confiança dos cidadãos e inibindo a prática de delitos, até a prevenção por meio de disseminação de informações e conhecimento à sociedade com vistas a conscientização da população, capacitando-a para lidar com situações de perigo. Além das ações do Estado, a participação ativa da comunidade é um pilar fundamental na construção de um ambiente seguro com o objetivo comum a ser perseguido por toda a sociedade por meio de conjuntos de esforços e políticas eficazes transformando essa visão em uma realidade concreta para todos os cidadãos."," população de pessoas residentes no Estado de Rondônia e ""visitantes momentâneos""",Segurança Pública,continuo,2024-01-01T00:00:00,,Finalístico,"no cenário estadual podemos verificar que ao longo dos anos o orçamento vem sendo repetido, não levando em consideração as diversas suplementações orçamentárias que ao longo dos anos vêm sendo aportadas. Ou seja, a suplementação se tornou prática rotineira em detrimento do adequado planejamento de tão importante Força Pública. A avaliação é de que essa prática interfere de fato no planejamento estratégico e organizacional da instituição e, especialmente, para redução da capacidade de organização, investimentos e inovações na área de segurança pública. Outro fenômeno é a aglutinação de ações dentro de um único programa denominado ""MANTER A OPERACIONALIDADE"", pois a consequência direta disso é a franca dificuldade tanto no planejamento, quanto na leitura dos indicadores de resultado. ",2024,2,Programa,2024,2
325,15005,Polícia Militar,PM,1604,1015,GESTÃO ADMINISTRATIVA DO PODER EXECUTIVO,"A formação e capacitação dos policiais militares são pressupostos fundamentais para o fortalecimento da Polícia Militar de Rondônia. Assim, investir na educação e treinamento dos militares é essencial para os preparar para lidar com os desafios e demandas da segurança pública, posto que, ao fornecer cursos atualizados, técnicas avançadas de abordagem, capacitação em resolução de conflitos e conscientização sobre direitos humanos sob o aspecto da formação contínua dos policiais militares, viabiliza uma atuação mais profissional e eficiente da instituição. Outro fator primordial ao fortalecimento da corporação remete à saúde do policial militar enquanto detentor pleno de direitos humanos, na conta de que é essencial oferecer condições adequadas de trabalho, incluindo a melhoria das estruturas das unidades policiais e a implementação de programas de saúde e bem-estar como forma de promover a melhoria da qualidade de vida e consequente melhora do rendimento profissional do militar. Outro fator de fortalecimento institucional é a reafirmação de princípios consuetudinários orgânicos das corporações militares, consubstanciados na convivência laboral e social nos quartéis, porque esses aquartelamentos acarretam em sentimento de pertencimento e soberania a sociedade como um todo. Assim, os recursos para a reforma de instalações policiais devem ser considerados investimentos importantes para o fortalecimento da Polícia Militar de Rondônia, como forma de melhorar as condições físicas dos aquartelamentos. Além disso, a reforma de novas instalações em áreas estratégicas permite um maior alcance e cobertura policial, proporcionando um senso de presença e segurança para a população. Em outras palavras, o investimento em infraestrutura demonstra o compromisso do Estado em prover as condições adequadas para que a Polícia Militar exerça suas funções com excelência.",Policiais Militares servidores civis e Corporação de forma institucional.,Segurança Pública,continuo,2024-01-01T00:00:00,,Gestão Manutenção e Serviço,"A falta de formação e capacitação adequadas dos policiais militares pode comprometer sua eficiência no enfrentamento das diferentes situações de segurança pública, resultando em ações inadequadas e possíveis violações de direitos humanos. De igual modo, a ausência de investimentos na saúde policial pode levar ao esgotamento físico e emocional dos agentes, prejudicando sua capacidade de resposta e afetando negativamente seu bem-estar. Ademais, a carência de reformas das instalações policiais resulta em condições de trabalho precárias, desmotivação dos colaboras e limitação na atuação policial. Isso compromete a segurança tanto dos policiais quanto da população em geral.",2024,2,Programa,2024,2
326,15006,Superintendência de Polícia Técnico-Científica,Politec,1582,2166,"SEGURANÇA PÚBLICA, INTEGRAÇÃO E PROTEÇÃO","Aperfeiçoar a capacidade de planejamento, de gestão e para inovar no caminho da integração e possibilitar a promoção da paz social em uma perspectiva local e sistêmica.
",População do Estado no que tange segurança pública,Segurança Pública,continuo,2024-01-01T00:00:00,,Finalístico,"A gestão de segurança pública necessita implementar os princípios, diretrizes e objetivos da Política Nacional de Segurança Pública e Defesa Social e promover ações estratégicas com práticas que possam permitir o contato com o cidadão, desenvolvimento da capacidade inovadora, de governança e estruturação, com observância do amparo legal e marco regulatório (regulamentação, normatização e legislação) e práticas de gestão que utilizem tais instrumentos: planejamento estratégico e sistêmico, programas e projetos, uso de indicadores de desempenho, gestão do conhecimento, gestão financeira e orçamentária.",2024,2,Programa,2024,2
327,15006,Superintendência de Polícia Técnico-Científica,Politec,1587,1015,GESTÃO ADMINISTRATIVA DO PODER EXECUTIVO,Gestão Administrativa do Poder Executivo,Unidades orçamentárias do Poder Executivo,Segurança Pública,continuo,2024-01-01T00:00:00,,Gestão Manutenção e Serviço,"Desenvolver atividades-meios para o bom desenvolvimento das funções operacionais-fins da Unidade para qual foi criada por lei, visando à eficiência e eficácia das Políticas Públicas do Poder Executivo.",2024,2,Programa,2024,2
328,15011,Fundo Especial de Reequipamento Policial,FUNRESPOL,1661,1015,GESTÃO ADMINISTRATIVA DO PODER EXECUTIVO,Promover a Gestão Administrativa das Unidades da Polícia Civil,"Unidades Administrativas, Operacioais, Servidores da Polícia Civil e População do Estado de Rondônia",Gestão Estratégica,continuo,2024-01-01T00:00:00,,Gestão Manutenção e Serviço,"Desenvolver atividades-meios para o bom desenvolvimento das funções operacionais-fins da Unidade para qual foi criada por lei, visando à eficiência e eficácia das Políticas Públicas do Poder Executivo.",2024,2,Programa,2024,2
329,15011,Fundo Especial de Reequipamento Policial,FUNRESPOL,1662,2110,MODERNIZAÇÃO DA GESTÃO PÚBLICA,Promover a modernização tecnológica das Unidades da Polícia Civil,"Unidades Administrativas, Operacionais e Servidores da Polícia Civil",Gestão Estratégica,continuo,2024-01-01T00:00:00,,Finalístico,Necessidade urgente de atualização do parque de equipamentos de informática e criação de rede na Polícia Civil através da contratação de serviço de terceiros e aquisição de equipamentos e insumos necessários,2024,2,Programa,2024,2
330,15011,Fundo Especial de Reequipamento Policial,FUNRESPOL,1666,2166,"SEGURANÇA PÚBLICA, INTEGRAÇÃO E PROTEÇÃO",Promover a segurança de pessoas e bens no Estado de Rondônia através da implementação de ações que visem assegurar o pleno funcionamento das unidades da Polícia Civil e a atuação de seus servidores.,População do Estado de Rondônia,Segurança Pública,continuo,2024-01-01T00:00:00,,Finalístico,Cumprir o ofício constitucional da Polícia Civil promovendo a segurança pessoal e patrimonial dos cidadãos através de ações voltadas para a solução de crimes e contravenções penais.,2024,2,Programa,2024,2
331,15014,Fundo Especial do Corpo de Bombeiros Militar do Estado de Rondônia,Funesbom,1513,2103,DEFESA CONTRA SINISTRO,"Quartéis construídos, reformados e ampliados",População do Estado de Rondônia,Segurança Pública,continuo,2024-01-01T00:00:00,,Finalístico,"Planejar, coordenar e controlar a execução dos serviços de prevenção e combate a incêndios; busca, salvamento e resgate; atendimento pré-hospitalar; proteção do meio ambiente e ações de defesa civil; de forma integrada, tecnicamente moderna, eficaz e proativa promovendo o bem estar social e propiciando segurança e qualidade de vida à população.",2024,2,Programa,2024,2
332,15014,Fundo Especial do Corpo de Bombeiros Militar do Estado de Rondônia,Funesbom,1517,1015,GESTÃO ADMINISTRATIVA DO PODER EXECUTIVO,Manutenção da unidade administrativa e pagamento de servidores contratados por tempo determinado,Unidades orçamentárias do Poder Executivo,Gestão Estratégica,continuo,2024-01-01T00:00:00,,Gestão Manutenção e Serviço,"Desenvolver atividades-meios para o bom desenvolvimento das funções operacionais-fins da Unidade para qual foi criada por Lei, visando à eficiência e eficácia das Políticas Públicas do Poder Executivo",2024,2,Programa,2024,2
333,15015,Fundo Especial de Modernização e Reaparelhamento da Polícia Militar do Estado de Rondônia,Fumrespom,1425,2075,"SEGURANÇA PÚBLICA, JUNTOS SOMOS MAIS EFICAZES",Segurança Pública e Cidadania da População do Estado de Rondônia,Todos habitantes do Estado de Rondônia,Segurança Pública,continuo,2024-01-01T00:00:00,,Finalístico,"Prover o suporte necessário à operacionalização e execução das atividades-meio das unidades militares e FUMRESPOM, de modo a garantir o pleno funcionamento do exercício das atividades.",2024,2,Programa,2024,2
334,15015,Fundo Especial de Modernização e Reaparelhamento da Polícia Militar do Estado de Rondônia,Fumrespom,1443,1015,GESTÃO ADMINISTRATIVA DO PODER EXECUTIVO,"Proporcionar melhores condições de trabalho e qualidade no atendimento aos usuários dos serviços da Polícia Militar de Rondônia, de forma mais eficiente e eficaz.",Todos habitantes do Estado de Rondônia,Segurança Pública,continuo,2024-01-01T00:00:00,,Gestão Manutenção e Serviço,"Prover o suporte necessário à operacionalização e execução das atividades-meio das unidades militares e FUMRESPOM, de modo a garantir o pleno funcionamento do exercício das atividades administrativas.",2024,2,Programa,2024,2
335,15015,Fundo Especial de Modernização e Reaparelhamento da Polícia Militar do Estado de Rondônia,Fumrespom,1689,2166,"SEGURANÇA PÚBLICA, INTEGRAÇÃO E PROTEÇÃO","Implementar a execução de mecanismos de prevenção e repressão à criminalidade, reduzindo os indicadores de homicídio e violência nas áreas urbanas e rurais.",População do Estado de Rondônia,Segurança Pública,continuo,2024-01-01T00:00:00,,Finalístico,"Necessidade de revisão e execução de política de defesa civil, prevenção e repressão à criminalidade, de modo integrado, com a participação da sociedade, por meio dos Conselhos Comunitários de Segurança e Gabinetes de Gestão Integrada Municipais, com o foco na redução dos índices de criminalidade, tempo resposta nos atendimentos de emergência, refletindo no aumento da sensação de segurança à população do Estado.",2024,2,Programa,2024,2
336,15017,Fundo Estadual de Segurança Pública,Funesp,1607,1015,GESTÃO ADMINISTRATIVA DO PODER EXECUTIVO,Atender ao processo de realização de Concursos Públicos e Processos Seletivos.,"Secretaria de Estado da Segurança, Defesa e Cidadania e seus órgãos vinculados",Segurança Pública,continuo,2024-01-01T00:00:00,,Gestão Manutenção e Serviço,O programa tem a finalidade de atender ao processo de realização de Concursos Públicos e Processos Seletivos,2024,2,Programa,2024,2
337,15017,Fundo Estadual de Segurança Pública,Funesp,1609,2166,"SEGURANÇA PÚBLICA, INTEGRAÇÃO E PROTEÇÃO",Integrar e Modernizar a Secretaria de Estado da Segurança Pública e seus órgãos subordinados prestando segurança à sociedade. ,População do Estado de Rondônia,Segurança Pública,continuo,2024-01-01T00:00:00,,Finalístico,"A implementação do programa é devido a necessidade de modernização e reestruturação dos órgãos que desempenham segurança pública e defesa civil no âmbito do Estado de Rondônia, com o foco na redução dos índices de criminalidade violenta de modo a melhorar o nível de segurança pública.  ",2024,2,Programa,2024,2
338,15020,Departamento Estadual de Trânsito,Detran,1558,1015,GESTÃO ADMINISTRATIVA DO PODER EXECUTIVO,"Prover a Unidade de recursos orçamentários e financeiros para atender as atividades administrativas, com aquisição de
bens e serviços, gestão de pessoal, Operações Especiais e outras, de natureza administrativa, classificadas como
despesas correntes e de capital.
",Unidades orçamentárias do poder executivo; servidores e população em geral do Estado,Segurança Pública,continuo,2024-01-01T00:00:00,,Gestão Manutenção e Serviço,"Desenvolver atividades-meios para o bom desenvolvimento das funções operacionais-fins da Unidade para qual foi criada por lei, visando à
eficiência e eficácia das Políticas Públicas do Poder Executivo
",2024,2,Programa,2024,2
339,15020,Departamento Estadual de Trânsito,Detran,1565,0000,OPERAÇÕES ESPECIAIS,"Controle e Acompanhamento bem como o pagamento da Dívida Pública do Estado Interna e Externa. Acompanhar os
novos contratos realizados ajustando o saldo devedor. Atender a demanda da Secretaria do Tesouro Nacional com
relação as dívidas do Estado",servidores publicos do estado de rondonia,Segurança Pública,continuo,2024-01-01T00:00:00,,Operação Especial,"O pagamento pontual das dívidas do Estado primam por não deixar que ocorram inadimplências, a fim de manter o Estado com suas
Certidões Negativas de débitos juntos a União e Bancos, visando à eficiência e eficácia das Políticas Públicas do Poder Executivo. Atender
as sentenças do Poder Judiciário e Acordos judiciais.",2024,2,Programa,2024,2
340,15020,Departamento Estadual de Trânsito,Detran,1566,2002,EDUCAÇÃO E SEGURANÇA NO TRÂNSITO,"Sensibilizar a população sobre a importância de aumentar a atenção ao trânsito, bem como observar e cumprir a legislação de trânsito vigente, por meio de campanhas educativas, operações de fiscalização, parcerias com órgãos públicos e outras entidades, formação de condutores especializados, assim como atividades correlatas à conscientização educativa do trânsito.
","Condutores de veículos automotores, ciclistas, pedestres e transeuntes em geral",Segurança Pública,continuo,2024-01-01T00:00:00,,Finalístico,"A Organização Mundial da Saúde (OMS) prevê que até 2030 ocorrerão mais de 2,4 milhões de mortes por acidentes de trânsito, incluindo o Brasil. Acredita ainda que os índices de acidentes de trânsito representam a primeira maior causa de óbitos entre os indivíduos na faixa de 15 a 29 anos de idade (BRASIL, 2010; WAISELFISZ, 2012). Iniciativas como o Plano Nacional de Redução de Acidentes e Segurança Viária de 2011 - 2020, apresentado à época originalmente pela Organização das Nações Unidas - ONU, possui como diretrizes gerais o alcance da meta de redução de 50% dos acidentes de trânsito. Deste modo, para essa mudança, medidas sustentadas por cinco pilares devem ser tomadas: fiscalização, saúde, infraestrutura, segurança veicular e, principalmente, educação. 

Nesta linha, os pilares estabelecidos pela Organização das Nações Unidas - ONU, incluem: a capacitação de profissionais com conhecimento indispensável de Trânsito; implementação da Educação para o Trânsito com ações pedagógicas permanentes nas escolas; capilarização da Educação para o Trânsito, para a valorização da segurança, das regras e da cidadania no trânsito; difusão de políticas e ações com foco na promoção da vida no trânsito; e finalmente disponibilização de obras técnicas e científicas, artigos e outras informações de interesse da comunidade, relacionadas ao trânsito. 

Tendo o ""caráter educativo"" como uma de suas diretrizes primárias, esta Autarquia incumbe-se da atribuição de disseminar informações de cunho institucional, focando na conscientização do indivíduo que, no contexto da atual realidade brasileira, com uma profunda divisão social e uma injusta distribuição de renda, tem dificultado o desenvolvimento de um processo democrático que oportunize a inclusão de todos em uma sociedade na qual os valores de respeito, solidariedade, dignidade e honestidade estejam presentes. Tais dificuldades, porém, não podem se tornar elementos impeditivos de ações que oportunizem a formação de um indivíduo consciente, crítico, com valores morais éticos, movido por atitudes, hábitos e habilidades que possam vir a transformar essa realidade.

Legalmente, a propositura de ações visando educação e segurança no trânsito encontra respaldo na legislação estadual vigente que estabelece a estrutura organizacional ao Departamento Estadual de Trânsito do Estado de Rondônia - DETRAN/RO, nos moldes do Código de Trânsito Brasileiro - CTB.",2024,2,Programa,2024,2
341,15020,Departamento Estadual de Trânsito,Detran,1567,2171,CIDADE DO TRÂNSITO,"Fomentar a construção da Cidade do Trânsito, unidade para integração física da sede administrativa e estabelecimentos funcionais do Departamento Estadual de Trânsito do Estado de Rondônia.",Servidores e população em Geral.,Segurança Pública,temporário,2024-01-01T00:00:00,2027-12-01T00:00:00,Finalístico,"O Município de Porto Velho possui diversas unidades administrativas e funcionais que - a exceção dos postos avançados - descentralizam as Diretorias Técnicas e setores subordinados à locais diversos, dificultando por vezes o acesso, tanto de servidores quanto da população às principais unidades de atividade-meio da Autarquia. Desta feita, sob égide motriz do princípio da eficiência, conforme elencado no Art. 37, caput, da Constituição Federal, a integração de diversas unidades, inclusive unidades funcionais, como pistas de testes e treinamento, permitirá acelerar o atendimento e comunicação administrativa das unidades, assim como garantir a economicidade financeira de custos administrativos de manutenção, deslocamento e realocação estratégica de bens patrimoniais e servidores públicos relotados.",2024,2,Programa,2024,2
342,15020,Departamento Estadual de Trânsito,Detran,1568,2170,DETRAN CIDADÃO,"Promover ações sociais visando auxiliar pessoas de baixo poder aquisitivo e/ou em situação de vulnerabilidade a obter a primeira habilitação e/ou mudanças de categorias, com atuação descentralizada, sob enfoques de classe social, pessoas em situação de vulnerabilidade, alunos que já possuam 18 (dezoito) anos completos e tenha concluído o programa “CNH na Escola"", bem como promover a realização de convênios e parcerias estratégicas junto aos municípios com enfoque na gestão do tráfego e melhoria do trânsito sob eixos da segurança, educação, fiscalização e engenharia de tráfego.",Toda sociedade rondoniense,Segurança Pública,continuo,2024-01-01T00:00:00,,Finalístico,"A independência pessoal, como motriz cumprimento do direito constitucional à liberdade depende em grande parte da capacidade que o indivíduo possui de se locomover. Em diversas situações, pessoas em situação de vulnerabilidade financeira e social encontram dificuldade em alcançar a liberdade plena de locomoção devido aos custos envolvidos na emissão de suas habilitações veiculares. 

Economicamente, a falta de habilitação veicular pode engessar a progressão funcional de futuros profissionais que pretendem utilizar o meio de transporte privado como principal aparato de deslocamento profissional, ou - em casos exponencialmente crescentes - como ponto central da própria profissão. 

Sabe-se que – originalmente – os pilares de investimento público do DETRAN se concentram em Educação, Fiscalização e Engenharia de Tráfego. Tais ações são realizadas diretamente pela Autarquia ou indiretamente por meio de parceiros credenciados, a exemplo dos convênios municipais de sinalização vertical e horizontal. As ações sociais pretendidas atendem – difusamente – as atribuições correlatas estabelecidas por legislação estadual vigente, as quais incumbiram o Departamento Estadual de Trânsito de adotar um quarto – e igualmente importante – viés social na prática de suas atividades. 

Portanto os olhares atentos da sociedade às atividades desenvolvidas pelo governo que, por sua vez, tem como princípio básico prestar serviços que supram as necessidades coletivas de forma eficiente e eficaz, indicam a importância do gestor público em ter como preceitos motrizes modernos para administrar o setor público. A importância dessas visões na gestão pública tem como vertente o desenvolvimento social que afeta diretamente a sociedade como um todo, contribuindo na melhoria dos serviços públicos prestados a sociedade.",2024,2,Programa,2024,2
343,15020,Departamento Estadual de Trânsito,Detran,1569,2172,HABILITAÇÃO DE CONDUTORES E VEÍCULOS,"Fomentar: a habilitação de condutores aptos a conduzir veículos automotores em conformidade com a legislação em vigor, a realização de exames práticos e teóricos eficazes na internalização do conhecimento e diretrizes éticas de tráfego, a fiscalização e vistoria de empresas credenciadas para prestação de serviços de condutores (Centros de Formação de Condutores, Clínicas Médicas e Psicológicas) e serviços relacionados a veículos (Empresas Credenciadas de Vistoria e Estampadoras de Placas) e a execução de serviços correlatos às unidades gerenciais, técnicas e operacionais de habilitação e veículos.","Condutores de veículos automotores, ciclistas, pedestres e transeuntes em geral",Segurança Pública,continuo,2024-01-01T00:00:00,,Finalístico,"Três pontos são consensuais entre todos os profissionais que laboram com a temática de trânsito no Brasil. Primeiramente, a educação para o trânsito é absolutamente imprescindível para reduzir a grande acidentalidade de trânsito do país e transformar o espaço público de deslocamento em um espaço de melhor convívio social. Ademais, a educação para o trânsito não tem sido tratada com a importância que deve ter. Senda reta, é necessário aperfeiçoar os conteúdos programáticos relativos à educação para o trânsito no ensino fundamental.

No caso dos Centros de Formação de Condutores, os esclarecimentos ministrados em sala de aula, não devem ficar no campo meramente informativo, mas, sobretudo, deve se buscar que os mesmos se tornem valiosas lições para que os alunos refletirem sobre a temática debatida, neste caso o trânsito, bem como seus comportamentos ao dirigir, sendo portanto responsabilidade destes institutos não apenas ensinar o domínio do veículo, mas também de conscientizar aos futuros motoristas sobre a realidade complexa que o mesmo está inserido, demonstrando e conscientizando sobre a premente necessidade de se sentirem responsáveis por suas atitudes e eventuais falhas no trânsito. Por conseguinte, compete ao Departamento Estadual de Trânsito a responsabilidade de garantir que este ensinamento está sendo corretamente repassado e - diretamente - absorvido.

Sendo o trânsito um organismo de constante transformação, constitui-se em um ambiente complexo onde há uma convivência indissociável entre pedestre, motociclista, ciclista e diversos outros atores. O pretenso condutor está inserido no trânsito como pedestre ou passageiro e possui valores e conceitos pré-estabelecidos sobre o trânsito que devem ser testados e eticamente validados quando do momento de sua habilitação, como garantia futura de minimizar os acidentes automobilísticos que ocorrem anualmente no Estado de Rondônia.

Situação semelhante se aplica à correta e minuciosa fiscalização das Empresas Credenciadas de Vistoria dos veículos que compõem a frota comum de tráfego do Estado de Rondônia. A proba correição e auditoria das empresas atinge diretamente o número de veículos que provocam sinistros de trânsito, desde leves até gravíssimos, devido a falhas técnicas e mecânicas envolvendo componentes que deveriam ter sido corretamente vetados pelas empresas.

Nesta seara, compete legalmente ao Departamento Estadual de Trânsito do Estado de Rondônia o fomento de ações que incentivem a habilitação de condutores, fiscalização e vistoria de veículos, bem como a correta transmissão de conhecimento técnico e ético aos futuros condutores, sob garantia de um trânsito mais seguro.",2024,2,Programa,2024,2
344,15020,Departamento Estadual de Trânsito,Detran,1573,2174,MODERNIZAÇÃO DO DETRAN/RO,"Fomentar a modernização, atualização e segurança de dados dos sistemas informáticos, a modernização administrativa e gerencial do patrimônio, a construção e reforma das sedes e unidades adjacentes, a atualização, capacitação e melhoria de qualidade de vida dos servidores públicos, bem como implementação de novas metodologias no Departamento Estadual de Trânsito do Estado de Rondônia.","Administração pública em geral, usuários e população em geral.",Segurança Pública,continuo,2024-01-01T00:00:00,,Finalístico,"O Departamento Estadual de Trânsito possui atribuições baseadas nos pilares da Educação, Fiscalização e Engenharia de Tráfego, as quais exigem o constante uso de ferramentas tecnológicas para a garantia de suas execuções, tanto em macro escala - no gerenciamento das atividades de educação e fiscalização - quanto em microescala - nas ferramentas diretas de captação de estatísticas de trânsito - as quais não podem sucumbir à estagnação temporal inerentes à natureza da tecnologia da informação. 

O fomento da modernização tecnológica atinge diretamente a eficácia do serviço a ser acessado pelo cidadão, a eficiência - leia-se: celeridade - com a qual consegue alcançar seu objetivo de atendimento, bem como a efetividade do cumprimento deste serviço. Uma vez que novas tecnologias - a exemplo do advento da Inteligência Artificial - o qual renasceu sob força herculana, propõe o desafio de proporções igualmente herculanas ao Departamento Estadual de Trânsito: garantir que os servidores e o cidadão - como é de seu direito - tenha acesso às ferramentas tecnológicas mais avançadas sob égide do cumprimento das atribuições funcionais da Autarquia.

Esta modernização ocorre não só por meio do fomento de sistemas informáticos mais avançados, como também na implementação de sistemas com enfoque em modernização administrativa e gerencial no patrimônios dos recursos físicos e financeiros disponíveis pela Autarquia, garantindo uma aplicação mais ordenada.

Em igual forma, a modernização tecnológica e melhor gerência patrimonial exigem a manutenção de sedes e unidades adjacentes bem estruturadas e seguras, como forma de proteção e segurança da vida e bem-estar dos servidores e cidadãos-usuários, bem como garantia de conservação do patrimônio físico e financeiro da Autarquia.",2024,2,Programa,2024,2
345,16001,Secretaria de Estado da Educação,Seduc,1456,1015,GESTÃO ADMINISTRATIVA DO PODER EXECUTIVO,"O programa busca garantir a execução de atividades-meios para  o bom desenvolvimento das funções operacionais-fins, assegurando  a manutenção  do órgão/unidades administrativas da educação básica.","Servidores, fornecedores, conselheiros, prestadores de serviços e estagiários.",Educação,continuo,2024-01-01T00:00:00,,Gestão Manutenção e Serviço,"Manter  órgão/unidades administrativas e Conselhos da Educação Básica,  com aquisição de bens e/ou  serviços, remuneração de pessoal e encargos, programa de estágio, programa amigo voluntáio, pagamento de verbas indenizatórias e rescisórias, despesas contínuada de manutenção administrativa e repasse financeiro, dando suporte às atividades fins.",2024,2,Programa,2024,2
346,16001,Secretaria de Estado da Educação,Seduc,1514,2156,ENSINO FUNDAMENTAL + : AVANÇANDO NA PROFICIÊNCIA,"O programa Ensino Fundamental + : Avançando na Proficiência  busca proporcionar uma educação de qualidade, garantindo que os estudantes adquiram as competências e habilidades necessárias para o seu desenvolvimento.","Estudantes, Professores, Gestores  e demais atores da comunidade escolar.",Educação,continuo,2024-01-01T00:00:00,,Finalístico,"O programa ""Ensino Fundamental +: Avançando na Proficiência"" surge como resposta a um problema educacional de extrema conversão: a defasagem educacional e os baixos índices de proficiência em língua portuguesa e matemática entre os alunos do Ensino Fundamental. Essa situação preocupante se agravou ainda mais com a identificação de um elevado padrão de desempenho abaixo do básico e básico nestas disciplinas. 
A defasagem educacional e a baixa proficiência nas áreas fundamentais da aprendizagem têm consequências negativas e de longo prazo para os estudantes, podendo comprometer suas chances de sucesso acadêmico, inserção no mercado de trabalho e participação plena na sociedade. Para enfrentar esse desafio, é imperativo implementar estratégias e ações específicas, destinadas a elevar o nível de proficiência dos alunos em língua portuguesa e matemática. Assim como combater as causas subjacentes à baixa performance dos estudantes e, ao mesmo tempo, fortalecer os pontos fortes do sistema educacional.
",2024,2,Programa,2024,2
347,16001,Secretaria de Estado da Educação,Seduc,1515,2157,PROFICIÊNCIA 360: FORTALECENDO O ENSINO MÉDIO,"O programa ""Proficiência 360: Fortalecendo o Ensino Médio"" busca proporcionar uma educação de qualidade, garantindo que os estudantes adquiram as competências e habilidades necessárias para o seu desenvolvimento, preparando-os para os desafios da cidadania e do mundo do trabalho.","Estudantes, Professores, Gestores e demais atores da Comunidade Escolar.",Educação,continuo,2024-01-01T00:00:00,,Finalístico,"O programa ""Proficiência 360: Fortalecendo o Ensino Médio"" surge como resposta a um problema educacional de extrema conversão: a defasagem educacional e os baixos índices de proficiência em língua portuguesa e matemática entre os alunos do Ensino Médio. Essa situação preocupante se agravou ainda mais com a identificação de um elevado padrão de desempenho abaixo do básico e básico nestas disciplinas. A defasagem educacional e a baixa proficiência nas áreas fundamentais da aprendizagem têm consequências negativas e de longo prazo para os estudantes, podendo comprometer suas chances de sucesso acadêmico, inserção no mercado de trabalho e participação plena na sociedade. Para enfrentar esse desafio, é imperativo implementar estratégias e ações específicas, destinadas a elevar o nível de proficiência dos alunos em língua portuguesa e matemática. Assim como combater as causas subjacentes à baixa performance dos estudantes e, ao mesmo tempo, fortalecer os pontos fortes do sistema educacional.",2024,2,Programa,2024,2
348,16001,Secretaria de Estado da Educação,Seduc,1516,2158,EDUCAÇÃO PARA TODOS: RUMO À INCLUSÃO,"O Programa ""Educação para Todos: Rumo à Inclusão"" busca  promover a inclusão educacional de forma abrangente e equitativa, garantindo o acesso, permanência e sucesso na educação de estudantes com necessidades especiais, indígenas,  jovens e adultos, inclusive aqueles em vulnerabilidade social que estão em cumprimento de medidas socioeducativas e prisional. O programa visa assegurar que todos os indivíduos, independentemente de suas origens e características pessoais, tenham oportunidades iguais de participar da educação e alcançar o pleno desenvolvimento de suas potencialidades.",Estudantes e Comunidade Escolar,Educação,continuo,2024-01-01T00:00:00,,Finalístico,"Para assegurar um futuro próspero e igualitário, é imperativo que o sistema educacional seja inclusivo e capaz de atender às necessidades de todos os cidadãos, independentemente de suas limitações,  origem étnica, social ou idade. O programa ""Educação para Todos: Rumo à Inclusão"" surge como estratégia para enfrentar  esses desafios e tem como objetivo principal promover a igualdade de oportunidades educacionais para indígenas,  jovens e adultos e aqueles com necessidades especiais e em vulnerabilidade social (socioeducativo e prisional), visando diminuir a defasagem educacional e proporcionar acesso e permanência no ensino.",2024,2,Programa,2024,2
349,16001,Secretaria de Estado da Educação,Seduc,1564,2176,LEITURA PARA O FUTURO: PARCERIA PELA ALFABETIZAÇÃO,"O Programa ""Leitura para o Futuro: Parceria pela Alfabetização busca promover o desenvolvimento e melhoria da qualidade do ensino fundamental nas séries iniciais, com foco principal na alfabetização na idade certa, estabelecendo uma colaboração efetiva entre o governo estadual e as prefeituras. ","Estudantes, Professores, Gestores  e demais atores da comunidade escolar.",Educação,continuo,2024-01-01T00:00:00,,Finalístico,"A alfabetização é uma etapa fundamental na formação educacional de qualquer indivíduo e tem um impacto significativo em seu desenvolvimento cognitivo, emocional e social. É nessa fase que as bases da aprendizagem são construídas, permitindo que as crianças adquiram habilidades e competências essenciais para uma participação plena na sociedade. No entanto, Rondônia ainda enfrenta desafios persistentes no que diz respeito à alfabetização na idade certa. Dados educacionais revelam que muitas crianças não estão atingindo níveis elevados de leitura e escrita ao final do ciclo das séries iniciais do ensino fundamental. Esse cenário implica em consequências negativas para o percurso educacional desses alunos, tornando-os mais tolerantes ao abandono escolar e às dificuldades acadêmicas ao longo de suas trajetórias educacionais. Diante dessa realidade, a criação do programa  ""Leitura para o Futuro: Parceria pela Alfabetização"" se faz necessária para promoção do desenvolvimento e melhoria da qualidade do ensino fundamental nas séries iniciais, concentrando-se especialmente na alfabetização na idade apropriada. Para alcançar esse propósito, será estabelecida uma colaboração sólida e efetiva entre o governo e as prefeituras, fundamentada em princípios de cooperação, diálogo e complementaridade de esforços. ",2024,2,Programa,2024,2
350,16020,Instituto Estadual de Desenvolvimento da Educação Profissional ,IDEP,1434,1015,GESTÃO ADMINISTRATIVA DO PODER EXECUTIVO,Gestão Administrativa do Poder Executivo,Unidades orçamentárias do Poder Executivo,Educação,continuo,2024-01-01T00:00:00,,Gestão Manutenção e Serviço,"O Programa busca garantir a execução de atividades-meios, para o bom desenvolvimento das funções operacionais-fins, assegurando a manutenção do Instituto de Desenvolvimento de Educação Profissional e das unidades escolares da Educação Profissional.",2024,2,Programa,2024,2
351,16020,Instituto Estadual de Desenvolvimento da Educação Profissional ,IDEP,1450,2134,EXPANSÃO DA EDUCAÇÃO PROFISSIONAL E TECNOLÓGICA,Expansão da educação profissional e tecnológica.,Estudantes do Ensino Médio e Sociedade,Educação,continuo,2023-01-01T00:00:00,,Finalístico,"Formar o indivíduo para o universo laboral mediante o processo de ensino e aprendizagem que lhe oportunize a apreensão dos conhecimentos e habilidades necessárias ao exercício das profissões técnicas, bem como o desenvolvimento das respectivas aptidões compreendidas, ainda, a iniciação profissional, qualificação inicial, atualização, aperfeiçoamento, especialização e capacitação.",2024,2,Programa,2024,2
352,16031,Fundação Cultural do Estado de Rondônia ,Funcer,1447,1015,GESTÃO ADMINISTRATIVA DO PODER EXECUTIVO,"Assegurar a Manutenção Administrativa e prestar apoio às Unidades: Complexo Teatral, BPE, MERO, CCIM e Teatro de Ariquemes, com a finalidade de constituir os custos administrativos orçamentárias constantes do orçamento da FUNCER, agregando as despesas que não são passíveis de apropriação em ações finalísticas, a ação  compreende: serviços administrativos ou de apoio; manutenção e uso de frota veicular; manutenção e conservação de bens imóveis próprios na qual a posse dos espaços culturais ser de competência desta FUNCER, de acordo com o Decreto 22.842 de 2018; despesas com tecnologia de informação e comunicações, sob a ótica ""meio"", aquisição de equipamentos e contratação de serviços técnicos e administrativos de apoio, desde que voltados à administração e suas unidades; capacitação de servidores em temas e ferramentas de uso geral; despesas com viagens e locomoção, incluindo aquisição de passagens, pagamento de diárias e afins; realização de estudos que têm por objetivo elaborar, aprimorar ou dar subsídios à formulação de políticas públicas; promoção de eventos para discussão, formulação e divulgação de políticas etc; produção e edição de publicações para divulgação e disseminação de informações sobre políticas públicas; demais atividades-meio necessárias à gestão e à administração da unidade.","População em geral, pessoa física e jurídica (pública e privada), Setores Administrativos: Setor de Contratos, Setor de Compras, Setor de Patrimônio e Almoxarifado e Outros, e, de apoio às Unidades: Complexo Teatral, BPE, MERO, CCIM e Teatro de Ariquemes.",Gestão Estratégica,continuo,2024-01-01T00:00:00,,Gestão Manutenção e Serviço,"Programa destinado a suprir com materiais, bens e serviços as atividades administrativas, a fim de garantir a manutenção das Unidades relacionadas à Fundação Cultural do Estado de Rondônia - FUNCER, bem como, prestar o apoio imprescíndivel as ações finalísticas.",2024,2,Programa,2024,2
353,16031,Fundação Cultural do Estado de Rondônia ,Funcer,1503,2090,DESENVOLVIMENTO DO PATRIMÔNIO CULTURAL,"O programa visa promover o patrimônio histórico cultural, pois por meio dele é possível conhecer a história e tudo que o envolve. Por exemplo, a arte, as tradições, os saberes de determinado povo. Preservar e valorizar os elementos culturais de um povo é manter viva a sua identidade. Trata-se, portanto, de um ato de construção da cidadania.",cidadão que necessitar,Educação,continuo,2024-01-01T00:00:00,,Finalístico,"O Estado de Rondônia contém riquíssimo acervo cultural, como festas populares, culinárias, paisagens, dente outras. Assim, desenvolver esse patrimônio é conservar a identidade do nosso povo. ",2024,2,Programa,2024,2
354,17010,"Fundo estadual de prevenção, fiscalização e repressão de entorpecentes",FESPREN,1630,1015,GESTÃO ADMINISTRATIVA DO PODER EXECUTIVO,"O programa tem como objetivo primordial garantir recursos adequados e suficientes para a manutenção das atividades da parte administrativa do órgão governamental. Através de uma gestão orçamentária eficiente e transparente, busca-se suprir todas as necessidades operacionais e funcionais do órgão, permitindo o pleno funcionamento das suas atividades administrativas.",Unidades administrativas direta e indireta do Governo Estadual e municípios de Rondônia,Gestão Estratégica,continuo,2024-01-01T00:00:00,,Gestão Manutenção e Serviço,"O programa visa proporcionar um ambiente estável e funcional para os servidores do órgão, possibilitando que eles desempenhem suas funções de forma eficaz. Dessa forma, o programa contribui diretamente para a eficiência e efetividade da administração pública, assegurando que o órgão possa cumprir sua missão institucional de maneira responsável.  ",2024,2,Programa,2024,2
355,17010,"Fundo estadual de prevenção, fiscalização e repressão de entorpecentes",FESPREN,1632,2039,DESENVOLVIMENTO DE POLÍTICAS PÚBLICAS SOBRE DROGAS,Fomentar a política sobre drogas com ações para redução da demanda e oferta do uso de drogas lícitas e ilícitas e apoiar as Comunidades Terapêuticas.,População do Estado de Rondônia,Saúde,continuo,2024-01-01T00:00:00,,Finalístico,"A questão das drogas, no Brasil e no mundo, constitui um grave problema de saúde pública, com reflexos nos diversos segmentos da sociedade. Os serviços de segurança pública, educação, trabalho, saúde, sistema de justiça, assistência social, dentre outros, e os espaços familiares e sociais são repetidamente afetados, direta ou indiretamente, pelos reflexos e pelas consequências do uso das drogas. Assim, considerando a complexidade e a transversalidade da política sobre drogas, faz-se necessário um enorme esforço de coordenação entre diversas áreas diferentes para realização de formas integradas de intervenção a fim de solucionar os problemas sociais enfrentados. Faz-se necessário a adoção de políticas públicas adequadas, nos eixos da prevenção, cuidados, tratamento e reinserção social, no eixo da redução da oferta, da pesquisa e avaliação, bem como do eixo da governança, gestão e integração e que convergem para um conjunto de objetivos estratégicos e metas a fim de que sejam solucionados os problemas sociais relacionados à demanda e à oferta de drogas.",2024,2,Programa,2024,2
356,17012,Fundo Estadual de Saúde,FES,1487,2069,ASSISTÊNCIA FARMACÊUTICA NO SUS,"A Assistência Farmacêutica (AF) engloba um conjunto de ações voltadas à promoção, proteção e recuperação da saúde, tanto individual como coletiva, tendo o medicamento como insumo essencial e visando ao seu acesso e ao seu uso racional. Relacionada ao abastecimento de medicamentos para as unidades de saúde ambulatoriais e hospitalares próprias da SESAU e dar acesso aos usuários do SUS em uso de medicamentos do componente especializado.",População do Estado de Rondônia,Saúde,continuo,2024-01-01T00:00:00,,Finalístico,"Desenvolver ações de aquisição e distribuição de medicamentos, com o devido  planejamento,  formulação,  implementação das políticas de gestão da assistência farmacêutica, exigindo programas e atividades específicas. A eficácia na gestão dessas ações pressupõe além da disponibilidade de recursos financeiros a organização dos serviços e, de forma a prestar uma assistência digna, humanizada, segura aos usuários portadores de doenças crônicas, com a ação de pessoal capacitado para coordenar as atividades a serem desenvolvidas.",2024,2,Programa,2024,2
357,17012,Fundo Estadual de Saúde,FES,1490,1015,GESTÃO ADMINISTRATIVA DO PODER EXECUTIVO,Gestão Administrativa do Poder Executivo,Unidades orçamentárias do poder executivo; servidores e população em geral do Estado,Saúde,continuo,2024-01-01T00:00:00,,Gestão Manutenção e Serviço,"Desenvolver atividades-meios para o bom desenvolvimento das funções operacionais-fins da Unidade para qual foi criada por Lei, visando à eficiência e eficácia das Políticas Públicas do Poder Executivo",2024,2,Programa,2024,2
358,17012,Fundo Estadual de Saúde,FES,1493,2049,RONDÔNIA ACOLHE,"Ancorado pelas diretrizes do Sistema Nacional de Políticas Públicas sobre Drogas, que tem, entre seus princípios, o respeito aos direitos fundamentais do ser humano, a CPOAD dispõe do CREPAD - Centro de Referência de Prevenção e Atenção à Dependência Química – CREPAD, em funcionamento desde 2013, voltado para a oferta de serviços de atenção e cuidado às pessoas com uso abusivo ou dependência de substâncias psicoativas. Tendo disponibilidade para atendimento por demanda espontânea ou referenciada, diariamente.","Dependentes químicos, familiares e demais pessoas em situação de vulnerabilidade e risco",Saúde,continuo,2024-01-01T00:00:00,,Finalístico,"O CREPAD é um equipamento da política estadual, de atendimento psicossocial diário (aos munícipes de Porto Velho e adjacências), grupo de apoio a usuários e familiares, projetos e ações de prevenção, capacitações, bem como, coordenação e regulação dos procedimentos para acolhimento, em regime de residência em Comunidades Terapêuticas, na modalidade de acolhimento voluntário, além dos demais encaminhamentos para a rede de atenção, que contribuem para o tratamento, recuperação e a reinserção social. ",2024,2,Programa,2024,2
359,17012,Fundo Estadual de Saúde,FES,1588,2034,GESTÃO DA ASSISTÊNCIA HOSPITALAR E AMBULATORIAL,Fortalecimento da gestão da assistência hospitalar e ambulatorial,Usuários do Sistema Único de Saúde-SUS,Saúde,continuo,2024-01-01T00:00:00,,Finalístico,O Programa da Gestão da Assistência Hospitalar e Ambulatorial visa o desenvolvimento de estratégias por meio do aporte de recursos financeiros necessários ao fortalecimento da integralidade dos serviços de saúde da rede própria e complementar do Estado de Rondônia.,2024,2,Programa,2024,2
360,17012,Fundo Estadual de Saúde,FES,1593,2084,GESTÃO DA POLÍTICA DE SAÚDE,Gestão da Política de Saude,Toda a população do Estado de Rondônia,Saúde,continuo,2024-01-01T00:00:00,,Finalístico,"Necessidade de assegurar ao usuário o acesso universal das ações e serviços do SUS, de forma regionalizada, com a transparência, integralidade, equidade e participação popular nas regiões de saúde do estado. Além disso, fortalecer a estrutura de governança do SUS. ",2024,2,Programa,2024,2
361,17012,Fundo Estadual de Saúde,FES,1594,2070,INVESTIMENTOS EM SAÚDE,"Assegurar os recursos necessários para todos os investimentos (Obras e Material Permanente) para as Unidades da Secretaria, visando ampliação de melhoria no atendimento ao usuário do SUS",População do Estado de Rondônia,Saúde,continuo,2024-01-01T00:00:00,,Finalístico,"Necessidade de investir em saúde, com o objetivo de manter, melhorar e ampliar a oferta e qualidade de serviços da rede, adequando a legislação pertinente bem como aos novos serviços que se fazem necessário.",2024,2,Programa,2024,2
362,17012,Fundo Estadual de Saúde,FES,1603,0000,OPERAÇÕES ESPECIAIS,"A ação 0256 foi cadastrada para atender às emendas parlamentares estaduais destinadas às ações e serviços de saúde em decorrência do Art. 166, §9° da Constituição Federal, não sendo realizada execução orçamentária e financeira dos recursos através desta, por não haver vinculação direta com o objeto da destinação, vez que desse modo, não é possível identificar e monitorar a aplicação dos recursos por nível de complexidade dos serviços de saúde. Assim, os recursos de Emenda Parlamentar alocados nessa ação são obrigatoriamente remanejados para as ações de execução, para celebração de Convênios, Execução Direta ou Transferências na modalidade Fundo a Fundo.",População do Estado de Rondônia,Saúde,temporário,2024-01-01T00:00:00,2027-12-01T00:00:00,Operação Especial,"Atendimento à alocação temporária de recursos durante o processo de elaboração orçamentária, por indicação parlamentar, até o limite individual da Emenda prevista no Projeto de Lei Orçamentária Anual, atendendo ao disposto no artigo 166 §9° da Constituição Federal.",2024,2,Programa,2024,2
363,17012,Fundo Estadual de Saúde,FES,1667,2189,FORTALECIMENTO DAS REDES DE ATENÇÃO À SAÚDE,"Programa finalístico voltado ao fortalecimento das redes de atenção à saúde na luz das diretries do SUS, tendo como a atenção primária o centro comunicador das redes de atenção.",Todos os municípios de Rondônia,Saúde,continuo,2024-01-01T00:00:00,,Finalístico,"Programa importante devido a participação da gestão estadual no fomento de políricas estaduais de saúde, garantindo assim o cumprimento dos princípios do SUS e os atributos e competências da atenção primária em saúde, bem como a média e alta complexidade, de caráter descentralizado e regionalizado.",2024,2,Programa,2024,2
364,17013,Fundo Estadual para Construção do Hospital de Urgência e Emergência de Porto Velho,FUN-HEURO,1618,2152,GESTÃO E OPERACIONALIZAÇÃO DO HEURO,Gestão e Operacionalização do HEURO,Usuários do Sistema Único de Saúde-SUS,Saúde,continuo,2024-02-01T00:00:00,,Finalístico,"Busca-se manter a locação do prédio do Novo Hospital sob medida de reversão ao final do contrato, bem como assegurar a manutenção da Parceria Público-Privada PPP",2024,2,Programa,2024,2
365,17032,Fundação de Hematologia e Hemoterapia de Rondônia,Fhemeron,1424,1015,GESTÃO ADMINISTRATIVA DO PODER EXECUTIVO,Programa de gestão administrativa do poder executivo,Unidades administrativas e servidores da Fundação de Hematologia e Hemoterapia do Estado de Rondônia,Gestão Estratégica,continuo,2024-01-01T00:00:00,,Gestão Manutenção e Serviço,"O programa busca garantir a execução das atividades meio para o bom desenvolvimento das funções operacionais fins, assegurando a manutenção do órgão/unidades administrativas, hemocentros regionais e agências transfunsionais.",2024,2,Programa,2024,2
366,17032,Fundação de Hematologia e Hemoterapia de Rondônia,Fhemeron,1504,2105,ATENÇÃO HEMOTERÁPICA E HEMATOLÓGICA,Assistência hemoterápica e hematológica no Estado de Rondônia,População com demandas transfusionais,Saúde,continuo,2024-01-01T00:00:00,,Finalístico,"Necessidade de promover disponibilidade de produtos e serviços hemoterápicos à rede de saúde pública, privada e filantrópicas no Estado de Rondônia, bem como o atendimento hematológico aos pacientes com coagulopatias hereditárias, de acordo com as exigências da legislação vigente.",2024,2,Programa,2024,2
367,17032,Fundação de Hematologia e Hemoterapia de Rondônia,Fhemeron,1530,0000,OPERAÇÕES ESPECIAIS,Operações especiais para atendimento das demandas judiciais,Unidades administrativas e servidores da Fundação de Hematologia e Hemoterapia do Estado de Rondônia,Saúde,continuo,2024-01-01T00:00:00,,Operação Especial,Atender as determinações judiciais mediante Requisições de Pequeno Valor (RPV) e precatórios.,2024,2,Programa,2024,2
368,17033,Centro de Educação Técnico-Profissional na Área de Saúde,Cetas,1484,1015,GESTÃO ADMINISTRATIVA DO PODER EXECUTIVO,"Garantir o pleno funcionamento das atividades administrativas da Unidade Orçamentária, coordenando recursos humanos e a otimização de recursos financeiros na execução das ações de educação permanente para melhoria da assistência em saúde no Estado de Rondônia","Profissionais de saúde de nível fundamental, médio e superior que atuam no SUS e usuários",Saúde,continuo,2024-01-01T00:00:00,,Gestão Manutenção e Serviço,"Assegurar condições adequadas de infraestrutura física, administrativa e financeira essenciais para o planejamento e  desenvolvimento das atividades finalísticas (ações educativas) para melhoria da qualificação dos servidores de saúde do SUS no Estado de Rondônia",2024,2,Programa,2024,2
369,17033,Centro de Educação Técnico-Profissional na Área de Saúde,Cetas,1536,2109,EDUCAÇÃO PERMANENTE EM SAÚDE,Desenvolver ações de educação permanente e continuada em saúde aos servidores do SUS nas esferas municipal e estadual visando o fortalecimento das Redes de Atenção à Saúde e a melhoria dos serviços/ assistência prestados à população no Estado de Rondônia.,"Profissionais de saúde de nível fundamental, médio e superior que atuam no SUS e usuários",Saúde,continuo,2024-01-01T00:00:00,,Finalístico,Promover o fortalecimento dos processos de educação em saúde voltados à qualificação dos trabalhadores para transformação de seus processos de trabalho alinhados aos princípios fundamentais do SUS e a melhoria dos serviços/ assistência prestados à população no Estado de Rondônia.,2024,2,Programa,2024,2
370,17033,Centro de Educação Técnico-Profissional na Área de Saúde,Cetas,1559,2070,INVESTIMENTOS EM SAÚDE,"Ampliação, reforma e manutenção da estrutura física da sede da Escola de Saúde Pública do Estado de Rondônia/ CETAS","Profissionais de saúde de nível fundamental, médio e superior que atuam no SUS e usuários",Saúde,continuo,2024-01-01T00:00:00,,Finalístico,"Necessidade de expansão da infraestrutura física da Escola de Saúde Pública do Estado de Rondônia/ CETAS, com a construção de mais laboratórios, salas de aula e outros espaços de aprendizagem para ampliação das ações de educação permanente em saúde",2024,2,Programa,2024,2
371,17034,Agência Estadual de Vigilância em Saúde ,Agevisa,1457,1015,GESTÃO ADMINISTRATIVA DO PODER EXECUTIVO,Gestão Administrativa do Poder Executivo. ,Unidades Gestoras do Poder Executivo e Sociedade,Gestão Estratégica,continuo,2024-01-01T00:00:00,,Gestão Manutenção e Serviço,"Desenvolver atividades-meios para o bom desenvolvimento das funções operacionais-fins da Unidade para qual foi criada por lei, visando à eficiência e eficácia das Políticas Públicas do Poder Executivo",2024,2,Programa,2024,2
372,17034,Agência Estadual de Vigilância em Saúde ,Agevisa,1458,2023,VIGILANCIA EM SAÚDE,Desenvolver as Ações de Vigilância em saúde,População do Estado de Rondônia,Saúde,continuo,2024-01-01T00:00:00,,Finalístico,"Promover a saúde através de ações destinadas a controlar determinantes, riscos e danos à saúde, de populações que vivem em determinados territórios, sob a ótica da integralidade do cuidado, resultante do trabalho integrado das vigilâncias (Epidemiológica, Sanitária, Saúde Ambiental, Saúde do Trabalhador e CIVES), embasados em ações de promoção da saúde e continua análise da situação de saúde.",2024,2,Programa,2024,2
373,18001,Secretaria de Estado do Desenvolvimento Ambiental,Sedam,1454,1015,GESTÃO ADMINISTRATIVA DO PODER EXECUTIVO,Manter a operacionalização da Unidade Administrativa.,Unidades orçamentárias do Poder Executivo,Meio Ambiente e Desenvolvimento Territorial,continuo,2024-01-01T00:00:00,,Gestão Manutenção e Serviço,"Desenvolver atividades meios para subsidiar as funções operacionais fins da Unidade para qual foi criada por lei, visando a eficiência e eficácia das Políticas Públicas voltadas para o Desenvolvimento Ambiental Sustentável do estado de Rondônia.",2024,2,Programa,2024,2
374,18001,Secretaria de Estado do Desenvolvimento Ambiental,Sedam,1460,2153,DESENVOLVIMENTO AMBIENTAL SUSTENTÁVEL,"A sustentabilidade ambiental busca o equilíbrio entre o progresso da sociedade, conservação do meio ambiente e o desenvolvimento da economia.",População do Estado de Rondônia,Meio Ambiente e Desenvolvimento Territorial,continuo,2024-01-01T00:00:00,,Finalístico,"Desenvolver e suprir as necessidades da geração atual, sem comprometer a capacidade de atender as necessidades das futuras gerações. Além de promover a utilização de ferramentas e estratégias eficazes para minimizar os impactos negativos que o crescimento e o desenvolvimento da sociedade podem causar à natureza.",2024,2,Programa,2024,2
375,18001,Secretaria de Estado do Desenvolvimento Ambiental,Sedam,1468,2154,GESTÃO INTEGRADA DAS UNIDADES DE CONSERVAÇÃO ESTADUAIS,"Implementar ações visando integrar a gestão das Unidades de Conservação sob responsabilidade do Estado de Rondônia, de modo que possa garantir a preservação dos recursos naturais.",População do Estado de Rondônia,Meio Ambiente e Desenvolvimento Territorial,continuo,2024-01-01T00:00:00,,Finalístico,"Conservar os limites definidos das Unidades de Conservação Estaduais conforme SNUC Lei nº 9.985 de 2000 e SEUC, sob regime especial de administração, ao qual se aplicam garantias adequadas de proteção. Aprimorando a implementação do que prevê a legislação nas atividades de gestão das Unidades de Conservação estaduais, tão necessária para garantir a conservação da natureza, diversidade biológica, preservação e a restauração da diversidade de ecossistemas naturais, proteção dos recursos naturais, preservação dos Povos e Comunidades Tradicionais, promoção do desenvolvimento sustentável, educação ambiental e conscientização, além do cumprimento de compromissos internacionais.",2024,2,Programa,2024,2
376,18011,Fundo Especial de Proteção Ambiental,Fepram,1478,1015,GESTÃO ADMINISTRATIVA DO PODER EXECUTIVO,Gestão Administrativa do Poder Executivo.,População do Estado de Rondônia,Meio Ambiente e Desenvolvimento Territorial,continuo,2024-01-01T00:00:00,,Gestão Manutenção e Serviço,"Desenvolver atividades-meios para o bom desenvolvimento das funções operacionais-fins da Unidade para qual foi criada por lei, visando à eficiência e eficácia das Políticas Públicas do Poder Executivo.",2024,2,Programa,2024,2
377,18011,Fundo Especial de Proteção Ambiental,Fepram,1479,2098,PROTEÇÃO AMBIENTAL,Proteção Ambiental,População do Estado de Rondônia,Meio Ambiente e Desenvolvimento Territorial,continuo,2024-01-01T00:00:00,,Finalístico,"Para um ambiente protegido e ecologicamente equilibrado  faz-se necessário intensificar a redução da degradação ambiental, do desmatamento, principalmente o desmatamento ilegal e a redução das queimadas florestais, através da execução de ações voltadas para fiscalização, controle e monitoramento ambiental.",2024,2,Programa,2024,2
378,18011,Fundo Especial de Proteção Ambiental,Fepram,1480,2154,GESTÃO INTEGRADA DAS UNIDADES DE CONSERVAÇÃO ESTADUAIS,"Implementar ações visando integrar a gestão das Unidades de Conservação sob responsabilidade do Estado de Rondônia, de modo que possa garantir a preservação dos recursos naturais.",População do Estado de Rondônia,Meio Ambiente e Desenvolvimento Territorial,continuo,2024-01-01T00:00:00,,Finalístico,"Conservar os limites definidos das Unidades de Conservação Estaduais conforme SNUC, Lei nº 9.985 de 2000 e SEUC, Lei ordinária nº 1.144 de 2002, sob regime especial de administração, ao qual se aplicam garantias adequadas de proteção. Aprimorando a implementação do que prevê a legislação nas atividades de gestão das Unidades de Conservação estaduais, tão necessária para garantir a conservação da natureza, diversidade biológica, preservação e a restauração da diversidade de ecossistemas naturais, proteção dos recursos naturais, preservação dos Povos e Comunidades Tradicionais, promoção do desenvolvimento sustentável, educação ambiental e conscientização, além do cumprimento de compromissos internacionais.",2024,2,Programa,2024,2
379,18012,Fundo Estadual de Recursos Hídricos,FRH,1538,2080,FORTALECER A GESTÃO INTEGRADA DOS RECURSOS HÍDRICOS,"Fortalecer a Gestão dos Recursos Hídricos promovendo o desenvolvimento Institucional; Consolidação e implementação dos Instrumentos de Gestão dos Recursos Hídricos, Desenvolvimento tecnológico, capacitação e comunicação; Conservação da água, do solo e dos Ecosistemas.",População do Estado de Rondônia,Meio Ambiente e Desenvolvimento Territorial,continuo,2024-01-01T00:00:00,,Finalístico,"A água é um recurso natural limitado, dotado de valor econômico e essencial para a vida de todos os seres vivos. Por ser um bem de domínio público, o Governo Federal e os Estaduais são os responsáveis por regular o seu acesso, promovendo o uso múltiplo e sustentável em benefício das atuais e futuras gerações.",2024,2,Programa,2024,2
380,18013,Fundo Estadual de Governança Climática e Serviços Ambientais,FUNCLIMA,1537,2136,PROMOVER A GESTÃO DA GOVERNANÇA CLIMÁTICA E SERVIÇOS AMBIENTAIS,Implementação da Política de Governança Climática e de Serviços Ambientais.,População do Estado de Rondônia ,Meio Ambiente e Desenvolvimento Territorial,continuo,2024-01-01T00:00:00,,Finalístico,Necessidade de implementar políticas públicas voltadas para a promoção da gestão da governança climática e serviços ambientais.,2024,2,Programa,2024,2
381,19001,Secretaria de Estado da Agricultura,Seagri,1418,1015,GESTÃO ADMINISTRATIVA DO PODER EXECUTIVO,Gestão Administrativa do Poder Executivo,Servidores e demais unidades e subunidades da secretaria,Desenvolvimento Econômico,continuo,2024-01-01T00:00:00,,Gestão Manutenção e Serviço,"Desenvolver atividades - meios para o bom desenvolvimento das funções operacionais-fins da Unidade para a qual foi criada por Lei, visando a eficiência e eficácia das Políticas Públicas do Poder Executivo e outras atividades correlatas.",2024,2,Programa,2024,2
382,19001,Secretaria de Estado da Agricultura,Seagri,1506,2101,PROGRAMA DE ACESSO A TERRA CRÉDITO FUNDIÁRIO,Promover acesso ao Crédito Fundiário.,"TRABALHADORES RURAIS, FILHOS DE AGRICULTORES, JOVENS, MULHERES, NEGROS, ENTIDADES RURAIS ORGANIZADAS E TERRITÓRIOS RURAIS E DA CIDADANIA NO ESTADO",Desenvolvimento Econômico,continuo,2024-01-01T00:00:00,,Finalístico,"Necessidade de consolidar e propagar o TERRA BRASIL - PROGRAMA NACIONAL DE CRÉDITO FUNDIÁRIO no estado de Rondônia, complementando a Reforma Agrária, para atender a demanda de trabalhadores rurais, sem terras, filhos de agricultores, jovens e mulheres.",2024,2,Programa,2024,2
383,19001,Secretaria de Estado da Agricultura,Seagri,1561,2003,DESENVOLVIMENTO DA ATIVIDADE PRODUTIVA AGROPECUÁRIA,Desenvolvimento da Atividade Produtiva Agropecuária,Agricultor familiar,Desenvolvimento Econômico,continuo,2024-01-01T00:00:00,,Finalístico,"Necessidade de implementar políticas públicas que viabilizem o fortalecimento da atividade produtiva agropecuária, propiciando o aumento de arrecadação, gerando renda e melhorando a qualidade de vida do produtor rural.",2024,2,Programa,2024,2
384,19001,Secretaria de Estado da Agricultura,Seagri,1579,2011,DESENVOLVIMENTO DA PRODUÇÃO SUSTENTÁVEL DA AGRICULTURA FAMILIAR,O programa visa promover ações de incentivo a produção rural familiar através investimentos em programas e política públicas voltadas ao desenvolvimento da produção sustentável na agricultura familiar.,Agricultor familiar,Desenvolvimento Econômico,continuo,2024-01-01T00:00:00,,Finalístico,"Se tratando de um estado predominantemente agrícola o investimento na agricultura familiar torna-se primordial para o desenvolvimento econômico do estado de Rondônia, a agricultura familiar representa papel significativo na produção de alimentos que é consumido dentro e fora do estado de Rondônia. ",2024,2,Programa,2024,2
385,19001,Secretaria de Estado da Agricultura,Seagri,1599,2055,VERTICALIZAÇÃO DA PRODUÇÃO AGROINDUSTRIAL - PROVE RONDÔNIA,"O Programa de Verticalização da Produção Agropecuária da Agricultura Familiar do Estado de Rondônia- PROVE/RO, com regulamentação mais recente pela Lei no 4584, de 18 de setembro de 2019, e alterada pela Lei no 4609, de 15 de outubro de 2019, com foco econômico que visa estimular a geração de emprego e renda, bem como o aquecimento da economia local, possibilita e regulamenta a instalação de Unidade Familiar de Processamento Agroindustrial – UFPA e Agroindústria Familiar de Processamento Artesanal – AFPA, nas propriedades rurais familiares, denominadas Agroindústrias.",Agricultor familiar,Desenvolvimento Econômico,continuo,2024-01-01T00:00:00,,Finalístico,"A implementação de politicas publicas voltadas a verticalização da produção agropecuária, como o incentivo a agroindustrialização e mercado assegura agregação de valor a produção agropecuária, gerando renda a produtores rurais e fortalecendo a Agricultura Familiar.",2024,2,Programa,2024,2
386,19011,Fundo de Apoio à Cultura do Café em Rondônia,Funcafé,1553,2005,DESENVOLVIMENTO DA CAFEICULTURA,Desenvolvimento da Cafeicultura,Agricultor familiar,Desenvolvimento Econômico,continuo,2024-01-01T00:00:00,,Finalístico,Necessidade de apoiar os cafeicultores para a revitalização das atividades da cafeicultura e fortalecimento da cadeia produtiva com aumento da produtividade e melhoria da qualidade.,2024,2,Programa,2024,2
387,19014,Fundo Estadual de Sanidade Animal,Fesa,1432,0000,OPERAÇÕES ESPECIAIS,Assegurar recursos para eventual emergência sanitária animal.,"Produtores rurais, pequenos produtores que atuam no agronegócio no estado de Rondônia",Desenvolvimento Econômico,continuo,2020-01-01T00:00:00,,Operação Especial,"O presente Programa visa proporcionar uma garantia financeira mínima, para o caso de ocorrência de um eventual sinistro sanitário animal.",2024,2,Programa,2024,2
388,19014,Fundo Estadual de Sanidade Animal,Fesa,1453,2095,PROGRAMA ESTADUAL DE SANIDADE ANIMAL,Programa Estadual de Sanidade Animal,Produtores rurais que atuam no agronegócio e a sociedade do Estado de Rondônia.,Desenvolvimento Econômico,continuo,2020-01-01T00:00:00,,Finalístico,"O Fundo Estadual de Sanidade Animal – FESA, atua de maneira suplementar, com vistas a melhor incrementar o fortalecimento das ações de inspeção e defesa sanitária animal, contribuindo para o desenvolvimento socioeconômico da pecuária rondoniense.",2024,2,Programa,2024,2
389,19017,Fundo de Inv. e Apoio ao Programa de Desenv. da Pecuária Leiteira do Estado,Proleite,1539,2004,PROGRAMA DE DESENVOLVIMENTO DA PECUÁRIA LEITEIRA DE RONDÔNIA,"É um programa criado para incentivar as ações para o desenvolvimento do agronegócio do leite, pele aplicação de mecanismos e instrumentos que visam aumentar a produtividade e a qualidade do rebanho bovino leiteiro, bem como seus produtos e derivados, induzindo o desenvolvimento e aperfeiçoamento de todos os elos da cadeia produtiva do agronegócio do leite, apoiando projetos de caráter sustentável, promovendo a implantação e modernização nos sistemas produtivos de leite em todo o Estado de Rondônia.","Produtores rurais, pequenos produtores que atuam no agronegócio do leite no estado de Rondônia",Desenvolvimento Econômico,continuo,2023-07-01T00:00:00,,Finalístico,"Promover a cadeia produtiva do leite, através de investimentos que apoiem a realização de projetos que beneficiem o produtor de leite, incentivando o produtor a produzir mais e com qualidade, colaborando com o fortalecimento da cadeia produtiva do leite, proporcionando melhor renda para todos os municípios do Estado.",2024,2,Programa,2024,2
390,19023,Agência de Defesa Sanitária Agrosilvopastoril do Estado de Rondônia,Idaron,1422,2096,PROGRAMA ESTADUAL DE DEFESA AGROPECUÁRIA,Programa Estadual de Defesa Agropecuária,"Produtores, trabalhadores do setor agropecuário, comerciantes agropecuários, profissionais que atuam na agropecuária e estudantes, indústria ou agroindústria que abatem e/ou processam produtos e subprodutos de origem animal/vegetal e consumidores ",Desenvolvimento Econômico,continuo,2020-01-01T00:00:00,,Finalístico,"Necessidade de garantir a oferta de produtos e subprodutos agropecuários, com qualidade, assim como a transparência nas relações comerciais, facilitando a entrada dos produtos rondonienses nos mercados nacional e internacional traduzindo numa melhor qualidade de vida para a população do Estado de Rondônia.",2024,2,Programa,2024,2
391,19023,Agência de Defesa Sanitária Agrosilvopastoril do Estado de Rondônia,Idaron,1430,0000,OPERAÇÕES ESPECIAIS,"Pagamento da dívida pública fundada interna e externa, bem como despesas com o PASEP; Restituições de Exercícios Anteriores, Requisições de Pequeno Valor (RPV) e pagamentos de juros e multas.",A demanda decorrente da sociedade abrangendo todo o Estado de Rondônia,Gestão Estratégica,continuo,2020-01-01T00:00:00,,Operação Especial,"A Agência de Defesa Agrosilvopastoril do Estado de Rondônia - IDARON primará em honrar seus compromissos, evitando a inadimplência.",2024,2,Programa,2024,2
392,19023,Agência de Defesa Sanitária Agrosilvopastoril do Estado de Rondônia,Idaron,1431,1015,GESTÃO ADMINISTRATIVA DO PODER EXECUTIVO,Gestão Administrativa do Poder Executivo,Unidades orçamentárias do Poder Executivo,Gestão Estratégica,continuo,2020-01-01T00:00:00,,Gestão Manutenção e Serviço,"Desenvolver atividades-meios para o bom desenvolvimento das funções operacionais-fins da Unidade para qual foi criada por lei, visando à eficiência e eficácia das Políticas Públicas do Poder Executivo.",2024,2,Programa,2024,2
393,19025,Entidade Autárquica de Assistência Técnica e Extensão Rural do Estado de Rondônia,Emater,1426,0000,OPERAÇÕES ESPECIAIS,"Pagamento da dívida pública fundada interna e externa, bem como despesas com o PASEP e as Requisições de Pequeno Valor (RPV) por Sentenças Judiciais provindas de ações trabalhistas",A demanda decorrente da sociedade abrangendo todo o Estado de Rondônia,Meio Ambiente e Desenvolvimento Territorial,temporário,2024-01-01T00:00:00,2024-12-01T00:00:00,Operação Especial,"A dívida remonta à época de 2006,  quando a EMATER-RO possuía personalidade jurídica de Direito Privado, sendo Associação sem fins lucrativos filantrópica, tendo como fato gerador a cota patronal do INSS, não sendo recolhido na época, por ser isento diante da filantropia, bem como demandas judiciais provindas de ações trabalhistas.  

O pagamento pontual das dívidas do Estado primam por não deixar que ocorram inadimplências, a fim de manter o Estado com suas Certidões Negativas de débitos juntos a União e Bancos, visando à eficiência e eficácia das Políticas Públicas do Poder Executivo. Atender as sentenças do Poder Judiciário e Acordos judiciais.",2024,2,Programa,2024,2
394,19025,Entidade Autárquica de Assistência Técnica e Extensão Rural do Estado de Rondônia,Emater,1427,1015,GESTÃO ADMINISTRATIVA DO PODER EXECUTIVO,"O referido programa visa garantir o pleno funcionamento das 83(oitenta e três) unidades operacionais distribuídas nos 52 (cinquenta e dois) Municípios, dotando-as de recursos  materiais, equipamentos permanentes e financeiro, suficientes e oportunos  para o desenvolvimento das atividades de Assistência Técnica e Extensão Rural  - ATER com excelência junto ao público alvo, bem como  garantir o  pagamento de salários, encargos e auxílios a 147 (cento e quarenta e sete) servidores lotados no Centro gerencial (CENGE), localizado na região administrativa I, mensurado quadrimestralmente pela manutenção das unidade operacionais.","Agricultores familiares, assentados, ribeirinhos, quilombolas e outros",Desenvolvimento Econômico,continuo,2024-01-01T00:00:00,,Gestão Manutenção e Serviço,"Nos termos da constituição do Estado de Rondônia, no TITULO VI: Da ordem econômica e social, CAPÍTULO I: Da ordem econômica, SEÇÃO III: Da política agrícola, ARTIGO 161 e SS, impõem ao Estado a prestação do Serviço de assistência Técnica e Extensão rural de forma gratuita aos pequenos e médios agricultores, elegendo a Emater-RO, como órgão executor desses Serviços.
Diante do exposto o programa de Gestão Administrativa do Poder Executivo é plenamente justificável em função das atividades de suporte para o bom desenvolvimento das ações do programa finalístico, junto ao público alvo, bem como a operacionalização das políticas do governo do Estado, que visam o bem estar socioeconômico, ambiental e inclusão social do público alvo, culminado com o pleno Desenvolvimento Sustentável.
",2024,2,Programa,2024,2
395,19025,Entidade Autárquica de Assistência Técnica e Extensão Rural do Estado de Rondônia,Emater,1444,2024,FORTALECIMENTO DA AGRICULTURA FAMILIAR,"Nos termos da constituição do Estado de Rondônia, no TITULO VI: Da ordem econômica e social, CAPÍTULO I: Da ordem econômica, SEÇÃO III: Da política agrícola, ARTIGO 161 e SS, impõem ao Estado a prestação do Serviço de assistência Técnica e Extensão rural de forma gratuita aos pequenos e médios agricultores, elegendo a Emater-Ro, como órgão executor desses Serviços.

O presente Programa de Fortalecimento da Agricultura Familiar será implementado com e junto aos agricultores familiares, quilombolas, ribeirinho, assentados, extrativistas, indígenas e outros, de forma holística, participativa, no intuito de integrar as políticas prioritárias governamentais com as demandas oriundas das audiências públicas.

Programa de Fortalecimento da Agricultura Familiar será operacionalizado com uso de metodologias e métodos peculiares de Extensão Rural, que proporcionam a valorização e uso do saber popular e científico, uso dos fatores de produção internos e externos a propriedade, disponibilidade da mão-de-obra, bem como idade e gênero, sempre levando em consideração a globalização ambiental e sua sustentabilidade.
","Agricultores familiares, quilombolas, ribeirinho, assentados, extrativistas, indígenas e outros",Desenvolvimento Econômico,continuo,2024-01-01T00:00:00,,Finalístico,"O setor agropecuário que engloba os agricultores familiares do Estado, vem passando pelo processo de avanço tecnológico nos últimos anos, em função das políticas públicas de Assistência Técnica e Extensão Rural, fomento (mudas clonais de café, cacau, distribuição de calcário, nitrogênio e outros), educação ambiental, crédito rural, inclusão social e outras políticas, mas existe um potencial muito grande para o atendimento das famílias dos agricultores familiares, uma vez que só foram alcançados 49,66% dos mesmos, além das possibilidades reais em aumentar os índices técnicos e zootécnicos da produtividade/produção e qualidade dos produtos, com a ampliação das políticas públicas voltadas a esse segmento da sociedade (agricultores familiares).

A demanda pelos serviços de Assistência Técnica e Extensão Rural, bem como dos insumos de inovação tecnológica são mencionados nas audiências públicas e fazem parte das prioridades governamentais. 

A oferta dos insumos e serviços estão aquém da demanda em quantidade e qualidade, ocasionando déficit no uso das tecnologias inovadoras nos processos produtivos da agropecuária, do manejo ambiental, extrativismo, da verticalização da produção, da comercialização, da inclusão social e gestão da unidade produtiva, bem como as desigualdades socioeconômicas, áreas remotas de difícil acesso. 

O programa em pauta é continuo, pois, o processo de adesão a inovação tecnológica requer ações continuadas e persistentes com demonstrações de resultados pelos agricultores que absorveram e aderiram as inovações, além do fato mencionado acima de carência das políticas públicas que venham dar total suporte aos agricultores familiares. Outro aspecto relevante é que os resultados de inovações tecnológicas levam um lapso de tempo médio a longo, ou seja, no mínimo de três a cinco anos, quando a tecnologia já está definida pela pesquisa. O programa está desenhado com base nas pautas demandadas nas audiências públicas e definições no planejamento estratégico do Estado. O programa prima pelo Desenvolvimento Sustentável e melhoria de qualidade de vida do público alvo, bem como a implantação de tecnologias inovadoras que proporcionarão o incremento na produtividade/produção e qualidade dos produtos ao longo dos 4 (quatro) anos do PPA. 
",2024,2,Programa,2024,2
396,19025,Entidade Autárquica de Assistência Técnica e Extensão Rural do Estado de Rondônia,Emater,1690,2004,PROGRAMA DE DESENVOLVIMENTO DA PECUÁRIA LEITEIRA DE RONDÔNIA,"É um programa criado para incentivar as ações para o desenvolvimento do agronegócio do leite, pele aplicação de mecanismos e instrumentos que visam aumentar a produtividade e a qualidade do rebanho bovino leiteiro, bem como seus produtos e derivados, induzindo o desenvolvimento e aperfeiçoamento de todos os elos da cadeia produtiva do agronegócio do leite, apoiando projetos de caráter sustentável, promovendo a implantação e modernização nos sistemas produtivos de leite em todo o Estado de Rondônia.","Produtores rurais, pequenos produtores que atuam no agronegócio do leite no estado de Rondônia",Desenvolvimento Econômico,continuo,2023-07-01T00:00:00,,Finalístico,"Promover a cadeia produtiva do leite, através de investimentos que apoiem a realização de projetos que beneficiem o produtor de leite, incentivando o produtor a produzir mais e com qualidade, colaborando com o fortalecimento da cadeia produtiva do leite, proporcionando melhor renda para todos os municípios do Estado.",2024,2,Programa,2024,2
397,21001,Secretaria de Estado da Justiça,Sejus,1464,1015,GESTÃO ADMINISTRATIVA DO PODER EXECUTIVO,Gestão Administrativa do Poder Executivo,Unidades orçamentárias do Poder Executivo,Segurança Pública,continuo,2024-01-01T00:00:00,,Gestão Manutenção e Serviço,"Desenvolver atividades-meios para o bom desenvolvimento das funções operacionais-fins da Unidade para qual foi criada por lei, visando à eficiência e eficácia das Políticas Públicas do Poder Executivo",2024,2,Programa,2024,2
398,21001,Secretaria de Estado da Justiça,Sejus,1532,2102,MELHORIA E HUMANIZAÇÃO DO SISTEMA PRISIONAL,"Fortalecimento, modernização e humanização do Sistema Prisional de Rondônia.",População carcerária do Estado de Rondônia,Segurança Pública,continuo,2024-01-01T00:00:00,,Finalístico,"Diante dos elevados índices de reincidências de apenados e a necessidade de cumprir com os preceitos de dignidade e humanidade no sistema prisional do Estado, é imprescindível estabelecer programa finalístico com ações para a manutenção das unidades prisionais e a ressocialização de todos que se encontram privados de liberdade.",2024,2,Programa,2024,2
399,21001,Secretaria de Estado da Justiça,Sejus,1645,2165,FOMENTAR POLÍTICAS DE EXECUÇÃO PENAL (REPASSES DA UNIÃO),"Reunir ações que promovem o desenvolvimento e modernização do sistema prisional, através de Convênios de recurso oriundo a Secretaria Nacional de Políticas Penais - Governo Federal. ",Atores do sistema prisional,Segurança Pública,continuo,2024-01-01T00:00:00,,Finalístico,Recepcionar recursos oriundos do Governo Federal em benefício do Sistema Penitenciário de Rondônia. ,2024,2,Programa,2024,2
400,21011,Fundo Penitenciário do Estado de Rondônia,Fupen,1541,2102,MELHORIA E HUMANIZAÇÃO DO SISTEMA PRISIONAL,"Fortalecimento, modernização e humanização do Sistema Prisional de Rondônia.",Reeducandos do Estado de Rondônia,Segurança Pública,continuo,2024-01-01T00:00:00,,Finalístico,"Diante dos elevados índices de reincidências de apenados e a necessidade de cumprir com os preceitos de dignidade e humanidade no sistema prisional do Estado, é imprescindível estabelecer programa finalístico com ações para a manutenção das unidades prisionais e a ressocialização de todos que se encontram privados de liberdade.",2024,2,Programa,2024,2
401,21011,Fundo Penitenciário do Estado de Rondônia,Fupen,1614,1015,GESTÃO ADMINISTRATIVA DO PODER EXECUTIVO,Gestão Administrativa do Poder Executivo - Descentralizações orçamentárias e financeiras,Reeducandos do Estado de Rondônia,Cidadania,continuo,2024-01-01T00:00:00,,Gestão Manutenção e Serviço,"Desenvolver atividades-meios para o bom desenvolvimento das funções operacionais-fins da Unidade para qual foi criada por lei, visando à eficiência e eficácia das Políticas Públicas do Poder Executivo na reinserção social do apenado.",2024,2,Programa,2024,2
402,21011,Fundo Penitenciário do Estado de Rondônia,Fupen,1642,2167,ESTRUTURAÇÃO DAS POLÍTICAS DE EXECUÇÃO PENAL (REPASSES DA UNIÃO) ,"Reunir ações que promovem o desenvolvimento e modernização do sistema prisional, através dos Repasses do Governo Federal. ",Atores do sistema prisional,Segurança Pública,continuo,2023-07-01T00:00:00,,Finalístico,Recepcionar os recursos oriundos do Governo Federal em benefício do Sistema Penitenciário de Rondônia. ,2024,2,Programa,2024,2
403,21011,Fundo Penitenciário do Estado de Rondônia,Fupen,1691,2119,MEU IMÓVEL LEGAL,"Promover o processo de regularização fundiária urbana e rural, em áreas públicas ocupadas por população de baixa renda, implementando medidas técnicas, administrativas, jurídicas, sociais e ambientais necessárias a efetivação da regularização fundiária para as atuais e novas áreas de interesse social.",Pessoas de baixa renda,Meio Ambiente e Desenvolvimento Territorial,continuo,2024-01-01T00:00:00,,Finalístico,"O programa visa promover a regularização fundiária de interesse social em áreas urbanas e rurais. A qual tem por foco a legalização e a inserção da propriedade e da posse na estrutura regular das cidades. Considerando que a regularização fundiária consiste em medidas jurídicas, urbanísticas, ambientais e sociais que visam à regularização de assentamentos irregulares e à titulação de seus ocupantes, de modo a garantir o direito social à moradia, o pleno desenvolvimento das funções sociais da propriedade urbana e rural e o direito ao meio ambiente ecologicamente equilibrado. Considerando que a regularização e legitimação da posse de um imóvel urbano e rural é condição essencial para estabelecer a segurança jurídica nas relações de propriedade e que o georreferenciamento é o trabalho técnico que delimita, com segurança, a extensão de uma propriedade. 
O Programa Meu imóvel Legal, tem como plano de governo, a regularização de 36 mil imóveis urbanos, a serem realizados nos municípios conveniados, em núcleos urbanos consolidados.",2024,2,Programa,2024,2
404,21011,Fundo Penitenciário do Estado de Rondônia,Fupen,1692,2138,GESTÃO DO PATRIMÔNIO IMOBILIÁRIO,"Gestão do Patrimônio Imobiliário através da regularização dos imóveis Estaduais, referente a escrituras públicas, registro de imóveis, memorial descritivo, fiscalização, demarcação de imóveis estaduais e avaliação e reavaliação através da emissão de Laudo Técnico Rural e Urbano. E atualização cadastral dos seguintes documentos, planta de localização, matrícula no registro de imóveis, valor venal atualizado, cadastro imobiliário, termo de recebimento de obras, entre outras informações que se julguem necessárias. Assim como a padronização de normativas e sistemas de gestão imobiliária.",Unidades que compõem Administração Direta e Indireta do Poder Executivo,Meio Ambiente e Desenvolvimento Territorial,continuo,2024-01-01T00:00:00,,Finalístico,"Gerenciamento do patrimônio estadual e prestação de informação e orientação técnica e normativa aos órgãos e entidades estaduais sobre gestão do patrimônio do Estado.
Fiscalizar, acompanhar a entrega de bens de uso coletivo (imóveis) do Estado de Rondônia, a solicitação de projetos de leis pertinentes a doação bens imóveis de propriedade estaduais.
Realizar relatório de fiscalização do estado atual de cada uma das edificações ou terreno do imóvel para atualização e verificação das condições, guarda, conservação, manutenção e outras que se fizerem necessárias.
A promoção de ações para regularização cartorial dos bens imóveis de propriedade do Estado. 
E a viabilização dos laudos de avaliação mercadológica para alienação, aquisição, locação, doação, permuta, usucapião, desapropriação e o auxilio nos inventários dos imóveis  ocupados pela administração pública.
",2024,2,Programa,2024,2
405,23001,Secretaria de Estado da Assistência e do Desenvolvimento Social,Seas,1461,1015,GESTÃO ADMINISTRATIVA DO PODER EXECUTIVO,Gestão Administrativa do Poder Executivo,Unidades orçamentárias do Poder Executivo,Cidadania,continuo,2024-01-01T00:00:00,,Gestão Manutenção e Serviço,"Desenvolver atividades-meios para o bom desenvolvimento das funções operacionais-fins da Unidade para qual foi criada por lei, visando à eficiência e eficácia das Políticas Públicas do Poder Executivo",2024,2,Programa,2024,2
406,23001,Secretaria de Estado da Assistência e do Desenvolvimento Social,Seas,1509,2163,PROMOVER A POLÍTICA ESTADUAL DE SEGURANÇA ALIMENTAR E NUTRICIONAL, Implantar ações de caráter preventivo e estruturante da política de Segurança Alimentar e Nutricional; manutenção e aprimoramento das ações de enfrentamento a insegurança alimentar em Rondônia.,População em situação de vulnerabilidade socioeconômica no Estado de Rondônia.,Cidadania,continuo,2024-01-01T00:00:00,,Finalístico,"A insegurança alimentar é um dos maiores problemas sociais da sociedade contemporânea. Deste modo, visando a prevenção e o combate à insegurança alimentar e nutricional, faz-se necessário o estabelecimento de ações e medidas que afastem e diminuam a problemática da população, em especial dos grupos vulneráveis, tendo em mente a promoção, articulação e fortalecimento das Políticas Públicas de Segurança Alimentar e Nutricional. 
A insegurança alimentar ultrapassa a ligação direta da fome, o qual encontra-se na situação em que o indivíduo ou família enfrenta a falta de acesso constante ou temporário a alimentos saudáveis, seguros e em quantidade suficiente para atender às suas necessidades dietéticas e preferências alimentares. Assim, a insegurança alimentar se divide em três níveis, sendo eles: insegurança alimentar leve (quando há queda na qualidade dos alimentos consumidos e há preocupação com o acesso a alimentos no futuro); insegurança alimentar moderada (quando há restrição no acesso aos alimentos, isto é, na quantidade que é consumida); insegurança alimentar grave (quando há escassez de alimentos para todos os indivíduos de uma família, chegando até mesmo a condição de fome).
Assim, foi estabelecido a Lei nº 11.346/2006, que cria o Sistema Nacional de Segurança Alimentar e Nutricional SISAN, com perspectiva de garantir o direito humano à alimentação saudável e adequada, consubstanciando os ditames da Lei Federal, a Lei nº 2.221, de 21 de Dezembro de 2009 - Lei Orgânica da Segurança Alimentar e Nutricional do Estado de Rondônia – nos artigos 3º, 4º e 5º, asseveram a responsabilidade do Estado em promover ações que garantam o direito à alimentação com qualidade e quantidades suficientes, principalmente às populações com maior risco e vulnerabilidade social.
Portanto, o fortalecimento da política pública de segurança alimentar e nutricional através do acesso regular e adequado a alimentos de qualidade, os quais são fundamentais para promoção da saúde e o bem-estar da população - além de ser um direito humano básico – bem como, por meio do apoio aos Órgãos e Estabelecimentos é uma medida justificável e necessária para enfrentar os desafios relacionados à garantia de alimentos adequados e de qualidade para a população. Ao investir nessas instituições, é possível promover uma abordagem integrada, capacitar profissionais, monitorar e avaliar as ações, e engajar a sociedade, resultando em melhores resultados e impactos positivos na segurança alimentar e nutricional do Estado.
",2024,2,Programa,2024,2
407,23001,Secretaria de Estado da Assistência e do Desenvolvimento Social,Seas,1512,2112,PROGRAMA PARA O FORTALECIMENTO DA POLÍTICA ESTADUAL DE CIDADANIA E DE DIREITOS HUMANOS,Fortalecimento das políticas públicas de direitos humanos no Estado de Rondônia.,População rondoniense em situação de risco de violação de direitos humanos ou que já sofreu violação.,Cidadania,continuo,2024-01-01T00:00:00,,Finalístico,"A formação de uma sociedade igualitária, justa e humana está diretamente ligada ao desenvolvimento das políticas públicas de direitos humanos, em especial dos grupos mais vulneráveis, sendo necessário promover, articular e fortalecer os direitos humanos e a cidadania dos rondonienses por meio de polítcas voltadas à prevenção e à reparação da violação de direitos das crianças e adolescentes, mulheres, idosos, pessoas com deficência, migrantes, refugiados e apátridas, populações tradicionais, população em situação de rua, promoção da igualdade racial, diversidade sexual e demais grupos socias em situação de vulnerabilidade, como forma de garantia dos direitos fundamentas e sociais dos indivíduos, assegurando também a participação social na construção destas políticas públicas.",2024,2,Programa,2024,2
408,23001,Secretaria de Estado da Assistência e do Desenvolvimento Social,Seas,1524,2162,PROGRAMA DE DESENVOLVIMENTO SOCIOECONÔMICO,"Promover acesso aos serviços públicos de desenvolvimento social aos que necessitam; qualificar, capacitar, proporcionar a inclusão social produtiva e desenvolver ações de apoio e fomento à economia solidária.","Pessoas em situação de vulnerabilidade social, municípios, entidades e empreendimentos de economia solidária.",Cidadania,continuo,2024-01-01T00:00:00,,Finalístico,"Necessidade de levar cidadania às populações rondonienses mais longínquas e que possuem dificuldade de acesso a serviços essenciais como documentação básica, saúde e lazer; carência de acesso gratuito à qualificação, capacitação, inclusão social produtiva, desenvolvimento social e fomento da economia solidária com vistas a oportunizar a entrada no mercado de trabalho por pessoas em situação de hipossuficiência; que se alinham ao regimento interno desta Secretaria de Estado da Assistência e do Desenvolvimento Social, conforme Art. 2° e seus incisos, disposto no Decreto nº 27.195, que descrevem as finalidades e competências, transcritas abaixo:
Art. 2º A Secretaria de Estado da Assistência e do Desenvolvimento Social - SEAS, Órgão integrante da Administração Direta do Poder Executivo, tem como escopo:
I - reduzir as desigualdades sociais por meio de políticas públicas, que promovam o acesso a melhores condições de desenvolvimento humano, social e familiar;
II - promover acesso aos serviços públicos assistenciais e de desenvolvimento social aos que necessitem;
III - garantir a efetividade dos direitos das pessoas em situação de vulnerabilidade social;
IV - fortalecer os vínculos familiares, como meio de promoção de uma sociedade justa, fraterna e igualitária; e
V - proporcionar meios de inclusão social e econômico para a superação da pobreza.",2024,2,Programa,2024,2
409,23001,Secretaria de Estado da Assistência e do Desenvolvimento Social,Seas,1542,2175,PROGRAMA HABITACIONAL,"Implementar, coordenar, apoiar, supervisionar e executar a política de habitação popular e de interesse social, com o intuito de reduzir o déficit habitacional no Estado de Rondônia.",Possibilitar o acesso à moradia e/ou melhoria habitacional às famílias inseridas no percentual do deficit habitacional no Estado de Rondônia.,Cidadania,continuo,2024-01-01T00:00:00,,Finalístico,"Com a promulgação da Constituição da República Federativa do Brasil de 1988, a moradia passou a figurar como Direito Social em seu Art. 6º, sendo-lhe garantido a todos os brasileiros, ao mesmo tempo em que se reconheceu a função social da propriedade, nos termos do Inciso XXIII do Art. 5º da Carta Magna em comento.
Importante ressaltar que a Política de Habitação é um tipo específico de política pública, que tem como objetivo promover o acesso da população à moradia digna. Desta forma, é importante que o poder público vise a realização de programas voltados a habitação de interesse social, bem como, destinados à habitação popular. O bem imóvel habitado possui várias especificidades que justificam a atuação governamental no setor. Assim, a habitação atende a uma necessidade básica do ser humano e seu acesso é constitucionalmente assegurado a todos os cidadãos. Produzir habitação é produzir a cidade. Além de benefícios que serão concedidos aos cidadãos de baixa renda, cumpre salientar que a construção de moradias responde por uma parcela significativa do setor da construção civil, gerando empregos e o aumento do Produto Interno Bruto (PIB). Trata-se de um mecanismo redistributivo, que pode melhorar o padrão de vida da população e promover a sua inclusão social. Tais especificidades, juntamente com as demandas habitacionais observadas concentradas nas famílias de baixa renda reforçam a necessidade de atuação do Estado no setor, a fim de promover uma maior eficiência e justiça social.",2024,2,Programa,2024,2
410,23002,Superintendência Estadual do Indígena,SI,1502,1015,GESTÃO ADMINISTRATIVA DO PODER EXECUTIVO,Gestão Administrativa do Poder Executivo,Unidades orçamentárias do Poder Executivo,Cidadania,continuo,2024-01-01T00:00:00,,Gestão Manutenção e Serviço,"Desenvolver atividades-meios para o bom desenvolvimento das funções operacionais-fins da Unidade para qual foi criada por lei, visando à eficiência e eficácia das Políticas Públicas do Poder Executivo",2024,2,Programa,2024,2
411,23002,Superintendência Estadual do Indígena,SI,1650,2188,PROGRAMA PARA O FORTALECIMENTO E DESENVOLVIMENTO  DA POLÍTICA ESTADUAL PARA OS POVOS INDÍGENAS,Fortalecimento dos direitos dos povos indígenas.,Povos Indígenas do Estado de Rondônia.,Cidadania,continuo,2024-01-01T00:00:00,,Finalístico,"Os povos indígenas desempenham um papel crucial na preservação ambiental no Brasil, devido à sua profunda conexão e conhecimento tradicional da fauna e flora, além de serem os povos originários desta grande nação.

O Brasil abriga um grande número de comunidades indígenas, muitas das quais vivem em áreas de grande importância ecológica, como a floresta amazônica; onde cerca de 55% da população indígena está na Amazônia Legal, região que abrange a região Norte, onde está o estado de Rondônia. 

Em Rondônia, segundo dados do IBGE, a população indígena passou de 12 mil para 18 mil, aproximadamente, do ano de 2010 a 2022; oriundos de 54 etnias diferentes, em comunidades localizadas, no momento, na capital Porto Velho, Guajara Mirim, Ariquemes, Jaru, Ji-Paraná, Cacoal, Costa Marques, São Miguel do Guaporé, Parecis, São Francisco e Vilhena. 

Considerando as especificidades e peculiaridades do público em questão, a estrutura criada e o programa em tela têm como foco a promoção do bem estar social; através de estratégias intersetoriais, onde as políticas públicas serão de fato efetivadas e garantidoras dos direitos fundamentais e sociais, buscando a valorização e a preservação dos povos indígenas. ",2024,2,Programa,2024,2
412,23011,Fundo Estadual de Combate e Erradicação da Pobreza de Rondônia,FECOEP/RO,1520,2087,PROGRAMA DE ENFRENTAMENTO À POBREZA,"O Fundo Estadual de Combate e Erradicação da Pobreza de Rondônia - FECOEP/RO, criado pela Lei Complementar nº 842 de 27 de novembro de 2015 e alterado pelas Leis Complementares nº 879/2016, 914/2016 e 1.016/2019, foi instituído para atender a população de Rondônia em situação de vulnerabilidade social, em especial aos em situação de pobreza e extrema pobreza, objetivando promover acesso aos serviços públicos essenciais para a superação dessas condições e melhoria da qualidade de vida dos rondonienses, através de programas e projetos que possuam finalidades compatíveis com as áreas previstas na legislação do Fundo, devidamente aprovados pelo Conselho Deliberativo do Fundo.","População rondoniense, em especial os em situação de pobreza e extrema pobreza",Cidadania,continuo,2024-01-01T00:00:00,,Finalístico,"A superação da situação de pobreza e extrema pobreza está diretamente ligada aos serviços públicos aos quais a população tem acesso, com a ampliação dos direitos sociais desde a promulgação da Constituição Federal de 1988, consequentemente ocorreu a necessidade do Estado em ampliar a gama de serviços prestados em todas as áreas de atuação, tanto em caráter de prevenção quanto de mitigação da situação atual, em especial no que se refere às áreas de assistência social, saúde, educação, segurança pública, cidadania, dentre outras. Considerando os índices de pessoas no Estado de Rondônia em situação de pobreza e extrema pobreza, faz-se necessária a adoção de políticas públicas efetivas para a diminuição desses índices e a consequente melhoria da qualidade de vida das pessoas atendidas. No bojo das políticas públicas que elevam o padrão de vida, destaca-se a oferta de programas, ações ou serviços que erradicam ou minimizam os efeitos nefastos da pobreza. 
Cabe gizar, embora a pobreza seja frequentemente associada à condição de privação de recursos monetários, é indispensável compreendê-la como fenômeno multifacetado e multidimensional (pobreza não monetária) que resulta na desproteção social do indivíduo. 
Uma das manifestações não monetárias da pobreza é insegurança alimentar e nutricional. O flagelo da fome está intimamente relacionado com sistemas de proteção social restritivos, nos quais há um comprometimento do amparo aos riscos inerentes à vida, tais como a perda do emprego, acometimento por doenças ou a incapacidade laboral. De modo geral, a exclusão do mercado de trabalho por quaisquer dos fatores anteriormente mencionados, seja pelas crises econômica ou decorrentes de pandemias como a de Covid-19, culminam em pobreza alimentar. Assim, o enfrentamento da pobreza, sob a ótica do presente programa orçamentário, reflete, sobretudo, a preocupação com os impactos da pobreza não monetária, em especial no enfrentamento das circunstâncias que geram insegurança alimentar e nutricional, sem, contudo, deixar de lado as ações e ofertas de serviços para mitigação das desvantagens sociais a que estão submetidos os indivíduos vivendo em situação de pobreza e extrema pobreza.",2024,2,Programa,2024,2
413,23012,Fundo Estadual de Assistência Social,Feas,1518,2168,GESTÃO ESTADUAL DO SISTEMA ÚNICO DA ASSISTÊNCIA SOCIAL - SUAS,"O acesso a Politica de Assistência Social, é um direito garantido pela Constituição Federal de 1988, e dever do poder público a sua disponilidade a quem dela necessitar. No Estado de Rondônia há 62 unidades de Centro de Referência de Assistência Social - CRAS destinado a oferta dos programas e serviços de Proteção Social Básica , os quais  têm como objetivo apoiar as famílias e os indivíduos na ampliação de sua proteção social, promovendo o acesso a direitos e contribuindo para a melhoria da sua qualidade de vida. Os serviços atendem o conjunto da população em situação de vulnerabilidade, incluindo pessoas inseridas no Cadastro Único, beneficiários do Programa Bolsa Família e do Benefício de Prestação Continuada (BPC).  O Estado possui ainda 20 Centros de Referencia Especializados da Assistência Social - CREAS que oferece atendimento socioassistencial às famílias e indivíduos que se encontram em situação de risco pessoal ou social por ameaça ou violação de direitos, cujos vínculos familiares e comunitários não foram rompidos e que demandam intervenções especializadas. Além dos CRAS e CREAS, ainda há as unidades de acolhimento institucional destinadas ao atendimento de pessoas em situação de vínculos famíliares rompidos ou fragilizados. 
Desta forma cabe aos entes federados a gestão compatilhada desta rede, em suas especificades, por meio de financiamento compartilhado, apoio técnico, supervisão e monitoramento e a formação continuada dos trabalhadores do SUAS. ",Rede Estadual do Suas,Cidadania,continuo,2024-01-01T00:00:00,,Finalístico,"A Assistência Socal é politica pública não contributiva, regida pela Lei 8.742/1993 e no Estado de Rondônia pela Lei Complementar nº 1.052/2019. Por meio da Norma Operacional Básica da Assistência Social – NOB/SUAS, fora criado o Sistema Único da Assistência Social – SUAS, tendo sua ultima atualização normativa no ano de 2012.
A gestão do Sistema Único de Assistência Social - SUAS é dever compartilhado por todos os entes da Federação. Aos Estados compete a busca contínua e permanente pelo aprimoramento da Gestão da Política de Assistência Social, por meio do planejamento, articulação, monitoramento e avaliação da oferta de serviços e programas federais executados pela rede municipal do SUAS e a execução estadual da educação permanente, vigilância socioassistencial, controle social concessão de benefícios eventuais, repasse financeiro fundo a fundo e a proteção social especial de alta complexidade por meio do acolhimento institucional de idosos.",2024,2,Programa,2024,2
414,23012,Fundo Estadual de Assistência Social,Feas,1519,2169,PRIMEIRA INFÂNCIA,"A  Primeira Infância, compreende a criança desde a sua concepção até os 6 anos de idade, com o recorte especial, para a faixa de 0 a 3 anos, chamada de primeirissima infância.  O Marco Legal da Primeira Infância de  8 de março de 2016, traz em resumo a garantia às crianças o direito de brincar; reforçar a importância do atendimento domiciliar, especialmente a crianças em situação de vulnerabilidade. Segundo o economista americano James Heckman, prêmio Nobel de Economia de 2000, programas pré-escolares dão um retorno sobre o investimento de 7% a 10% por ano. Isso acontece por dois motivos. De um lado, crianças que recebem estímulos apropriados durante a primeira fase da vida têm um desenvolvimento emocional e cognitivo mais saudável, que se reflete nas realizações na fase adulta (seus cálculos apontam que crianças que frequentaram creche de qualidade vão  receber salários, na média, 25% maiores). Crianças que frequentaram creche de qualidade e pré-escola,  têm mais chances de terminar o ensino médio, menos chances de ir para a cadeia e mais chances de cursar uma faculdade. Uma dessas pesquisas, do professor de sociologia Donald J. Hernandez, do Hunter College, em Nova York, dá as proporções, para a realidade dos Estados Unidos: a chance de um jovem terminar o ensino médio é quatro vezes maior se ele souber ler com fluência no terceiro ano do ensino fundamental; e a chance de saber ler com fluência no terceiro ano dobram se ele entrar na escola já preparado para aprender. Segundo Heckman, o retorno do investimento nas  crianças é tão maior quanto mais cedo se comece a dar  atenção a elas. O segundo motivo é a economia em gastos futuros. Crianças bem cuidadas têm menos chance de precisar frequentar programas de recuperação educacional, menos probabilidade de fazer escolhas que prejudicam sua saúde e levem a atividades criminosas. ",Familias com crianças de 0 a 6 anos,Cidadania,continuo,2024-01-01T00:00:00,,Finalístico,"No Estado de Rondônia,  segundo dados do Ministério da Saúde no ano de 2021 havia 196.148 crianças com idade de 0 a 6 anos de idade (DATASUS). Sendo que destas 45.943 crianças de 0 a 6 anos estão em  situação de extrema probreza, ou seja, com renda percapita de  até R$ 104,00 mensais ( Secretaria Nacional de Renda e Cidadania – SENARC, CECAD 2.0, Maio de 2023). 
A taxa de mortalidade infantil no Estado é 12,34 a cada mil nascidos vivos, estando acima da média nacional, sendo que desses óbitos 65,29% foram de causas evitáveis. 
A proteção a crianças de 0 a 6 anos,  obrigatóriamente tem  prioridade absoluta na formulação, execução e proposição de politicas públicas, por tratar-se de pessoa em desenvolvimento e com alto risco de vulnerabilidade.  O desenvovimento protegido e na idade certa, comprovadamente aumenta a formação de adultos com melhores níveis de escolaridade e com a redução da evasão escolar; com melhores chances de acesso ao  mercado de trabalho; com menores índices de desevolvimento de doenças;   e impacta na redução dos indicadores de probreza.
Na primeira infância ocorre o maior número de desenvolvimento de estruturas e circuitos cerebrais do que em qualquer época da vida, bem como, a aquisição de capacidades fundamentais que permitirão o aprimoramento de habilidades futuras e  mais complexas.
Por isso fortalecer a oferta de politicas publicas de forma articulada  e  integrada na primeira infancia, é um investimento no futuro. É proporcionar as crianças rondonienses oportunidades de ter um desenvolvimento saudável e adequado.  ",2024,2,Programa,2024,2
415,23013,Fundo Estadual dos Direitos da Criança e do Adolescente,FUNEDCA,1498,2115,FORTALECIMENTO DO SISTEMA DE GARANTIA DOS DIREITOS DA CRIANÇA E DO ADOLESCENTE, Fortalecimento dos direitos da criança e do adolescente. ,Crianças e adolescentes do Estado de Rondônia.,Cidadania,continuo,2024-01-01T00:00:00,,Finalístico,"Conforme preconizado na Constituição Federal, é dever da família, da sociedade e do Estado assegurar à criança e ao adolescente, com absoluta prioridade, o direito à vida, à saúde, à alimentação, à educação, ao lazer, à profissionalização, à cultura, à dignidade, ao respeito, à liberdade e à convivência familiar e comunitária.
Sob essa perspectiva, o fortalecimento do do Sistema de Garantia de Direitos (SGD) é de suma importância para assegurar a proteção e promoção dos direitos da Criança e do Adolescente. O SGD é composto pelos órgãos de Assistência Social, Saúde, Educação e Segurança Pública, bem como Conselhos de Direito, Conselhos Tutelares, Ministério Público, Poder Judiciário, Defensoria Pública e Sociedade Civil, dentre outros, todos com atuação direta em atenção às demandas das crianças e dos adolescentes, principalmente no âmbito dos direitos violados.
A Constituição Federal e o Estatuto da Criança e do Adolescente (ECA) estabelecem a prioridade absoluta na garantia dos direitos dessa faixa etária. Fortalecer o SGD reforça esse compromisso, assegurando que as políticas públicas sejam desenvolvidas com foco nas necessidades específicas de crianças e adolescentes.",2024,2,Programa,2024,2
416,23015,Fundo Estadual dos Direitos da Pessoa Idosa,FEDIPI,1499,2117,FORTALECIMENTO DA POLÍTICA ESTADUAL DOS DIREITOS DA PESSOA IDOSA,Fortalecimento dos direitos da pessoa idosa.,População idosa do Estado de Rondônia,Cidadania,continuo,2024-01-01T00:00:00,,Finalístico,"O Brasil tem, atualmente, aproximadamente 215 (duzentos e quinze) milhões de habitantes, e deste montante 33 (trinta e três) estão acima dos 60 anos, ou seja, pessoas idosas, com projeção contínua e crescente para os próximos anos; o que segundo o Instituto Brasileiro de Geografia e Estatística (IBGE)  e a Organização das Nações Unidas, validados pela Secretaria Nacional dos Direitos da Pessoa Idosa (SNDPI), torna cada vez mais urgente a formatação de políticas públicas que deem atenção ao envelhecimento da população com qualidade de vida — uma das forma de combater o etarismo (ou idadismo), que é o preconceito contra pessoas que ultrapassaram certa faixa de idade.

Ainda que pese o disposto na Constituição Federal de 1988, com destaque ao Artigo 230, onde:
    
Art 230.A família, a sociedade e o Estado têm o dever de amparar as pessoas idosas, assegurando sua participação na comunidade, defendendo sua dignidade e bem-estar e garantindo-lhes o direito à vida.

O amparo citado não tem sido efetivo, visto que mais de 87% das situações de violência contra a pessoa idosa ocorrem dentro de sua própria casa, dados que têm aumentado segundo os  registros do Disk 100 (canal oficial para denúncias), do ano de 2022 para 2023, com referências de todo o território nacional. 

A partir dos dados acima elencados, o programa em tela subsidiará eventos que promovam a articulação intersetorial, com vistas a assegurar os direitos humanos e a cidadania da pessoa idosa; através de políticas públicas voltadas a prevenção e a mitigação das situações de violação, com base no Estatuto da Pessoa Idosa, Lei 10.741/2003, para garantia dos direitos fundamentais e sociais dos indivíduos.",2024,2,Programa,2024,2
417,23016,Fundo Estadual dos Direitos da Mulher,FUNEDM,1521,2116,FORTALECIMENTO DA POLÍTICA ESTADUAL DOS DIREITOS DA MULHER,"Manter, fortalecer e ampliar a execução de políticas públicas de direitos das mulheres no Estado de Rondônia, de forma a diminuir ou mitigar violação de direitos.",População feminina do Estado de Rondônia,Cidadania,continuo,2024-01-01T00:00:00,,Finalístico,"A Constituição Cidadã de 1988 buscou potencializar os direitos fundamentais da pessoa, incluindo a plena cidadania feminina, mas ainda assim a violência contra a mulher constitui uma das principais formas de violação dos direitos humanos. Trata-se de um problema social e histórico que ganhou visibilidade na contemporaneidade, cuja prática de violência passa a ser considerada crime com a promulgação da Lei Maria da Penha.
A Lei Maria da Penha (Lei 11.340/20006) também trouxe mecanismos para coibir e prevenir a violência doméstica e familiar, bem como estabeleceu medidas de proteção e assistência às mulheres em situação de violência doméstica e familiar. 
O Tribunal de Justiça de Rondônia registrou a concessão de 3.936 medidas protetivas de urgência em 2019, 5.444 medidas em 2020, 5.603 medidas em 2021, e no primeiro trimestre de 2022, 4.503 medidas protetivas de urgência foram concedidas às mulheres vítimas de violência doméstica e familiar. Além disso, a Secretaria de Estado da Segurança, Defesa e Cidadania (SESDEC) apresentou dados estatísticos referente aos registros de ocorrências policiais de crimes de ameaça, injúria, calúnia, difamação, lesão corporal relacionados à violência doméstica e familiar contra mulheres, sendo 3.411 no ano de 2021 e 3.536 em 2022; e de registros de feminicídio consumado no ano de 2022 teve um aumento de  28% em relação ao ano de 2021; já o de registros de feminicídio tentado o aumento foi alarmante, 12 ocorrências em 2022, o dobro em relação ao no de 2021. 
Necessário se faz propiciar suporte financeiro para manutenção e desenvolvimento de políticas públicas dos Direitos da Mulher, que visam  fortalecer e apoiar os Municípios na execução de suas ações de políticas públicas para mulheres possam realizar assistência, prevenção e proteção dos direitos das mulheres, bem como diminuir ou mitigar violação de direitos deste público alvo.",2024,2,Programa,2024,2
418,23030,Fundação Estadual de Atendimento Socioeducativo,Fease,1494,1015,GESTÃO ADMINISTRATIVA DO PODER EXECUTIVO,Gestão Administrativa do Poder Executivo,Unidades orçamentárias do Poder Executivo,Cidadania,continuo,2024-01-01T00:00:00,,Gestão Manutenção e Serviço,"Desenvolvimento de atividades meios para o bom desempenho das funções operacionais fins das Unidades para as quais foram criadas por Lei, visando eficiência e eficácia das Políticas Públicas no âmbito do Poder Executivo no Estado de Rondônia.",2024,2,Programa,2024,2
419,23030,Fundação Estadual de Atendimento Socioeducativo,Fease,1495,0000,OPERAÇÕES ESPECIAIS,"Realizar o Pagamento de Dívidas, Indenizações e Sentenças Judiciais.",Servidores que  atuam no sistema Socioeducativo,Cidadania,continuo,2024-01-01T00:00:00,,Operação Especial,"Garantia do pagamento de RPV ou outros, decorrentes de Decisões Judiciais, de modo a assegurar a administração pública efetivo e eficiente cumprimento.",2024,2,Programa,2024,2
420,23030,Fundação Estadual de Atendimento Socioeducativo,Fease,1496,2006,PROGRAMA ESTADUAL DE ATENDIMENTO SOCIOEDUCATIVO,"O programa se constitui em instrumento de alinhamento das normas previstas no ECA - Lei 8.069/90 e na Lei do SINASE (Sistema Nacional de atendimento Socioeducativo  Lei 12.594, de janeiro de 2012, com a execução das ações de atendimento socioeducativo no Estado de Rondônia.","Adolescentes em cumprimento de medida de internação provisória, internação sentenciada e semiliberdade.",Cidadania,continuo,2024-01-01T00:00:00,,Finalístico,Desenvolver o atendimento socioeducativo desde o início da inserção do adolescente junto ao sistema até o cumprimento da medida socioeducativa (Internação e Semiliberdade) estando diretamente relacionado ao ECA e ao que preconiza o SINASE.,2024,2,Programa,2024,2
421,23030,Fundação Estadual de Atendimento Socioeducativo,Fease,1497,2164,APRIMORAMENTO DA ESTRUTURA FÍSICA DAS UNIDADES SOCIOEDUCATIVAS,Assegurar a ampliação e Construção de Unidades Socioeducativas,servidores que atuam no sistema socioeducativo e adolescentes em cumprimento de medidas socioeducativas,Cidadania,continuo,2024-01-01T00:00:00,,Finalístico,"Realizar o aprimoramento das estruturas físicas das Unidades Socioeducativas, bem como, construção de Centros Socioeducativos, possibilitando um atendimento mais humanizado e salubre aos adolescente e servidores.",2024,2,Programa,2024,2
422,27001,Secretaria de Estado de Obras e Serviços Públicos ,Seosp,1571,1015,GESTÃO ADMINISTRATIVA DO PODER EXECUTIVO,Gestão Administrativa do Poder Executivo da Secretaria de Estado de Obras e Serviços Públicos - SEOSP/RO.,"Servidores, Escritórios da SEOSP/RO e Parceiros.",Gestão Estratégica,continuo,2024-01-01T00:00:00,,Gestão Manutenção e Serviço,"Oferecer recursos para aquisição de bens e serviços que gerem condições de modernizações dos recursos de execução dos escritórios da SEOSP/RO, para o desenvolvimento das funções estratégicas, táticas e operacionais, para a qual a Secretaria foi criada por Lei, visando promover a eficiência, eficácia e efetividade das políticas públicas do Poder executivo, inclusive no atendimento as parcerias com os poderes Legislativo, Judiciários e órgãos de controle.",2024,2,Programa,2024,2
423,27001,Secretaria de Estado de Obras e Serviços Públicos ,Seosp,1592,2130,PROGRAMA DE ACELERAÇÃO DO CRESCIMENTO - PAC,Programa de Aceleração do Crescimento - PAC,População do Estado de Rondônia,Desenvolvimento Econômico,temporário,2024-01-01T00:00:00,2027-12-01T00:00:00,Finalístico,"O PAC é regido pelo Manual de Instruções para Contratação e Execução dos Programas e Ações do Ministério das Cidades (Divulgado pela Portaria nº 164, de 12 de abril de 2013, publicada no DOU nº 71, de 15 de abril de 2013, Seção 1, pág. 101 e com as alterações introduzidas pelas Portarias nºs 270, de 13 de junho de 2013, publicada no DOU nº 113, de 14 de junho de 2013, Seção 1, pág. 47; 280, de 25 de junho de 2013, publicada no DOU nº 121, de 26 de junho de 2013, Seção 1, pág. 70; 287, de 28 de junho de 2013, publicada no DOU nº 124, de 1º de julho de 2013, Seção 1, pág. 57; 349, de 26 de julho de 2013, publicada no DOU nº 144, de 29 de julho de 2013, Seção 1, pág. 176; 444, de 26 de setembro de 2013, publicada no DOU nº 189, de 30 de setembro de 2013, Seção 1, págs. 84 e 85; 13, de 14 de janeiro de 2014, publicada no DOU nº 10, de 15 de janeiro de 2014, Seção 1, págs. 43 e 44; 43, de 28 de janeiro de 2014, publicada no DOU nº 21, de 30 de janeiro de 2014, Seção 1, pág. 93; 685, de 24 de outubro de 2014, publicada no DOU nº 207, de 27 de outubro de 2014, Seção 1, pág. 53; e 686, de 24 de outubro de 2014, publicada no DOU nº 207, de 27 de outubro de 2014, Seção 1, pág. 53.). A região Norte é a que apresenta os índices mais preocupantes, onde apenas 54,5% da população tem acesso ao abastecimento de água, 7,8% à coleta dos esgotos e apenas 14% de todo volume de esgoto gerado é tratado (SNIS, 2014). Rondônia é um típico caso da grande deficiência em saneamento básico na Região Norte. E foi inserido no programa do Governo Estadual, com o objetivo de melhorar as condições de saneamento básico em Rondônia. Para aumentar a cobertura de abastecimento de água tratada, de coleta e tratamento de esgoto, e de coleta e destinação adequada de resíduos sólidos. Os investimentos do PAC são disponibilizados aos municípios de Jaru, Ji-Paraná, Porto Velho e União bandeirantes, pelo grupo sob a coordenação do Ministério das Cidades, tendo como interveniente a CAIXA. Haja vista o estado encontra-se com um baixo índice de saneamento em todos os seus municípios, o PAC tem como objetivo, trazer uma melhor qualidade de vida a população. Pois a falta de condições adequadas de saneamento podem contribuir para a proliferação de inúmeras doenças parasitárias e infecciosas além da degradação do corpo da água. A disposição adequada dos esgotos é essencial para a proteção da saúde pública.",2024,2,Programa,2024,2
424,27001,Secretaria de Estado de Obras e Serviços Públicos ,Seosp,1610,2183,DESENVOLVIMENTO DA INFRAESTRUTURA URBANA,"A infraestrutura urbana e todo o conjunto de serviços básicos em uma cidade como telefone, água, gás, luz, transporte público em geral (aeroportos, portos, rodovias, ferrovias) e rede de esgoto - sistemas indispensáveis ao bem-estar e qualidade de vida da população.
Dessa forma, considerando as especificidades dos 52 municípios rondonienses, julga-se de extrema relevância a alocação de recursos orçamentários para a promoção do desenvolvimento urbano; ",População do Estado de Rondônia,Desenvolvimento Econômico,continuo,2024-01-01T00:00:00,,Finalístico,"Considerando o fortalecimento das ações municipalistas, bem como reforço da parceria para o desenvolvimento dos municípios o Governo do Estado de Rondônia busca promover a promoção do da infraestrutura urbana dos municípios. ",2024,2,Programa,2024,2
425,29001,Ministério Público,MP,1403,1280,PROGRAMA DE GESTÃO E MANUTENÇÃO DO MINISTÉRIO PÚBLICO DE RONDÔNIA,Programa de Gestão e Manutenção do Ministério Público do Estado de Rondônia,Ministério Público do Estado de Rondônia,Gestão Estratégica,continuo,2024-01-01T00:00:00,,Gestão Manutenção e Serviço,"Em razão da constante ampliação da atuação do Ministério Público Estadual para atender as demandas oriundas da sociedade, sobretudo, sua intervenção na defesa dos interesses coletivos e direitos dos cidadãos de Rondônia, faz-se necessário manter, ampliar e modernizar a infraestrutura e adquirir bens e serviços para instrumentalizar as áreas meio e fim, utilizando para isso as unidades orçamentárias  29001  e 29012.",2024,2,Programa,2024,2
426,29001,Ministério Público,MP,1404,1019,PREVIDÊNCIA SOCIAL ESTATUTÁRIA,"Promover e assegurar os benefícios previstos aos membros e servidores aposentados, seus pensionistas e dependentes",Ministério Público do Estado de Rondônia,Gestão Estratégica,continuo,2024-01-01T00:00:00,,Gestão Manutenção e Serviço,"Assegurar aos membros e servidores públicos do Ministério Público do Estado e a seus dependentes legais pagamento de valor estabelecido em lei, quando da aposentadoria ou do óbito, proporcionando, assim, a certeza da manutenção das condições financeiras da família.",2024,2,Programa,2024,2
427,29001,Ministério Público,MP,1560,1001,MP TRANSFORMANDO A SOCIEDADE,"Cumprir a missão de defender a ordem jurídica e o regime democrático, transformando a realidade social, tendo como diretrizes os macros-objetivos da perspectiva Sociedade definidos no Mapa estratégico e Plano Geral de Atuação do Ministério Público do Estado de Rondônia.",População do Estado de Rondônia,Gestão Estratégica,continuo,2024-01-01T00:00:00,,Finalístico,"O alcance da missão e da visão institucional ensejam a tutela dos interesses difusos e coletivos da sociedade. Neste contexto, como desdobramento tático da estratégia pode-se distinguir as áreas temáticas de atuação finalísticas, que representam os desafios da instituição e o compromisso desta com os cidadãos, quais sejam: Defender os direitos de crianças e adolescentes; Proteger o meio ambiente; Combater a criminalidade; Promover a ressocialização de reeducandos; Defender a probidade na gestão pública; Garantir atendimento de saúde de qualidade; Proporcionar acesso a educação de qualidade; Assegurar os direitos do cidadão; Promover o aperfeiçoamento do regime
democrático.",2024,2,Programa,2024,2
428,29012,Fundo de Desenvolvimento Institucional do Ministério Público de Rondônia,FUNDIMPER,1563,1280,PROGRAMA DE GESTÃO E MANUTENÇÃO DO MINISTÉRIO PÚBLICO DE RONDÔNIA,Programa de Gestão e Manutenção do Ministério Público do Estado de Rondônia,Ministério Público do Estado de Rondônia,Gestão Estratégica,continuo,2024-01-01T00:00:00,,Gestão Manutenção e Serviço,"Em razão da constante ampliação da atuação do Ministério Público Estadual para atender as demandas oriundas da sociedade, sobretudo, sua intervenção na defesa dos interesses coletivos e direitos dos cidadãos de Rondônia, faz-se necessário manter, ampliar e modernizar a infraestrutura e adquirir bens e serviços para instrumentalizar as áreas meio e fim, utilizando para isso as unidades orçamentárias 29001 e 29012.",2024,2,Programa,2024,2
429,29013,Fundo de Reconstituição de Bens Lesados,FRBL,1562,1001,MP TRANSFORMANDO A SOCIEDADE,"Cumprir a missão de defender a ordem jurídica e o regime democrático, transformando a realidade social, tendo como diretrizes os macro-objetivos da perspectiva Sociedade definidos no Mapa estratégico e Plano Geral de Atuação do Ministério Público do Estado de Rondônia.",População do Estado de Rondônia,Gestão Estratégica,continuo,2024-01-01T00:00:00,,Finalístico,"O alcance da missão e da visão institucional ensejam a tutela dos interesses difusos e coletivos da sociedade. Neste contexto, como desdobramento tático da estratégia pode-se distinguir as áreas temáticas de atuação finalísticas, que representam os desafios da instituição e o compromisso desta com os cidadãos, quais sejam: Defender os direitos de crianças e adolescentes; Proteger o meio ambiente; Combater a criminalidade; Promover a ressocialização de reeducandos; Defender a probidade na gestão pública; Garantir atendimento de saúde de qualidade; Proporcionar acesso a educação de qualidade; Assegurar os direitos do cidadão; Promover o aperfeiçoamento do regime democrático.",2024,2,Programa,2024,2
430,30001,Defensoria Pública do Estado de Rondonia,DPE,1551,1007,GESTÃO DE PESSOAS NA DPE/RO,Gestão de Pessoas na DPE/RO.,Público interno da Defensoria Pública,Gestão Estratégica,continuo,2024-01-01T00:00:00,,Gestão Manutenção e Serviço,"O programa se justifica pela necessidade de gestão das pessoas que trabalham na Defensoria Pública, por meio do pagamento de remuneração, benefícios e encargos, atração e retenção de talentos, melhoria das condições de trabalho e estabelecimento de boas práticas, tendo em vista o pleno funcionamento do órgão, para o cumprimento de sua missão de forma efetiva.",2024,2,Programa,2024,2
431,30001,Defensoria Pública do Estado de Rondonia,DPE,1552,2043,GESTÃO E MANUTENÇÃO DA DPE/RO,Gestão e Manutenção da DPE/RO,Público interno e externo da Defensoria Pública,Gestão Estratégica,continuo,2024-01-01T00:00:00,,Gestão Manutenção e Serviço,"O programa se justifica pela necessidade de gestão e manutenção das unidades e atividades da Defensoria Pública, por meio da realização de aquisições e contratações de bens e serviços estratégicos, administrativos, tecnológicos ou operacionais, tendo em vista o pleno funcionamento do órgão, para o cumprimento de sua missão de forma efetiva.",2024,2,Programa,2024,2
432,30001,Defensoria Pública do Estado de Rondonia,DPE,1554,2145,ASSISTÊNCIA JURÍDICA INTEGRAL E GRATUITA AOS VULNERÁVEIS,Assistência Jurídica Integral e Gratuita aos Vulneráveis.,Público externo da Defensoria Pública,Gestão Estratégica,continuo,2024-01-01T00:00:00,,Finalístico,"O programa se justifica pela necessidade de aperfeiçoamento da área finalística da Defensoria Pública, tendo em vista o cumprimento de seu dever constitucional de prestar assistência jurídica integral e gratuita aos vulneráveis, garantindo-lhes o acesso à justiça e concretizando direitos individuais e coletivos.",2024,2,Programa,2024,2
433,30011,Fundo Especial da Defensoria Pública do Estado de Rondônia,FUNDEP,1411,1008,FORTALECIMENTO E APRIMORAMENTO CULTURAL DO QUADRO FUNCIONAL DA DPE/RO,Fortalecimento e aprimoramento cultural do quadro funcional da DPE/RO,Público interno da Defensoria Pública,Gestão Estratégica,continuo,2024-01-01T00:00:00,,Gestão Manutenção e Serviço,"O programa se justifica pela necessidade de fortalecimento do quadro funcional da Defensoria Pública, associado ao aprimoramento cultural daqueles que trabalham no órgão, tendo em vista a garantia de uma atuação eficiente por meio de pessoas qualificadas.",2024,2,Programa,2024,2
434,30011,Fundo Especial da Defensoria Pública do Estado de Rondônia,FUNDEP,1412,1009,ESTRUTURAÇÃO E MODERNIZAÇÃO DA DPE/RO,Estruturação e modernização da DPE/RO,Público interno e externo da Defensoria Pública,Gestão Estratégica,continuo,2024-01-01T00:00:00,,Gestão Manutenção e Serviço,"O programa se justifica pela necessidade de estruturação, aparelhamento, manutenção, modernização e aprimoramento da comunicação na Defensoria Pública, tendo em vista o pleno funcionamento das unidades e atividades do órgão, para o cumprimento de sua missão de forma efetiva.",2024,2,Programa,2024,2
435,31001,Secretaria de Estado de Patrimônio e Regularização Fundiária,Sepat,1540,2159,GESTÃO DO PATRIMÔNIO MOBILIÁRIO,"Coordenar, normatizar, controlar, monitorar e fiscalizar o Patrimônio Mobiliário da Administração Pública Estadual.",Administração Pública Estadual,Gestão Estratégica,continuo,2023-08-01T00:00:00,,Finalístico,"A Secretaria de Estado de Patrimônio, como órgão central, visa padronizar a gestão do patrimônio mobiliário, coordenando, controlando, normatizando e fiscalizando os bens móveis do Estado.",2024,2,Programa,2024,2
436,31001,Secretaria de Estado de Patrimônio e Regularização Fundiária,Sepat,1585,2138,GESTÃO DO PATRIMÔNIO IMOBILIÁRIO,"Gestão do Patrimônio Imobiliário através da regularização dos imóveis Estaduais, referente a escrituras públicas, registro de imóveis, memorial descritivo, fiscalização, demarcação de imóveis estaduais e avaliação e reavaliação através da emissão de Laudo Técnico Rural e Urbano. E atualização cadastral dos seguintes documentos, planta de localização, matrícula no registro de imóveis, valor venal atualizado, cadastro imobiliário, termo de recebimento de obras, entre outras informações que se julguem necessárias. Assim como a padronização de normativas e sistemas de gestão imobiliária.",Unidades que compõem Administração Direta e Indireta do Poder Executivo,Meio Ambiente e Desenvolvimento Territorial,continuo,2024-01-01T00:00:00,,Finalístico,"Gerenciamento do patrimônio estadual e prestação de informação e orientação técnica e normativa aos órgãos e entidades estaduais sobre gestão do patrimônio do Estado.
Fiscalizar, acompanhar a entrega de bens de uso coletivo (imóveis) do Estado de Rondônia, a solicitação de projetos de leis pertinentes a doação bens imóveis de propriedade estaduais.
Realizar relatório de fiscalização do estado atual de cada uma das edificações ou terreno do imóvel para atualização e verificação das condições, guarda, conservação, manutenção e outras que se fizerem necessárias.
A promoção de ações para regularização cartorial dos bens imóveis de propriedade do Estado. 
E a viabilização dos laudos de avaliação mercadológica para alienação, aquisição, locação, doação, permuta, usucapião, desapropriação e o auxilio nos inventários dos imóveis  ocupados pela administração pública.
",2024,2,Programa,2024,2
437,31001,Secretaria de Estado de Patrimônio e Regularização Fundiária,Sepat,1628,1015,GESTÃO ADMINISTRATIVA DO PODER EXECUTIVO,"Garante o funcionamento do Poder Executivo do Estado de Rondônia, no que concerne aos objetivos desta secretaria de Fiscalizar, Monitorar, Avaliar, Gerenciar e Gerir o patrimônio do Estado de Rondônia e Promover a Regularização Fundiária Urbana e Rural.",População do Estado de Rondônia,Gestão Estratégica,continuo,2024-01-01T00:00:00,,Gestão Manutenção e Serviço,"Gerir e Manter o funcionamento da máquina pública diariamente com o máximo de eficácia e qualidade possíveis, afim de atingir os objetivos de desenvolvimento econômico, social, e sustentável do Estado de Rondônia, e assim garantindo a satisfação dos cidadãos Rondonienses com o serviço público local.",2024,2,Programa,2024,2
438,31001,Secretaria de Estado de Patrimônio e Regularização Fundiária,Sepat,1651,2119,MEU IMÓVEL LEGAL,"Promover o processo de regularização fundiária urbana e rural, em áreas públicas ocupadas por população de baixa renda, implementando medidas técnicas, administrativas, jurídicas, sociais e ambientais necessárias a efetivação da regularização fundiária para as atuais e novas áreas de interesse social.",Pessoas de baixa renda,Meio Ambiente e Desenvolvimento Territorial,continuo,2024-01-01T00:00:00,,Finalístico,"O programa visa promover a regularização fundiária de interesse social em áreas urbanas e rurais. A qual tem por foco a legalização e a inserção da propriedade e da posse na estrutura regular das cidades. Considerando que a regularização fundiária consiste em medidas jurídicas, urbanísticas, ambientais e sociais que visam à regularização de assentamentos irregulares e à titulação de seus ocupantes, de modo a garantir o direito social à moradia, o pleno desenvolvimento das funções sociais da propriedade urbana e rural e o direito ao meio ambiente ecologicamente equilibrado. Considerando que a regularização e legitimação da posse de um imóvel urbano e rural é condição essencial para estabelecer a segurança jurídica nas relações de propriedade e que o georreferenciamento é o trabalho técnico que delimita, com segurança, a extensão de uma propriedade. 
O Programa Meu imóvel Legal, tem como plano de governo, a regularização de 36 mil imóveis urbanos, a serem realizados nos municípios conveniados, em núcleos urbanos consolidados.",2024,2,Programa,2024,2
439,31001,Secretaria de Estado de Patrimônio e Regularização Fundiária,Sepat,1655,2160,GEORREFERENCIAMENTO, Georreferenciar imóveis urbanos e rurais e imóveis pertencentes ao patrimônio imobiliário do Estado de Rondônia.,"Órgãos da administração direta e indireta do executivo estadual, prefeituras municipais e entidades da sociedade civil organizada",Meio Ambiente e Desenvolvimento Territorial,continuo,2024-01-01T00:00:00,,Finalístico,"O georreferenciamento é a primeira etapa no processo de regularização fundiária que visa a titulação urbana e rural, bem como a demarcação, regularização e transferência ao Estado, dos imóveis do Patrimônio Estadual.",2024,2,Programa,2024,2
440,31010,Fundo Especial de Regularização Fundiária Urbana e Rural do Estado de Rondônia,FRFUR,1575,2161,REALIZAR ALIENAÇÃO DE BENS,Promover a Alienação de Bens Móveis e Imóveis do Estado de Rondônia.,População do Estado de Rondônia,Gestão Estratégica,continuo,2024-01-01T00:00:00,,Finalístico,"Realizar arrecadação financeira através do desfazimento de bens ociosos, por meio de: Leilão ou Concorrência.",2024,2,Programa,2024,2
441,31010,Fundo Especial de Regularização Fundiária Urbana e Rural do Estado de Rondônia,FRFUR,1675,2129,PROGRAMA ESTADUAL DE REGULARIZAÇÃO FUNDIÁRIA,"Promover a regularização fundiária urbana e rural para ampliação do acesso à terra bem como de redução da pobreza, alavancar o desenvolvimento econômico e social das cidades e das comunidades rurais envolvidas.","População de Baixa Renda,  ocupante de boa fé em áreas do Estado de Rondônia.",Meio Ambiente e Desenvolvimento Territorial,continuo,2024-01-01T00:00:00,,Finalístico,"A Regularização Fundiária é uma obrigação do Poder Público, que deve implementá-la para atender ao preceito constitucional de garantir a função social da propriedade, visando diminuir a exclusão territorial, ampliando o acesso aos bens e serviços, como também viabilizar o direito fundamental e direito humano de acesso à moradia e ao uso social da terra produtiva.
Por outro lado, no tocante as políticas públicas de regularização fundiária urbana e rural, o Programa Estadual de Regularização Fundiária, disciplina importante instrumento para viabilização das ações de regularização fundiária voltado a pequenos posseiros de baixa renda, da cidade ou do campo, que, por causa de insegurança dominial sobre os imóveis que ocupam, convivem com conflitos pelo uso e posse da terra e com sérios obstáculos para o desenvolvimento social e econômico de suas comunidades. Tem como principal finalidade a destinação de recursos aos programas de regularização fundiária urbana e rural, que garantam o acesso da população à terra urbanizada, através de medidas jurídicas, urbanísticas, ambientais e sociais, destinadas à incorporação dos núcleos urbanos informais ao ordenamento territorial urbano e a titulação de seus ocupantes, o desenvolvimento socioeconômico de pequenos agricultores e o fortalecimento da produção e a geração de emprego e renda no campo, legitimando suas posses, respectivamente.",2024,2,Programa,2024,2
442,32001,"Secretaria de Estado da Juventude, Cultura, Esporte e Lazer",Sejucel,1636,1015,GESTÃO ADMINISTRATIVA DO PODER EXECUTIVO,"Prover a Unidade de recursos orçamentários e financeiros para atender as atividades administrativas, com aquisição de bens e serviços,
gestão de pessoal, Operações Especiais e outras, de natureza administrativa, classificadas como despesas correntes e de capital.",Unidades orçamentárias do Poder Executivo,Cidadania,continuo,2024-01-01T00:00:00,,Gestão Manutenção e Serviço,"Desenvolver atividades-meios para o bom desenvolvimento das funções operacionais, fins da Unidade para qual foi criada por lei visando a eficiência e eficácia das politicas públicas do poder executivo ",2024,2,Programa,2024,2
443,32001,"Secretaria de Estado da Juventude, Cultura, Esporte e Lazer",Sejucel,1637,2143,PRESERVAÇÃO DO PATRIMÔNIO HISTÓRICO CULTURAL E IMATERIAL DE RONDÔNIA,"Preservar o patrimonio histórico e cultural do Estado, promovendo açoes para o desenvolvimento cultural com difusão, manutenção e preservação da cultura contribuindo para o desenvolvimento humano da população.",População do Estado de Rondônia,Cidadania,continuo,2024-01-01T00:00:00,,Finalístico,"Aplicação de recurso financeiro advindo do Estado de Rondônia, conforme disposto de lei de n° 965 de 20.12.2017 que atribui a superintendência estadual da juventude, cultura, Esporte e lazer - SEJUCEL, desenvolver ações de promoção, difusão e orientação das atividades culturais, em todas as formas e manifestações, bem como preservar o patrimônio histórico e cultural do Estado.",2024,2,Programa,2024,2
444,32001,"Secretaria de Estado da Juventude, Cultura, Esporte e Lazer",Sejucel,1639,2094,DESENVOLVIMENTO DO DESPORTO E LAZER,"O desporto e lazer em Rondônia busca promover a saúde, bem-estar e inclusão social da população, estimulando a prática de atividades físicas, esportivas e culturais. O governo investe na construção de infraestruturas adequadas, apoia a formação de atletas e equipes locais, além de incentivar a realização de eventos esportivos e culturais, fortalecendo a identidade do estado e impulsionando o turismo esportivo. Essas iniciativas visam criar uma sociedade mais saudável, coesa e com oportunidades de lazer para todos os cidadãos.",População do Estado de Rondônia,Cidadania,continuo,2024-01-01T00:00:00,,Finalístico,"O desenvolvimento do desporto e lazer em Rondônia é uma estratégia fundamental para o governo promover a melhoria da qualidade de vida de sua população. Ao investir nessas áreas, o governo estará incentivando a prática de atividades físicas, o que contribui para a redução dos índices de doenças crônicas e do sedentarismo, resultando em uma população mais saudável e produtiva. É uma forma de inclusão social, para crianças, jovens e grupos vulneráveis, favorecendo a construção de valores como respeito, trabalho em equipe e disciplina. Outro ponto relevante é o potencial econômico dessas atividades, impulsionando o turismo esportivo e gerando empregos diretos e indiretos em diversos setores. Com infraestrutura adequada e apoio ao desenvolvimento esportivo, Rondônia pode atrair eventos esportivos regionais.",2024,2,Programa,2024,2
445,32001,"Secretaria de Estado da Juventude, Cultura, Esporte e Lazer",Sejucel,1686,2010,DESENVOLVIMENTO SOCIAL DA JUVENTUDE,Desenvolvimento Social da Juventude,"Familias, crianças, adolescentes e jovens carentes",Cidadania,continuo,2024-01-01T00:00:00,,Finalístico,"Necessidade de promover, fomentar e valorizar políticas públicas voltadas ao desenvolvimento social da juventude do Estado de Rondônia.",2024,2,Programa,2024,2
446,32001,"Secretaria de Estado da Juventude, Cultura, Esporte e Lazer",Sejucel,1687,2093,DESENVOLVIMENTO CULTURAL,"Formular e fomentar políticas públicas, projetos e ações que promovam a cidadania por meio da cultura.",SOCIEDADE DE RONDÔNIA,Cidadania,continuo,2024-01-01T00:00:00,,Finalístico,"O programa fundamenta-se na concepção de cultura articulada em três dimensões: simbólica, cidadã e econômica. A dimensão simbólica aborda o aspecto da cultura que considera que todos os seres humanos têm a capacidade de criar símbolos que se expressam em práticas culturais diversas como idiomas, costumes, culinária, modos de se vestir, crenças, criações tecnológicas e arquitetônicas, bem como nas linguagens artísticas: teatro, música, artes visuais, dança, literatura, circo, entre outros. Em relação a dimensão cidadã considera-se o aspecto em que a cultura é entendida como um direito básico do cidadão. Assim, é preciso garantir que os rondonienses participem mais da vida cultural, criando e tendo mais acesso a livros, espetáculos de dança, teatro e circo, exposições visuais, filmes regionais e nacionais, apresentações musicais, expressões populares e ao Patrimônio Cultural material e imaterial do Estado de Rondônia. Na dimensão econômica, foca-se o Programa no aspecto da cultura como vetor econômico. A cultura como um lugar de inovação e expressão da criatividade rondoniense contribuindo para a construção de um cenário de desenvolvimento econômico, socialmente justo e sustentável. ",2024,2,Programa,2024,2
447,32012,Fundo de Desenvolvimento dos Desportos,Funder,1671,2094,DESENVOLVIMENTO DO DESPORTO E LAZER,"Desencadeamento de múltiplas ações esportivas coordenadas e supervisionadas pela SEJUCEL; apoio as entidades desportivas com a fomentação do esporte nos municípios, concessão de passagens aéreas para atendimento a atletas olímpicos e paraolímpicos. Promoção de atividades recreativas e de lazer, modernização dos espaços esportivos e realização de cursos básicos de arbitragem na qualificação da população rondoniense.","Profissionais do desporto, entidades de práticas e de administração do desporto, atletas e comunidade em geral",Cidadania,continuo,2024-01-01T00:00:00,,Finalístico,"Proporcionar atividades desportivas e de lazer a população, promovendo o desporto de rendimento com a realização de eventos esportivos e lazer no atendimento aos 52 (cinquenta e dois) municípios do estado de Rondônia como: Programa Bolsa-Atleta que tem o objetivo de formar uma geração de atletas com potencial de melhorar e aperfeiçoar sua performance esportiva. Esporte de participação buscando promover o fomento da modalidade em todas as suas manifestações. Capacitar e aperfeiçoamento dos gestores municipais, agentes e comunidade através de cursos que possam contribuir para o aumento da credibilidade destes profissionais junto a sociedade. Visa a construção, reforma, ampliação e manutenção dos espaços esportivos é de lazer de responsabilidade da Superintendência e ou através de convênios com as prefeituras e termo de fomento com as entidades, proporcionando qualidade de vida, conforto e segurança, garantindo melhor qualidade de vida e população rondoniense",2024,2,Programa,2024,2
448,32013,Fundo Estadual de Desenvolvimento da Cultura,Fedec,1615,2093,DESENVOLVIMENTO CULTURAL,Gerenciar o Fundo Estadual de desenvolvimento da Cultura - FEDEC,População do Estado de Rondônia,Cidadania,continuo,2024-01-01T00:00:00,,Finalístico,"Gerenciar recursos do FEDEC, tendo como foco financiar projetos culturais de iniciativa de pessoas fisicas e pessoas jurídicas de direito público e privado, destinados a fomentar a produção artístico-cultural de Rondônia. ",2024,2,Programa,2024,2
449,01001,Assembleia Legislativa do Estado de Rondônia,ALE,1399,0000,OPERAÇÕES ESPECIAIS,Execução das ações classificadas como operações especiais,Credores da Assembleia Legislativa,Gestão Estratégica,continuo,2024-01-01T00:00:00,,Operação Especial,"Necessidade de manutenção das ações administrativas para cobertura de despesas que não se pode associar à geração de um bem ou serviço, tais como pagamento de dívidas, indenizações administrativas ou cumprimento de sentenças judiciais, bem como o pagamento de pensionistas, nos termos da legislação vigente.",2024,3,Programa,2024,3
450,01001,Assembleia Legislativa do Estado de Rondônia,ALE,1400,1006,APERFEIÇOAMENTO DA GESTÃO DO PODER LEGISLATIVO,Execução de ações que visem aprimorar os mecanismos administrativos e as práticas legislativas.,"Parlamentares, Servidores e Sociedade",Gestão Estratégica,continuo,2024-01-01T00:00:00,,Gestão Manutenção e Serviço,"Dotar a Assembleia Legislativa de meios legais, estruturais, instrumentais e humanos, de modo a proporcionar melhores condições de trabalho e de atendimento à população, em observância ao princípio constitucional da eficiência e ao interesse público.",2024,3,Programa,2024,3
451,01001,Assembleia Legislativa do Estado de Rondônia,ALE,1401,1020,APOIO ADMINISTRATIVO DO PODER LEGISLATIVO,Execução de ações que visem aprimorar os mecanismos administrativos e as práticas legislativas,"Parlamentares, Servidores e Sociedade",Gestão Estratégica,continuo,2024-01-01T00:00:00,,Gestão Manutenção e Serviço,"Prover o suporte necessário à operacionalização e execução das atividades-meio da Assembleia Legislativa, de modo a garantir o pleno funcionamento do exercício do Poder Legislativo Estadual.",2024,3,Programa,2024,3
452,01001,Assembleia Legislativa do Estado de Rondônia,ALE,1402,2126,PODER LEGISLATIVO EM AÇÃO,Execução das ações predominantemente finalísticas da Assembleia Legislativa.,Toda a população do Estado de Rondônia,Cidadania,continuo,2024-01-01T00:00:00,,Finalístico,"Dotar a Assembleia Legislativa de recursos necessários ao exercício da representatividade social e da função legislativa, em atendimento às demandas da população nos aspectos legislativos e de fiscalização na sua esfera de competência, visando à melhoria dos serviços públicos e do bem-estar comum.",2024,3,Programa,2024,3
453,02001,Tribunal de Contas do Estado,TCE,1393,0000,OPERAÇÕES ESPECIAIS,Promover aos servidores do Tribunal de Contas o pagamento de sentenças e/ ou acordo judiciais.  ,Servidores do Tribunal de Contas do Estado de Rondônia,Gestão Estratégica,continuo,2024-01-01T00:00:00,,Operação Especial,Cumprir o pagamento de sentenças e/ ou acordos judiciais.,2024,3,Programa,2024,3
454,02001,Tribunal de Contas do Estado,TCE,1394,1019,PREVIDÊNCIA SOCIAL ESTATUTÁRIA,"Assegurar aos Membros, Servidores e Dependentes o pagamento de aposentadoria e pensões.",Servidores públicos do Estado e seus dependentes legais,Gestão Estratégica,continuo,2024-01-01T00:00:00,,Gestão Manutenção e Serviço,"Assegurar aos servidores públicos inativos e pensionistas do Tribunal de Contas do Estado o pagamento de um valor estabelecido em lei, quando da aposentadoria ou do óbito, proporcionando, assim, a certeza da manutenção das condições financeiras da família. ",2024,3,Programa,2024,3
455,02001,Tribunal de Contas do Estado,TCE,1408,1011,"REMUNERAÇÃO, INCENTIVO E VALORIZAÇÃO DOS SERVIDORES DO TCE/RO","Consiste em um conjunto de estratégias implementadas por meio de ações interligadas e complementares voltadas aos servidores do TCERO, que transcendem a remuneração e abrangem as demandas humanas para o desempenho de suas atividades laborais, tais como o senso de pertencimento, desenvolvimento e reconhecimento profissional, realização pessoal, e de forma ampla, promover à sociedade o sistema de controle externo na gestão pública através de corpo técnico, cumprindo os preceitos constitucionais.   ",Servidores do Tribunal de Contas do Estado de Rondônia,Gestão Estratégica,continuo,2024-01-01T00:00:00,,Gestão Manutenção e Serviço,"Os servidores públicos do Tribunal de Contas do Estado de Rondônia (TCE RO) desempenham papel - direta ou indiretamente - crucial no exercício do controle externo, que, a seu turno, objetiva assegurar a alocação e dispêndio de recursos públicos pelo Estado em ações e políticas vertidas em prol da sociedade. Neste diapasão, o trabalho dos servidores desta casa está intrinsecamente conectado ao avanço social. Portanto, valorizá-los e proporcioná-los melhores condições de trabalho é fundamental para assegurar melhoria à população do Estado de Rondônia.",2024,3,Programa,2024,3
456,02001,Tribunal de Contas do Estado,TCE,1413,2147,CONTROLE EXTERNO DAS CONTAS PÚBLICAS,Gestão das Ações Institucionais de Controle Externo.,"Órgãos da Administração Direta e Indireta, demais entes estadual e municipal.",Gestão Estratégica,continuo,2024-01-01T00:00:00,,Finalístico,"Promover a gestão fiscal responsável é condição essencial para garantir o financiamento da atuação governamental em todas as políticas públicas e, por conseguinte, para o desenvolvimento econômico e social sustentável. No geral, a maioria dos entes jurisdicionados destinam reduzida parcela da receita total aos investimentos que geram bem-estar à população e melhoram o ambiente de negócios. Para a garantia da sustentabilidade do financiamento das políticas públicas, o TCE deve atuar por meio de ações de controle tempestivas, sempre que possível de caráter preventivo, para assegurar o equilíbrio financeiro, provendo recomendações, alertas e determinações. ",2024,3,Programa,2024,3
457,02001,Tribunal de Contas do Estado,TCE,1414,1010,APRIMORAMENTO DA GESTÃO E GOVERNANÇA INSTITUCIONAL DO TCE/RO,Gestão das atividades administrativas e o desenvolvimento da política e gestão da tecnologia da informação para aprimoramento e modernização do TCE-RO.,Servidores do Tribunal de Contas do Estado de Rondônia e dos órgãos jurisdicionados,Gestão Estratégica,continuo,2024-01-01T00:00:00,,Gestão Manutenção e Serviço,"As atividades de gestão e governança evidenciam a existência e continuidade dos serviços prestados para o alcance dos objetivos institucionais. Justifica-se ainda pela necessidade de viabilizar as atividades de inspeção e auditoria, por intermédio de ações de apoio administrativo e tecnológico para o exercício do controle externo das contas públicas e da avaliação de políticas públicas. ",2024,3,Programa,2024,3
458,02001,Tribunal de Contas do Estado,TCE,1416,2146,AVALIAÇÃO DE POLÍTICAS PÚBLICAS,"O Tribunal de Contas deverá estruturar e realizar, periodicamente, avaliações do funcionamento das políticas públicas para assegurar o funcionamento dos processos críticos que conduzam à preservação e conservação das unidades de conservação.",Servidores do Tribunal de Contas e jurisdicionados,Gestão Estratégica,continuo,2024-01-01T00:00:00,,Finalístico,"O Brasil e a região Norte em particular enfrentam grandes desafios para alcançar os desafios dos Objetivos de Desenvolvimento Sustentável da Agenda 2023. Na perspectiva de melhorar a qualidade de vida das atuais e futuras gerações, o TCE assume o compromisso de contribuir para o atingimento dos objetivos e metas do Plano Nacional de Educação (PNE) e do Plano de Ação para Prevenção e Controle do Desmatamento na Amazônia Legal (PPCDAm).",2024,3,Programa,2024,3
459,02011,Fundo de Desenvolvimento Institucional do Tribunal de Contas do Estado de Rondônia,FDI,1415,1220,GESTÃO DO FUNDO DE DESENVOLVIMENTO INSTITUCIONAL - FDI,"Gestão do Fundo de Desenvolvimento Institucional - FDI, vinculado ao Tribunal de Contas do Estado de Rondônia.",Administração pública em geral,Gestão Estratégica,continuo,2024-01-01T00:00:00,,Gestão Manutenção e Serviço,"São finalidades precípuas do Fundo de Desenvolvimento Institucional criar condições técnicas, materiais e de espaço físico que
promovam o desenvolvimento institucional, o aperfeiçoamento dos instrumentos de gestão, planejamento, administração e controle dos planos e técnicas aprovadas pelo Tribunal de Contas.",2024,3,Programa,2024,3
460,02011,Fundo de Desenvolvimento Institucional do Tribunal de Contas do Estado de Rondônia,FDI,1698,1010,APRIMORAMENTO DA GESTÃO E GOVERNANÇA INSTITUCIONAL DO TCE/RO,Gestão das atividades administrativas e o desenvolvimento da política e gestão da tecnologia da informação para aprimoramento e modernização do TCE-RO.,Servidores do Tribunal de Contas do Estado de Rondônia e dos órgãos jurisdicionados,Gestão Estratégica,continuo,2024-01-01T00:00:00,,Gestão Manutenção e Serviço,"As atividades de gestão e governança evidenciam a existência e continuidade dos serviços prestados para o alcance dos objetivos institucionais. Justifica-se ainda pela necessidade de viabilizar as atividades de inspeção e auditoria, por intermédio de ações de apoio administrativo e tecnológico para o exercício do controle externo das contas públicas e da avaliação de políticas públicas. ",2024,3,Programa,2024,3
461,02011,Fundo de Desenvolvimento Institucional do Tribunal de Contas do Estado de Rondônia,FDI,1699,2146,AVALIAÇÃO DE POLÍTICAS PÚBLICAS,"O Tribunal de Contas deverá estruturar e realizar, periodicamente, avaliações do funcionamento das políticas públicas para assegurar o funcionamento dos processos críticos que conduzam à preservação e conservação das unidades de conservação.",Servidores do Tribunal de Contas e jurisdicionados,Gestão Estratégica,continuo,2024-01-01T00:00:00,,Finalístico,"O Brasil e a região Norte em particular enfrentam grandes desafios para alcançar os desafios dos Objetivos de Desenvolvimento Sustentável da Agenda 2023. Na perspectiva de melhorar a qualidade de vida das atuais e futuras gerações, o TCE assume o compromisso de contribuir para o atingimento dos objetivos e metas do Plano Nacional de Educação (PNE) e do Plano de Ação para Prevenção e Controle do Desmatamento na Amazônia Legal (PPCDAm).",2024,3,Programa,2024,3
462,02011,Fundo de Desenvolvimento Institucional do Tribunal de Contas do Estado de Rondônia,FDI,1700,2147,CONTROLE EXTERNO DAS CONTAS PÚBLICAS,Gestão das Ações Institucionais de Controle Externo.,"Órgãos da Administração Direta e Indireta, demais entes estadual e municipal.",Gestão Estratégica,continuo,2024-01-01T00:00:00,,Finalístico,"Promover a gestão fiscal responsável é condição essencial para garantir o financiamento da atuação governamental em todas as políticas públicas e, por conseguinte, para o desenvolvimento econômico e social sustentável. No geral, a maioria dos entes jurisdicionados destinam reduzida parcela da receita total aos investimentos que geram bem-estar à população e melhoram o ambiente de negócios. Para a garantia da sustentabilidade do financiamento das políticas públicas, o TCE deve atuar por meio de ações de controle tempestivas, sempre que possível de caráter preventivo, para assegurar o equilíbrio financeiro, provendo recomendações, alertas e determinações. ",2024,3,Programa,2024,3
463,03001,Tribunal de Justiça,TJ,1649,1012,GESTÃO DE PESSOAS E QUALIDADE DE VIDA NO TRABALHO,Gestão de Pessoas e Qualidade de Vida no Trabalho,Magistrados(as) e servidores(as) e estagiários (as) do Poder Judiciário e da administração pública do Estado de Rondônia.,Gestão Estratégica,continuo,2024-01-01T00:00:00,,Gestão Manutenção e Serviço,"O programa ""Gestão de Pessoas, Manutenção de Serviços e Qualidade de Vida no Trabalho"" busca valorizar os(as) magistrados(as), servidores(as) e estagiários(as), humanizar as relações de trabalho, promover a saúde, melhorar as condições de trabalho e a qualidade de vida no ambiente profissional. Essas ações estão alinhadas com o objetivo de melhorar a gestão de pessoas estabelecido na Estratégia 2021-2026 do Poder Judiciário do Estado de Rondônia (PJRO). Ademais, esta SGP desenvolve ações e práticas voltadas ao gerenciamento de pessoas e processos, de modo sustentável, eficiente, com caráter valorativo e proativo. Sendo que, a premente necessidade de otimização dos recursos e a mitigação de desperdícios impõe a necessidade de melhorar a gestão. Deste modo, assegurar a manutenção das atividades administrativas e judiciárias do PJRO implica elevar o padrão de eficiência da gestão dos contratos e serviços, primando pela qualidade, rapidez, precisão e menor custo possível. Os dados obtidos por meio da aplicação da Pesquisa de Clima 2022, evidenciou que, embora o Índice de Favorabilidade Anual tenha atingido 73,46%, alguns pontos demandam ações, a exemplo: >Qualidade de Vida 60% >Reconhecimento Profissional 67% >Benefícios 79% >Comunicação Interna 79% >Imagem Institucional 70% Essas temáticas foram relembradas no Diagnóstico do Programa de Qualidade de Vida no Trabalho do TJRO, o que demonstra a necessidade da continuidade do programa. Com as ações promovidas pelo programa busca-se atingir/manter os indicadores da Estratégia do PJRO 2021-2026, quais sejam: a manutenção do índice de absenteísmo-doença em 2,5%, bem como o atingimento anual do Índice de Favorabilidade do Clima Organizacional superior a 70%. Destaca-se as Resoluções n. 240/2016-CNJ, n. 121/2019-PR, n. 207/2015-CNJ e n. 031/2017-PR, que estabelecem diretrizes e políticas de gestão de pessoas e atenção à saúde no âmbito do Poder Judiciário. Nelas prevalecem a importância de promover ambientes, processos e condições de trabalho saudáveis ​​e conscientizar magistrados e servidores sobre sua responsabilidade nesses aspectos. Ao aprimorar a gestão de pessoas e a qualidade de vida no ambiente de trabalho, obtêm-se benefícios significativos. Dentre eles, destaca-se, o aumento da eficiência dos serviços prestados, promoção de um clima organizacional positivo e a satisfação dos (as) magistrados(as), servidores(as) e estagiários(as) deste PJRO.",2024,3,Programa,2024,3
464,03001,Tribunal de Justiça,TJ,1656,1014,"GESTÃO DAS AÇÕES INERENTES À SEGURANÇA PESSOAL, PATRIMONIAL E DE INTELIGÊNCIA INSTITUCIONAL","Gestão das ações inerentes à segurança pessoal, patrimonial e de inteligência institucional",Magistrados e Servidores do Poder Judiciário de Rondônia									,Gestão Estratégica,continuo,2024-01-01T00:00:00,,Gestão Manutenção e Serviço,"Com efeito, a criminalidade tratada pelo judiciário brasileiro sofreu profunda modificação nos últimos tempos, onde se verifica que são cada vez mais comuns os crimes de base organizativa, compreendendo a corrupção, o tráfico de entorpecentes, pessoas, armas e lavagem de dinheiro.
A alteração do perfil da criminalidade e as várias formas com que ela se manifesta, obriga a adoção de cuidados igualmente diversificados, tanto dos ambientes em que se desenvolvem as atividades jurisdicionadas a ela inerentes, bem como dos agentes públicos nelas envolvidos.
Atento ao contexto apresentado, o Conselho Nacional de Justiça editou a Resolução n. 435, de 28/10/2021 que dispõe sobre a política e o sistema nacional de segurança do Poder Judiciário e dá outras providências, especificamente em seu Capítulo VI "" Das Medidas de Segurança no âmbito dos Conselho e Tribunais"". Nesse sentido, é essencial para a proteção contra depredação, violação, evasão, apropriação indébita e outras ações que redundem em dano ao patrimônio e para assegurar a integridade física dos magistrados, servidores e demais colaboradores no desempenho de suas atividades, e, ainda, daqueles que transitam pelas dependências deste Órgão. Dar a todos os envolvidos na execução das competências incumbidas a este Poder Judiciário a sensação de estarem seguros. Ainda nessa senda, realizar ações da atividade de inteligência destinadas a instrumentalizar o exercício da segurança institucional, produzindo conhecimentos e informações que subsidiem ações, de forma neutralizar e coibir ameaças e atos criminosos na esfera de competência deste Pode Judiciário do Estado de Rondônia. ",2024,3,Programa,2024,3
465,03001,Tribunal de Justiça,TJ,1670,1019,PREVIDÊNCIA SOCIAL ESTATUTÁRIA,Previdência Social Estatutária,Servidores públicos do Estado de Rondônia,Gestão Estratégica,continuo,2024-01-01T00:00:00,,Gestão Manutenção e Serviço,"Assegurar aos servidores públicos do Tribunal de Justiça do Estado e a seus dependentes legais o pagamento de um valor estabelecido em lei, quando da aposentadoria ou do óbito, proporcionando, assim, a certeza da manutenção das condições financeiras da família.",2024,3,Programa,2024,3
466,03001,Tribunal de Justiça,TJ,1683,2065,APRIMORAMENTO DA ESTRUTURA DO PJRO,Aprimoramento da Estrutura do PJRO,"Magistrados, Servidores do Poder Judiciário de Rondônia e jurisdicionados	",Gestão Estratégica,continuo,2024-01-01T00:00:00,,Finalístico,"O programa justifica-se pela importância que possui na dotação de estrutura adequada para que a Instituição tenha condições de cumprir sua missão de prestar serviço jurisdicional. Possuindo unidades prediais distribuídas em parte dos municípios do Estado de Rondônia, o PJRO tem o dever de apresentar unidades prediais adequadas para atendimento dos servidores, magistrados e jurisdicionado. Assim, para esta finalidade o programa contribui na medida em que se presta a realizar reformas nos locais em que prédios do TJRO não tem a estrutura adequada, como espaço, acessibilidade, segurança, mobiliário, dentre outros. O programa também soluciona situações em que as atuais unidades já não atendem a necessidade do TJRO quanto ao tamanho, localidade e disposição, propondo a construção de fóruns modernos e condizentes com a atuação do Tribunal no Estado.",2024,3,Programa,2024,3
467,03011,Fundo de Aperfeiçoamento dos Serviços Judiciários,FUJU,1605,0000,OPERAÇÕES ESPECIAIS,Operações Especiais,"Magistrados, Servidores e jurisdicionados",Gestão Estratégica,continuo,2024-01-01T00:00:00,,Operação Especial,"Necessidade de uniformização das ações administrativas na cobertura de despesas as quais não se pode associar a geração de bem ou serviço, tais como cumprimento de sentenças judiciais, financiamento com retorno, transferências constitucionais, transferências decorrentes de lei específica, outras transferências, serviços da dívida interna, serviços da dívida externa, refinanciamento da dívida interna, refinanciamento da dívida externa, amortizações, encargos, aquisições de títulos, fundos de participação, operações de financiamento, ressarcimento de toda ordem, indenizações, pagamento de inativos e pensionistas, participações acionárias, contribuições a organismos nacionais e internacionais, compensações financeiras e outros encargos especiais.",2024,3,Programa,2024,3
468,03011,Fundo de Aperfeiçoamento dos Serviços Judiciários,FUJU,1634,2073,"GESTÃO, MANUTENÇÃO E SERVIÇOS DO PODER JUDICIÁRIO","Gestão, Manutenção e Serviços do Poder Judiciário","Estagiários(as), jurisdicionados(as), magistrados(as) e servidores(as) do Poder Judiciário do Estado de Rondônia   	",Gestão Estratégica,continuo,2024-01-01T00:00:00,,Gestão Manutenção e Serviço,"Este Programa justifica-se pela necessidade de manutenção das atividades administrativas e judiciárias do PJRO, por meio de serviços, bens/materiais, infraestrutura indispensáveis à continuidade do serviço, prezando pela qualidade, eficiência e celeridade da Justiça de Rondônia.",2024,3,Programa,2024,3
469,03011,Fundo de Aperfeiçoamento dos Serviços Judiciários,FUJU,1635,2065,APRIMORAMENTO DA ESTRUTURA DO PJRO,Aprimoramento da Estrutura do PJRO,"Magistrados, Servidores do Poder Judiciário de Rondônia e jurisdicionados",Gestão Estratégica,continuo,2024-01-01T00:00:00,,Finalístico,"O programa justifica-se pela importância que possui na dotação de estrutura adequada para que a Instituição tenha condições de cumprir sua missão de prestar serviço jurisdicional. Possuindo unidades prediais distribuídas em parte dos municípios do Estado de Rondônia, o PJRO tem o dever de apresentar unidades prediais adequadas para atendimento dos servidores, magistrados e jurisdicionado. Assim, para esta finalidade o programa contribui na medida em que se presta a realizar reformas nos locais em que prédios do TJRO não tem a estrutura adequada, como espaço, acessibilidade, segurança, mobiliário, dentre outros. O programa também soluciona situações em que as atuais unidades já não atendem a necessidade do TJRO quanto ao tamanho, localidade e disposição, propondo a construção de fóruns modernos e condizentes com a atuação do Tribunal no Estado.",2024,3,Programa,2024,3
470,03011,Fundo de Aperfeiçoamento dos Serviços Judiciários,FUJU,1641,2185,POLÍTICA DA PAZ,Política da Paz,População do Estado de Rondônia,Gestão Estratégica,continuo,2024-01-01T00:00:00,,Finalístico,"A implementação do programa Política da Paz, estabelece no âmbito do Poder Judiciário de Rondônia uma ferramenta estratégica para o devido planejamento de ações e iniciativas que tem como objetivo a efetivação do devido acesso à justiça, tratamento adequado dos conflitos de interesses, pacificação social e prevenção de litígios.
Verifica-se ser necessário a concretrização deste programa para: 1) Descontruir Barreiras e resistências para a implementação de Métodos Consensuais de Solução de Conflitos, 2) Dificuldade na tomada de decisões ágeis e eficientes; 3) Sobrecarga na programação das atividades do Nupemec. Estes  problemas dificultam as implementações, os aperfeiçoamentos e a efetividades de soluções consensuais para solução de conflitos desenvolvidas por este Poder Judiciário, uma vez que a existências e a persistências destas virão a colaborar com a cultura do litígio em nossa sociedade, resultando no congestionamento de processos no Poder Judiciário, tornando mais longos e custosos e impactando negativamente na imagem desta instituição em frente à sociedade, pela não efetividade das políticas adotadas.
A implementação do programa visa contornar esse impacto negativo,  com adoção de medidas que melhorem a efetividade das políticas adotadas, decisões com agilidade e eficiência e assegurar recursos para melhorar a capacidade de execução das atividades do Nupemec.
As principais causas que contribuem para causar esta situação são: As barreiras e resistências para a efetivação dos Métodos Consensuais de Solução de Conflitos; Dificuldade na tomada de decisões ágeis e eficientes e Sobrecarga da programação das atividades do Nupemec. Também, a ineficácia dos canais de comunicação comprometem e acabam impactando a comunicação intersetorial e interinstitucional desta Instituição, gerando a adoção de práticas divergentes dos direcionamentos externados pela administração.    
Concernente às estrutura das unidades vinculadas à temática, nos 23 Cejusc's averiguou-se que estas demonstraram estarem insuficientes quanto ao quadro de pessoal, com demanda acima de suas capacidades de atendimento, gerando produtividade abaixo do esperado. 
Com a implementação do programa, esperamos direcionar os esforços do Tribunal de Justiça do Estado de Rondônia para fortalecer os métodos consensuais de solução de conflitos, fomentando a padronização, integração, agilidade, eficiência e mudança cultural na sociedade, promovendo a paz, a justiça e a harmonia social, tornando sua implementação essencial para o aprimoramento do sistema de justiça, atingindo objetivos específicos: 1) Descontruir Barreiras e resistências para a implementação de Métodos Consensuais de Solução de Conflitos, 2) Dificuldade na tomada de decisões ágeis e eficientes; 3) Sobrecarga na programação das atividades do Nupemec.",2024,3,Programa,2024,3
471,03011,Fundo de Aperfeiçoamento dos Serviços Judiciários,FUJU,1643,1017,APRENDIZAGEM ORGANIZACIONAL,Aprendizagem Organizacional,Magistrados(as) e Servidores(as) do Tribunal de Justiça do Estado de Rondônia e dos órgãos jurisdicionados,Gestão Estratégica,continuo,2024-01-01T00:00:00,,Gestão Manutenção e Serviço,"O programa é fundamentado na necessidade de fortalecer o Poder Judiciário e a administração pública do Estado de Rondônia, garantindo a eficiência, eficácia e efetividade das instituições. O incentivo ao desenvolvimento, capacitação e realização de pesquisas, publicações, estudos e projetos de extensão, juntamente com a promoção da formação continuada de magistrados(as) e servidores(as) do PJRO, contribui para aprimorar as competências e habilidades, o que resulta em um serviço público de maior qualidade e maior satisfação da população. Além disso, ao alinhar as ações com a Estratégia do Poder Judiciário de Rondônia, em especial o objetivo 10 e suas respectivas metas estratégicas, garante-se um planejamento adequado e uma atuação voltada para as necessidades reais da sociedade. Isso também favorece a integração e a cooperação entre as diferentes esferas do setor público e a comunidade em geral. Promover iniciativas de extensão e responsabilidade social é fundamental para aproximar o Poder Judiciário e a administração pública da população, facilitando o acesso à justiça e contribuindo para a harmonia social. Essa aproximação permite uma maior compreensão dos direitos e deveres por parte dos cidadãos, o que resulta em um ambiente mais justo e igualitário. Portanto, o objetivo proposto, incluindo a promoção da formação continuada, é crucial para fortalecer o Estado de Rondônia e garantir que o Poder Judiciário e a administração pública atuem de forma eficiente, responsiva e alinhada às demandas da sociedade, promovendo a justiça e a harmonia social.",2024,3,Programa,2024,3
472,03011,Fundo de Aperfeiçoamento dos Serviços Judiciários,FUJU,1644,1031,POLÍTICAS E SERVIÇOS EXTRAJUDICIAIS,Políticas e Serviços Extrajudiciais,População do Estado de Rondônia,Gestão Estratégica,continuo,2024-01-01T00:00:00,,Gestão Manutenção e Serviço,"Os serviços notariais e registrais são prestados por particulares, que recebem delegação do Poder Público, conforme disposto no art. 236 da Constituição Federal do Brasil, os quais devem ser fiscalizados pelo Poder Judiciário, mais precisamente pela atuação direta da Corregedoria Geral de Justiça (CGJ).

Em Rondônia, a Lei Estadual 2.936, de 26 de dezembro de 2012, regulamenta o regimento de custas e emolumentos relativos ao atos dos serviços extrajudiciais. Cabe aos notários e oficiais de registros, a título de remuneração, os emolumentos pelos atos que praticarem.

Parte do valor arrecadado com as custas e selos é destinado ao ressarcimento dos atos gratuitos praticados pelo Tabelionato de Registro Civil, como, por exemplo, o registro e a expedição da primeira certidão de nascimento. Conforme o art. 7°, § 1° da Lei Estadual n. 918, de 20 de setembro de 2000, após o ressarcimento e complementação de renda mínima às serventias que praticam atos do registro civil das pessoas naturais, caso haja sobra de recursos, este será destinado ao FUJU para o desenvolvimento de ações de aprimoramento dos serviços notariais e registrais do Estado, por meio de projetos vinculados à Corregedoria Geral.

Cabe ressaltar que o aperfeiçoamento do Sistema Gerencial do Extrajudicial do Poder Judiciário de Rondônia (Sigextra) deve ser constante, a fim de que sejam cumpridas as normas do Conselho Nacional de Justiça e garantida a eficiência na prestação dos serviços extrajudiciais. Para isso, é necessário que sejam implementados sistemas, ferramentas e tecnologias para a unificação e a proteção de dados, bem como a prestação dos serviços extrajudiciais de forma mais ágil e segura. Além disso, é necessário que haja a edição de legislação específica, complementar e/ou modificativa, em âmbito estadual, visando acompanhar as inovações e atualizações normativas em nível nacional.

Embora haja um ressarcimento mensal e uma complementação de renda mínima para os Registros Civis das Pessoas Naturais (RCPN), há um superávit (sobra) anual que deve ser usado para melhorar a prestação dos serviços extrajudiciais. Para tanto, o programa visa englobar projetos e atividades capazes fomentar a desjudicialização, a desburocratização, a regularização fundiária, a capacitação dos profissionais envolvidos e a transformação digital, entre outras iniciativas.

A capacitação dos (as) delegatários (as), interinos (as), prepostos (as) e servidores (as) da Corregedoria-Geral de Justiça é considerada essencial para garantir a qualidade dos serviços prestados pelas serventias extrajudiciais e reduzir a possibilidade de erros que possam prejudicar a eficiência e segurança jurídica dos atos.

Além disso, a regularização fundiária é vista como uma importante política pública que garante o direito fundamental à moradia e está diretamente ligada a outros direitos sociais previstos na Constituição Federal. Embora a responsabilidade pelo processo de regularização seja do ente municipal, o Poder Judiciário tem o desafio de atuar de forma ativa para garantir a efetivação desse direito e reduzir litígios.

Registre-se, por oportuno, a obrigatoriedade do Poder Judiciário na realização de concurso público, em até 6 (seis) meses, para provimento de serventias vagas, nos moldes dos arts. 15 e 16 da Lei 8.935/1994, de 18 de novembro de 1994, que dispõe o seguinte:

Art. 15. Os concursos serão realizados pelo Poder Judiciário, com a participação, em todas as fases, da Ordem dos Advogados do Brasil, do Ministério Público, de um notário e um registrador.

Art. 16. As vagas serão preenchidas alternadamente, duas terças partes do concurso público de provas e títulos e uma terça parte por meio de remoções reguladas por lei estadual ou do Distrito Federal, homologadas pelo respectivo Tribunal de Justiça, que ocorreram no período anterior à publicação desta Lei.

Por fim, cumpre ressaltar que o programa abrange ações relacionadas às atividades de 111 (cento e onze) serventias extrajudiciais, com impacto nos 52 (cinquenta e dois) municípios de Rondônia.",2024,3,Programa,2024,3
473,03011,Fundo de Aperfeiçoamento dos Serviços Judiciários,FUJU,1646,1018,GESTÃO E SERVIÇOS JUDICIAIS DO 1° GRAU,Gestão e Serviços Judiciais do 1° grau ,"Jurisdicionados, População em Geral; Magistrados (as) e Servidores (as) do 1º Grau de Jurisdição",Gestão Estratégica,continuo,2024-01-01T00:00:00,,Gestão Manutenção e Serviço,"Segundo o Relatório Justiça em Números 2022, produzido pelo Conselho Nacional de Justiça (CNJ), o Tribunal de Justiça de Rondônia (TJRO) é o  mais demandado do país, com a maior quantidade de casos novos por habitante no Brasil.  Com cerca de 15.972 processos novos por habitante, o TJRO enfrenta carga significativa de trabalho, com 1.684 casos por magistrado. Mesmo com a maior produtividade por magistrados entre os tribunais de pequeno porte, com um Índice de Produtividade dos Magistrados (IPM) de 1.863, o TJRO tem o desafio de melhorar o seu Índice de Atendimento à Demanda (IAD), refletindo a capacidade do tribunal em dar vazão ao volume de casos ingressados. Em 2022, o IAD do Judiciário rondoniense foi de 96%, mas alcançou maior capacidade em 2021, com 101,9%.
Esses números demonstram o compromisso e a dedicação dos magistrados do TJRO em lidar com a alta demanda processual e em garantir a prestação jurisdicional eficiente à população de Rondônia. No entanto, é fundamental implementar iniciativas para aperfeiçoar e impulsionar a prestação jurisdicional. A exemplo, embora o tempo médio de tramitação dos processos pendentes e baixados, bem como o tempo médio da inicial até a sentença no segundo grau e primeiro grau, estejam entre os menores tempos de tramitação do país, o TJRO tem a intenção de melhorar ainda mais esses indicadores.
Dentre as melhorias necessárias, destaca-se a simplificação e padronização de procedimentos e modelos, a fim de garantir maior uniformidade e agilidade nos trâmites processuais. É preciso aprimorar o controle da litigância serial e  o gerenciamento dos precedentes, modernizar a Justiça Criminal e aperfeiçoar a transparência dos processos, e fortalecer a comunicação com os jurisdicionados. A integração do sistema PJe com outras plataformas judiciais, como Sisbajud, BNMP e SEEU, dentre outras, é essencial para uma tramitação mais eficiente dos processos. 
O Programa Justiça 4.0 implementado pelo CNJ com a finalidade de impulsionar a transformação digital do Judiciário para garantir serviços mais rápidos, eficazes e acessíveis, é oportunidade que o TJRO pode aproveitar, pois é parceiro do CNJ em uma das principais frentes do programa, a Plataforma Sinapses/Codex, onde atua como desenvolvedor. As soluções digitais colaborativas instadas pelo Programa, automatizam as atividades dos tribunais, otimizam o trabalho dos magistrados, servidores e advogados, e garantem mais produtividade, celeridade, governança e a transparência dos processos. 
O TJRO é reconhecido como um dos melhores tribunais do país, com tradição na modernização e inovação de procedimentos, sistemas e estruturas. É vencedor do Selo Diamante concedido pelo CNJ, pela quarta vez consecutiva em 2022. Suas práticas também são premiadas, tais como os fóruns digitais, laureados com o Prêmio Innovare. Importa à Instituição, manter-se no topo dos tribunais mais eficientes do país, com o propósito maior de garantir justiça mais ágil e eficiente, com foco na transformação dos processos judiciais, ao mesmo tempo em que reforça o compromisso de fortalecer os direitos e garantias individuais dos cidadãos rondonienses.
A execução do presente programa, baseia-se principalmente na necessidade de garantir a eficiência e efetividade do sistema judicial de Rondônia. Portanto, por meio do programa será fortalecido o alinhamento da prestação jurisdicional do 1º Grau de Jurisdição à Estratégia do Poder Judiciário de Rondônia (PJRO), para assegurar que os serviços judiciais estejam em conformidade com os objetivos estratégicos do Tribunal de Justiça e do Conselho Nacional de Justiça, promovendo a efetividade das políticas e diretrizes estabelecidas.
Este alinhamento contribui com o atingimento das Metas Nacionais e outros instrumentos de orientação estabelecidas pelo CNJ, fundamentais para o desempenho e a eficiência do sistema de Justiça em todo o país, demonstrando o compromisso em buscar a excelência na prestação de serviços judiciais.
Para o alcance da excelência desejada, deve ser considerado o embate às ineficiências nos procedimentos judiciais que resultam em uma série de consequências negativas para a prestação jurisdicional, como a morosidade na resolução e a insegurança dos processos judiciais. Portanto, torna-se imprescindível aperfeiçoar as práticas e procedimentos em vista da celeridade, eficiência e qualidade.",2024,3,Programa,2024,3
474,03011,Fundo de Aperfeiçoamento dos Serviços Judiciários,FUJU,1652,2186,ENFRENTAMENTO DA VIOLÊNCIA CONTRA A MULHER,Enfrentamento da violência contra a mulher,"População do Estado de Rondônia, especialmente as mulhres",Gestão Estratégica,continuo,2024-01-01T00:00:00,,Finalístico,"Segundo o Anuário Brasileiro de Segurança Pública 2023, publicado pelo Fórum Brasileiro de Segurança Pública (FBSP), os homicídios em que as vítimas são mulheres e os feminicídios aumentaram de 2021 para 2022, assim como as tentativas de homicídio e feminicídio, sendo que Rondônia teve um aumento de quase 50% nos feminicídios. De acordo com o relatório do FBSP, todas as formas de violência contra a mulher cresceram em 2022, sendo que Rondônia se destacou negativamente no aumento dessas violências, sejam tentadas ou efetivadas. Assim, o Programa de Enfrentamento da Violência Contra a Mulher almeja melhorar essa realidade no Estado de Rondônia, fundamentalmente no que tange às competências do Poder Judiciário Rondoniense.",2024,3,Programa,2024,3
475,03011,Fundo de Aperfeiçoamento dos Serviços Judiciários,FUJU,1653,1013,"GESTÃO, MANUTENÇÃO E SERVIÇOS DE TIC","Gestão, manutenção e serviços de TIC","Estagiários(as), jurisdicionados(as), magistrados(as) e servidores(as) do Poder Judiciário do Estado de Rondônia   	",Gestão Estratégica,continuo,2024-01-01T00:00:00,,Gestão Manutenção e Serviço,"O principal problema enfrentado é a necessidade de uma infraestrutura de TI moderna, escalável e segura, que permita inovação, eficiência operacional e melhor governança de dados, enquanto reduz a vulnerabilidade a ameaças cibernéticas. Para isso, é necessário a renovação das garantias dos equipamentos de microinformática, bem como a manutenção dos contratos relacionados à infraestrutura, segurança, serviços, sistemas e governança. A crescente judicialização das demandas e a necessidade de modernização da área administrativa do Poder judiciários do Estado de Rondônia resultam em necessidades de armazenamento, processamento, segurança e governança de dados. Por isso tem sido realizado investimentos contínuos em soluções de Tecnologia da Informação (TI) para dar suporte e agilizar o fluxo dessas demandas. Além disso, as demandas atuais da área de Tecnologia da Informação e Comunicação (TIC) são cada vez mais complexas e exigentes, porém, a infraestrutura existente mostra-se limitada e incapaz de atender ao aumento na utilização de recursos, o que afeta diretamente a velocidade dos sistemas judiciais e administrativos. Com relação a inovação, um ponto crítico a ser destacado é a ausência de automação na elaboração de minutas de documentos decisórios, o que prejudica a duração razoável dos processos. Além disso, a falta de disponibilidade de alguns sistemas impede uma identificação eficiente das informações necessárias para a automação adequada. Outro ponto a ser ressaltado é o fato de que a maioria dos serviços utilizados pelo Poder Judiciário está disponível internamente e na internet, aumentando assim o risco potencial de incidentes de segurança cibernética. Com os serviços institucionais se tornando cada vez mais dependentes dos recursos computacionais, é necessário enfrentar continuamente as novas ameaças e vulnerabilidades que surgem constantemente, nem sempre sendo possível solucioná-las de forma definitiva internamente. Diante desses desafios, fica evidente que a tecnologia da informação exerce um impacto direto nas estratégias do Poder Judiciário de Rondônia (PJRO), viabilizando a construção de soluções inovadoras, a eficiência do desempenho operacional e a otimização da produtividade. Além disso, é responsável por manter em funcionamento todas as soluções de TIC atualmente utilizadas pelo Poder Judiciário. Portanto, investir em uma infraestrutura de TI moderna e escalável é fundamental para atender às necessidades crescentes do Poder Judiciário, garantindo a eficiência e eficácia na prestação de serviços jurisdicionais à sociedade.",2024,3,Programa,2024,3
476,11003,Procuradoria-Geral do Estado,PGE,1473,1015,GESTÃO ADMINISTRATIVA DO PODER EXECUTIVO,Funcionamento e a Manutenção das atividades operacionais da unidade.,Unidades orçamentárias do Poder Executivo,Gestão Estratégica,continuo,2024-01-01T00:00:00,,Gestão Manutenção e Serviço,"Desenvolver atividades-meios para o bom desenvolvimento das funções operacionais-fins da Unidade para qual foi criada por lei, visando à eficiência e eficácia das Políticas Públicas do Poder Executivo.",2024,3,Programa,2024,3
477,11003,Procuradoria-Geral do Estado,PGE,1482,0000,OPERAÇÕES ESPECIAIS,"Custear pagamentos de despesas de créditos devidos a particulares de decisões judiciais em favor de terceiros mediante Requisição de Pequeno Valor (RPV), exceto precatórios.",População de Rondônia que demandam de acesso a justiça,Gestão Estratégica,continuo,2024-01-01T00:00:00,,Operação Especial,"A Requisição de Pequeno Valor (RPV) representa uma obrigação a pagar após o trânsito em julgado de decisão judicial, o teto é estipulado pela Lei Estadual nº 1788/2007, que fixou em 10 Salários mínimos o limite para pagamento da RPV, e o prazo para pagamento é de 60 (sessenta) dias, e o presente programa visa realizar pagamentos de honorários em favor de advogados dativos, peritos, tradutores, intérpretes e órgãos técnicos ou científicos, eventualmente nomeados pelo Poder Judiciário para atuar em processos em que a parte for beneficiária da justiça gratuita, a fim de garantir o acesso à justiça aos que comprovarem carência de recursos e para pagamento de sentenças judiciais mediante RPV, exceto precatórios.",2024,3,Programa,2024,3
478,11003,Procuradoria-Geral do Estado,PGE,1485,2155,GESTÃO DA DÍVIDA ATIVA,Promover melhoria na recuperação de créditos tributários inscritos em dívida ativa.,SOCIEDADE DE RONDÔNIA,Cidadania,continuo,2024-01-01T00:00:00,,Finalístico,"A aplicação de recursos para investimentos na administração fazendária é essencial para o aprimoramento e incremento da arrecadação do estado, bem como contribui para os processos sistêmicos de reflexão sobre a qualidade do gasto, garante-se dessa forma que a PGE atue em seus dois eixos prioritários de trabalho, quais sejam a ""RESPONSABILIDADE FISCAL (perspectiva do gasto) e a ARRECADAÇÃO (perspectiva da receita). ",2024,3,Programa,2024,3
479,11003,Procuradoria-Geral do Estado,PGE,1684,2085,FORTALECIMENTO DA ESTRUTURA FÍSICA DA PGE/RO,"Dotar as Unidades da Procuradoria Geral do Estado (PGE), localizadas tanto na sede como nas Regionais e na Representação Judicial em Brasília-DF, com uma estrutura física apropriada. Criar um ambiente equipado e propício para a execução eficiente das atividades jurídicas e administrativas, garantindo assim, um melhor desempenho das Unidades do Poder Executivo.",Administração pública em geral,Gestão Estratégica,continuo,2024-01-01T00:00:00,,Finalístico,"Atender as necessidades das unidades da Procuradoria Geral do Estado (PGE) , seja na Sede, nas Regionais ou na Representação e Judicial em Brasília-DF, priorizando a destinação de recursos para a manutenção e aprimoramento da estrutura física, bem como a aquisição de equipamentos e materiais permanentes, visando melhorar o atendimento ao público e proporcionar aos servidores condições ideais de trabalho. Programa estratégico alinhado à política da Instituição, reafirmando o compromisso com a excelência no serviço público e a valorização do público e dos servidores.",2024,3,Programa,2024,3
480,11004,Superintendência Estadual de Turismo,Setur,1442,1015,GESTÃO ADMINISTRATIVA DO PODER EXECUTIVO,Gestão Administrativa do Poder Executivo,Unidades orçamentárias do Poder Executivo,Gestão Estratégica,continuo,2024-01-01T00:00:00,,Gestão Manutenção e Serviço,"Desenvolver atividades-meios para o bom desenvolvimento das funções operacionais-fins da Unidade para qual foi criada por lei, visando à eficiência e eficácia das Políticas Públicas do Poder Executivo.",2024,3,Programa,2024,3
481,11004,Superintendência Estadual de Turismo,Setur,1511,2108,DESENVOLVIMENTO DO TURISMO,Desenvolvimento do Turismo.,Municípios do Estado de Rondônia,Desenvolvimento Econômico,continuo,2024-01-01T00:00:00,,Finalístico,"O Estado de Rondônia com vários atrativos turísticos: naturais, históricos, religioso, ecoturismo, esporte e lazer, culturais, exposições agropecuárias, entre outros, sendo possível transformar esses segmentos em produtos turísticos vendáveis, com geração de emprego, renda e tributos para o estado, aquecendo a economia. Nesse sentido, torna-se necessário a exploração desse potencial, visto que o turismo é a terceira indústria que mais cresce no mundo, ficando atrás apenas da aviação e do setor petrolífero, sendo considerada indústria limpa não poluente. Para consecução dos objetivos desse Programa serão empenhados esforços de estruturação e melhoria de atrativos Turísticos do Estado, Apoio as Ações do CADASTUR dentro e fora do Estado, Participação da SETUR em eventos e feiras dentro e fora do Estado, Elaboração do Plano Estadual de Turismo, Apoio da SETUR em eventos de cunho turístico, visita técnica aos municípios do estado, mapa da regionalização do turismo em RO/mapa do turismo brasileiro.",2024,3,Programa,2024,3
482,11004,Superintendência Estadual de Turismo,Setur,1701,2000,DESENVOLVE RONDÔNIA,"Desenvolve Rondônia
","Empresas dos setores Agroindustriais, Industriais, Comerciais, Mineração, Prestação de Serviços, Turismo, Empreendedores e Microempreendedores, Cooperativas, de Tecnologia, Inovação, Indústria da Construção Civil, Farmacêutica e Médica",Desenvolvimento Econômico,continuo,2024-01-01T00:00:00,,Finalístico,"O apoio governamental ao desenvolvimento econômico justifica-se em razão da capacidade contributiva dos resultados alcançados através do avanço econômico e social obtido com o aprimoramento da ciência, tecnologia e inovação nas cadeias produtivas do Estado, com o desenvolvimento e apoio ao Empreendedorismo fomentando o crescimento do PIB estadual, através da comercialização e fortalecimento das cadeias produtivas regionais e promovendo a atração de investimentos, impactando diretamente no fomento do Emprego e Renda.",2024,3,Programa,2024,3
483,11005,Controladoria-Geral do Estado,CGE,1486,1015,GESTÃO ADMINISTRATIVA DO PODER EXECUTIVO,"Qualificação dos servidores da Controladoria-Geral do Estado, bem como funcionamento e manutenção das atividades administrativas da unidade.",Servidores da controladoria geral do Estado,Gestão Estratégica,continuo,2024-01-01T00:00:00,,Gestão Manutenção e Serviço,"Garantir o funcionamento das atividades administrativas do Órgão Central de Controle Interno do Poder Executivo Estadual, assegurando a utilização de recursos de modo eficiente e eficaz para a que a Controladoria-Geral do Estado possa alcançar seus objetivos institucionais, por meio da remuneração de servidores, formação e qualificação e promoção de ações preventivas de saúde ocupacional de qualidade de vida no trabalho, bem como por meio da manutenção administrativa da CGE/RO.  ",2024,3,Programa,2024,3
484,11005,Controladoria-Geral do Estado,CGE,1665,2190,FORTALECIMENTO DO ÓRGÃO CENTRAL DO SISTEMA DE CONTROLE INTERNO DO PODER EXECUTIVO,Garantir a execução das atividades fins da Controladoria-Geral do Estado de Rondônia.,Unidades setoriais de controle do Poder Executivo e Sociedade,Gestão Estratégica,continuo,2024-01-01T00:00:00,,Finalístico,"Os avanços tecnológicos impõem ao sistema de controle interno uma necessidade contínua de aprimoramento e investimento para acompanhar a evolução do ambiente de produção. Esses avanços se traduzem em inovação tecnológica e novas formas de atuação. Nesse sentido, considerando a missão da Controladoria Geral do Estado em agir de maneira preventiva, concomitante e corretiva no enfrentamento e prevenção à corrupção, fomento da transparência e cultura de integridade, fortalecimento da auditoria interna, além de responsabilização de pessoas jurídicas e ações cidadãs. As ações desse programa são fundamentais para o fortalecimento do sistema de controle para que as Unidades Gestoras do Poder Executivo possam atingir seus objetivos estratégicos e defendendo os interesses da coletividade.",2024,3,Programa,2024,3
485,11006,Secretaria de Estado do Desenvolvimento Econômico,Sedec,1462,1015,GESTÃO ADMINISTRATIVA DO PODER EXECUTIVO,Gestão Administrativa da Unidade,Secretaria de Estado do Desenvolvimento Econômico - SEDEC,Desenvolvimento Econômico,continuo,2024-01-01T00:00:00,,Gestão Manutenção e Serviço,"Necessidade de programar recursos para a Gestão Administrativa da Unidade, tais como despesas com diárias, passagens, material de consumo, material permanente e contratos administrativos.",2024,3,Programa,2024,3
486,11006,Secretaria de Estado do Desenvolvimento Econômico,Sedec,1467,2000,DESENVOLVE RONDÔNIA,Desenvolve Rondônia,"Empresas dos setores Agroindustriais, Industriais, Comerciais, Mineração, Prestação de Serviços, Turismo, Empreendedores e Microempreendedores, Cooperativas, de Tecnologia, Inovação, Indústria da Construção Civil, Farmacêutica e Médica",Desenvolvimento Econômico,continuo,2024-01-01T00:00:00,,Finalístico,"O apoio governamental ao desenvolvimento econômico justifica-se em razão da capacidade contributiva dos resultados alcançados através do avanço econômico e social obtido com o aprimoramento da ciência, tecnologia e inovação nas cadeias produtivas do Estado, com o desenvolvimento e apoio ao Empreendedorismo fomentando o crescimento do PIB estadual, através da comercialização e fortalecimento das cadeias produtivas regionais e promovendo a atração de investimentos, impactando diretamente no fomento do Emprego e Renda.",2024,3,Programa,2024,3
487,11006,Secretaria de Estado do Desenvolvimento Econômico,Sedec,1469,2072,PROTEÇÃO E DEFESA DOS DIREITOS DO CONSUMIDOR,"Promover a proteção e garantia dos direitos dos consumidores visando cumprimento da legislação consumerista conscientizando todos os atores desta relação de seus direitos e deveres, objetivando o equilíbrio do mercado de consumo sustentavelmente.
",Consumidores e Fornecedores de bens e serviços.,Desenvolvimento Econômico,continuo,2024-01-01T00:00:00,,Finalístico,"A ampliação o mercado de consumo, desde plataformas tecnológicas e redes de comunicação proporcionaram maior aproximação do Consumidor e Fornecedor, por conseguinte o referido cenário enseja e maior demanda na resolução de conflitos entre as partes e a necessidade de aprimoramento tecnológico para acompanhar o mercado, tanto na fiscalização quanto nas ações educativas de conscientização dos atores envolvidos na relação de consumo. Não obstante, verifica-se a necessidade de descentralização dos serviços prestados pelo PROCON para cobertura nas diversas regiões do Estado de Rondônia.",2024,3,Programa,2024,3
488,11006,Secretaria de Estado do Desenvolvimento Econômico,Sedec,1659,2187,FORTALECIMENTO DAS ESTATAIS,"Promover o fortalecimento das Estatais Rongás, Companhia de Mineração de Rondônia (CMR), Sociedade de Portos e Hidrovias (SOPH), Companhia de Águas e Esgoto de Rondônia (CAERD).","Rongás, Companhia de Mineração de Rondônia (CMR), Sociedade de Portos e Hidrovias (SOPH), Companhia de Águas e Esgoto de Rondônia (CAERD).",Desenvolvimento Econômico,continuo,2024-01-01T00:00:00,,Finalístico,"O apoio as Estatais é essencial ao desenvolvimento do Estado de Rondônia em razão da promoção do progresso do marco do saneamento, exportações realizadas através da Estrutura Portuária sob administração do Estado, produção e exploração do Calcário realizado pela CMR, bem como a produção e exploração dos minerais existentes em Rondônia. ",2024,3,Programa,2024,3
489,11006,Secretaria de Estado do Desenvolvimento Econômico,Sedec,1663,2142,PROGRAMA DE PARCERIAS PÚBLICO-PRIVADAS DO ESTADO DE RONDÔNIA – PPP,Definir a viabilidade econômico-financeira objetivando a atratividade para concessão de serviços públicos.,"Órgãos da Administração Direta e Indireta, demais entes estadual e municipal.",Desenvolvimento Econômico,continuo,2024-01-01T00:00:00,,Finalístico,"O Programa destina-se a fomentar, coordenar, regular e fiscalizar a realização de parcerias e concessões no âmbito da Administração Pública Estadual Direta e Indireta, nos termos da Lei Complementar nº 609/2011.",2024,3,Programa,2024,3
490,11007,Superintendência Estadual de Tecnologia da Informação e Comunicação,Setic,1421,1015,GESTÃO ADMINISTRATIVA DO PODER EXECUTIVO,"Garantir o pleno funcionamento das atividades de apoio administrativo de todas as Unidades Orçamentárias do Poder Executivo, coordenando recursos humanos, materiais, financeiros e técnicos, como forma de assegurar e otimizar as tarefas executadas.",Administração pública em geral,Gestão Estratégica,continuo,2024-01-01T00:00:00,,Gestão Manutenção e Serviço,"Desenvolver atividades meio para proporcionar o bom desempenho das funções operacionais e finalísticas da Unidade, visando a eficiência e a eficácia das Políticas Públicas do Poder Executivo.
",2024,3,Programa,2024,3
491,11007,Superintendência Estadual de Tecnologia da Informação e Comunicação,Setic,1549,2074,GESTÃO INTEGRADA DAS ATIVIDADES DE GESTÃO GOVERNAMENTAL E TECNOLOGIA DA INFORMAÇÃO E COMUNICAÇÃO,"Disponibilização de infraestrutura de rede e comunicação de dados para as unidades governamentais, provendo processamento, segurança da informação, análise e gestão de dados, desenvolvimento e manutenção de sistemas, bem como promover por meio da Tecnologia da Informação e Comunicação, o desenvolvimento sustentável com foco na inclusão social, governança e proteção do meio ambiente - dentre outras atividades relacionadas à área.",Administração pública em geral,Gestão Estratégica,continuo,2024-01-01T00:00:00,,Finalístico,"A gestão integrada das atividades relacionadas à gestão e tecnologia da informação simplificam o acesso e o compartilhamento de serviços prestados tanto à população quanto aos demais órgãos governamentais, gerando economia e eficiência nas ações do Estado.
",2024,3,Programa,2024,3
492,11008,Superintendência Estadual de Compras e Licitações,SUPEL,1481,1015,GESTÃO ADMINISTRATIVA DO PODER EXECUTIVO,Gestão administrativa do Poder Executivo ,Unidades orçamentárias do Poder Executivo,Gestão Estratégica,continuo,2024-01-01T00:00:00,2023-07-01T00:00:00,Gestão Manutenção e Serviço,"Desenvolver atividades-meios para o bom desenvolvimento das funções operacionais-fins da Unidade para qual foi criada por lei, visando à eficiência e eficácia das Políticas Públicas do Poder Executivo.",2024,3,Programa,2024,3
493,11008,Superintendência Estadual de Compras e Licitações,SUPEL,1547,2058,EFICIÊNCIA OPERACIONAL,Eficiência Operacional.,Unidades orçamentárias do Poder Executivo,Gestão Estratégica,continuo,2024-01-01T00:00:00,,Finalístico,Promover eficiência nas aquisição de bens e serviços por meio de licitação ou outros instrumentos congênere,2024,3,Programa,2024,3
494,11009,Superintendência de Gestão dos Gastos Públicos Administrativos ,SUGESP,1419,1015,GESTÃO ADMINISTRATIVA DO PODER EXECUTIVO,Gestão Administrativa do Poder Executivo,Unidades orçamentárias do Poder Executivo,Gestão Estratégica,continuo,2024-01-01T00:00:00,,Gestão Manutenção e Serviço,"Desenvolver atividades meio de forma a subsidiar o alcance dos objetivos, finalidades e atribuição da Unidade e de seus órgãos vinculados.",2024,3,Programa,2024,3
495,11009,Superintendência de Gestão dos Gastos Públicos Administrativos ,SUGESP,1420,2133,FORTALECIMENTO DO DESENVOLVIMENTO REGIONAL,Fomentar o Desenvolvimento Regional Sustentável do Estado de Rondônia por meio da implantação das políticas públicas e inovações com o fortalecimento das Secretarias Executivas Regionais e a implantação de 09 Núcleos de Projetos Regionais pautadas nas diretrizes do PDES.,"Prefeituras dos Municípios e as Organizações da Sociedade Civil constituídas, tendo como objetivo proporcionar o desenvolvimento sócio econômico da população daquela Região.",Gestão Estratégica,continuo,2024-01-01T00:00:00,,Finalístico,"O desenvolvimento socioeconômico do Estado de Rondônia perpassa por macropolíticas públicas estabelecidas pelas unidades Governamentais, o apoio para fortalecimento dessas políticas junto as prefeituras dos 52 Municípios e sociedade civil é competência das Secretarias Executivas Regionais as quais fomentam e buscam o desenvolvimento mais amiúde valorizando os recursos e realidades locais, sendo as mesmas fundamentais desde os diagnósticos e busca de soluções muitas vezes dentro da própria região. A busca pelo desenvolvimento requer inovações de metodologias e benchmarking que se busca com a participação do Estado no Consórcio Brasil Central BrC que traz projetos para melhorar indicadores de competências Estaduais e Municipais, o programa busca trazer esse desenvolvimento regional para todas as dez regiões do Estado por meio da implantação de 09 NÚCLEOS DE PROJETOS REGIONAIS que serão a base, instâncias de integração para o desenvolvimento regional local onde estão estabelecidos órgãos do Governo Federal, Estadual, e Municipal a serviço e diálogo da Sociedade Civil Organizada.",2024,3,Programa,2024,3
496,11009,Superintendência de Gestão dos Gastos Públicos Administrativos ,SUGESP,1429,2128,COMUNICAÇÃO GOVERNAMENTAL,"Promover a Comunicação Governamental, levando aos públicos interno e externo os atos e fatos de governo por meio das ações de comunicação corporativa (produção de releases, matérias jornalísticas, notas distribuídas aos veículos de comunicação estaduais e nacionais, atendimento à imprensa, realização de entrevistas coletivas, realização de eventos; qualificação dos porta-vozes institucionais, qualificação do quadro de assessores de comunicação), e por meio da publicidade institucional e de utilidade pública.",População do Governo do Estado de Rondônia,Gestão Estratégica,continuo,2024-01-01T00:00:00,,Finalístico,"Garantir ao cidadão um direito constitucional, frente à ferramenta de comunicação, que possui em sua essência o fortalecimento à cidadania. Por meio da entrega de campanhas de utilidade pública que tem como objetivo informar, orientar, avisar, prevenir ou alertar a população ou segmento da população para adotar comportamentos que lhe tragam benefícios sociais reais, visando melhorar a sua qualidade de vida, além da campanha institucionais, de cunho educativo e de orientação social quanto aos atos, programas, obras, serviços e projetos fo Governo do Estado de Rondônia.",2024,3,Programa,2024,3
497,11009,Superintendência de Gestão dos Gastos Públicos Administrativos ,SUGESP,1435,2041,GESTÃO INTEGRADA DE POLÍTICAS PÚBLICAS,Gestão Integradas das Políticas Públicas para o Desenvolvimento do Estado de Rondônia.,Administração pública em geral,Desenvolvimento Econômico,continuo,2024-01-01T00:00:00,,Finalístico,"Instituir a governança interfederativa e intermunicipal, de formar  a integrar união entre os entes para o desenvolvimento econômico e social regional, por meio da formulação de projetos estruturantes, execuções em conjunto, buscando formas de articulação, integração, e fortalecimento de ações compartilhadas no desenvolvimento de políticas públicas.",2024,3,Programa,2024,3
498,11009,Superintendência de Gestão dos Gastos Públicos Administrativos ,SUGESP,1459,2112,PROGRAMA PARA O FORTALECIMENTO DA POLÍTICA ESTADUAL DE CIDADANIA E DE DIREITOS HUMANOS,"Programa para promover acesso aos servidores de atendimento ao cidadão, implementar políticas de atendimento ao cidadão, proporcionando a universalização do acesso às informações e aos serviços públicos ou de natureza pública; promover a qualidade e celeridade dos processos de atendimento; resgatar a credibilidade do cidadão no serviço público, bem como a do agente público.",Cidadão que necessitar dos serviços assistenciais.,Cidadania,continuo,2024-01-01T00:00:00,,Finalístico,"Democratizar ao cidadão o acesso à informação e execução de serviços públicos ou de natureza pública com celeridade, credibilidade e eficiência, fazendo uso da Gestão Participativa com a valorização dos agentes públicos.",2024,3,Programa,2024,3
499,11010,Fundo Especial de Modernização Procuradoria-Geral do Estado de Rondônia,FUMORPGE,1466,2085,FORTALECIMENTO DA ESTRUTURA FÍSICA DA PGE/RO,"Dotar as Unidades da Procuradoria Geral do Estado (PGE), localizadas tanto na sede como nas Regionais e na Representação Judicial em Brasília-DF, com uma estrutura física apropriada. Criar um ambiente equipado e propício para a execução eficiente das atividades jurídicas e administrativas, garantindo assim, um melhor desempenho das Unidades do Poder Executivo.",Administração pública em geral,Gestão Estratégica,continuo,2024-01-01T00:00:00,,Finalístico,"Atender as necessidades das unidades da Procuradoria Geral do Estado (PGE) , seja na Sede, nas Regionais ou na Representação e Judicial em Brasília-DF, priorizando a destinação de recursos para a manutenção e aprimoramento da estrutura física, bem como a aquisição de equipamentos e materiais permanentes, visando melhorar o atendimento ao público e proporcionar aos servidores condições ideais de trabalho. Programa estratégico alinhado à política da Instituição, reafirmando o compromisso com a excelência no serviço público e a valorização do público e dos servidores.",2024,3,Programa,2024,3
500,11010,Fundo Especial de Modernização Procuradoria-Geral do Estado de Rondônia,FUMORPGE,1470,2110,MODERNIZAÇÃO DA GESTÃO PÚBLICA,"Garantir a melhoria na modernização da Gestão Pública, alcançando resultados na formação, qualificação e na capacitação dos Servidores desta Instituição, promovendo também uma boa gestão em Tecnologia da Informática, bem como organização e realização de concurso público visando provimento de vagas para cargos de carreira.",Administração pública em geral,Gestão Estratégica,continuo,2024-01-01T00:00:00,,Finalístico,"Buscar as condições ideais de gestão pública para o pleno cumprimento da missão governamental, baseado nos princípios constitucionais e necessários visando modernizar á administração promovendo o aperfeiçoamento dos serviços prestados visando o bem-estar da população em geral.",2024,3,Programa,2024,3
501,11010,Fundo Especial de Modernização Procuradoria-Geral do Estado de Rondônia,FUMORPGE,1616,1015,GESTÃO ADMINISTRATIVA DO PODER EXECUTIVO,"Garantir a melhoria na modernização da Gestão Pública, alcançado resultados na formação, qualificação e na capacitação dos Servidores desta Instituição",Administração pública em geral,Gestão Estratégica,continuo,2024-01-01T00:00:00,,Gestão Manutenção e Serviço,"Buscar capacitação dos membros e servidores, sendo essencial para que as atribuições profissionais sejam realizados de forma mais eficaz, eficiente e ética. Além disso, a capacitação aumenta o conhencimento dos individuos, melhorando as habilidades, destreza e desenvolve ou modifica comportamentos, contribuindo para que os Servidores tomem decisões mais seguras no desempenho de suas funções.",2024,3,Programa,2024,3
502,11011,Fundo Garantidor de Parcerias Público-Privadas do Estado de Rondônia,FGPPP-RO,1669,0000,OPERAÇÕES ESPECIAIS,"Garantir o pagamento de parcelas inadimplentes por parte do Estado aos contratos de concessões e parceiras em cumprimento ao disposto na Lei nº 11.079/2004, por meio de fundo de reserva. O resultado do respectivo programo será satisfatório quando não houver a execução de garantias ou avais.",Administração pública em geral,Desenvolvimento Econômico,continuo,2024-01-01T00:00:00,,Operação Especial,"Faz-se necessário que se tenha um fundo de reserva para garantir o pagamento das parcelas inadimplentes por parte do Estado aos contratos de concessões e parcerias, dentro do que preceitua-se à Lei n° 11.079/2004.",2024,3,Programa,2024,3
503,11013,Fundo de Investimento e Desenv. Industrial do Estado de Rondônia,Fider,1472,2000,DESENVOLVE RONDÔNIA,"Desenvolve Rondônia
","Empresas dos setores Agroindustriais, Industriais, Comerciais, Mineração, Prestação de Serviços, Turismo, Empreendedores e Microempreendedores, Cooperativas, de Tecnologia, Inovação, Indústria da Construção Civil, Farmacêutica e Médica",Desenvolvimento Econômico,continuo,2024-01-01T00:00:00,,Finalístico,"O apoio governamental ao desenvolvimento econômico justifica-se em razão da capacidade contributiva dos resultados alcançados através do avanço econômico e social obtido com o aprimoramento da ciência, tecnologia e inovação nas cadeias produtivas do Estado, com o desenvolvimento e apoio ao Empreendedorismo fomentando o crescimento do PIB estadual, através da comercialização e fortalecimento das cadeias produtivas regionais e promovendo a atração de investimentos, impactando diretamente no fomento do Emprego e Renda.",2024,3,Programa,2024,3
504,11016,Fundo Estadual de Defesa do Consumidor,Fundec,1475,2072,PROTEÇÃO E DEFESA DOS DIREITOS DO CONSUMIDOR,"Fortalecimento e ampliação da política e defesa dos direitos do consumidor no Estado de Rondônia, com vistas à promover o equilíbrio nas relações de consumo.",Consumidores e Fornecedores de bens e serviços.,Desenvolvimento Econômico,continuo,2024-01-01T00:00:00,,Finalístico,"A ampliação do mercado de consumo, desde plataformas tecnológicas até as redes de comunicação, proporcionam maior aproximação do Consumidor e Fornecedor, por conseguinte o referido cenário enseja e maior demanda na resolução de conflitos entre as partes e a necessidade de aprimoramento tecnológico para acompanhar o mercado, tanto na fiscalização quanto nas ações educativas de conscientização dos atores envolvidos na relação de consumo. Não obstante, verifica-se a necessidade de descentralização dos serviços prestados pelo PROCON para cobertura nas diversas regiões do Estado de Rondônia.",2024,3,Programa,2024,3
505,11017,"Fundo Estadual do Trabalho, Emprego e Renda do Estado de Rondônia",FETERO,1477,2135,"FORTALECIMENTO ESTADUAL DO TRABALHO, EMPREGO E RENDA","Fortalecimento Estadual do Trabalho, Emprego e Renda.","Trabalhadores, desempregados, desalentados, estudantes e empresas",Desenvolvimento Econômico,continuo,2024-01-01T00:00:00,,Finalístico,"Prestar apoio a política de trabalho, Emprego e Renda, com vistas a incentivar a relação entre Empregadores e Trabalhadores para o desenvolvimento econômico do Estado de Rondônia aprimorando e capacitando a mão de obra em conformidade com as demandas geradas pelas cadeias produtivas do Estado de Rondônia.",2024,3,Programa,2024,3
506,11020,Contabilidade Geral do Estado,COGES,1449,2148,MODERNIZAR A CONTABILIDADE GERAL DO ESTADO,"Promover a modernização da Contabilidade Geral do Estado através da integração do SIGEF com os demais sistemas do Estado, buscando capacitar e aperfeiçoar o capital humano da COGES, bem como potencializar a eficiência nos mecanismos de controles e transparência das informações contábeis.","Instituições públicas, privadas, não governamentais, comunidades científicas, técnicos, tecnólogos, instituições superiores de ensino, setor produtivo e a sociedade ",Gestão Estratégica,continuo,2024-01-01T00:00:00,,Finalístico,"Planejar, coordenar, supervisionar e controlar as atividades contábeis, bem como acompanhar, centralizar e divulgar os resultados da gestão contábil e fiscal do Estado;

Elaborar e disponibilizar informações contábeis, fiscais e gerenciais, incluídos os indicadores constitucionais e legais que subsidiem a tomada de decisão e permitam eficácia e efetividade à Administração Pública Estadual;

",2024,3,Programa,2024,3
507,11020,Contabilidade Geral do Estado,COGES,1452,1015,GESTÃO ADMINISTRATIVA DO PODER EXECUTIVO,Gestão Administrativa do Poder Executivo,Unidades orçamentárias do Poder Executivo,Gestão Estratégica,continuo,2024-01-01T00:00:00,,Gestão Manutenção e Serviço,"Desenvolver atividades-meios para o bom desenvolvimento das funções operacionais-fins da Unidade para qual foi criada por lei, visando à eficiência e eficácia das Políticas Públicas do Poder Executivo.",2024,3,Programa,2024,3
508,11022,Junta Comercial do Estado de Rondônia,Jucer,1433,1015,GESTÃO ADMINISTRATIVA DO PODER EXECUTIVO,Gestão Administrativa do Poder Executivo,Unidades orçamentárias do Poder Executivo,Gestão Estratégica,continuo,2024-01-01T00:00:00,,Gestão Manutenção e Serviço,"Desenvolver atividades-meios para o bom desenvolvimento das funções operacionais-fins da Unidade para qual foi criada por lei, visando à eficiência e eficácia das Políticas Públicas do Poder Executivo",2024,3,Programa,2024,3
509,11022,Junta Comercial do Estado de Rondônia,Jucer,1545,0000,OPERAÇÕES ESPECIAIS,Operações Especiais ,Servidores e usuários da JUCER,Gestão Estratégica,continuo,2024-01-01T00:00:00,,Operação Especial,Desenvolver atividades relacionadas com o pagamento do PASEP - Contribuição para Formação do Patrimônio do Patrimônio do Servidor público.,2024,3,Programa,2024,3
510,11022,Junta Comercial do Estado de Rondônia,Jucer,1546,1260,SIMPLIFICAÇÃO DO REGISTRO E DA LEGALIZAÇÃO DE EMPRESAS,Manutenção e aprimoramento da Redesim Rondônia,"Empresas em geral, bem como, órgãos públicos estaduais e municipais.",Desenvolvimento Econômico,continuo,2024-01-01T00:00:00,,Finalístico,Manutenção e aprimoramento da Redesim Rondônia e o sistema integrado de registro e legalização de empresas com foco na desburocratização e automatização dos processo de registro e legalização para estimular a abertura e regularização de empresas reduzindo a informalidade e  contribuindo para o desenvolvimento econômico e a geração de emprego e renda.,2024,3,Programa,2024,3
511,11023,Instituto de Pesos e Medidas do Estado de Rondônia,IPEM,1570,1015,GESTÃO ADMINISTRATIVA DO PODER EXECUTIVO,Gestão Administrativa do Poder Executivo,Unidade Orçamentária do Poder  Executivo,Desenvolvimento Econômico,continuo,2024-01-01T00:00:00,,Gestão Manutenção e Serviço,"Desenvolver atividades-meios para o bom desenvolvimento das funções operacionais-fins da Unidade para qual foi criada por lei, visando à eficiência e eficácia das Políticas Públicas do Poder Executivo
",2024,3,Programa,2024,3
512,11023,Instituto de Pesos e Medidas do Estado de Rondônia,IPEM,1572,2051,RONDÔNIA COMPETITIVA,Garantir a segurança à População e Fornecedores,"Indústria, Comércio, Transportes e Unidade de Saúde",Desenvolvimento Econômico,continuo,2024-01-01T00:00:00,,Finalístico,"O programa se faz necessário para garantir a confiança nas medições quando em relações comerciais; quando forem utilizados na concretização ou na definição do objeto de atos em negócios jurídicos de natureza comercial, civil, trabalhista, fiscal, parafiscal, administrativa e processual e quando forem empregados em quaisquer outras medições presentes à incolumidade das pessoas, à saúde, à segurança e ao meio ambiente; Informar e proteger o consumidor, em particular quanto a saúde, segurança e meio ambiente; propiciar a concorrência justa; estimular a melhoria contínua da qualidade; facilitar o comércio internacional e fortalecer o mercado interno.",2024,3,Programa,2024,3
513,11023,Instituto de Pesos e Medidas do Estado de Rondônia,IPEM,1619,2177,OBRAS E INSTALAÇÕES,Construção de sede própria do IPEM/RO.,Servidores do órgão e usuários dos serviços do IPEM/RO.,Desenvolvimento Econômico,temporário,2024-04-01T00:00:00,2027-12-01T00:00:00,Finalístico,"Construção de prédio do IPEM/RO, para que seja possível a instalação dos laboratórios e ambientes de trabalho em conformidade com as atribuições delegadas pelo INMETRO, implementação de novos ramos de atuação da fiscalização no Estado de Rondônia, tendo em vista que as atividades atualmente executadas, por limitações financeiras e instalações físicas só alcançam 50% (cinquenta por cento) da demanda existente.",2024,3,Programa,2024,3
514,11025,Departamento Estadual de Estradas de Rodagem e Transportes,DER,1576,0000,OPERAÇÕES ESPECIAIS,"Pagamento de despesas sentenças judiciais, processos administrativos e precatórios.",A demanda decorrente da sociedade abrangendo todo o Estado de Rondônia,Gestão Estratégica,continuo,2024-01-01T00:00:00,,Operação Especial,"Padronização de procedimentos na reserva de recursos para enfrentamentos de compromissos com o pagamento de despesas com 
sentenças judiciais e/ou administrativa e precatório.",2024,3,Programa,2024,3
515,11025,Departamento Estadual de Estradas de Rodagem e Transportes,DER,1577,1015,GESTÃO ADMINISTRATIVA DO PODER EXECUTIVO,Gestão Administrativa do Poder Executivo,Unidades orçamentárias do Poder Executivo,Gestão Estratégica,continuo,2024-01-01T00:00:00,,Gestão Manutenção e Serviço,"Desenvolver atividades-meios para o bom desenvolvimento das funções operacionais-fins da Unidade para qual foi criada por lei, 
visando à eficiência e eficácia das Políticas Públicas do Poder Executivo",2024,3,Programa,2024,3
516,11025,Departamento Estadual de Estradas de Rodagem e Transportes,DER,1580,2057,DESENVOLVIMENTO DA INFRAESTRUTURA MUNICIPAL,"Desenvolver estudos, projetos, acompanhamento e fiscalização da execução de obras e serviços de engenharia que 
se fizer necessários na implantação da infraestrutura urbana de transporte, saneamento, rodovias e outros.",População urbana dos municípios,Desenvolvimento Econômico,continuo,2024-01-01T00:00:00,,Finalístico,"Elaboração de projeto, construção, ampliação e melhoria da infra-estrutura urbana, realizando obras com serviços de pavimentação 
em Ruas, Avenidas e Rodovias no perímetro urbano, drenagem, arborização, urbanização de cursos d'água e outros.",2024,3,Programa,2024,3
517,11025,Departamento Estadual de Estradas de Rodagem e Transportes,DER,1581,2106,DESENVOLVIMENTO DA INFRAESTRUTURA DE TRANSPORTE E LOGÍSTICA,"Promover melhoria da infraestrutura de transporte rodoviária através da execução de pavimentação asfáltica, 
manutenção e recuperação das rodovias integrantes do Sistema Rodoviário Estadual – SRE nos termos do Decreto 
n.º 22.474 de 14 de dezembro de 2017.",População do Estado e demais usuários dos sistemas de transportes,Desenvolvimento Econômico,continuo,2024-01-01T00:00:00,,Finalístico,"Com o intuito de melhorar a trafegabilidade das rodovias estaduais bem como trazer maior segurança e conforto aos usuários com 
Transporte de bens e pessoas, interligar municípios, distritos, vilas e vilarejos assegurando o tráfego perene, seguro, confortável e 
econômico, contribuindo para o desenvolvimento econômico, social e sustentável do Estado.",2024,3,Programa,2024,3
518,11025,Departamento Estadual de Estradas de Rodagem e Transportes,DER,1597,2179,GESTÃO DE CONVÊNIOS E TRANSFERÊNCIAS VOLUNTÁRIAS,"Promover o gerenciamento dos recursos mediante convênios com órgãos da esfera federal, na forma da lei vigente, visando garantir 
a execução dos seus objetivos e metas propostas e gerir Transferências voluntárias para organismos municipais, entidades e outros.",População do Estado e demais usuários dos sistemas de transportes.,Desenvolvimento Econômico,continuo,2024-01-01T00:00:00,,Finalístico,"Melhorar a trafegabilidade dando maior segurança e conforto aos usuários das rodovias estaduais mediante a outros recursos, bem como trazer melhorias para os municípios por transferência de recursos e assim contribuir com o desenvolvimento econômico, social e sustentável do Estado.",2024,3,Programa,2024,3
519,11025,Departamento Estadual de Estradas de Rodagem e Transportes,DER,1598,2180,DESENVOLVIMENTO DA INFRAESTRUTURA AEROPORTUÁRIA,"Por meio de contratos administrativos, segurança armada, bem como com melhorias de infra estruturas com construção, ampliação e 
manutenção dos aeroportos e aeródromos sob administração do Estado.",População do Estado e demais usuários dos sistemas de transportes aéreo.,Desenvolvimento Econômico,continuo,2024-01-01T00:00:00,,Finalístico,"Com o intuito de aumentar o desenvolvimento do Estado dando opções de meios de trafegabilidade no modo aéreo dando segurança e conforto aos usuários, bem como diversificar os meios de deslocamento para atender a população. ",2024,3,Programa,2024,3
520,11025,Departamento Estadual de Estradas de Rodagem e Transportes,DER,1606,2181,APOIO FINALÍSTICO DE INFRAESTRUTURA,"Por meio de parcerias, termo de cooperação firmado entre os entes atuar de forma direta no apoio e suporte das demandas de infraestrutura.",Administração pública em geral e população em geral.,Desenvolvimento Econômico,continuo,2024-01-01T00:00:00,,Finalístico,Com o intuito de apoiar e dar suporte realizando melhorias na área de infraestrutura para outras entidades dos poderes e da União. ,2024,3,Programa,2024,3
521,11026,Agência de Regulação de Serviços Públicos Delegados do Estado de Rondônia,Agero,1455,2012,FISCALIZAÇÃO E REGULAÇÃO DAS AUTARQUIAS INDIRETAS,Fiscalização e regulação das autarquias indiretas.,População do Estado e demais usuários dos sistemas de transportes,Gestão Estratégica,continuo,2024-01-01T00:00:00,,Finalístico,"O programa finalístico 2012 visa dar cobertura às ações executadas pela autarquia no que tange às atividades de fiscalização e normatização dos serviços públicos delegados do Estado de Rondônia, abrangidos pela Lei Complementar n.º 826, de 09/07/2015, no âmbito do Estado de Rondônia. ",2024,3,Programa,2024,3
522,11026,Agência de Regulação de Serviços Públicos Delegados do Estado de Rondônia,Agero,1489,1015,GESTÃO ADMINISTRATIVA DO PODER EXECUTIVO,Assegurar a manutenção administrativa da unidade.,Credores legalmente constituídos e servidores,Gestão Estratégica,continuo,2024-01-01T00:00:00,,Gestão Manutenção e Serviço,"Assegurar a manutenção administrativa da unidade, atender os servidores com auxílios e assegurar a remuneração de pessoal ativo e encargos sociais",2024,3,Programa,2024,3
523,11033,Fundação Rondônia de Amparo ao Desenv. das Ações Cient. e Tecnol. e a Pesq. do Est de Rondônia ,Fapero,1463,2086,C & T E COOPERAÇÃO PARA O DESENVOLVIMENTO,"Estabelecer a Ciência, Tecnologia e Inovação como ponto central da promoção do desenvolvimento do estado de Rondônia por meio de programas, projetos, bolsas e atividades, voltados para o investimento em pesquisa e tecnológica, formação sustentável de recursos humanos, empreendedorismo de base cientifíca e tecnológica, modernização de infraestrutura, popularização e difusão do conhecimento científico tecnológico e internacionalização e cooperação interinstitucional.","Instituições públicos, privadas, não governamentais, comunidades científicas, técnicos, tecnólogos, instituições superiores de ensino, setor produtivo e sociedade.",Desenvolvimento Econômico,continuo,2024-01-01T00:00:00,,Finalístico,"Explorar de forma sustentável as características ambientais, econômicas, socioculturais da região por meio de pesquisas cientificas, tecnológicas e de inovação, para promover o desenvolvimento socioeconômico. Buscar soluções de acordo com as políticas estadual e federal, pensando a região e agindo com ações afirmativas, considerando suas potencialidades e peculiaridades loco- regionais, reconhecendo a condição estratégica da Ciência, Tecnologia e Inovação na região, para o futuro do estado de Rondônia e do país. É necessário reconhecer à comunidade científica e à sociedade civil organizada, como atores no papel de protagonistas na proposição e execução de políticas que desenvolvam avanços científicos, tecnológicos e de inovação no estado, contribuindo para a modernização da legislação que rege a atuação do poder público sobre esta área de desenvolvimento. O sistema de Ciência, Tecnologia e Inovação (CT&I) na região Norte do país, e em especial na Amazônia Ocidental, encontra-se em aprimoramento para alavancar o desenvolvimento econômico e social do estado de Rondônia. Os indicadores de investimento em CT&I tais como a capacidade instalada para a produção de conhecimento, a formação de recursos humanos (RH), a produtividade do corpo de pesquisadores na região e a produção de produtos e processos inovadores com registro de patentes, mostram a necessidade de investimento para equiparação aos outros indicadores econômicos e sociais em destaque do estado. Portanto, as atividades de pesquisa científica, tecnológica e de inovação são componentes fundamentais na formação de recursos humanos altamente qualificados (Especialistas, Mestres e Doutores) aptos a atuarem em todos setores da sociedade (Civil, Legislativo, Executivo e Judiciário), agregando valores a produtos e processos, principalmente, dos sistemas produtivos vocacionais do estado como agronegócio, com reflexos diretos na inserção competitiva do estado de Rondônia nos mercados regionais, nacional e internacional. Com isso, o desenvolvimento socioeconômico do estado passa pelo aprimoramento do sistema de CT&I, que se tornará um fator determinante na geração de emprego e bem-estar social, pois contribui para promoção dos conhecimentos necessários à melhoria das condições de vida da sociedade rondoniense e de seu entorno. Dessa forma, o programa compreende iniciativas voltadas à garantia do efetivo exercício de cidadania da população rondoniense, na perspectiva da superação das injustiças sociais. O objetivo é continuar construindo oportunidades que garantam o usufruto dos direitos sociais, políticos e culturais para todos. Além disso, consiste em construir oportunidades de maior acesso da população aos benefícios decorrentes do desenvolvimento sustentável, focado nas pessoas e nas suas demandas econômicas, sociais, culturais e ambientais. E com isso promover a dinamização da economia, fortalecendo o sistema de produção e de abastecimento, investindo em pesquisa científica e tecnológica e incentivando a economia solidária, o empreendedorismo, o cooperativismo e o associativismo, como formas de estimular o desenvolvimento local, considerando as potencialidades de cada município.",2024,3,Programa,2024,3
524,11033,Fundação Rondônia de Amparo ao Desenv. das Ações Cient. e Tecnol. e a Pesq. do Est de Rondônia ,Fapero,1557,1015,GESTÃO ADMINISTRATIVA DO PODER EXECUTIVO,Funcionamento e a manutenção das atividades operacionais da unidade.,"Unidades orçamentarias da estrutura do Poder Executivo, Poder Legislativo, Poder judiciario, Ministerio Publico e Tribunal de contas.",Gestão Estratégica,continuo,2024-01-01T00:00:00,,Gestão Manutenção e Serviço,"Desenvolver atividades-meios para o bom desenvolvimento das funções operacionais-fins da Unidade para a qual foi criada por lei, visando à eficiência e eficácia das Políticas Públicas do Poder Executivo.",2024,3,Programa,2024,3
525,11033,Fundação Rondônia de Amparo ao Desenv. das Ações Cient. e Tecnol. e a Pesq. do Est de Rondônia ,Fapero,1688,2098,PROTEÇÃO AMBIENTAL,Proteção Ambiental,População do Estado de Rondônia,Meio Ambiente e Desenvolvimento Territorial,continuo,2024-01-01T00:00:00,,Finalístico,"Para um ambiente protegido e ecologicamente equilibrado  faz-se necessário intensificar a redução da degradação ambiental, do desmatamento, principalmente o desmatamento ilegal e a redução das queimadas florestais, através da execução de ações voltadas para fiscalização, controle e monitoramento ambiental.",2024,3,Programa,2024,3
526,13001,"Secretaria de Estado do Planejamento, Orçamento e Gestão",Sepog,1438,1015,GESTÃO ADMINISTRATIVA DO PODER EXECUTIVO,Gestão Administrativa do Poder Executivo,Unidade administrativa e servidores ,Gestão Estratégica,continuo,2024-01-01T00:00:00,,Gestão Manutenção e Serviço,"Desenvolver atividades-meios para o bom desenvolvimento das funções operacionais-fins da Unidade para qual foi criada por lei, visando à eficiência e eficácia das Políticas Públicas do Poder Executivo.",2024,3,Programa,2024,3
527,13001,"Secretaria de Estado do Planejamento, Orçamento e Gestão",Sepog,1441,0000,OPERAÇÕES ESPECIAIS,Operações Especiais ,Unidades administrativas direta e indireta do Governo Estadual e municípios de Rondônia,Gestão Estratégica,continuo,2024-01-01T00:00:00,,Operação Especial,"Visa atender a alocação temporária de recursos durante o processo de elaboração orçamentária, a ser indicado pelos parlamentares até o limite individual e de bancada das emendas prevista no Projeto de Lei Orçamentária Anual, bem como, os passivos contingentes e outros riscos fiscais e eventos fiscais imprevistos, nos termos previstos na lei de diretrizes orçamentárias.",2024,3,Programa,2024,3
528,13001,"Secretaria de Estado do Planejamento, Orçamento e Gestão",Sepog,1600,2178,CAPACITAR E APERFEIÇOAR OS SERVIDORES PÚBLICOS ESTADUAIS,Capacitar e aperfeiçoar o capital humano dos servidores públicos estaduais. ,Servidores Estaduais da administração direta e indireta.,Gestão Estratégica,continuo,2024-01-01T00:00:00,,Finalístico,"Promover a formação e adoção de posturas de gestão a administração pública estadual por meio da concepção, discussão, compreensão e inovação das praticas gerenciais e do desenvolvimento de pessoas na perspectiva de um processo continuo de modernização do estado e com a visão de tornar-se excelência no atendimento as demandas da sociedade Rondoniense com foco na capacitação dos nossos Servidores. ",2024,3,Programa,2024,3
529,13001,"Secretaria de Estado do Planejamento, Orçamento e Gestão",Sepog,1631,2184,APOIO AO DESENVOLVIMENTO DE POLÍTICAS PÚBLICAS,Programa Convergente De Gestão Orçamentária E Políticas Públicas,Órgãos da Administração Estadual,Gestão Estratégica,continuo,2024-01-01T00:00:00,,Finalístico,"O estado necessita mensurar o impacto das políticas públicas realizadas, dessa forma é primordial que a gestão orçamentária esteja continuamente alinhada com as boas práticas nacionais e internacionais de elaboração, execução e avaliação dos instrumentos de planejamento, tal aspecto se posiciona em âmbito macro, mas desde 2019 com a emenda constitucional nº 109 há obrigatoriedade dos entes federativos de maneira separada ou em conjunto analisarem o impacto das políticas públicas executadas. Diante desse cenário busca-se a confecção de uma metodologia para avaliação do resultado das políticas públicas também alinhada com as boas práticas nacionais e internacionais.",2024,3,Programa,2024,3
530,13006,Superintendência Estadual de Gestão de Pessoas,Segep,1523,1015,GESTÃO ADMINISTRATIVA DO PODER EXECUTIVO,"Desenvolver atividades-meios para o bom desenvolvimento das funções operacionais-fins da Unidade para qual foi criada por lei, visando à eficiência e à eficácia das Políticas Públicas do Poder Executivo.",Servidores da Superintendência Estadual de Gestçao de Pessoas - SEGEP,Gestão Estratégica,continuo,2024-01-01T00:00:00,,Gestão Manutenção e Serviço,"Prover a Unidade de recursos orçamentários e financeiros para atender às atividades administrativas, com aquisição de bens e serviços, gestão de pessoal e outras, de natureza administrativa, classificadas como despesas correntes e de capital.",2024,3,Programa,2024,3
531,13006,Superintendência Estadual de Gestão de Pessoas,Segep,1589,2097,GESTÃO DE RECURSOS HUMANOS,"Garantir a qualificação de recursos humanos para atendimento das políticas de governo; possibilitar a readaptação funcional dos servidores públicos, bem como iniciativas relacionadas à qualidade de vida dos servidores do Estado e projetos relacionados com o componente IV - Modernização da Gestão Pública; Propiciar condições para a complementação do processo ensino-aprendizagem dos servidores do Estado.",Servidores do Estado de Rondônia,Gestão Estratégica,continuo,2024-01-01T00:00:00,,Finalístico,"Possibilitar o incremento de conhecimentos e habilidades, para melhoria do desempenho dos servidores e empregados públicos e a consequente melhoria dos serviços públicos prestados aos cidadões.",2024,3,Programa,2024,3
532,13006,Superintendência Estadual de Gestão de Pessoas,Segep,1590,0000,OPERAÇÕES ESPECIAIS,Atender Pagamento de Pensões Especiais,"Pessoal, prestadores de serviços e pensionistas",Gestão Estratégica,continuo,2024-01-01T00:00:00,,Operação Especial,"O Estado de Rondônia é alvo de ações movidas por terceiros, gerando obrigações de pagamento via decisões judiciais.",2024,3,Programa,2024,3
533,14001,Secretaria de Estado de Finanças,Sefin,1525,1015,GESTÃO ADMINISTRATIVA DO PODER EXECUTIVO,"O programa em questão visa a atender a demandas administrativas e contínuas da Secretaria de Estado de Finanças do Estado de Rondônia - SEFIN RO. Tais como, despesas decorrentes da manutenção das unidades e custeio das despesas obrigatórias com pessoal. Tem como finalidade a eficiente execução e conservação da máquina pública de competência desta unidade gestora.",Unidades orçamentárias e servidores do poder executivo.,Gestão Estratégica,continuo,2023-07-01T00:00:00,,Gestão Manutenção e Serviço,"Desenvolver atividades meios para o bom desenvolvimento das funções operacionais fins da Unidade para qual foi criada por lei, 
visando à eficiência e eficácia das Políticas Públicas do Poder Executivo.",2024,3,Programa,2024,3
534,14001,Secretaria de Estado de Finanças,Sefin,1555,2007,ARRECADAÇÃO E JUSTIÇA FISCAL,"O programa tem como propósito aperfeiçoar o desempenho da arrecadação da Receita Estadual, assim como investir em justiça fiscal.",SOCIEDADE DE RONDÔNIA,Desenvolvimento Econômico,continuo,2023-07-01T00:00:00,,Finalístico,"O desempenho da receita é limitado em relação ao seu potencial e a complexidade no cumprimento tributário afeta negativamente o 
ambiente de negócios e reduz a competitividade do Estado",2024,3,Programa,2024,3
535,14001,Secretaria de Estado de Finanças,Sefin,1583,2008,RESPONSABILIDADE FISCAL,"É essencial o Estado prever instrumentos eficazes para fornecer informações orçamentárias, financeiras e patrimoniais confiáveis e oportunas, a fim de facilitar a tomada de decisões e otimizar o uso dos recursos públicos. Realizar ajustes na execução do orçamento para garantir a implementação completa e pontual das ações necessárias para o desenvolvimento de políticas públicas e o alcance dos resultados planejados.
",Toda sociedade rondoniense,Gestão Estratégica,continuo,2023-07-01T00:00:00,,Finalístico,"A adoção de instrumentos eficazes para gerar informações confiáveis e oportunas no âmbito orçamentário, financeiro e patrimonial a fim de promover para uma gestão pública eficiente, transparente e responsável, que busca otimizar o uso dos recursos públicos em prol do desenvolvimento sustentável e do bem-estar da sociedade.
",2024,3,Programa,2024,3
536,14002,Recursos Sob a Supervisao da Sefin,RS-SEFIN,1436,0000,OPERAÇÕES ESPECIAIS,"Execução dos pagamentos da dívida pública fundada interna e externa, realização de aportes periódicas ao RPPS estadual para cobrir o déficit atuarial do fundo capitalizado de previdência do Estado, quitação regular de precatórios e da contribuição ao PIS/PASEP.",Governo do Estado de Rondônia,Gestão Estratégica,continuo,2024-01-01T00:00:00,,Operação Especial,"O cumprimento pontual do pagamento da dívida pública fundada interna e externa, a realização de aportes periódicos ao RPPS estadual para suprir o déficit atuarial do fundo de previdência capitalizado do Estado, o pagamento regular de precatórios e da contribuição ao PIS/Pasep asseguram a solvência do Estado frente a seus credores. Essas ações também garantem a execução planejada e coordenada das operações do Estado, prevenindo medidas desnecessárias, assegurando o cumprimento das obrigações constitucionais e legais e mantendo o Estado em dia com suas Certidões Negativas de débitos junto à União e aos bancos. Ademais, uma administração adequada dessas responsabilidades contribui para a sustentabilidade fiscal do Estado, permitindo um crescimento contínuo e a alocação apropriada de recursos para políticas públicas.",2024,3,Programa,2024,3
537,14011,Fundo para Infraestrutura de Transporte e Habitação,FITHA,1596,2106,DESENVOLVIMENTO DA INFRAESTRUTURA DE TRANSPORTE E LOGÍSTICA,Desenvolvimento da infra-estrutura de transporte e logística intermodal.,População do Estado e demais usuários dos sistemas de transportes.,Desenvolvimento Econômico,continuo,2024-01-01T00:00:00,,Finalístico,"Transportar bens e pessoas, interligar municípios, distritos, vilas e vilarejos, assegurando o trafego perene, seguro, confortável e
econômico, contribuindo para o desenvolvimento econômico, social e sustentável do Estado.",2024,3,Programa,2024,3
538,14012,Fundo de Desenvolvimento e Aperfeiçoamento da Administração Tributária ,Fundat,1626,2139,MODERNIZAÇÃO DA GESTÃO FISCAL,"O Programa tem por objetivo atender às demandas relacionadas e voltadas para o Desenvolvimento e Aperfeiçoamento da Administração Tributária, através da implementação da Gestão Estratégica desta SEFIN. ",Toda sociedade rondoniense,Gestão Estratégica,continuo,2023-07-01T00:00:00,,Finalístico,"A aplicação de recursos para investimentos na administração fazendária é essencial para o aprimoramento e incremento da 
arrecadação do estado, bem como contribui para os processos sistêmicos de reflexão sobre a qualidade do gasto, garante-se dessa 
forma que a SEFIN atue em seus dois eixos prioritários de trabalho, quais sejam a ""RESPONSABILIDADE FISCAL (perspectiva do 
gasto) e a ARRECADAÇÃO (perspectiva da receita).
Buscar as condições ideais da gestão pública para o pleno cumprimento da missão governamental, baseado nos princípios 
constitucionais e necessidade de modernizar à administração promovendo o aperfeiçoamento dos serviços prestados visando 
sempre o bem-estar da população em geral.",2024,3,Programa,2024,3
539,14023,Instituto de Previdência dos Servidores Públicos do Estado de Rondônia,Iperon,1405,1000,PRÓ-GESTÃO DO RPPS ,Modernização do Sistema Previdenciário com boas práticas de gestão do RPPS.,Servidores públicos do Estado e seus dependentes legais,Gestão Estratégica,continuo,2024-01-01T00:00:00,,Gestão Manutenção e Serviço,"O Pró Gestão RPPS é um programa de certificação que visa ao reconhecimento das boas práticas de gestão adotadas pelos RPPS. É a avaliação, por entidade certificadora externa, credenciada pela Secretaria de Previdência - SPREV, do sistema de gestão existente, com a finalidade de identificar sua conformidade às exigências contidas nas diretrizes de cada uma das ações, nos respectivos níveis de aderência. Esse programa é contemplado por três dimensões, que representam os pilares sobre os quais a modernização da gestão se sustentará: Controles Internos, Governança Corporativa e Educação Previdenciária.",2024,3,Programa,2024,3
540,14023,Instituto de Previdência dos Servidores Públicos do Estado de Rondônia,Iperon,1445,0000,OPERAÇÕES ESPECIAIS,Pagamento de despesas com sentenças judiciais (RPV e Precatórios) e PASEP.,Servidores públicos do Estado de Rondônia,Gestão Estratégica,continuo,2024-01-01T00:00:00,,Operação Especial,Atender as sentenças judiciais e o PASEP.,2024,3,Programa,2024,3
541,14023,Instituto de Previdência dos Servidores Públicos do Estado de Rondônia,Iperon,1451,1015,GESTÃO ADMINISTRATIVA DO PODER EXECUTIVO,Apoio Administrativo do Iperon,Servidores públicos do Estado e seus dependentes legais,Gestão Estratégica,continuo,2024-01-01T00:00:00,,Gestão Manutenção e Serviço,"Gerenciar e manter a estrutura administrativa do Iperon, para o bom desenvolvimento das funções operacionais das atividades de modo a garantir o pleno funcionamento.",2024,3,Programa,2024,3
542,14023,Instituto de Previdência dos Servidores Públicos do Estado de Rondônia,Iperon,1535,2173,CONSULTORIA EM GESTÃO PREVIDENCIÁRIA,Assessoramento em Gestão Pública,Servidores públicos do Estado e seus dependentes legais,Gestão Estratégica,continuo,2024-01-01T00:00:00,,Finalístico,Buscar as condições ideais de gestão pública para o pleno cumprimento da missão governamental em RRPS.,2024,3,Programa,2024,3
543,14025,Fundo Previdenciário Capitalizado do Iperon,FUNPRECAP,1491,0000,OPERAÇÕES ESPECIAIS,Pagamento despesas com sentenças judiciais (RPV e Precatórios) e PASEP.,"Ex-servidores aposentados, pensionista.",Gestão Estratégica,continuo,2024-01-01T00:00:00,,Operação Especial,"Atender pagamento com as sentenças judiciais, bem como o pagamento do PASEP sobre rendimentos de aplicação financeira. ",2024,3,Programa,2024,3
544,14025,Fundo Previdenciário Capitalizado do Iperon,FUNPRECAP,1492,1019,PREVIDÊNCIA SOCIAL ESTATUTÁRIA,Garantir Benefícios Previdenciários aos Segurados do Regime Próprio de Previdência Social - RPPS e outras despesas.,Servidores públicos do Estado e seus dependentes legais,Gestão Estratégica,continuo,2024-01-01T00:00:00,,Gestão Manutenção e Serviço,Garantir pagamento de despesas com: aposentadorias e pensões; compensação previdenciária entre os Regimes Próprios de Previdência Social - RPPS e o RGPS; indenização e restituição; e taxa de administração do RPPS.,2024,3,Programa,2024,3
545,15001,"Secretaria de Estado de Segurança, Defesa e Cidadania",Sesdec,1446,1015,GESTÃO ADMINISTRATIVA DO PODER EXECUTIVO,"Prover a Unidade de recursos orçamentários e financeiros para atender as atividades administrativas, com aquisição de bens e serviços, gestão de pessoal, Operações Especiais e outras, de natureza administrativa, classificadas como despesas correntes e de capital.",Unidades orçamentárias do Poder Executivo,Segurança Pública,continuo,2024-01-01T00:00:00,,Gestão Manutenção e Serviço,"Desenvolver atividades-meios para o bom desenvolvimento das funções operacionais-fins da Unidade para qual foi criada por lei, visando à eficiência e eficácia das Políticas Públicas do Poder Executivo.",2024,3,Programa,2024,3
546,15001,"Secretaria de Estado de Segurança, Defesa e Cidadania",Sesdec,1501,2166,"SEGURANÇA PÚBLICA, INTEGRAÇÃO E PROTEÇÃO","Implementar a execução de mecanismos de prevenção e repressão à criminalidade, reduzindo os indicadores de homicídio e violência nas áreas urbanas e rurais.",População do Estado de Rondônia,Segurança Pública,continuo,2024-01-01T00:00:00,,Finalístico,"Necessidade de revisão e execução de política de defesa civil, prevenção e repressão à criminalidade, de modo integrado, com a participação da sociedade, por meio dos Conselhos Comunitários de Segurança e Gabinetes de Gestão Integrada Municipais, com o foco na redução dos índices de criminalidade, tempo resposta nos atendimentos de emergência, refletindo no aumento da sensação de segurança à população do Estado.",2024,3,Programa,2024,3
547,15001,"Secretaria de Estado de Segurança, Defesa e Cidadania",Sesdec,1510,1025,ATENDER AO SISTEMA DE PROTEÇÃO SOCIAL DOS MILITARES,Pagamento de auxílios aos aposentados.,"Militares Estaduais Inativos, pensionistas e dependentes",Segurança Pública,continuo,2024-01-01T00:00:00,,Gestão Manutenção e Serviço,"O Programa visa atender às alterações promovidas pelo Decreto-Lei Federal  n° 667, modificado pela Lei Federal nº 13.954, de 16 de dezembro de 2019, efetuar o pagamento dos Militares Inativos e Pensionistas",2024,3,Programa,2024,3
548,15003,Polícia Civil,PC,1505,1015,GESTÃO ADMINISTRATIVA DO PODER EXECUTIVO,Gerir de forma adequada e suficiente a aplicação dos recursos públicos destinados à manutenção administrativa das unidades da Polícia Civil,Unidades Administrativas da Polícia Civil,Gestão Estratégica,continuo,2024-01-01T00:00:00,,Gestão Manutenção e Serviço,Promover o desenvolvimento das atividades-meio da Polícia Civil visando proporcionar o cumprimento eficiente e eficaz de sua missão constitucional.,2024,3,Programa,2024,3
549,15003,Polícia Civil,PC,1508,2110,MODERNIZAÇÃO DA GESTÃO PÚBLICA,Modernizar a Gestão Pública por meio de ações que promovam o melhor aproveitamento do capital visando a eficiência e eficácia dos serviços prestados.,Administração pública em geral,Gestão Estratégica,continuo,2024-01-01T00:00:00,,Finalístico,"Buscar as condições ideais da gestão pública para o pleno cumprimento da missão governamental, baseado nos princípios constitucionais e
necessidade de modernizar a administração promovendo o aperfeiçoamento dos serviços prestados visando o bem-estar da população em
geral.",2024,3,Programa,2024,3
550,15003,Polícia Civil,PC,1648,2166,"SEGURANÇA PÚBLICA, INTEGRAÇÃO E PROTEÇÃO",Promover a segurança de pessoas e bens no Estado de Rondônia através da implementação de ações que visem assegurar o pleno funcionamento das unidades da Polícia Civil e a atuação de seus servidores.,População do Estado de Rondônia,Segurança Pública,continuo,2024-01-01T00:00:00,,Finalístico,Cumprir o ofício constitucional da Polícia Civil promovendo a segurança pessoal e patrimonial dos cidadãos através de ações voltadas para a solução de crimes e contravenções penais.,2024,3,Programa,2024,3
551,15004,Corpo de Bombeiro Militar,CBM,1526,2103,DEFESA CONTRA SINISTRO,O Programa prevê  duas Ações - uma de Obras e Construções  Públicas e outra de Aquisição de Materiais e Bens Permanentes,Toda população do Estado,Segurança Pública,temporário,2023-01-01T00:00:00,2027-12-01T00:00:00,Finalístico,"Permitir com base no orçamento anualmente aprovado que a Corporação realize  o planejamento das obras e construções estruturais das instalações da Corporação, bem como  planejar e executar as  aquisições de equipamentos e materiais permanentes utilizados nas ações de prevenção e combate a incêndios, busca, salvamentos, resgates, atendimento pré-hospitalar, proteção ao meio ambiente, ações de Defesa Civil e outras ações correlatas as atividades Bombeiro Militar, buscando garantir o bem estar social, proporcionando segurança e qualidade na execução dos serviço da Instituição prestado a toda população rondoniense.",2024,3,Programa,2024,3
552,15004,Corpo de Bombeiro Militar,CBM,1529,1015,GESTÃO ADMINISTRATIVA DO PODER EXECUTIVO,"O Programa inicialmente prevê uma Ação de Gestão e Manutenção Administrativa das Unidades da Corporação, com  despesas de custeio dos  insumos operacionais e administrativo da Instituição.",Toda sociedade rondoniense,Segurança Pública,continuo,2024-01-01T00:00:00,,Gestão Manutenção e Serviço,"Permitir com base no orçamento anualmente aprovado, que a Corporação realize o planejamento das despesas previstas com as atividades operacionais e administrativas ordinárias, garantindo a manutenção das instalações e a continuidade de atendimento ao público interno e externo assegurando a regularidade na execução de todas as atividades da instituição.",2024,3,Programa,2024,3
553,15004,Corpo de Bombeiro Militar,CBM,1697,2193,GESTÃO INTEGRADA DE RISCOS E DESASTRES,"Minimizar os efeitos de eventuais desastres naturais que venham afetar o Estado de Rondônia, atuando nas fases de prevenção, preparação, resposta e recuperação.
",População rondoniense em situação de risco de violação de direitos ou que já sofrerem violação.,Segurança Pública,continuo,2024-09-01T00:00:00,,Finalístico,"O direito natural à vida e à incolumidade foi formalmente reconhecida pela Constituição Federativa do Brasil. Compete à Defesa Civil a garantia desse direito, em circunstâncias de desastre.",2024,3,Programa,2024,3
554,15005,Polícia Militar,PM,1602,2182,CIDADÃO PROTEGIDO E SEGURO,"A busca por um ambiente seguro e protegido é um anseio de toda a sociedade, no entanto, muitas regiões ainda sofrem com altos índices de criminalidade e violência, o que compromete a qualidade de vida dos cidadãos. Diante desse contexto, surge a necessidade de refletir sobre o ideal do ""Cidadão Protegido e Seguro"" e discutir os elementos necessários para alcançá-lo. O programa busca essencialmente o investimento adequado em segurança pública, incluindo, para tanto, recursos para a capacitação e o aumento do efetivo policial, investimento em tecnologia e modernização do aparato policial e a implementação de políticas de prevenção ao crime. Esse caminho perpassa pela manutenção da ordem pública, desde a presença policial ostensiva e a resposta rápida às ocorrências fortalecendo a confiança dos cidadãos e inibindo a prática de delitos, até a prevenção por meio de disseminação de informações e conhecimento à sociedade com vistas a conscientização da população, capacitando-a para lidar com situações de perigo. Além das ações do Estado, a participação ativa da comunidade é um pilar fundamental na construção de um ambiente seguro com o objetivo comum a ser perseguido por toda a sociedade por meio de conjuntos de esforços e políticas eficazes transformando essa visão em uma realidade concreta para todos os cidadãos."," população de pessoas residentes no Estado de Rondônia e ""visitantes momentâneos""",Segurança Pública,continuo,2024-01-01T00:00:00,,Finalístico,"no cenário estadual podemos verificar que ao longo dos anos o orçamento vem sendo repetido, não levando em consideração as diversas suplementações orçamentárias que ao longo dos anos vêm sendo aportadas. Ou seja, a suplementação se tornou prática rotineira em detrimento do adequado planejamento de tão importante Força Pública. A avaliação é de que essa prática interfere de fato no planejamento estratégico e organizacional da instituição e, especialmente, para redução da capacidade de organização, investimentos e inovações na área de segurança pública. Outro fenômeno é a aglutinação de ações dentro de um único programa denominado ""MANTER A OPERACIONALIDADE"", pois a consequência direta disso é a franca dificuldade tanto no planejamento, quanto na leitura dos indicadores de resultado. ",2024,3,Programa,2024,3
555,15005,Polícia Militar,PM,1604,1015,GESTÃO ADMINISTRATIVA DO PODER EXECUTIVO,"A formação e capacitação dos policiais militares são pressupostos fundamentais para o fortalecimento da Polícia Militar de Rondônia. Assim, investir na educação e treinamento dos militares é essencial para os preparar para lidar com os desafios e demandas da segurança pública, posto que, ao fornecer cursos atualizados, técnicas avançadas de abordagem, capacitação em resolução de conflitos e conscientização sobre direitos humanos sob o aspecto da formação contínua dos policiais militares, viabiliza uma atuação mais profissional e eficiente da instituição. Outro fator primordial ao fortalecimento da corporação remete à saúde do policial militar enquanto detentor pleno de direitos humanos, na conta de que é essencial oferecer condições adequadas de trabalho, incluindo a melhoria das estruturas das unidades policiais e a implementação de programas de saúde e bem-estar como forma de promover a melhoria da qualidade de vida e consequente melhora do rendimento profissional do militar. Outro fator de fortalecimento institucional é a reafirmação de princípios consuetudinários orgânicos das corporações militares, consubstanciados na convivência laboral e social nos quartéis, porque esses aquartelamentos acarretam em sentimento de pertencimento e soberania a sociedade como um todo. Assim, os recursos para a reforma de instalações policiais devem ser considerados investimentos importantes para o fortalecimento da Polícia Militar de Rondônia, como forma de melhorar as condições físicas dos aquartelamentos. Além disso, a reforma de novas instalações em áreas estratégicas permite um maior alcance e cobertura policial, proporcionando um senso de presença e segurança para a população. Em outras palavras, o investimento em infraestrutura demonstra o compromisso do Estado em prover as condições adequadas para que a Polícia Militar exerça suas funções com excelência.",Policiais Militares servidores civis e Corporação de forma institucional.,Segurança Pública,continuo,2024-01-01T00:00:00,,Gestão Manutenção e Serviço,"A falta de formação e capacitação adequadas dos policiais militares pode comprometer sua eficiência no enfrentamento das diferentes situações de segurança pública, resultando em ações inadequadas e possíveis violações de direitos humanos. De igual modo, a ausência de investimentos na saúde policial pode levar ao esgotamento físico e emocional dos agentes, prejudicando sua capacidade de resposta e afetando negativamente seu bem-estar. Ademais, a carência de reformas das instalações policiais resulta em condições de trabalho precárias, desmotivação dos colaboras e limitação na atuação policial. Isso compromete a segurança tanto dos policiais quanto da população em geral.",2024,3,Programa,2024,3
556,15006,Superintendência de Polícia Técnico-Científica,Politec,1582,2166,"SEGURANÇA PÚBLICA, INTEGRAÇÃO E PROTEÇÃO","Aperfeiçoar a capacidade de planejamento, de gestão e para inovar no caminho da integração e possibilitar a promoção da paz social em uma perspectiva local e sistêmica.
",População do Estado no que tange segurança pública,Segurança Pública,continuo,2024-01-01T00:00:00,,Finalístico,"A gestão de segurança pública necessita implementar os princípios, diretrizes e objetivos da Política Nacional de Segurança Pública e Defesa Social e promover ações estratégicas com práticas que possam permitir o contato com o cidadão, desenvolvimento da capacidade inovadora, de governança e estruturação, com observância do amparo legal e marco regulatório (regulamentação, normatização e legislação) e práticas de gestão que utilizem tais instrumentos: planejamento estratégico e sistêmico, programas e projetos, uso de indicadores de desempenho, gestão do conhecimento, gestão financeira e orçamentária.",2024,3,Programa,2024,3
557,15006,Superintendência de Polícia Técnico-Científica,Politec,1587,1015,GESTÃO ADMINISTRATIVA DO PODER EXECUTIVO,Gestão Administrativa do Poder Executivo,Unidades orçamentárias do Poder Executivo,Segurança Pública,continuo,2024-01-01T00:00:00,,Gestão Manutenção e Serviço,"Desenvolver atividades-meios para o bom desenvolvimento das funções operacionais-fins da Unidade para qual foi criada por lei, visando à eficiência e eficácia das Políticas Públicas do Poder Executivo.",2024,3,Programa,2024,3
558,15011,Fundo Especial de Reequipamento Policial,FUNRESPOL,1661,1015,GESTÃO ADMINISTRATIVA DO PODER EXECUTIVO,Promover a Gestão Administrativa das Unidades da Polícia Civil,"Unidades Administrativas, Operacioais, Servidores da Polícia Civil e População do Estado de Rondônia",Gestão Estratégica,continuo,2024-01-01T00:00:00,,Gestão Manutenção e Serviço,"Desenvolver atividades-meios para o bom desenvolvimento das funções operacionais-fins da Unidade para qual foi criada por lei, visando à eficiência e eficácia das Políticas Públicas do Poder Executivo.",2024,3,Programa,2024,3
559,15011,Fundo Especial de Reequipamento Policial,FUNRESPOL,1662,2110,MODERNIZAÇÃO DA GESTÃO PÚBLICA,Promover a modernização tecnológica das Unidades da Polícia Civil,"Unidades Administrativas, Operacionais e Servidores da Polícia Civil",Gestão Estratégica,continuo,2024-01-01T00:00:00,,Finalístico,Necessidade urgente de atualização do parque de equipamentos de informática e criação de rede na Polícia Civil através da contratação de serviço de terceiros e aquisição de equipamentos e insumos necessários,2024,3,Programa,2024,3
560,15011,Fundo Especial de Reequipamento Policial,FUNRESPOL,1666,2166,"SEGURANÇA PÚBLICA, INTEGRAÇÃO E PROTEÇÃO",Promover a segurança de pessoas e bens no Estado de Rondônia através da implementação de ações que visem assegurar o pleno funcionamento das unidades da Polícia Civil e a atuação de seus servidores.,População do Estado de Rondônia,Segurança Pública,continuo,2024-01-01T00:00:00,,Finalístico,Cumprir o ofício constitucional da Polícia Civil promovendo a segurança pessoal e patrimonial dos cidadãos através de ações voltadas para a solução de crimes e contravenções penais.,2024,3,Programa,2024,3
561,15014,Fundo Especial do Corpo de Bombeiros Militar do Estado de Rondônia,Funesbom,1513,2103,DEFESA CONTRA SINISTRO,"Quartéis construídos, reformados e ampliados",População do Estado de Rondônia,Segurança Pública,continuo,2024-01-01T00:00:00,,Finalístico,"Planejar, coordenar e controlar a execução dos serviços de prevenção e combate a incêndios; busca, salvamento e resgate; atendimento pré-hospitalar; proteção do meio ambiente e ações de defesa civil; de forma integrada, tecnicamente moderna, eficaz e proativa promovendo o bem estar social e propiciando segurança e qualidade de vida à população.",2024,3,Programa,2024,3
562,15014,Fundo Especial do Corpo de Bombeiros Militar do Estado de Rondônia,Funesbom,1517,1015,GESTÃO ADMINISTRATIVA DO PODER EXECUTIVO,Manutenção da unidade administrativa e pagamento de servidores contratados por tempo determinado,Unidades orçamentárias do Poder Executivo,Gestão Estratégica,continuo,2024-01-01T00:00:00,,Gestão Manutenção e Serviço,"Desenvolver atividades-meios para o bom desenvolvimento das funções operacionais-fins da Unidade para qual foi criada por Lei, visando à eficiência e eficácia das Políticas Públicas do Poder Executivo",2024,3,Programa,2024,3
563,15015,Fundo Especial de Modernização e Reaparelhamento da Polícia Militar do Estado de Rondônia,Fumrespom,1425,2075,"SEGURANÇA PÚBLICA, JUNTOS SOMOS MAIS EFICAZES",Segurança Pública e Cidadania da População do Estado de Rondônia,Todos habitantes do Estado de Rondônia,Segurança Pública,continuo,2024-01-01T00:00:00,,Finalístico,"Prover o suporte necessário à operacionalização e execução das atividades-meio das unidades militares e FUMRESPOM, de modo a garantir o pleno funcionamento do exercício das atividades.",2024,3,Programa,2024,3
564,15015,Fundo Especial de Modernização e Reaparelhamento da Polícia Militar do Estado de Rondônia,Fumrespom,1443,1015,GESTÃO ADMINISTRATIVA DO PODER EXECUTIVO,"Proporcionar melhores condições de trabalho e qualidade no atendimento aos usuários dos serviços da Polícia Militar de Rondônia, de forma mais eficiente e eficaz.",Todos habitantes do Estado de Rondônia,Segurança Pública,continuo,2024-01-01T00:00:00,,Gestão Manutenção e Serviço,"Prover o suporte necessário à operacionalização e execução das atividades-meio das unidades militares e FUMRESPOM, de modo a garantir o pleno funcionamento do exercício das atividades administrativas.",2024,3,Programa,2024,3
565,15015,Fundo Especial de Modernização e Reaparelhamento da Polícia Militar do Estado de Rondônia,Fumrespom,1689,2166,"SEGURANÇA PÚBLICA, INTEGRAÇÃO E PROTEÇÃO","Implementar a execução de mecanismos de prevenção e repressão à criminalidade, reduzindo os indicadores de homicídio e violência nas áreas urbanas e rurais.",População do Estado de Rondônia,Segurança Pública,continuo,2024-01-01T00:00:00,,Finalístico,"Necessidade de revisão e execução de política de defesa civil, prevenção e repressão à criminalidade, de modo integrado, com a participação da sociedade, por meio dos Conselhos Comunitários de Segurança e Gabinetes de Gestão Integrada Municipais, com o foco na redução dos índices de criminalidade, tempo resposta nos atendimentos de emergência, refletindo no aumento da sensação de segurança à população do Estado.",2024,3,Programa,2024,3
566,15015,Fundo Especial de Modernização e Reaparelhamento da Polícia Militar do Estado de Rondônia,Fumrespom,1702,2087,PROGRAMA DE ENFRENTAMENTO À POBREZA,"O Fundo Estadual de Combate e Erradicação da Pobreza de Rondônia - FECOEP/RO, criado pela Lei Complementar nº 842 de 27 de novembro de 2015 e alterado pelas Leis Complementares nº 879/2016, 914/2016 e 1.016/2019, foi instituído para atender a população de Rondônia em situação de vulnerabilidade social, em especial aos em situação de pobreza e extrema pobreza, objetivando promover acesso aos serviços públicos essenciais para a superação dessas condições e melhoria da qualidade de vida dos rondonienses, através de programas e projetos que possuam finalidades compatíveis com as áreas previstas na legislação do Fundo, devidamente aprovados pelo Conselho Deliberativo do Fundo.","População rondoniense, em especial os em situação de pobreza e extrema pobreza",Cidadania,continuo,2024-01-01T00:00:00,,Finalístico,"A superação da situação de pobreza e extrema pobreza está diretamente ligada aos serviços públicos aos quais a população tem acesso, com a ampliação dos direitos sociais desde a promulgação da Constituição Federal de 1988, consequentemente ocorreu a necessidade do Estado em ampliar a gama de serviços prestados em todas as áreas de atuação, tanto em caráter de prevenção quanto de mitigação da situação atual, em especial no que se refere às áreas de assistência social, saúde, educação, segurança pública, cidadania, dentre outras. Considerando os índices de pessoas no Estado de Rondônia em situação de pobreza e extrema pobreza, faz-se necessária a adoção de políticas públicas efetivas para a diminuição desses índices e a consequente melhoria da qualidade de vida das pessoas atendidas. No bojo das políticas públicas que elevam o padrão de vida, destaca-se a oferta de programas, ações ou serviços que erradicam ou minimizam os efeitos nefastos da pobreza. 
Cabe gizar, embora a pobreza seja frequentemente associada à condição de privação de recursos monetários, é indispensável compreendê-la como fenômeno multifacetado e multidimensional (pobreza não monetária) que resulta na desproteção social do indivíduo. 
Uma das manifestações não monetárias da pobreza é insegurança alimentar e nutricional. O flagelo da fome está intimamente relacionado com sistemas de proteção social restritivos, nos quais há um comprometimento do amparo aos riscos inerentes à vida, tais como a perda do emprego, acometimento por doenças ou a incapacidade laboral. De modo geral, a exclusão do mercado de trabalho por quaisquer dos fatores anteriormente mencionados, seja pelas crises econômica ou decorrentes de pandemias como a de Covid-19, culminam em pobreza alimentar. Assim, o enfrentamento da pobreza, sob a ótica do presente programa orçamentário, reflete, sobretudo, a preocupação com os impactos da pobreza não monetária, em especial no enfrentamento das circunstâncias que geram insegurança alimentar e nutricional, sem, contudo, deixar de lado as ações e ofertas de serviços para mitigação das desvantagens sociais a que estão submetidos os indivíduos vivendo em situação de pobreza e extrema pobreza.",2024,3,Programa,2024,3
567,15017,Fundo Estadual de Segurança Pública,Funesp,1607,1015,GESTÃO ADMINISTRATIVA DO PODER EXECUTIVO,Atender ao processo de realização de Concursos Públicos e Processos Seletivos.,"Secretaria de Estado da Segurança, Defesa e Cidadania e seus órgãos vinculados",Segurança Pública,continuo,2024-01-01T00:00:00,,Gestão Manutenção e Serviço,O programa tem a finalidade de atender ao processo de realização de Concursos Públicos e Processos Seletivos,2024,3,Programa,2024,3
568,15017,Fundo Estadual de Segurança Pública,Funesp,1609,2166,"SEGURANÇA PÚBLICA, INTEGRAÇÃO E PROTEÇÃO",Integrar e Modernizar a Secretaria de Estado da Segurança Pública e seus órgãos subordinados prestando segurança à sociedade. ,População do Estado de Rondônia,Segurança Pública,continuo,2024-01-01T00:00:00,,Finalístico,"A implementação do programa é devido a necessidade de modernização e reestruturação dos órgãos que desempenham segurança pública e defesa civil no âmbito do Estado de Rondônia, com o foco na redução dos índices de criminalidade violenta de modo a melhorar o nível de segurança pública.  ",2024,3,Programa,2024,3
569,15020,Departamento Estadual de Trânsito,Detran,1558,1015,GESTÃO ADMINISTRATIVA DO PODER EXECUTIVO,"Prover a Unidade de recursos orçamentários e financeiros para atender as atividades administrativas, com aquisição de
bens e serviços, gestão de pessoal, Operações Especiais e outras, de natureza administrativa, classificadas como
despesas correntes e de capital.
",Unidades orçamentárias do poder executivo; servidores e população em geral do Estado,Segurança Pública,continuo,2024-01-01T00:00:00,,Gestão Manutenção e Serviço,"Desenvolver atividades-meios para o bom desenvolvimento das funções operacionais-fins da Unidade para qual foi criada por lei, visando à
eficiência e eficácia das Políticas Públicas do Poder Executivo
",2024,3,Programa,2024,3
570,15020,Departamento Estadual de Trânsito,Detran,1565,0000,OPERAÇÕES ESPECIAIS,"Controle e Acompanhamento bem como o pagamento da Dívida Pública do Estado Interna e Externa. Acompanhar os
novos contratos realizados ajustando o saldo devedor. Atender a demanda da Secretaria do Tesouro Nacional com
relação as dívidas do Estado",servidores publicos do estado de rondonia,Segurança Pública,continuo,2024-01-01T00:00:00,,Operação Especial,"O pagamento pontual das dívidas do Estado primam por não deixar que ocorram inadimplências, a fim de manter o Estado com suas
Certidões Negativas de débitos juntos a União e Bancos, visando à eficiência e eficácia das Políticas Públicas do Poder Executivo. Atender
as sentenças do Poder Judiciário e Acordos judiciais.",2024,3,Programa,2024,3
571,15020,Departamento Estadual de Trânsito,Detran,1566,2002,EDUCAÇÃO E SEGURANÇA NO TRÂNSITO,"Sensibilizar a população sobre a importância de aumentar a atenção ao trânsito, bem como observar e cumprir a legislação de trânsito vigente, por meio de campanhas educativas, operações de fiscalização, parcerias com órgãos públicos e outras entidades, formação de condutores especializados, assim como atividades correlatas à conscientização educativa do trânsito.
","Condutores de veículos automotores, ciclistas, pedestres e transeuntes em geral",Segurança Pública,continuo,2024-01-01T00:00:00,,Finalístico,"A Organização Mundial da Saúde (OMS) prevê que até 2030 ocorrerão mais de 2,4 milhões de mortes por acidentes de trânsito, incluindo o Brasil. Acredita ainda que os índices de acidentes de trânsito representam a primeira maior causa de óbitos entre os indivíduos na faixa de 15 a 29 anos de idade (BRASIL, 2010; WAISELFISZ, 2012). Iniciativas como o Plano Nacional de Redução de Acidentes e Segurança Viária de 2011 - 2020, apresentado à época originalmente pela Organização das Nações Unidas - ONU, possui como diretrizes gerais o alcance da meta de redução de 50% dos acidentes de trânsito. Deste modo, para essa mudança, medidas sustentadas por cinco pilares devem ser tomadas: fiscalização, saúde, infraestrutura, segurança veicular e, principalmente, educação. 

Nesta linha, os pilares estabelecidos pela Organização das Nações Unidas - ONU, incluem: a capacitação de profissionais com conhecimento indispensável de Trânsito; implementação da Educação para o Trânsito com ações pedagógicas permanentes nas escolas; capilarização da Educação para o Trânsito, para a valorização da segurança, das regras e da cidadania no trânsito; difusão de políticas e ações com foco na promoção da vida no trânsito; e finalmente disponibilização de obras técnicas e científicas, artigos e outras informações de interesse da comunidade, relacionadas ao trânsito. 

Tendo o ""caráter educativo"" como uma de suas diretrizes primárias, esta Autarquia incumbe-se da atribuição de disseminar informações de cunho institucional, focando na conscientização do indivíduo que, no contexto da atual realidade brasileira, com uma profunda divisão social e uma injusta distribuição de renda, tem dificultado o desenvolvimento de um processo democrático que oportunize a inclusão de todos em uma sociedade na qual os valores de respeito, solidariedade, dignidade e honestidade estejam presentes. Tais dificuldades, porém, não podem se tornar elementos impeditivos de ações que oportunizem a formação de um indivíduo consciente, crítico, com valores morais éticos, movido por atitudes, hábitos e habilidades que possam vir a transformar essa realidade.

Legalmente, a propositura de ações visando educação e segurança no trânsito encontra respaldo na legislação estadual vigente que estabelece a estrutura organizacional ao Departamento Estadual de Trânsito do Estado de Rondônia - DETRAN/RO, nos moldes do Código de Trânsito Brasileiro - CTB.",2024,3,Programa,2024,3
572,15020,Departamento Estadual de Trânsito,Detran,1567,2171,CIDADE DO TRÂNSITO,"Fomentar a construção da Cidade do Trânsito, unidade para integração física da sede administrativa e estabelecimentos funcionais do Departamento Estadual de Trânsito do Estado de Rondônia.",Servidores e população em Geral.,Segurança Pública,temporário,2024-01-01T00:00:00,2027-12-01T00:00:00,Finalístico,"O Município de Porto Velho possui diversas unidades administrativas e funcionais que - a exceção dos postos avançados - descentralizam as Diretorias Técnicas e setores subordinados à locais diversos, dificultando por vezes o acesso, tanto de servidores quanto da população às principais unidades de atividade-meio da Autarquia. Desta feita, sob égide motriz do princípio da eficiência, conforme elencado no Art. 37, caput, da Constituição Federal, a integração de diversas unidades, inclusive unidades funcionais, como pistas de testes e treinamento, permitirá acelerar o atendimento e comunicação administrativa das unidades, assim como garantir a economicidade financeira de custos administrativos de manutenção, deslocamento e realocação estratégica de bens patrimoniais e servidores públicos relotados.",2024,3,Programa,2024,3
573,15020,Departamento Estadual de Trânsito,Detran,1568,2170,DETRAN CIDADÃO,"Promover ações sociais visando auxiliar pessoas de baixo poder aquisitivo e/ou em situação de vulnerabilidade a obter a primeira habilitação e/ou mudanças de categorias, com atuação descentralizada, sob enfoques de classe social, pessoas em situação de vulnerabilidade, alunos que já possuam 18 (dezoito) anos completos e tenha concluído o programa “CNH na Escola"", bem como promover a realização de convênios e parcerias estratégicas junto aos municípios com enfoque na gestão do tráfego e melhoria do trânsito sob eixos da segurança, educação, fiscalização e engenharia de tráfego.",Toda sociedade rondoniense,Segurança Pública,continuo,2024-01-01T00:00:00,,Finalístico,"A independência pessoal, como motriz cumprimento do direito constitucional à liberdade depende em grande parte da capacidade que o indivíduo possui de se locomover. Em diversas situações, pessoas em situação de vulnerabilidade financeira e social encontram dificuldade em alcançar a liberdade plena de locomoção devido aos custos envolvidos na emissão de suas habilitações veiculares. 

Economicamente, a falta de habilitação veicular pode engessar a progressão funcional de futuros profissionais que pretendem utilizar o meio de transporte privado como principal aparato de deslocamento profissional, ou - em casos exponencialmente crescentes - como ponto central da própria profissão. 

Sabe-se que – originalmente – os pilares de investimento público do DETRAN se concentram em Educação, Fiscalização e Engenharia de Tráfego. Tais ações são realizadas diretamente pela Autarquia ou indiretamente por meio de parceiros credenciados, a exemplo dos convênios municipais de sinalização vertical e horizontal. As ações sociais pretendidas atendem – difusamente – as atribuições correlatas estabelecidas por legislação estadual vigente, as quais incumbiram o Departamento Estadual de Trânsito de adotar um quarto – e igualmente importante – viés social na prática de suas atividades. 

Portanto os olhares atentos da sociedade às atividades desenvolvidas pelo governo que, por sua vez, tem como princípio básico prestar serviços que supram as necessidades coletivas de forma eficiente e eficaz, indicam a importância do gestor público em ter como preceitos motrizes modernos para administrar o setor público. A importância dessas visões na gestão pública tem como vertente o desenvolvimento social que afeta diretamente a sociedade como um todo, contribuindo na melhoria dos serviços públicos prestados a sociedade.",2024,3,Programa,2024,3
574,15020,Departamento Estadual de Trânsito,Detran,1569,2172,HABILITAÇÃO DE CONDUTORES E VEÍCULOS,"Fomentar: a habilitação de condutores aptos a conduzir veículos automotores em conformidade com a legislação em vigor, a realização de exames práticos e teóricos eficazes na internalização do conhecimento e diretrizes éticas de tráfego, a fiscalização e vistoria de empresas credenciadas para prestação de serviços de condutores (Centros de Formação de Condutores, Clínicas Médicas e Psicológicas) e serviços relacionados a veículos (Empresas Credenciadas de Vistoria e Estampadoras de Placas) e a execução de serviços correlatos às unidades gerenciais, técnicas e operacionais de habilitação e veículos.","Condutores de veículos automotores, ciclistas, pedestres e transeuntes em geral",Segurança Pública,continuo,2024-01-01T00:00:00,,Finalístico,"Três pontos são consensuais entre todos os profissionais que laboram com a temática de trânsito no Brasil. Primeiramente, a educação para o trânsito é absolutamente imprescindível para reduzir a grande acidentalidade de trânsito do país e transformar o espaço público de deslocamento em um espaço de melhor convívio social. Ademais, a educação para o trânsito não tem sido tratada com a importância que deve ter. Senda reta, é necessário aperfeiçoar os conteúdos programáticos relativos à educação para o trânsito no ensino fundamental.

No caso dos Centros de Formação de Condutores, os esclarecimentos ministrados em sala de aula, não devem ficar no campo meramente informativo, mas, sobretudo, deve se buscar que os mesmos se tornem valiosas lições para que os alunos refletirem sobre a temática debatida, neste caso o trânsito, bem como seus comportamentos ao dirigir, sendo portanto responsabilidade destes institutos não apenas ensinar o domínio do veículo, mas também de conscientizar aos futuros motoristas sobre a realidade complexa que o mesmo está inserido, demonstrando e conscientizando sobre a premente necessidade de se sentirem responsáveis por suas atitudes e eventuais falhas no trânsito. Por conseguinte, compete ao Departamento Estadual de Trânsito a responsabilidade de garantir que este ensinamento está sendo corretamente repassado e - diretamente - absorvido.

Sendo o trânsito um organismo de constante transformação, constitui-se em um ambiente complexo onde há uma convivência indissociável entre pedestre, motociclista, ciclista e diversos outros atores. O pretenso condutor está inserido no trânsito como pedestre ou passageiro e possui valores e conceitos pré-estabelecidos sobre o trânsito que devem ser testados e eticamente validados quando do momento de sua habilitação, como garantia futura de minimizar os acidentes automobilísticos que ocorrem anualmente no Estado de Rondônia.

Situação semelhante se aplica à correta e minuciosa fiscalização das Empresas Credenciadas de Vistoria dos veículos que compõem a frota comum de tráfego do Estado de Rondônia. A proba correição e auditoria das empresas atinge diretamente o número de veículos que provocam sinistros de trânsito, desde leves até gravíssimos, devido a falhas técnicas e mecânicas envolvendo componentes que deveriam ter sido corretamente vetados pelas empresas.

Nesta seara, compete legalmente ao Departamento Estadual de Trânsito do Estado de Rondônia o fomento de ações que incentivem a habilitação de condutores, fiscalização e vistoria de veículos, bem como a correta transmissão de conhecimento técnico e ético aos futuros condutores, sob garantia de um trânsito mais seguro.",2024,3,Programa,2024,3
575,15020,Departamento Estadual de Trânsito,Detran,1573,2174,MODERNIZAÇÃO DO DETRAN/RO,"Fomentar a modernização, atualização e segurança de dados dos sistemas informáticos, a modernização administrativa e gerencial do patrimônio, a construção e reforma das sedes e unidades adjacentes, a atualização, capacitação e melhoria de qualidade de vida dos servidores públicos, bem como implementação de novas metodologias no Departamento Estadual de Trânsito do Estado de Rondônia.","Administração pública em geral, usuários e população em geral.",Segurança Pública,continuo,2024-01-01T00:00:00,,Finalístico,"O Departamento Estadual de Trânsito possui atribuições baseadas nos pilares da Educação, Fiscalização e Engenharia de Tráfego, as quais exigem o constante uso de ferramentas tecnológicas para a garantia de suas execuções, tanto em macro escala - no gerenciamento das atividades de educação e fiscalização - quanto em microescala - nas ferramentas diretas de captação de estatísticas de trânsito - as quais não podem sucumbir à estagnação temporal inerentes à natureza da tecnologia da informação. 

O fomento da modernização tecnológica atinge diretamente a eficácia do serviço a ser acessado pelo cidadão, a eficiência - leia-se: celeridade - com a qual consegue alcançar seu objetivo de atendimento, bem como a efetividade do cumprimento deste serviço. Uma vez que novas tecnologias - a exemplo do advento da Inteligência Artificial - o qual renasceu sob força herculana, propõe o desafio de proporções igualmente herculanas ao Departamento Estadual de Trânsito: garantir que os servidores e o cidadão - como é de seu direito - tenha acesso às ferramentas tecnológicas mais avançadas sob égide do cumprimento das atribuições funcionais da Autarquia.

Esta modernização ocorre não só por meio do fomento de sistemas informáticos mais avançados, como também na implementação de sistemas com enfoque em modernização administrativa e gerencial no patrimônios dos recursos físicos e financeiros disponíveis pela Autarquia, garantindo uma aplicação mais ordenada.

Em igual forma, a modernização tecnológica e melhor gerência patrimonial exigem a manutenção de sedes e unidades adjacentes bem estruturadas e seguras, como forma de proteção e segurança da vida e bem-estar dos servidores e cidadãos-usuários, bem como garantia de conservação do patrimônio físico e financeiro da Autarquia.",2024,3,Programa,2024,3
576,16001,Secretaria de Estado da Educação,Seduc,1456,1015,GESTÃO ADMINISTRATIVA DO PODER EXECUTIVO,"O programa busca garantir a execução de atividades-meios para  o bom desenvolvimento das funções operacionais-fins, assegurando  a manutenção  do órgão/unidades administrativas da educação básica.","Servidores, fornecedores, conselheiros, prestadores de serviços e estagiários.",Educação,continuo,2024-01-01T00:00:00,,Gestão Manutenção e Serviço,"Manter  órgão/unidades administrativas e Conselhos da Educação Básica,  com aquisição de bens e/ou  serviços, remuneração de pessoal e encargos, programa de estágio, programa amigo voluntáio, pagamento de verbas indenizatórias e rescisórias, despesas contínuada de manutenção administrativa e repasse financeiro, dando suporte às atividades fins.",2024,3,Programa,2024,3
577,16001,Secretaria de Estado da Educação,Seduc,1514,2156,ENSINO FUNDAMENTAL + : AVANÇANDO NA PROFICIÊNCIA,"O programa Ensino Fundamental + : Avançando na Proficiência  busca proporcionar uma educação de qualidade, garantindo que os estudantes adquiram as competências e habilidades necessárias para o seu desenvolvimento.","Estudantes, Professores, Gestores  e demais atores da comunidade escolar.",Educação,continuo,2024-01-01T00:00:00,,Finalístico,"O programa ""Ensino Fundamental +: Avançando na Proficiência"" surge como resposta a um problema educacional de extrema conversão: a defasagem educacional e os baixos índices de proficiência em língua portuguesa e matemática entre os alunos do Ensino Fundamental. Essa situação preocupante se agravou ainda mais com a identificação de um elevado padrão de desempenho abaixo do básico e básico nestas disciplinas. 
A defasagem educacional e a baixa proficiência nas áreas fundamentais da aprendizagem têm consequências negativas e de longo prazo para os estudantes, podendo comprometer suas chances de sucesso acadêmico, inserção no mercado de trabalho e participação plena na sociedade. Para enfrentar esse desafio, é imperativo implementar estratégias e ações específicas, destinadas a elevar o nível de proficiência dos alunos em língua portuguesa e matemática. Assim como combater as causas subjacentes à baixa performance dos estudantes e, ao mesmo tempo, fortalecer os pontos fortes do sistema educacional.
",2024,3,Programa,2024,3
578,16001,Secretaria de Estado da Educação,Seduc,1515,2157,PROFICIÊNCIA 360: FORTALECENDO O ENSINO MÉDIO,"O programa ""Proficiência 360: Fortalecendo o Ensino Médio"" busca proporcionar uma educação de qualidade, garantindo que os estudantes adquiram as competências e habilidades necessárias para o seu desenvolvimento, preparando-os para os desafios da cidadania e do mundo do trabalho.","Estudantes, Professores, Gestores e demais atores da Comunidade Escolar.",Educação,continuo,2024-01-01T00:00:00,,Finalístico,"O programa ""Proficiência 360: Fortalecendo o Ensino Médio"" surge como resposta a um problema educacional de extrema conversão: a defasagem educacional e os baixos índices de proficiência em língua portuguesa e matemática entre os alunos do Ensino Médio. Essa situação preocupante se agravou ainda mais com a identificação de um elevado padrão de desempenho abaixo do básico e básico nestas disciplinas. A defasagem educacional e a baixa proficiência nas áreas fundamentais da aprendizagem têm consequências negativas e de longo prazo para os estudantes, podendo comprometer suas chances de sucesso acadêmico, inserção no mercado de trabalho e participação plena na sociedade. Para enfrentar esse desafio, é imperativo implementar estratégias e ações específicas, destinadas a elevar o nível de proficiência dos alunos em língua portuguesa e matemática. Assim como combater as causas subjacentes à baixa performance dos estudantes e, ao mesmo tempo, fortalecer os pontos fortes do sistema educacional.",2024,3,Programa,2024,3
579,16001,Secretaria de Estado da Educação,Seduc,1516,2158,EDUCAÇÃO PARA TODOS: RUMO À INCLUSÃO,"O Programa ""Educação para Todos: Rumo à Inclusão"" busca  promover a inclusão educacional de forma abrangente e equitativa, garantindo o acesso, permanência e sucesso na educação de estudantes com necessidades especiais, indígenas,  jovens e adultos, inclusive aqueles em vulnerabilidade social que estão em cumprimento de medidas socioeducativas e prisional. O programa visa assegurar que todos os indivíduos, independentemente de suas origens e características pessoais, tenham oportunidades iguais de participar da educação e alcançar o pleno desenvolvimento de suas potencialidades.",Estudantes e Comunidade Escolar,Educação,continuo,2024-01-01T00:00:00,,Finalístico,"Para assegurar um futuro próspero e igualitário, é imperativo que o sistema educacional seja inclusivo e capaz de atender às necessidades de todos os cidadãos, independentemente de suas limitações,  origem étnica, social ou idade. O programa ""Educação para Todos: Rumo à Inclusão"" surge como estratégia para enfrentar  esses desafios e tem como objetivo principal promover a igualdade de oportunidades educacionais para indígenas,  jovens e adultos e aqueles com necessidades especiais e em vulnerabilidade social (socioeducativo e prisional), visando diminuir a defasagem educacional e proporcionar acesso e permanência no ensino.",2024,3,Programa,2024,3
580,16001,Secretaria de Estado da Educação,Seduc,1564,2176,LEITURA PARA O FUTURO: PARCERIA PELA ALFABETIZAÇÃO,"O Programa ""Leitura para o Futuro: Parceria pela Alfabetização busca promover o desenvolvimento e melhoria da qualidade do ensino fundamental nas séries iniciais, com foco principal na alfabetização na idade certa, estabelecendo uma colaboração efetiva entre o governo estadual e as prefeituras. ","Estudantes, Professores, Gestores  e demais atores da comunidade escolar.",Educação,continuo,2024-01-01T00:00:00,,Finalístico,"A alfabetização é uma etapa fundamental na formação educacional de qualquer indivíduo e tem um impacto significativo em seu desenvolvimento cognitivo, emocional e social. É nessa fase que as bases da aprendizagem são construídas, permitindo que as crianças adquiram habilidades e competências essenciais para uma participação plena na sociedade. No entanto, Rondônia ainda enfrenta desafios persistentes no que diz respeito à alfabetização na idade certa. Dados educacionais revelam que muitas crianças não estão atingindo níveis elevados de leitura e escrita ao final do ciclo das séries iniciais do ensino fundamental. Esse cenário implica em consequências negativas para o percurso educacional desses alunos, tornando-os mais tolerantes ao abandono escolar e às dificuldades acadêmicas ao longo de suas trajetórias educacionais. Diante dessa realidade, a criação do programa  ""Leitura para o Futuro: Parceria pela Alfabetização"" se faz necessária para promoção do desenvolvimento e melhoria da qualidade do ensino fundamental nas séries iniciais, concentrando-se especialmente na alfabetização na idade apropriada. Para alcançar esse propósito, será estabelecida uma colaboração sólida e efetiva entre o governo e as prefeituras, fundamentada em princípios de cooperação, diálogo e complementaridade de esforços. ",2024,3,Programa,2024,3
581,16020,Instituto Estadual de Desenvolvimento da Educação Profissional ,IDEP,1434,1015,GESTÃO ADMINISTRATIVA DO PODER EXECUTIVO,Gestão Administrativa do Poder Executivo,Unidades orçamentárias do Poder Executivo,Educação,continuo,2024-01-01T00:00:00,,Gestão Manutenção e Serviço,"O Programa busca garantir a execução de atividades-meios, para o bom desenvolvimento das funções operacionais-fins, assegurando a manutenção do Instituto de Desenvolvimento de Educação Profissional e das unidades escolares da Educação Profissional.",2024,3,Programa,2024,3
582,16020,Instituto Estadual de Desenvolvimento da Educação Profissional ,IDEP,1450,2134,EXPANSÃO DA EDUCAÇÃO PROFISSIONAL E TECNOLÓGICA,Expansão da educação profissional e tecnológica.,Estudantes do Ensino Médio e Sociedade,Educação,continuo,2023-01-01T00:00:00,,Finalístico,"Formar o indivíduo para o universo laboral mediante o processo de ensino e aprendizagem que lhe oportunize a apreensão dos conhecimentos e habilidades necessárias ao exercício das profissões técnicas, bem como o desenvolvimento das respectivas aptidões compreendidas, ainda, a iniciação profissional, qualificação inicial, atualização, aperfeiçoamento, especialização e capacitação.",2024,3,Programa,2024,3
583,16031,Fundação Cultural do Estado de Rondônia ,Funcer,1447,1015,GESTÃO ADMINISTRATIVA DO PODER EXECUTIVO,"Assegurar a Manutenção Administrativa e prestar apoio às Unidades: Complexo Teatral, BPE, MERO, CCIM e Teatro de Ariquemes, com a finalidade de constituir os custos administrativos orçamentárias constantes do orçamento da FUNCER, agregando as despesas que não são passíveis de apropriação em ações finalísticas, a ação  compreende: serviços administrativos ou de apoio; manutenção e uso de frota veicular; manutenção e conservação de bens imóveis próprios na qual a posse dos espaços culturais ser de competência desta FUNCER, de acordo com o Decreto 22.842 de 2018; despesas com tecnologia de informação e comunicações, sob a ótica ""meio"", aquisição de equipamentos e contratação de serviços técnicos e administrativos de apoio, desde que voltados à administração e suas unidades; capacitação de servidores em temas e ferramentas de uso geral; despesas com viagens e locomoção, incluindo aquisição de passagens, pagamento de diárias e afins; realização de estudos que têm por objetivo elaborar, aprimorar ou dar subsídios à formulação de políticas públicas; promoção de eventos para discussão, formulação e divulgação de políticas etc; produção e edição de publicações para divulgação e disseminação de informações sobre políticas públicas; demais atividades-meio necessárias à gestão e à administração da unidade.","População em geral, pessoa física e jurídica (pública e privada), Setores Administrativos: Setor de Contratos, Setor de Compras, Setor de Patrimônio e Almoxarifado e Outros, e, de apoio às Unidades: Complexo Teatral, BPE, MERO, CCIM e Teatro de Ariquemes.",Gestão Estratégica,continuo,2024-01-01T00:00:00,,Gestão Manutenção e Serviço,"Programa destinado a suprir com materiais, bens e serviços as atividades administrativas, a fim de garantir a manutenção das Unidades relacionadas à Fundação Cultural do Estado de Rondônia - FUNCER, bem como, prestar o apoio imprescíndivel as ações finalísticas.",2024,3,Programa,2024,3
584,16031,Fundação Cultural do Estado de Rondônia ,Funcer,1503,2090,DESENVOLVIMENTO DO PATRIMÔNIO CULTURAL,"O programa visa promover o patrimônio histórico cultural, pois por meio dele é possível conhecer a história e tudo que o envolve. Por exemplo, a arte, as tradições, os saberes de determinado povo. Preservar e valorizar os elementos culturais de um povo é manter viva a sua identidade. Trata-se, portanto, de um ato de construção da cidadania.",cidadão que necessitar,Educação,continuo,2024-01-01T00:00:00,,Finalístico,"O Estado de Rondônia contém riquíssimo acervo cultural, como festas populares, culinárias, paisagens, dente outras. Assim, desenvolver esse patrimônio é conservar a identidade do nosso povo. ",2024,3,Programa,2024,3
585,17010,"Fundo estadual de prevenção, fiscalização e repressão de entorpecentes",FESPREN,1630,1015,GESTÃO ADMINISTRATIVA DO PODER EXECUTIVO,"O programa tem como objetivo primordial garantir recursos adequados e suficientes para a manutenção das atividades da parte administrativa do órgão governamental. Através de uma gestão orçamentária eficiente e transparente, busca-se suprir todas as necessidades operacionais e funcionais do órgão, permitindo o pleno funcionamento das suas atividades administrativas.",Unidades administrativas direta e indireta do Governo Estadual e municípios de Rondônia,Gestão Estratégica,continuo,2024-01-01T00:00:00,,Gestão Manutenção e Serviço,"O programa visa proporcionar um ambiente estável e funcional para os servidores do órgão, possibilitando que eles desempenhem suas funções de forma eficaz. Dessa forma, o programa contribui diretamente para a eficiência e efetividade da administração pública, assegurando que o órgão possa cumprir sua missão institucional de maneira responsável.  ",2024,3,Programa,2024,3
586,17010,"Fundo estadual de prevenção, fiscalização e repressão de entorpecentes",FESPREN,1632,2039,DESENVOLVIMENTO DE POLÍTICAS PÚBLICAS SOBRE DROGAS,Fomentar a política sobre drogas com ações para redução da demanda e oferta do uso de drogas lícitas e ilícitas e apoiar as Comunidades Terapêuticas.,População do Estado de Rondônia,Saúde,continuo,2024-01-01T00:00:00,,Finalístico,"A questão das drogas, no Brasil e no mundo, constitui um grave problema de saúde pública, com reflexos nos diversos segmentos da sociedade. Os serviços de segurança pública, educação, trabalho, saúde, sistema de justiça, assistência social, dentre outros, e os espaços familiares e sociais são repetidamente afetados, direta ou indiretamente, pelos reflexos e pelas consequências do uso das drogas. Assim, considerando a complexidade e a transversalidade da política sobre drogas, faz-se necessário um enorme esforço de coordenação entre diversas áreas diferentes para realização de formas integradas de intervenção a fim de solucionar os problemas sociais enfrentados. Faz-se necessário a adoção de políticas públicas adequadas, nos eixos da prevenção, cuidados, tratamento e reinserção social, no eixo da redução da oferta, da pesquisa e avaliação, bem como do eixo da governança, gestão e integração e que convergem para um conjunto de objetivos estratégicos e metas a fim de que sejam solucionados os problemas sociais relacionados à demanda e à oferta de drogas.",2024,3,Programa,2024,3
587,17012,Fundo Estadual de Saúde,FES,1487,2069,ASSISTÊNCIA FARMACÊUTICA NO SUS,"A Assistência Farmacêutica (AF) engloba um conjunto de ações voltadas à promoção, proteção e recuperação da saúde, tanto individual como coletiva, tendo o medicamento como insumo essencial e visando ao seu acesso e ao seu uso racional. Relacionada ao abastecimento de medicamentos para as unidades de saúde ambulatoriais e hospitalares próprias da SESAU e dar acesso aos usuários do SUS em uso de medicamentos do componente especializado.",População do Estado de Rondônia,Saúde,continuo,2024-01-01T00:00:00,,Finalístico,"Desenvolver ações de aquisição e distribuição de medicamentos, com o devido  planejamento,  formulação,  implementação das políticas de gestão da assistência farmacêutica, exigindo programas e atividades específicas. A eficácia na gestão dessas ações pressupõe além da disponibilidade de recursos financeiros a organização dos serviços e, de forma a prestar uma assistência digna, humanizada, segura aos usuários portadores de doenças crônicas, com a ação de pessoal capacitado para coordenar as atividades a serem desenvolvidas.",2024,3,Programa,2024,3
588,17012,Fundo Estadual de Saúde,FES,1490,1015,GESTÃO ADMINISTRATIVA DO PODER EXECUTIVO,Gestão Administrativa do Poder Executivo,Unidades orçamentárias do poder executivo; servidores e população em geral do Estado,Saúde,continuo,2024-01-01T00:00:00,,Gestão Manutenção e Serviço,"Desenvolver atividades-meios para o bom desenvolvimento das funções operacionais-fins da Unidade para qual foi criada por Lei, visando à eficiência e eficácia das Políticas Públicas do Poder Executivo",2024,3,Programa,2024,3
589,17012,Fundo Estadual de Saúde,FES,1493,2049,RONDÔNIA ACOLHE,"Ancorado pelas diretrizes do Sistema Nacional de Políticas Públicas sobre Drogas, que tem, entre seus princípios, o respeito aos direitos fundamentais do ser humano, a CPOAD dispõe do CREPAD - Centro de Referência de Prevenção e Atenção à Dependência Química – CREPAD, em funcionamento desde 2013, voltado para a oferta de serviços de atenção e cuidado às pessoas com uso abusivo ou dependência de substâncias psicoativas. Tendo disponibilidade para atendimento por demanda espontânea ou referenciada, diariamente.","Dependentes químicos, familiares e demais pessoas em situação de vulnerabilidade e risco",Saúde,continuo,2024-01-01T00:00:00,,Finalístico,"O CREPAD é um equipamento da política estadual, de atendimento psicossocial diário (aos munícipes de Porto Velho e adjacências), grupo de apoio a usuários e familiares, projetos e ações de prevenção, capacitações, bem como, coordenação e regulação dos procedimentos para acolhimento, em regime de residência em Comunidades Terapêuticas, na modalidade de acolhimento voluntário, além dos demais encaminhamentos para a rede de atenção, que contribuem para o tratamento, recuperação e a reinserção social. ",2024,3,Programa,2024,3
590,17012,Fundo Estadual de Saúde,FES,1588,2034,GESTÃO DA ASSISTÊNCIA HOSPITALAR E AMBULATORIAL,Fortalecimento da gestão da assistência hospitalar e ambulatorial,Usuários do Sistema Único de Saúde-SUS,Saúde,continuo,2024-01-01T00:00:00,,Finalístico,O Programa da Gestão da Assistência Hospitalar e Ambulatorial visa o desenvolvimento de estratégias por meio do aporte de recursos financeiros necessários ao fortalecimento da integralidade dos serviços de saúde da rede própria e complementar do Estado de Rondônia.,2024,3,Programa,2024,3
591,17012,Fundo Estadual de Saúde,FES,1593,2084,GESTÃO DA POLÍTICA DE SAÚDE,Gestão da Política de Saude,Toda a população do Estado de Rondônia,Saúde,continuo,2024-01-01T00:00:00,,Finalístico,"Necessidade de assegurar ao usuário o acesso universal das ações e serviços do SUS, de forma regionalizada, com a transparência, integralidade, equidade e participação popular nas regiões de saúde do estado. Além disso, fortalecer a estrutura de governança do SUS. ",2024,3,Programa,2024,3
592,17012,Fundo Estadual de Saúde,FES,1594,2070,INVESTIMENTOS EM SAÚDE,"Assegurar os recursos necessários para todos os investimentos (Obras e Material Permanente) para as Unidades da Secretaria, visando ampliação de melhoria no atendimento ao usuário do SUS",População do Estado de Rondônia,Saúde,continuo,2024-01-01T00:00:00,,Finalístico,"Necessidade de investir em saúde, com o objetivo de manter, melhorar e ampliar a oferta e qualidade de serviços da rede, adequando a legislação pertinente bem como aos novos serviços que se fazem necessário.",2024,3,Programa,2024,3
593,17012,Fundo Estadual de Saúde,FES,1603,0000,OPERAÇÕES ESPECIAIS,"A ação 0256 foi cadastrada para atender às emendas parlamentares estaduais destinadas às ações e serviços de saúde em decorrência do Art. 166, §9° da Constituição Federal, não sendo realizada execução orçamentária e financeira dos recursos através desta, por não haver vinculação direta com o objeto da destinação, vez que desse modo, não é possível identificar e monitorar a aplicação dos recursos por nível de complexidade dos serviços de saúde. Assim, os recursos de Emenda Parlamentar alocados nessa ação são obrigatoriamente remanejados para as ações de execução, para celebração de Convênios, Execução Direta ou Transferências na modalidade Fundo a Fundo.",População do Estado de Rondônia,Saúde,temporário,2024-01-01T00:00:00,2027-12-01T00:00:00,Operação Especial,"Atendimento à alocação temporária de recursos durante o processo de elaboração orçamentária, por indicação parlamentar, até o limite individual da Emenda prevista no Projeto de Lei Orçamentária Anual, atendendo ao disposto no artigo 166 §9° da Constituição Federal.",2024,3,Programa,2024,3
594,17012,Fundo Estadual de Saúde,FES,1667,2189,FORTALECIMENTO DAS REDES DE ATENÇÃO À SAÚDE,"Programa finalístico voltado ao fortalecimento das redes de atenção à saúde na luz das diretries do SUS, tendo como a atenção primária o centro comunicador das redes de atenção.",Todos os municípios de Rondônia,Saúde,continuo,2024-01-01T00:00:00,,Finalístico,"Programa importante devido a participação da gestão estadual no fomento de políricas estaduais de saúde, garantindo assim o cumprimento dos princípios do SUS e os atributos e competências da atenção primária em saúde, bem como a média e alta complexidade, de caráter descentralizado e regionalizado.",2024,3,Programa,2024,3
595,17013,Fundo Estadual para Construção do Hospital de Urgência e Emergência de Porto Velho,FUN-HEURO,1618,2152,GESTÃO E OPERACIONALIZAÇÃO DO HEURO,Gestão e Operacionalização do HEURO,Usuários do Sistema Único de Saúde-SUS,Saúde,continuo,2024-02-01T00:00:00,,Finalístico,"Busca-se manter a locação do prédio do Novo Hospital sob medida de reversão ao final do contrato, bem como assegurar a manutenção da Parceria Público-Privada PPP",2024,3,Programa,2024,3
596,17032,Fundação de Hematologia e Hemoterapia de Rondônia,Fhemeron,1424,1015,GESTÃO ADMINISTRATIVA DO PODER EXECUTIVO,Programa de gestão administrativa do poder executivo,Unidades administrativas e servidores da Fundação de Hematologia e Hemoterapia do Estado de Rondônia,Gestão Estratégica,continuo,2024-01-01T00:00:00,,Gestão Manutenção e Serviço,"O programa busca garantir a execução das atividades meio para o bom desenvolvimento das funções operacionais fins, assegurando a manutenção do órgão/unidades administrativas, hemocentros regionais e agências transfunsionais.",2024,3,Programa,2024,3
597,17032,Fundação de Hematologia e Hemoterapia de Rondônia,Fhemeron,1504,2105,ATENÇÃO HEMOTERÁPICA E HEMATOLÓGICA,Assistência hemoterápica e hematológica no Estado de Rondônia,População com demandas transfusionais,Saúde,continuo,2024-01-01T00:00:00,,Finalístico,"Necessidade de promover disponibilidade de produtos e serviços hemoterápicos à rede de saúde pública, privada e filantrópicas no Estado de Rondônia, bem como o atendimento hematológico aos pacientes com coagulopatias hereditárias, de acordo com as exigências da legislação vigente.",2024,3,Programa,2024,3
598,17032,Fundação de Hematologia e Hemoterapia de Rondônia,Fhemeron,1530,0000,OPERAÇÕES ESPECIAIS,Operações especiais para atendimento das demandas judiciais,Unidades administrativas e servidores da Fundação de Hematologia e Hemoterapia do Estado de Rondônia,Saúde,continuo,2024-01-01T00:00:00,,Operação Especial,Atender as determinações judiciais mediante Requisições de Pequeno Valor (RPV) e precatórios.,2024,3,Programa,2024,3
599,17033,Centro de Educação Técnico-Profissional na Área de Saúde,Cetas,1484,1015,GESTÃO ADMINISTRATIVA DO PODER EXECUTIVO,"Garantir o pleno funcionamento das atividades administrativas da Unidade Orçamentária, coordenando recursos humanos e a otimização de recursos financeiros na execução das ações de educação permanente para melhoria da assistência em saúde no Estado de Rondônia","Profissionais de saúde de nível fundamental, médio e superior que atuam no SUS e usuários",Saúde,continuo,2024-01-01T00:00:00,,Gestão Manutenção e Serviço,"Assegurar condições adequadas de infraestrutura física, administrativa e financeira essenciais para o planejamento e  desenvolvimento das atividades finalísticas (ações educativas) para melhoria da qualificação dos servidores de saúde do SUS no Estado de Rondônia",2024,3,Programa,2024,3
600,17033,Centro de Educação Técnico-Profissional na Área de Saúde,Cetas,1536,2109,EDUCAÇÃO PERMANENTE EM SAÚDE,Desenvolver ações de educação permanente e continuada em saúde aos servidores do SUS nas esferas municipal e estadual visando o fortalecimento das Redes de Atenção à Saúde e a melhoria dos serviços/ assistência prestados à população no Estado de Rondônia.,"Profissionais de saúde de nível fundamental, médio e superior que atuam no SUS e usuários",Saúde,continuo,2024-01-01T00:00:00,,Finalístico,Promover o fortalecimento dos processos de educação em saúde voltados à qualificação dos trabalhadores para transformação de seus processos de trabalho alinhados aos princípios fundamentais do SUS e a melhoria dos serviços/ assistência prestados à população no Estado de Rondônia.,2024,3,Programa,2024,3
601,17033,Centro de Educação Técnico-Profissional na Área de Saúde,Cetas,1559,2070,INVESTIMENTOS EM SAÚDE,"Ampliação, reforma e manutenção da estrutura física da sede da Escola de Saúde Pública do Estado de Rondônia/ CETAS","Profissionais de saúde de nível fundamental, médio e superior que atuam no SUS e usuários",Saúde,continuo,2024-01-01T00:00:00,,Finalístico,"Necessidade de expansão da infraestrutura física da Escola de Saúde Pública do Estado de Rondônia/ CETAS, com a construção de mais laboratórios, salas de aula e outros espaços de aprendizagem para ampliação das ações de educação permanente em saúde",2024,3,Programa,2024,3
602,17034,Agência Estadual de Vigilância em Saúde ,Agevisa,1457,1015,GESTÃO ADMINISTRATIVA DO PODER EXECUTIVO,Gestão Administrativa do Poder Executivo. ,Unidades Gestoras do Poder Executivo e Sociedade,Gestão Estratégica,continuo,2024-01-01T00:00:00,,Gestão Manutenção e Serviço,"Desenvolver atividades-meios para o bom desenvolvimento das funções operacionais-fins da Unidade para qual foi criada por lei, visando à eficiência e eficácia das Políticas Públicas do Poder Executivo",2024,3,Programa,2024,3
603,17034,Agência Estadual de Vigilância em Saúde ,Agevisa,1458,2023,VIGILANCIA EM SAÚDE,Desenvolver as Ações de Vigilância em saúde,População do Estado de Rondônia,Saúde,continuo,2024-01-01T00:00:00,,Finalístico,"Promover a saúde através de ações destinadas a controlar determinantes, riscos e danos à saúde, de populações que vivem em determinados territórios, sob a ótica da integralidade do cuidado, resultante do trabalho integrado das vigilâncias (Epidemiológica, Sanitária, Saúde Ambiental, Saúde do Trabalhador e CIVES), embasados em ações de promoção da saúde e continua análise da situação de saúde.",2024,3,Programa,2024,3
604,18001,Secretaria de Estado do Desenvolvimento Ambiental,Sedam,1454,1015,GESTÃO ADMINISTRATIVA DO PODER EXECUTIVO,Manter a operacionalização da Unidade Administrativa.,Unidades orçamentárias do Poder Executivo,Meio Ambiente e Desenvolvimento Territorial,continuo,2024-01-01T00:00:00,,Gestão Manutenção e Serviço,"Desenvolver atividades meios para subsidiar as funções operacionais fins da Unidade para qual foi criada por lei, visando a eficiência e eficácia das Políticas Públicas voltadas para o Desenvolvimento Ambiental Sustentável do estado de Rondônia.",2024,3,Programa,2024,3
605,18001,Secretaria de Estado do Desenvolvimento Ambiental,Sedam,1460,2153,DESENVOLVIMENTO AMBIENTAL SUSTENTÁVEL,"A sustentabilidade ambiental busca o equilíbrio entre o progresso da sociedade, conservação do meio ambiente e o desenvolvimento da economia.",População do Estado de Rondônia,Meio Ambiente e Desenvolvimento Territorial,continuo,2024-01-01T00:00:00,,Finalístico,"Desenvolver e suprir as necessidades da geração atual, sem comprometer a capacidade de atender as necessidades das futuras gerações. Além de promover a utilização de ferramentas e estratégias eficazes para minimizar os impactos negativos que o crescimento e o desenvolvimento da sociedade podem causar à natureza.",2024,3,Programa,2024,3
606,18001,Secretaria de Estado do Desenvolvimento Ambiental,Sedam,1468,2154,GESTÃO INTEGRADA DAS UNIDADES DE CONSERVAÇÃO ESTADUAIS,"Implementar ações visando integrar a gestão das Unidades de Conservação sob responsabilidade do Estado de Rondônia, de modo que possa garantir a preservação dos recursos naturais.",População do Estado de Rondônia,Meio Ambiente e Desenvolvimento Territorial,continuo,2024-01-01T00:00:00,,Finalístico,"Conservar os limites definidos das Unidades de Conservação Estaduais conforme SNUC Lei nº 9.985 de 2000 e SEUC, sob regime especial de administração, ao qual se aplicam garantias adequadas de proteção. Aprimorando a implementação do que prevê a legislação nas atividades de gestão das Unidades de Conservação estaduais, tão necessária para garantir a conservação da natureza, diversidade biológica, preservação e a restauração da diversidade de ecossistemas naturais, proteção dos recursos naturais, preservação dos Povos e Comunidades Tradicionais, promoção do desenvolvimento sustentável, educação ambiental e conscientização, além do cumprimento de compromissos internacionais.",2024,3,Programa,2024,3
607,18011,Fundo Especial de Proteção Ambiental,Fepram,1478,1015,GESTÃO ADMINISTRATIVA DO PODER EXECUTIVO,Gestão Administrativa do Poder Executivo.,População do Estado de Rondônia,Meio Ambiente e Desenvolvimento Territorial,continuo,2024-01-01T00:00:00,,Gestão Manutenção e Serviço,"Desenvolver atividades-meios para o bom desenvolvimento das funções operacionais-fins da Unidade para qual foi criada por lei, visando à eficiência e eficácia das Políticas Públicas do Poder Executivo.",2024,3,Programa,2024,3
608,18011,Fundo Especial de Proteção Ambiental,Fepram,1479,2098,PROTEÇÃO AMBIENTAL,Proteção Ambiental,População do Estado de Rondônia,Meio Ambiente e Desenvolvimento Territorial,continuo,2024-01-01T00:00:00,,Finalístico,"Para um ambiente protegido e ecologicamente equilibrado  faz-se necessário intensificar a redução da degradação ambiental, do desmatamento, principalmente o desmatamento ilegal e a redução das queimadas florestais, através da execução de ações voltadas para fiscalização, controle e monitoramento ambiental.",2024,3,Programa,2024,3
609,18011,Fundo Especial de Proteção Ambiental,Fepram,1480,2154,GESTÃO INTEGRADA DAS UNIDADES DE CONSERVAÇÃO ESTADUAIS,"Implementar ações visando integrar a gestão das Unidades de Conservação sob responsabilidade do Estado de Rondônia, de modo que possa garantir a preservação dos recursos naturais.",População do Estado de Rondônia,Meio Ambiente e Desenvolvimento Territorial,continuo,2024-01-01T00:00:00,,Finalístico,"Conservar os limites definidos das Unidades de Conservação Estaduais conforme SNUC, Lei nº 9.985 de 2000 e SEUC, Lei ordinária nº 1.144 de 2002, sob regime especial de administração, ao qual se aplicam garantias adequadas de proteção. Aprimorando a implementação do que prevê a legislação nas atividades de gestão das Unidades de Conservação estaduais, tão necessária para garantir a conservação da natureza, diversidade biológica, preservação e a restauração da diversidade de ecossistemas naturais, proteção dos recursos naturais, preservação dos Povos e Comunidades Tradicionais, promoção do desenvolvimento sustentável, educação ambiental e conscientização, além do cumprimento de compromissos internacionais.",2024,3,Programa,2024,3
610,18012,Fundo Estadual de Recursos Hídricos,FRH,1538,2080,FORTALECER A GESTÃO INTEGRADA DOS RECURSOS HÍDRICOS,"Fortalecer a Gestão dos Recursos Hídricos promovendo o desenvolvimento Institucional; Consolidação e implementação dos Instrumentos de Gestão dos Recursos Hídricos, Desenvolvimento tecnológico, capacitação e comunicação; Conservação da água, do solo e dos Ecosistemas.",População do Estado de Rondônia,Meio Ambiente e Desenvolvimento Territorial,continuo,2024-01-01T00:00:00,,Finalístico,"A água é um recurso natural limitado, dotado de valor econômico e essencial para a vida de todos os seres vivos. Por ser um bem de domínio público, o Governo Federal e os Estaduais são os responsáveis por regular o seu acesso, promovendo o uso múltiplo e sustentável em benefício das atuais e futuras gerações.",2024,3,Programa,2024,3
611,18013,Fundo Estadual de Governança Climática e Serviços Ambientais,FUNCLIMA,1537,2136,PROMOVER A GESTÃO DA GOVERNANÇA CLIMÁTICA E SERVIÇOS AMBIENTAIS,Implementação da Política de Governança Climática e de Serviços Ambientais.,População do Estado de Rondônia ,Meio Ambiente e Desenvolvimento Territorial,continuo,2024-01-01T00:00:00,,Finalístico,Necessidade de implementar políticas públicas voltadas para a promoção da gestão da governança climática e serviços ambientais.,2024,3,Programa,2024,3
612,19001,Secretaria de Estado da Agricultura,Seagri,1418,1015,GESTÃO ADMINISTRATIVA DO PODER EXECUTIVO,Gestão Administrativa do Poder Executivo,Servidores e demais unidades e subunidades da secretaria,Desenvolvimento Econômico,continuo,2024-01-01T00:00:00,,Gestão Manutenção e Serviço,"Desenvolver atividades - meios para o bom desenvolvimento das funções operacionais-fins da Unidade para a qual foi criada por Lei, visando a eficiência e eficácia das Políticas Públicas do Poder Executivo e outras atividades correlatas.",2024,3,Programa,2024,3
613,19001,Secretaria de Estado da Agricultura,Seagri,1506,2101,PROGRAMA DE ACESSO A TERRA CRÉDITO FUNDIÁRIO,Promover acesso ao Crédito Fundiário.,"TRABALHADORES RURAIS, FILHOS DE AGRICULTORES, JOVENS, MULHERES, NEGROS, ENTIDADES RURAIS ORGANIZADAS E TERRITÓRIOS RURAIS E DA CIDADANIA NO ESTADO",Desenvolvimento Econômico,continuo,2024-01-01T00:00:00,,Finalístico,"Necessidade de consolidar e propagar o TERRA BRASIL - PROGRAMA NACIONAL DE CRÉDITO FUNDIÁRIO no estado de Rondônia, complementando a Reforma Agrária, para atender a demanda de trabalhadores rurais, sem terras, filhos de agricultores, jovens e mulheres.",2024,3,Programa,2024,3
614,19001,Secretaria de Estado da Agricultura,Seagri,1561,2003,DESENVOLVIMENTO DA ATIVIDADE PRODUTIVA AGROPECUÁRIA,Desenvolvimento da Atividade Produtiva Agropecuária,Agricultor familiar,Desenvolvimento Econômico,continuo,2024-01-01T00:00:00,,Finalístico,"Necessidade de implementar políticas públicas que viabilizem o fortalecimento da atividade produtiva agropecuária, propiciando o aumento de arrecadação, gerando renda e melhorando a qualidade de vida do produtor rural.",2024,3,Programa,2024,3
615,19001,Secretaria de Estado da Agricultura,Seagri,1579,2011,DESENVOLVIMENTO DA PRODUÇÃO SUSTENTÁVEL DA AGRICULTURA FAMILIAR,O programa visa promover ações de incentivo a produção rural familiar através investimentos em programas e política públicas voltadas ao desenvolvimento da produção sustentável na agricultura familiar.,Agricultor familiar,Desenvolvimento Econômico,continuo,2024-01-01T00:00:00,,Finalístico,"Se tratando de um estado predominantemente agrícola o investimento na agricultura familiar torna-se primordial para o desenvolvimento econômico do estado de Rondônia, a agricultura familiar representa papel significativo na produção de alimentos que é consumido dentro e fora do estado de Rondônia. ",2024,3,Programa,2024,3
616,19001,Secretaria de Estado da Agricultura,Seagri,1599,2055,VERTICALIZAÇÃO DA PRODUÇÃO AGROINDUSTRIAL - PROVE RONDÔNIA,"O Programa de Verticalização da Produção Agropecuária da Agricultura Familiar do Estado de Rondônia- PROVE/RO, com regulamentação mais recente pela Lei no 4584, de 18 de setembro de 2019, e alterada pela Lei no 4609, de 15 de outubro de 2019, com foco econômico que visa estimular a geração de emprego e renda, bem como o aquecimento da economia local, possibilita e regulamenta a instalação de Unidade Familiar de Processamento Agroindustrial – UFPA e Agroindústria Familiar de Processamento Artesanal – AFPA, nas propriedades rurais familiares, denominadas Agroindústrias.",Agricultor familiar,Desenvolvimento Econômico,continuo,2024-01-01T00:00:00,,Finalístico,"A implementação de politicas publicas voltadas a verticalização da produção agropecuária, como o incentivo a agroindustrialização e mercado assegura agregação de valor a produção agropecuária, gerando renda a produtores rurais e fortalecendo a Agricultura Familiar.",2024,3,Programa,2024,3
617,19011,Fundo de Apoio à Cultura do Café em Rondônia,Funcafé,1553,2005,DESENVOLVIMENTO DA CAFEICULTURA,Desenvolvimento da Cafeicultura,Agricultor familiar,Desenvolvimento Econômico,continuo,2024-01-01T00:00:00,,Finalístico,Necessidade de apoiar os cafeicultores para a revitalização das atividades da cafeicultura e fortalecimento da cadeia produtiva com aumento da produtividade e melhoria da qualidade.,2024,3,Programa,2024,3
618,19014,Fundo Estadual de Sanidade Animal,Fesa,1432,0000,OPERAÇÕES ESPECIAIS,Assegurar recursos para eventual emergência sanitária animal.,"Produtores rurais, pequenos produtores que atuam no agronegócio no estado de Rondônia",Desenvolvimento Econômico,continuo,2020-01-01T00:00:00,,Operação Especial,"O presente Programa visa proporcionar uma garantia financeira mínima, para o caso de ocorrência de um eventual sinistro sanitário animal.",2024,3,Programa,2024,3
619,19014,Fundo Estadual de Sanidade Animal,Fesa,1453,2095,PROGRAMA ESTADUAL DE SANIDADE ANIMAL,Programa Estadual de Sanidade Animal,Produtores rurais que atuam no agronegócio e a sociedade do Estado de Rondônia.,Desenvolvimento Econômico,continuo,2020-01-01T00:00:00,,Finalístico,"O Fundo Estadual de Sanidade Animal – FESA, atua de maneira suplementar, com vistas a melhor incrementar o fortalecimento das ações de inspeção e defesa sanitária animal, contribuindo para o desenvolvimento socioeconômico da pecuária rondoniense.",2024,3,Programa,2024,3
620,19017,Fundo de Inv. e Apoio ao Programa de Desenv. da Pecuária Leiteira do Estado,Proleite,1539,2004,PROGRAMA DE DESENVOLVIMENTO DA PECUÁRIA LEITEIRA DE RONDÔNIA,"É um programa criado para incentivar as ações para o desenvolvimento do agronegócio do leite, pele aplicação de mecanismos e instrumentos que visam aumentar a produtividade e a qualidade do rebanho bovino leiteiro, bem como seus produtos e derivados, induzindo o desenvolvimento e aperfeiçoamento de todos os elos da cadeia produtiva do agronegócio do leite, apoiando projetos de caráter sustentável, promovendo a implantação e modernização nos sistemas produtivos de leite em todo o Estado de Rondônia.","Produtores rurais, pequenos produtores que atuam no agronegócio do leite no estado de Rondônia",Desenvolvimento Econômico,continuo,2023-07-01T00:00:00,,Finalístico,"Promover a cadeia produtiva do leite, através de investimentos que apoiem a realização de projetos que beneficiem o produtor de leite, incentivando o produtor a produzir mais e com qualidade, colaborando com o fortalecimento da cadeia produtiva do leite, proporcionando melhor renda para todos os municípios do Estado.",2024,3,Programa,2024,3
621,19023,Agência de Defesa Sanitária Agrosilvopastoril do Estado de Rondônia,Idaron,1422,2096,PROGRAMA ESTADUAL DE DEFESA AGROPECUÁRIA,Programa Estadual de Defesa Agropecuária,"Produtores, trabalhadores do setor agropecuário, comerciantes agropecuários, profissionais que atuam na agropecuária e estudantes, indústria ou agroindústria que abatem e/ou processam produtos e subprodutos de origem animal/vegetal e consumidores ",Desenvolvimento Econômico,continuo,2020-01-01T00:00:00,,Finalístico,"Necessidade de garantir a oferta de produtos e subprodutos agropecuários, com qualidade, assim como a transparência nas relações comerciais, facilitando a entrada dos produtos rondonienses nos mercados nacional e internacional traduzindo numa melhor qualidade de vida para a população do Estado de Rondônia.",2024,3,Programa,2024,3
622,19023,Agência de Defesa Sanitária Agrosilvopastoril do Estado de Rondônia,Idaron,1430,0000,OPERAÇÕES ESPECIAIS,"Pagamento da dívida pública fundada interna e externa, bem como despesas com o PASEP; Restituições de Exercícios Anteriores, Requisições de Pequeno Valor (RPV) e pagamentos de juros e multas.",A demanda decorrente da sociedade abrangendo todo o Estado de Rondônia,Gestão Estratégica,continuo,2020-01-01T00:00:00,,Operação Especial,"A Agência de Defesa Agrosilvopastoril do Estado de Rondônia - IDARON primará em honrar seus compromissos, evitando a inadimplência.",2024,3,Programa,2024,3
623,19023,Agência de Defesa Sanitária Agrosilvopastoril do Estado de Rondônia,Idaron,1431,1015,GESTÃO ADMINISTRATIVA DO PODER EXECUTIVO,Gestão Administrativa do Poder Executivo,Unidades orçamentárias do Poder Executivo,Gestão Estratégica,continuo,2020-01-01T00:00:00,,Gestão Manutenção e Serviço,"Desenvolver atividades-meios para o bom desenvolvimento das funções operacionais-fins da Unidade para qual foi criada por lei, visando à eficiência e eficácia das Políticas Públicas do Poder Executivo.",2024,3,Programa,2024,3
624,19025,Entidade Autárquica de Assistência Técnica e Extensão Rural do Estado de Rondônia,Emater,1426,0000,OPERAÇÕES ESPECIAIS,"Pagamento da dívida pública fundada interna e externa, bem como despesas com o PASEP e as Requisições de Pequeno Valor (RPV) por Sentenças Judiciais provindas de ações trabalhistas",A demanda decorrente da sociedade abrangendo todo o Estado de Rondônia,Meio Ambiente e Desenvolvimento Territorial,temporário,2024-01-01T00:00:00,2024-12-01T00:00:00,Operação Especial,"A dívida remonta à época de 2006,  quando a EMATER-RO possuía personalidade jurídica de Direito Privado, sendo Associação sem fins lucrativos filantrópica, tendo como fato gerador a cota patronal do INSS, não sendo recolhido na época, por ser isento diante da filantropia, bem como demandas judiciais provindas de ações trabalhistas.  

O pagamento pontual das dívidas do Estado primam por não deixar que ocorram inadimplências, a fim de manter o Estado com suas Certidões Negativas de débitos juntos a União e Bancos, visando à eficiência e eficácia das Políticas Públicas do Poder Executivo. Atender as sentenças do Poder Judiciário e Acordos judiciais.",2024,3,Programa,2024,3
625,19025,Entidade Autárquica de Assistência Técnica e Extensão Rural do Estado de Rondônia,Emater,1427,1015,GESTÃO ADMINISTRATIVA DO PODER EXECUTIVO,"O referido programa visa garantir o pleno funcionamento das 83(oitenta e três) unidades operacionais distribuídas nos 52 (cinquenta e dois) Municípios, dotando-as de recursos  materiais, equipamentos permanentes e financeiro, suficientes e oportunos  para o desenvolvimento das atividades de Assistência Técnica e Extensão Rural  - ATER com excelência junto ao público alvo, bem como  garantir o  pagamento de salários, encargos e auxílios a 147 (cento e quarenta e sete) servidores lotados no Centro gerencial (CENGE), localizado na região administrativa I, mensurado quadrimestralmente pela manutenção das unidade operacionais.","Agricultores familiares, assentados, ribeirinhos, quilombolas e outros",Desenvolvimento Econômico,continuo,2024-01-01T00:00:00,,Gestão Manutenção e Serviço,"Nos termos da constituição do Estado de Rondônia, no TITULO VI: Da ordem econômica e social, CAPÍTULO I: Da ordem econômica, SEÇÃO III: Da política agrícola, ARTIGO 161 e SS, impõem ao Estado a prestação do Serviço de assistência Técnica e Extensão rural de forma gratuita aos pequenos e médios agricultores, elegendo a Emater-RO, como órgão executor desses Serviços.
Diante do exposto o programa de Gestão Administrativa do Poder Executivo é plenamente justificável em função das atividades de suporte para o bom desenvolvimento das ações do programa finalístico, junto ao público alvo, bem como a operacionalização das políticas do governo do Estado, que visam o bem estar socioeconômico, ambiental e inclusão social do público alvo, culminado com o pleno Desenvolvimento Sustentável.
",2024,3,Programa,2024,3
626,19025,Entidade Autárquica de Assistência Técnica e Extensão Rural do Estado de Rondônia,Emater,1444,2024,FORTALECIMENTO DA AGRICULTURA FAMILIAR,"Nos termos da constituição do Estado de Rondônia, no TITULO VI: Da ordem econômica e social, CAPÍTULO I: Da ordem econômica, SEÇÃO III: Da política agrícola, ARTIGO 161 e SS, impõem ao Estado a prestação do Serviço de assistência Técnica e Extensão rural de forma gratuita aos pequenos e médios agricultores, elegendo a Emater-Ro, como órgão executor desses Serviços.

O presente Programa de Fortalecimento da Agricultura Familiar será implementado com e junto aos agricultores familiares, quilombolas, ribeirinho, assentados, extrativistas, indígenas e outros, de forma holística, participativa, no intuito de integrar as políticas prioritárias governamentais com as demandas oriundas das audiências públicas.

Programa de Fortalecimento da Agricultura Familiar será operacionalizado com uso de metodologias e métodos peculiares de Extensão Rural, que proporcionam a valorização e uso do saber popular e científico, uso dos fatores de produção internos e externos a propriedade, disponibilidade da mão-de-obra, bem como idade e gênero, sempre levando em consideração a globalização ambiental e sua sustentabilidade.
","Agricultores familiares, quilombolas, ribeirinho, assentados, extrativistas, indígenas e outros",Desenvolvimento Econômico,continuo,2024-01-01T00:00:00,,Finalístico,"O setor agropecuário que engloba os agricultores familiares do Estado, vem passando pelo processo de avanço tecnológico nos últimos anos, em função das políticas públicas de Assistência Técnica e Extensão Rural, fomento (mudas clonais de café, cacau, distribuição de calcário, nitrogênio e outros), educação ambiental, crédito rural, inclusão social e outras políticas, mas existe um potencial muito grande para o atendimento das famílias dos agricultores familiares, uma vez que só foram alcançados 49,66% dos mesmos, além das possibilidades reais em aumentar os índices técnicos e zootécnicos da produtividade/produção e qualidade dos produtos, com a ampliação das políticas públicas voltadas a esse segmento da sociedade (agricultores familiares).

A demanda pelos serviços de Assistência Técnica e Extensão Rural, bem como dos insumos de inovação tecnológica são mencionados nas audiências públicas e fazem parte das prioridades governamentais. 

A oferta dos insumos e serviços estão aquém da demanda em quantidade e qualidade, ocasionando déficit no uso das tecnologias inovadoras nos processos produtivos da agropecuária, do manejo ambiental, extrativismo, da verticalização da produção, da comercialização, da inclusão social e gestão da unidade produtiva, bem como as desigualdades socioeconômicas, áreas remotas de difícil acesso. 

O programa em pauta é continuo, pois, o processo de adesão a inovação tecnológica requer ações continuadas e persistentes com demonstrações de resultados pelos agricultores que absorveram e aderiram as inovações, além do fato mencionado acima de carência das políticas públicas que venham dar total suporte aos agricultores familiares. Outro aspecto relevante é que os resultados de inovações tecnológicas levam um lapso de tempo médio a longo, ou seja, no mínimo de três a cinco anos, quando a tecnologia já está definida pela pesquisa. O programa está desenhado com base nas pautas demandadas nas audiências públicas e definições no planejamento estratégico do Estado. O programa prima pelo Desenvolvimento Sustentável e melhoria de qualidade de vida do público alvo, bem como a implantação de tecnologias inovadoras que proporcionarão o incremento na produtividade/produção e qualidade dos produtos ao longo dos 4 (quatro) anos do PPA. 
",2024,3,Programa,2024,3
627,19025,Entidade Autárquica de Assistência Técnica e Extensão Rural do Estado de Rondônia,Emater,1690,2004,PROGRAMA DE DESENVOLVIMENTO DA PECUÁRIA LEITEIRA DE RONDÔNIA,"É um programa criado para incentivar as ações para o desenvolvimento do agronegócio do leite, pele aplicação de mecanismos e instrumentos que visam aumentar a produtividade e a qualidade do rebanho bovino leiteiro, bem como seus produtos e derivados, induzindo o desenvolvimento e aperfeiçoamento de todos os elos da cadeia produtiva do agronegócio do leite, apoiando projetos de caráter sustentável, promovendo a implantação e modernização nos sistemas produtivos de leite em todo o Estado de Rondônia.","Produtores rurais, pequenos produtores que atuam no agronegócio do leite no estado de Rondônia",Desenvolvimento Econômico,continuo,2023-07-01T00:00:00,,Finalístico,"Promover a cadeia produtiva do leite, através de investimentos que apoiem a realização de projetos que beneficiem o produtor de leite, incentivando o produtor a produzir mais e com qualidade, colaborando com o fortalecimento da cadeia produtiva do leite, proporcionando melhor renda para todos os municípios do Estado.",2024,3,Programa,2024,3
628,21001,Secretaria de Estado da Justiça,Sejus,1464,1015,GESTÃO ADMINISTRATIVA DO PODER EXECUTIVO,Gestão Administrativa do Poder Executivo,Unidades orçamentárias do Poder Executivo,Segurança Pública,continuo,2024-01-01T00:00:00,,Gestão Manutenção e Serviço,"Desenvolver atividades-meios para o bom desenvolvimento das funções operacionais-fins da Unidade para qual foi criada por lei, visando à eficiência e eficácia das Políticas Públicas do Poder Executivo",2024,3,Programa,2024,3
629,21001,Secretaria de Estado da Justiça,Sejus,1532,2102,MELHORIA E HUMANIZAÇÃO DO SISTEMA PRISIONAL,"Fortalecimento, modernização e humanização do Sistema Prisional de Rondônia.",População carcerária do Estado de Rondônia,Segurança Pública,continuo,2024-01-01T00:00:00,,Finalístico,"Diante dos elevados índices de reincidências de apenados e a necessidade de cumprir com os preceitos de dignidade e humanidade no sistema prisional do Estado, é imprescindível estabelecer programa finalístico com ações para a manutenção das unidades prisionais e a ressocialização de todos que se encontram privados de liberdade.",2024,3,Programa,2024,3
630,21001,Secretaria de Estado da Justiça,Sejus,1645,2165,FOMENTAR POLÍTICAS DE EXECUÇÃO PENAL (REPASSES DA UNIÃO),"Reunir ações que promovem o desenvolvimento e modernização do sistema prisional, através de Convênios de recurso oriundo a Secretaria Nacional de Políticas Penais - Governo Federal. ",Atores do sistema prisional,Segurança Pública,continuo,2024-01-01T00:00:00,,Finalístico,Recepcionar recursos oriundos do Governo Federal em benefício do Sistema Penitenciário de Rondônia. ,2024,3,Programa,2024,3
631,21011,Fundo Penitenciário do Estado de Rondônia,Fupen,1541,2102,MELHORIA E HUMANIZAÇÃO DO SISTEMA PRISIONAL,"Fortalecimento, modernização e humanização do Sistema Prisional de Rondônia.",Reeducandos do Estado de Rondônia,Segurança Pública,continuo,2024-01-01T00:00:00,,Finalístico,"Diante dos elevados índices de reincidências de apenados e a necessidade de cumprir com os preceitos de dignidade e humanidade no sistema prisional do Estado, é imprescindível estabelecer programa finalístico com ações para a manutenção das unidades prisionais e a ressocialização de todos que se encontram privados de liberdade.",2024,3,Programa,2024,3
632,21011,Fundo Penitenciário do Estado de Rondônia,Fupen,1614,1015,GESTÃO ADMINISTRATIVA DO PODER EXECUTIVO,Gestão Administrativa do Poder Executivo - Descentralizações orçamentárias e financeiras,Reeducandos do Estado de Rondônia,Cidadania,continuo,2024-01-01T00:00:00,,Gestão Manutenção e Serviço,"Desenvolver atividades-meios para o bom desenvolvimento das funções operacionais-fins da Unidade para qual foi criada por lei, visando à eficiência e eficácia das Políticas Públicas do Poder Executivo na reinserção social do apenado.",2024,3,Programa,2024,3
633,21011,Fundo Penitenciário do Estado de Rondônia,Fupen,1642,2167,ESTRUTURAÇÃO DAS POLÍTICAS DE EXECUÇÃO PENAL (REPASSES DA UNIÃO) ,"Reunir ações que promovem o desenvolvimento e modernização do sistema prisional, através dos Repasses do Governo Federal. ",Atores do sistema prisional,Segurança Pública,continuo,2023-07-01T00:00:00,,Finalístico,Recepcionar os recursos oriundos do Governo Federal em benefício do Sistema Penitenciário de Rondônia. ,2024,3,Programa,2024,3
634,21011,Fundo Penitenciário do Estado de Rondônia,Fupen,1691,2119,MEU IMÓVEL LEGAL,"Promover o processo de regularização fundiária urbana e rural, em áreas públicas ocupadas por população de baixa renda, implementando medidas técnicas, administrativas, jurídicas, sociais e ambientais necessárias a efetivação da regularização fundiária para as atuais e novas áreas de interesse social.",Pessoas de baixa renda,Meio Ambiente e Desenvolvimento Territorial,continuo,2024-01-01T00:00:00,,Finalístico,"O programa visa promover a regularização fundiária de interesse social em áreas urbanas e rurais. A qual tem por foco a legalização e a inserção da propriedade e da posse na estrutura regular das cidades. Considerando que a regularização fundiária consiste em medidas jurídicas, urbanísticas, ambientais e sociais que visam à regularização de assentamentos irregulares e à titulação de seus ocupantes, de modo a garantir o direito social à moradia, o pleno desenvolvimento das funções sociais da propriedade urbana e rural e o direito ao meio ambiente ecologicamente equilibrado. Considerando que a regularização e legitimação da posse de um imóvel urbano e rural é condição essencial para estabelecer a segurança jurídica nas relações de propriedade e que o georreferenciamento é o trabalho técnico que delimita, com segurança, a extensão de uma propriedade. 
O Programa Meu imóvel Legal, tem como plano de governo, a regularização de 36 mil imóveis urbanos, a serem realizados nos municípios conveniados, em núcleos urbanos consolidados.",2024,3,Programa,2024,3
635,21011,Fundo Penitenciário do Estado de Rondônia,Fupen,1692,2138,GESTÃO DO PATRIMÔNIO IMOBILIÁRIO,"Gestão do Patrimônio Imobiliário através da regularização dos imóveis Estaduais, referente a escrituras públicas, registro de imóveis, memorial descritivo, fiscalização, demarcação de imóveis estaduais e avaliação e reavaliação através da emissão de Laudo Técnico Rural e Urbano. E atualização cadastral dos seguintes documentos, planta de localização, matrícula no registro de imóveis, valor venal atualizado, cadastro imobiliário, termo de recebimento de obras, entre outras informações que se julguem necessárias. Assim como a padronização de normativas e sistemas de gestão imobiliária.",Unidades que compõem Administração Direta e Indireta do Poder Executivo,Meio Ambiente e Desenvolvimento Territorial,continuo,2024-01-01T00:00:00,,Finalístico,"Gerenciamento do patrimônio estadual e prestação de informação e orientação técnica e normativa aos órgãos e entidades estaduais sobre gestão do patrimônio do Estado.
Fiscalizar, acompanhar a entrega de bens de uso coletivo (imóveis) do Estado de Rondônia, a solicitação de projetos de leis pertinentes a doação bens imóveis de propriedade estaduais.
Realizar relatório de fiscalização do estado atual de cada uma das edificações ou terreno do imóvel para atualização e verificação das condições, guarda, conservação, manutenção e outras que se fizerem necessárias.
A promoção de ações para regularização cartorial dos bens imóveis de propriedade do Estado. 
E a viabilização dos laudos de avaliação mercadológica para alienação, aquisição, locação, doação, permuta, usucapião, desapropriação e o auxilio nos inventários dos imóveis  ocupados pela administração pública.
",2024,3,Programa,2024,3
636,23001,Secretaria de Estado da Assistência e do Desenvolvimento Social,Seas,1461,1015,GESTÃO ADMINISTRATIVA DO PODER EXECUTIVO,Gestão Administrativa do Poder Executivo,Unidades orçamentárias do Poder Executivo,Cidadania,continuo,2024-01-01T00:00:00,,Gestão Manutenção e Serviço,"Desenvolver atividades-meios para o bom desenvolvimento das funções operacionais-fins da Unidade para qual foi criada por lei, visando à eficiência e eficácia das Políticas Públicas do Poder Executivo",2024,3,Programa,2024,3
637,23001,Secretaria de Estado da Assistência e do Desenvolvimento Social,Seas,1509,2163,PROMOVER A POLÍTICA ESTADUAL DE SEGURANÇA ALIMENTAR E NUTRICIONAL, Implantar ações de caráter preventivo e estruturante da política de Segurança Alimentar e Nutricional; manutenção e aprimoramento das ações de enfrentamento a insegurança alimentar em Rondônia.,População em situação de vulnerabilidade socioeconômica no Estado de Rondônia.,Cidadania,continuo,2024-01-01T00:00:00,,Finalístico,"A insegurança alimentar é um dos maiores problemas sociais da sociedade contemporânea. Deste modo, visando a prevenção e o combate à insegurança alimentar e nutricional, faz-se necessário o estabelecimento de ações e medidas que afastem e diminuam a problemática da população, em especial dos grupos vulneráveis, tendo em mente a promoção, articulação e fortalecimento das Políticas Públicas de Segurança Alimentar e Nutricional. 
A insegurança alimentar ultrapassa a ligação direta da fome, o qual encontra-se na situação em que o indivíduo ou família enfrenta a falta de acesso constante ou temporário a alimentos saudáveis, seguros e em quantidade suficiente para atender às suas necessidades dietéticas e preferências alimentares. Assim, a insegurança alimentar se divide em três níveis, sendo eles: insegurança alimentar leve (quando há queda na qualidade dos alimentos consumidos e há preocupação com o acesso a alimentos no futuro); insegurança alimentar moderada (quando há restrição no acesso aos alimentos, isto é, na quantidade que é consumida); insegurança alimentar grave (quando há escassez de alimentos para todos os indivíduos de uma família, chegando até mesmo a condição de fome).
Assim, foi estabelecido a Lei nº 11.346/2006, que cria o Sistema Nacional de Segurança Alimentar e Nutricional SISAN, com perspectiva de garantir o direito humano à alimentação saudável e adequada, consubstanciando os ditames da Lei Federal, a Lei nº 2.221, de 21 de Dezembro de 2009 - Lei Orgânica da Segurança Alimentar e Nutricional do Estado de Rondônia – nos artigos 3º, 4º e 5º, asseveram a responsabilidade do Estado em promover ações que garantam o direito à alimentação com qualidade e quantidades suficientes, principalmente às populações com maior risco e vulnerabilidade social.
Portanto, o fortalecimento da política pública de segurança alimentar e nutricional através do acesso regular e adequado a alimentos de qualidade, os quais são fundamentais para promoção da saúde e o bem-estar da população - além de ser um direito humano básico – bem como, por meio do apoio aos Órgãos e Estabelecimentos é uma medida justificável e necessária para enfrentar os desafios relacionados à garantia de alimentos adequados e de qualidade para a população. Ao investir nessas instituições, é possível promover uma abordagem integrada, capacitar profissionais, monitorar e avaliar as ações, e engajar a sociedade, resultando em melhores resultados e impactos positivos na segurança alimentar e nutricional do Estado.
",2024,3,Programa,2024,3
638,23001,Secretaria de Estado da Assistência e do Desenvolvimento Social,Seas,1512,2112,PROGRAMA PARA O FORTALECIMENTO DA POLÍTICA ESTADUAL DE CIDADANIA E DE DIREITOS HUMANOS,Fortalecimento das políticas públicas de direitos humanos no Estado de Rondônia.,População rondoniense em situação de risco de violação de direitos humanos ou que já sofreu violação.,Cidadania,continuo,2024-01-01T00:00:00,,Finalístico,"A formação de uma sociedade igualitária, justa e humana está diretamente ligada ao desenvolvimento das políticas públicas de direitos humanos, em especial dos grupos mais vulneráveis, sendo necessário promover, articular e fortalecer os direitos humanos e a cidadania dos rondonienses por meio de polítcas voltadas à prevenção e à reparação da violação de direitos das crianças e adolescentes, mulheres, idosos, pessoas com deficência, migrantes, refugiados e apátridas, populações tradicionais, população em situação de rua, promoção da igualdade racial, diversidade sexual e demais grupos socias em situação de vulnerabilidade, como forma de garantia dos direitos fundamentas e sociais dos indivíduos, assegurando também a participação social na construção destas políticas públicas.",2024,3,Programa,2024,3
639,23001,Secretaria de Estado da Assistência e do Desenvolvimento Social,Seas,1524,2162,PROGRAMA DE DESENVOLVIMENTO SOCIOECONÔMICO,"Promover acesso aos serviços públicos de desenvolvimento social aos que necessitam; qualificar, capacitar, proporcionar a inclusão social produtiva e desenvolver ações de apoio e fomento à economia solidária.","Pessoas em situação de vulnerabilidade social, municípios, entidades e empreendimentos de economia solidária.",Cidadania,continuo,2024-01-01T00:00:00,,Finalístico,"Necessidade de levar cidadania às populações rondonienses mais longínquas e que possuem dificuldade de acesso a serviços essenciais como documentação básica, saúde e lazer; carência de acesso gratuito à qualificação, capacitação, inclusão social produtiva, desenvolvimento social e fomento da economia solidária com vistas a oportunizar a entrada no mercado de trabalho por pessoas em situação de hipossuficiência; que se alinham ao regimento interno desta Secretaria de Estado da Assistência e do Desenvolvimento Social, conforme Art. 2° e seus incisos, disposto no Decreto nº 27.195, que descrevem as finalidades e competências, transcritas abaixo:
Art. 2º A Secretaria de Estado da Assistência e do Desenvolvimento Social - SEAS, Órgão integrante da Administração Direta do Poder Executivo, tem como escopo:
I - reduzir as desigualdades sociais por meio de políticas públicas, que promovam o acesso a melhores condições de desenvolvimento humano, social e familiar;
II - promover acesso aos serviços públicos assistenciais e de desenvolvimento social aos que necessitem;
III - garantir a efetividade dos direitos das pessoas em situação de vulnerabilidade social;
IV - fortalecer os vínculos familiares, como meio de promoção de uma sociedade justa, fraterna e igualitária; e
V - proporcionar meios de inclusão social e econômico para a superação da pobreza.",2024,3,Programa,2024,3
640,23001,Secretaria de Estado da Assistência e do Desenvolvimento Social,Seas,1542,2175,PROGRAMA HABITACIONAL,"Implementar, coordenar, apoiar, supervisionar e executar a política de habitação popular e de interesse social, com o intuito de reduzir o déficit habitacional no Estado de Rondônia.",Possibilitar o acesso à moradia e/ou melhoria habitacional às famílias inseridas no percentual do deficit habitacional no Estado de Rondônia.,Cidadania,continuo,2024-01-01T00:00:00,,Finalístico,"Com a promulgação da Constituição da República Federativa do Brasil de 1988, a moradia passou a figurar como Direito Social em seu Art. 6º, sendo-lhe garantido a todos os brasileiros, ao mesmo tempo em que se reconheceu a função social da propriedade, nos termos do Inciso XXIII do Art. 5º da Carta Magna em comento.
Importante ressaltar que a Política de Habitação é um tipo específico de política pública, que tem como objetivo promover o acesso da população à moradia digna. Desta forma, é importante que o poder público vise a realização de programas voltados a habitação de interesse social, bem como, destinados à habitação popular. O bem imóvel habitado possui várias especificidades que justificam a atuação governamental no setor. Assim, a habitação atende a uma necessidade básica do ser humano e seu acesso é constitucionalmente assegurado a todos os cidadãos. Produzir habitação é produzir a cidade. Além de benefícios que serão concedidos aos cidadãos de baixa renda, cumpre salientar que a construção de moradias responde por uma parcela significativa do setor da construção civil, gerando empregos e o aumento do Produto Interno Bruto (PIB). Trata-se de um mecanismo redistributivo, que pode melhorar o padrão de vida da população e promover a sua inclusão social. Tais especificidades, juntamente com as demandas habitacionais observadas concentradas nas famílias de baixa renda reforçam a necessidade de atuação do Estado no setor, a fim de promover uma maior eficiência e justiça social.",2024,3,Programa,2024,3
641,23002,Superintendência Estadual do Indígena,SI,1502,1015,GESTÃO ADMINISTRATIVA DO PODER EXECUTIVO,Gestão Administrativa do Poder Executivo,Unidades orçamentárias do Poder Executivo,Cidadania,continuo,2024-01-01T00:00:00,,Gestão Manutenção e Serviço,"Desenvolver atividades-meios para o bom desenvolvimento das funções operacionais-fins da Unidade para qual foi criada por lei, visando à eficiência e eficácia das Políticas Públicas do Poder Executivo",2024,3,Programa,2024,3
642,23002,Superintendência Estadual do Indígena,SI,1650,2188,PROGRAMA PARA O FORTALECIMENTO E DESENVOLVIMENTO  DA POLÍTICA ESTADUAL PARA OS POVOS INDÍGENAS,Fortalecimento dos direitos dos povos indígenas.,Povos Indígenas do Estado de Rondônia.,Cidadania,continuo,2024-01-01T00:00:00,,Finalístico,"Os povos indígenas desempenham um papel crucial na preservação ambiental no Brasil, devido à sua profunda conexão e conhecimento tradicional da fauna e flora, além de serem os povos originários desta grande nação.

O Brasil abriga um grande número de comunidades indígenas, muitas das quais vivem em áreas de grande importância ecológica, como a floresta amazônica; onde cerca de 55% da população indígena está na Amazônia Legal, região que abrange a região Norte, onde está o estado de Rondônia. 

Em Rondônia, segundo dados do IBGE, a população indígena passou de 12 mil para 18 mil, aproximadamente, do ano de 2010 a 2022; oriundos de 54 etnias diferentes, em comunidades localizadas, no momento, na capital Porto Velho, Guajara Mirim, Ariquemes, Jaru, Ji-Paraná, Cacoal, Costa Marques, São Miguel do Guaporé, Parecis, São Francisco e Vilhena. 

Considerando as especificidades e peculiaridades do público em questão, a estrutura criada e o programa em tela têm como foco a promoção do bem estar social; através de estratégias intersetoriais, onde as políticas públicas serão de fato efetivadas e garantidoras dos direitos fundamentais e sociais, buscando a valorização e a preservação dos povos indígenas. ",2024,3,Programa,2024,3
643,23011,Fundo Estadual de Combate e Erradicação da Pobreza de Rondônia,FECOEP/RO,1520,2087,PROGRAMA DE ENFRENTAMENTO À POBREZA,"O Fundo Estadual de Combate e Erradicação da Pobreza de Rondônia - FECOEP/RO, criado pela Lei Complementar nº 842 de 27 de novembro de 2015 e alterado pelas Leis Complementares nº 879/2016, 914/2016 e 1.016/2019, foi instituído para atender a população de Rondônia em situação de vulnerabilidade social, em especial aos em situação de pobreza e extrema pobreza, objetivando promover acesso aos serviços públicos essenciais para a superação dessas condições e melhoria da qualidade de vida dos rondonienses, através de programas e projetos que possuam finalidades compatíveis com as áreas previstas na legislação do Fundo, devidamente aprovados pelo Conselho Deliberativo do Fundo.","População rondoniense, em especial os em situação de pobreza e extrema pobreza",Cidadania,continuo,2024-01-01T00:00:00,,Finalístico,"A superação da situação de pobreza e extrema pobreza está diretamente ligada aos serviços públicos aos quais a população tem acesso, com a ampliação dos direitos sociais desde a promulgação da Constituição Federal de 1988, consequentemente ocorreu a necessidade do Estado em ampliar a gama de serviços prestados em todas as áreas de atuação, tanto em caráter de prevenção quanto de mitigação da situação atual, em especial no que se refere às áreas de assistência social, saúde, educação, segurança pública, cidadania, dentre outras. Considerando os índices de pessoas no Estado de Rondônia em situação de pobreza e extrema pobreza, faz-se necessária a adoção de políticas públicas efetivas para a diminuição desses índices e a consequente melhoria da qualidade de vida das pessoas atendidas. No bojo das políticas públicas que elevam o padrão de vida, destaca-se a oferta de programas, ações ou serviços que erradicam ou minimizam os efeitos nefastos da pobreza. 
Cabe gizar, embora a pobreza seja frequentemente associada à condição de privação de recursos monetários, é indispensável compreendê-la como fenômeno multifacetado e multidimensional (pobreza não monetária) que resulta na desproteção social do indivíduo. 
Uma das manifestações não monetárias da pobreza é insegurança alimentar e nutricional. O flagelo da fome está intimamente relacionado com sistemas de proteção social restritivos, nos quais há um comprometimento do amparo aos riscos inerentes à vida, tais como a perda do emprego, acometimento por doenças ou a incapacidade laboral. De modo geral, a exclusão do mercado de trabalho por quaisquer dos fatores anteriormente mencionados, seja pelas crises econômica ou decorrentes de pandemias como a de Covid-19, culminam em pobreza alimentar. Assim, o enfrentamento da pobreza, sob a ótica do presente programa orçamentário, reflete, sobretudo, a preocupação com os impactos da pobreza não monetária, em especial no enfrentamento das circunstâncias que geram insegurança alimentar e nutricional, sem, contudo, deixar de lado as ações e ofertas de serviços para mitigação das desvantagens sociais a que estão submetidos os indivíduos vivendo em situação de pobreza e extrema pobreza.",2024,3,Programa,2024,3
644,23012,Fundo Estadual de Assistência Social,Feas,1518,2168,GESTÃO ESTADUAL DO SISTEMA ÚNICO DA ASSISTÊNCIA SOCIAL - SUAS,"O acesso a Politica de Assistência Social, é um direito garantido pela Constituição Federal de 1988, e dever do poder público a sua disponilidade a quem dela necessitar. No Estado de Rondônia há 62 unidades de Centro de Referência de Assistência Social - CRAS destinado a oferta dos programas e serviços de Proteção Social Básica , os quais  têm como objetivo apoiar as famílias e os indivíduos na ampliação de sua proteção social, promovendo o acesso a direitos e contribuindo para a melhoria da sua qualidade de vida. Os serviços atendem o conjunto da população em situação de vulnerabilidade, incluindo pessoas inseridas no Cadastro Único, beneficiários do Programa Bolsa Família e do Benefício de Prestação Continuada (BPC).  O Estado possui ainda 20 Centros de Referencia Especializados da Assistência Social - CREAS que oferece atendimento socioassistencial às famílias e indivíduos que se encontram em situação de risco pessoal ou social por ameaça ou violação de direitos, cujos vínculos familiares e comunitários não foram rompidos e que demandam intervenções especializadas. Além dos CRAS e CREAS, ainda há as unidades de acolhimento institucional destinadas ao atendimento de pessoas em situação de vínculos famíliares rompidos ou fragilizados. 
Desta forma cabe aos entes federados a gestão compatilhada desta rede, em suas especificades, por meio de financiamento compartilhado, apoio técnico, supervisão e monitoramento e a formação continuada dos trabalhadores do SUAS. ",Rede Estadual do Suas,Cidadania,continuo,2024-01-01T00:00:00,,Finalístico,"A Assistência Socal é politica pública não contributiva, regida pela Lei 8.742/1993 e no Estado de Rondônia pela Lei Complementar nº 1.052/2019. Por meio da Norma Operacional Básica da Assistência Social – NOB/SUAS, fora criado o Sistema Único da Assistência Social – SUAS, tendo sua ultima atualização normativa no ano de 2012.
A gestão do Sistema Único de Assistência Social - SUAS é dever compartilhado por todos os entes da Federação. Aos Estados compete a busca contínua e permanente pelo aprimoramento da Gestão da Política de Assistência Social, por meio do planejamento, articulação, monitoramento e avaliação da oferta de serviços e programas federais executados pela rede municipal do SUAS e a execução estadual da educação permanente, vigilância socioassistencial, controle social concessão de benefícios eventuais, repasse financeiro fundo a fundo e a proteção social especial de alta complexidade por meio do acolhimento institucional de idosos.",2024,3,Programa,2024,3
645,23012,Fundo Estadual de Assistência Social,Feas,1519,2169,PRIMEIRA INFÂNCIA,"A  Primeira Infância, compreende a criança desde a sua concepção até os 6 anos de idade, com o recorte especial, para a faixa de 0 a 3 anos, chamada de primeirissima infância.  O Marco Legal da Primeira Infância de  8 de março de 2016, traz em resumo a garantia às crianças o direito de brincar; reforçar a importância do atendimento domiciliar, especialmente a crianças em situação de vulnerabilidade. Segundo o economista americano James Heckman, prêmio Nobel de Economia de 2000, programas pré-escolares dão um retorno sobre o investimento de 7% a 10% por ano. Isso acontece por dois motivos. De um lado, crianças que recebem estímulos apropriados durante a primeira fase da vida têm um desenvolvimento emocional e cognitivo mais saudável, que se reflete nas realizações na fase adulta (seus cálculos apontam que crianças que frequentaram creche de qualidade vão  receber salários, na média, 25% maiores). Crianças que frequentaram creche de qualidade e pré-escola,  têm mais chances de terminar o ensino médio, menos chances de ir para a cadeia e mais chances de cursar uma faculdade. Uma dessas pesquisas, do professor de sociologia Donald J. Hernandez, do Hunter College, em Nova York, dá as proporções, para a realidade dos Estados Unidos: a chance de um jovem terminar o ensino médio é quatro vezes maior se ele souber ler com fluência no terceiro ano do ensino fundamental; e a chance de saber ler com fluência no terceiro ano dobram se ele entrar na escola já preparado para aprender. Segundo Heckman, o retorno do investimento nas  crianças é tão maior quanto mais cedo se comece a dar  atenção a elas. O segundo motivo é a economia em gastos futuros. Crianças bem cuidadas têm menos chance de precisar frequentar programas de recuperação educacional, menos probabilidade de fazer escolhas que prejudicam sua saúde e levem a atividades criminosas. ",Familias com crianças de 0 a 6 anos,Cidadania,continuo,2024-01-01T00:00:00,,Finalístico,"No Estado de Rondônia,  segundo dados do Ministério da Saúde no ano de 2021 havia 196.148 crianças com idade de 0 a 6 anos de idade (DATASUS). Sendo que destas 45.943 crianças de 0 a 6 anos estão em  situação de extrema probreza, ou seja, com renda percapita de  até R$ 104,00 mensais ( Secretaria Nacional de Renda e Cidadania – SENARC, CECAD 2.0, Maio de 2023). 
A taxa de mortalidade infantil no Estado é 12,34 a cada mil nascidos vivos, estando acima da média nacional, sendo que desses óbitos 65,29% foram de causas evitáveis. 
A proteção a crianças de 0 a 6 anos,  obrigatóriamente tem  prioridade absoluta na formulação, execução e proposição de politicas públicas, por tratar-se de pessoa em desenvolvimento e com alto risco de vulnerabilidade.  O desenvovimento protegido e na idade certa, comprovadamente aumenta a formação de adultos com melhores níveis de escolaridade e com a redução da evasão escolar; com melhores chances de acesso ao  mercado de trabalho; com menores índices de desevolvimento de doenças;   e impacta na redução dos indicadores de probreza.
Na primeira infância ocorre o maior número de desenvolvimento de estruturas e circuitos cerebrais do que em qualquer época da vida, bem como, a aquisição de capacidades fundamentais que permitirão o aprimoramento de habilidades futuras e  mais complexas.
Por isso fortalecer a oferta de politicas publicas de forma articulada  e  integrada na primeira infancia, é um investimento no futuro. É proporcionar as crianças rondonienses oportunidades de ter um desenvolvimento saudável e adequado.  ",2024,3,Programa,2024,3
646,23013,Fundo Estadual dos Direitos da Criança e do Adolescente,FUNEDCA,1498,2115,FORTALECIMENTO DO SISTEMA DE GARANTIA DOS DIREITOS DA CRIANÇA E DO ADOLESCENTE, Fortalecimento dos direitos da criança e do adolescente. ,Crianças e adolescentes do Estado de Rondônia.,Cidadania,continuo,2024-01-01T00:00:00,,Finalístico,"Conforme preconizado na Constituição Federal, é dever da família, da sociedade e do Estado assegurar à criança e ao adolescente, com absoluta prioridade, o direito à vida, à saúde, à alimentação, à educação, ao lazer, à profissionalização, à cultura, à dignidade, ao respeito, à liberdade e à convivência familiar e comunitária.
Sob essa perspectiva, o fortalecimento do do Sistema de Garantia de Direitos (SGD) é de suma importância para assegurar a proteção e promoção dos direitos da Criança e do Adolescente. O SGD é composto pelos órgãos de Assistência Social, Saúde, Educação e Segurança Pública, bem como Conselhos de Direito, Conselhos Tutelares, Ministério Público, Poder Judiciário, Defensoria Pública e Sociedade Civil, dentre outros, todos com atuação direta em atenção às demandas das crianças e dos adolescentes, principalmente no âmbito dos direitos violados.
A Constituição Federal e o Estatuto da Criança e do Adolescente (ECA) estabelecem a prioridade absoluta na garantia dos direitos dessa faixa etária. Fortalecer o SGD reforça esse compromisso, assegurando que as políticas públicas sejam desenvolvidas com foco nas necessidades específicas de crianças e adolescentes.",2024,3,Programa,2024,3
647,23015,Fundo Estadual dos Direitos da Pessoa Idosa,FEDIPI,1499,2117,FORTALECIMENTO DA POLÍTICA ESTADUAL DOS DIREITOS DA PESSOA IDOSA,Fortalecimento dos direitos da pessoa idosa.,População idosa do Estado de Rondônia,Cidadania,continuo,2024-01-01T00:00:00,,Finalístico,"O Brasil tem, atualmente, aproximadamente 215 (duzentos e quinze) milhões de habitantes, e deste montante 33 (trinta e três) estão acima dos 60 anos, ou seja, pessoas idosas, com projeção contínua e crescente para os próximos anos; o que segundo o Instituto Brasileiro de Geografia e Estatística (IBGE)  e a Organização das Nações Unidas, validados pela Secretaria Nacional dos Direitos da Pessoa Idosa (SNDPI), torna cada vez mais urgente a formatação de políticas públicas que deem atenção ao envelhecimento da população com qualidade de vida — uma das forma de combater o etarismo (ou idadismo), que é o preconceito contra pessoas que ultrapassaram certa faixa de idade.

Ainda que pese o disposto na Constituição Federal de 1988, com destaque ao Artigo 230, onde:
    
Art 230.A família, a sociedade e o Estado têm o dever de amparar as pessoas idosas, assegurando sua participação na comunidade, defendendo sua dignidade e bem-estar e garantindo-lhes o direito à vida.

O amparo citado não tem sido efetivo, visto que mais de 87% das situações de violência contra a pessoa idosa ocorrem dentro de sua própria casa, dados que têm aumentado segundo os  registros do Disk 100 (canal oficial para denúncias), do ano de 2022 para 2023, com referências de todo o território nacional. 

A partir dos dados acima elencados, o programa em tela subsidiará eventos que promovam a articulação intersetorial, com vistas a assegurar os direitos humanos e a cidadania da pessoa idosa; através de políticas públicas voltadas a prevenção e a mitigação das situações de violação, com base no Estatuto da Pessoa Idosa, Lei 10.741/2003, para garantia dos direitos fundamentais e sociais dos indivíduos.",2024,3,Programa,2024,3
648,23016,Fundo Estadual dos Direitos da Mulher,FUNEDM,1521,2116,FORTALECIMENTO DA POLÍTICA ESTADUAL DOS DIREITOS DA MULHER,"Manter, fortalecer e ampliar a execução de políticas públicas de direitos das mulheres no Estado de Rondônia, de forma a diminuir ou mitigar violação de direitos.",População feminina do Estado de Rondônia,Cidadania,continuo,2024-01-01T00:00:00,,Finalístico,"A Constituição Cidadã de 1988 buscou potencializar os direitos fundamentais da pessoa, incluindo a plena cidadania feminina, mas ainda assim a violência contra a mulher constitui uma das principais formas de violação dos direitos humanos. Trata-se de um problema social e histórico que ganhou visibilidade na contemporaneidade, cuja prática de violência passa a ser considerada crime com a promulgação da Lei Maria da Penha.
A Lei Maria da Penha (Lei 11.340/20006) também trouxe mecanismos para coibir e prevenir a violência doméstica e familiar, bem como estabeleceu medidas de proteção e assistência às mulheres em situação de violência doméstica e familiar. 
O Tribunal de Justiça de Rondônia registrou a concessão de 3.936 medidas protetivas de urgência em 2019, 5.444 medidas em 2020, 5.603 medidas em 2021, e no primeiro trimestre de 2022, 4.503 medidas protetivas de urgência foram concedidas às mulheres vítimas de violência doméstica e familiar. Além disso, a Secretaria de Estado da Segurança, Defesa e Cidadania (SESDEC) apresentou dados estatísticos referente aos registros de ocorrências policiais de crimes de ameaça, injúria, calúnia, difamação, lesão corporal relacionados à violência doméstica e familiar contra mulheres, sendo 3.411 no ano de 2021 e 3.536 em 2022; e de registros de feminicídio consumado no ano de 2022 teve um aumento de  28% em relação ao ano de 2021; já o de registros de feminicídio tentado o aumento foi alarmante, 12 ocorrências em 2022, o dobro em relação ao no de 2021. 
Necessário se faz propiciar suporte financeiro para manutenção e desenvolvimento de políticas públicas dos Direitos da Mulher, que visam  fortalecer e apoiar os Municípios na execução de suas ações de políticas públicas para mulheres possam realizar assistência, prevenção e proteção dos direitos das mulheres, bem como diminuir ou mitigar violação de direitos deste público alvo.",2024,3,Programa,2024,3
649,23030,Fundação Estadual de Atendimento Socioeducativo,Fease,1494,1015,GESTÃO ADMINISTRATIVA DO PODER EXECUTIVO,Gestão Administrativa do Poder Executivo,Unidades orçamentárias do Poder Executivo,Cidadania,continuo,2024-01-01T00:00:00,,Gestão Manutenção e Serviço,"Desenvolvimento de atividades meios para o bom desempenho das funções operacionais fins das Unidades para as quais foram criadas por Lei, visando eficiência e eficácia das Políticas Públicas no âmbito do Poder Executivo no Estado de Rondônia.",2024,3,Programa,2024,3
650,23030,Fundação Estadual de Atendimento Socioeducativo,Fease,1495,0000,OPERAÇÕES ESPECIAIS,"Realizar o Pagamento de Dívidas, Indenizações e Sentenças Judiciais.",Servidores que  atuam no sistema Socioeducativo,Cidadania,continuo,2024-01-01T00:00:00,,Operação Especial,"Garantia do pagamento de RPV ou outros, decorrentes de Decisões Judiciais, de modo a assegurar a administração pública efetivo e eficiente cumprimento.",2024,3,Programa,2024,3
651,23030,Fundação Estadual de Atendimento Socioeducativo,Fease,1496,2006,PROGRAMA ESTADUAL DE ATENDIMENTO SOCIOEDUCATIVO,"O programa se constitui em instrumento de alinhamento das normas previstas no ECA - Lei 8.069/90 e na Lei do SINASE (Sistema Nacional de atendimento Socioeducativo  Lei 12.594, de janeiro de 2012, com a execução das ações de atendimento socioeducativo no Estado de Rondônia.","Adolescentes em cumprimento de medida de internação provisória, internação sentenciada e semiliberdade.",Cidadania,continuo,2024-01-01T00:00:00,,Finalístico,Desenvolver o atendimento socioeducativo desde o início da inserção do adolescente junto ao sistema até o cumprimento da medida socioeducativa (Internação e Semiliberdade) estando diretamente relacionado ao ECA e ao que preconiza o SINASE.,2024,3,Programa,2024,3
652,23030,Fundação Estadual de Atendimento Socioeducativo,Fease,1497,2164,APRIMORAMENTO DA ESTRUTURA FÍSICA DAS UNIDADES SOCIOEDUCATIVAS,Assegurar a ampliação e Construção de Unidades Socioeducativas,servidores que atuam no sistema socioeducativo e adolescentes em cumprimento de medidas socioeducativas,Cidadania,continuo,2024-01-01T00:00:00,,Finalístico,"Realizar o aprimoramento das estruturas físicas das Unidades Socioeducativas, bem como, construção de Centros Socioeducativos, possibilitando um atendimento mais humanizado e salubre aos adolescente e servidores.",2024,3,Programa,2024,3
653,27001,Secretaria de Estado de Obras e Serviços Públicos ,Seosp,1571,1015,GESTÃO ADMINISTRATIVA DO PODER EXECUTIVO,Gestão Administrativa do Poder Executivo da Secretaria de Estado de Obras e Serviços Públicos - SEOSP/RO.,"Servidores, Escritórios da SEOSP/RO e Parceiros.",Gestão Estratégica,continuo,2024-01-01T00:00:00,,Gestão Manutenção e Serviço,"Oferecer recursos para aquisição de bens e serviços que gerem condições de modernizações dos recursos de execução dos escritórios da SEOSP/RO, para o desenvolvimento das funções estratégicas, táticas e operacionais, para a qual a Secretaria foi criada por Lei, visando promover a eficiência, eficácia e efetividade das políticas públicas do Poder executivo, inclusive no atendimento as parcerias com os poderes Legislativo, Judiciários e órgãos de controle.",2024,3,Programa,2024,3
654,27001,Secretaria de Estado de Obras e Serviços Públicos ,Seosp,1592,2130,PROGRAMA DE ACELERAÇÃO DO CRESCIMENTO - PAC,Programa de Aceleração do Crescimento - PAC,População do Estado de Rondônia,Desenvolvimento Econômico,temporário,2024-01-01T00:00:00,2027-12-01T00:00:00,Finalístico,"O PAC é regido pelo Manual de Instruções para Contratação e Execução dos Programas e Ações do Ministério das Cidades (Divulgado pela Portaria nº 164, de 12 de abril de 2013, publicada no DOU nº 71, de 15 de abril de 2013, Seção 1, pág. 101 e com as alterações introduzidas pelas Portarias nºs 270, de 13 de junho de 2013, publicada no DOU nº 113, de 14 de junho de 2013, Seção 1, pág. 47; 280, de 25 de junho de 2013, publicada no DOU nº 121, de 26 de junho de 2013, Seção 1, pág. 70; 287, de 28 de junho de 2013, publicada no DOU nº 124, de 1º de julho de 2013, Seção 1, pág. 57; 349, de 26 de julho de 2013, publicada no DOU nº 144, de 29 de julho de 2013, Seção 1, pág. 176; 444, de 26 de setembro de 2013, publicada no DOU nº 189, de 30 de setembro de 2013, Seção 1, págs. 84 e 85; 13, de 14 de janeiro de 2014, publicada no DOU nº 10, de 15 de janeiro de 2014, Seção 1, págs. 43 e 44; 43, de 28 de janeiro de 2014, publicada no DOU nº 21, de 30 de janeiro de 2014, Seção 1, pág. 93; 685, de 24 de outubro de 2014, publicada no DOU nº 207, de 27 de outubro de 2014, Seção 1, pág. 53; e 686, de 24 de outubro de 2014, publicada no DOU nº 207, de 27 de outubro de 2014, Seção 1, pág. 53.). A região Norte é a que apresenta os índices mais preocupantes, onde apenas 54,5% da população tem acesso ao abastecimento de água, 7,8% à coleta dos esgotos e apenas 14% de todo volume de esgoto gerado é tratado (SNIS, 2014). Rondônia é um típico caso da grande deficiência em saneamento básico na Região Norte. E foi inserido no programa do Governo Estadual, com o objetivo de melhorar as condições de saneamento básico em Rondônia. Para aumentar a cobertura de abastecimento de água tratada, de coleta e tratamento de esgoto, e de coleta e destinação adequada de resíduos sólidos. Os investimentos do PAC são disponibilizados aos municípios de Jaru, Ji-Paraná, Porto Velho e União bandeirantes, pelo grupo sob a coordenação do Ministério das Cidades, tendo como interveniente a CAIXA. Haja vista o estado encontra-se com um baixo índice de saneamento em todos os seus municípios, o PAC tem como objetivo, trazer uma melhor qualidade de vida a população. Pois a falta de condições adequadas de saneamento podem contribuir para a proliferação de inúmeras doenças parasitárias e infecciosas além da degradação do corpo da água. A disposição adequada dos esgotos é essencial para a proteção da saúde pública.",2024,3,Programa,2024,3
655,27001,Secretaria de Estado de Obras e Serviços Públicos ,Seosp,1610,2183,DESENVOLVIMENTO DA INFRAESTRUTURA URBANA,"A infraestrutura urbana e todo o conjunto de serviços básicos em uma cidade como telefone, água, gás, luz, transporte público em geral (aeroportos, portos, rodovias, ferrovias) e rede de esgoto - sistemas indispensáveis ao bem-estar e qualidade de vida da população.
Dessa forma, considerando as especificidades dos 52 municípios rondonienses, julga-se de extrema relevância a alocação de recursos orçamentários para a promoção do desenvolvimento urbano; ",População do Estado de Rondônia,Desenvolvimento Econômico,continuo,2024-01-01T00:00:00,,Finalístico,"Considerando o fortalecimento das ações municipalistas, bem como reforço da parceria para o desenvolvimento dos municípios o Governo do Estado de Rondônia busca promover a promoção do da infraestrutura urbana dos municípios. ",2024,3,Programa,2024,3
656,29001,Ministério Público,MP,1403,1280,PROGRAMA DE GESTÃO E MANUTENÇÃO DO MINISTÉRIO PÚBLICO DE RONDÔNIA,Programa de Gestão e Manutenção do Ministério Público do Estado de Rondônia,Ministério Público do Estado de Rondônia,Gestão Estratégica,continuo,2024-01-01T00:00:00,,Gestão Manutenção e Serviço,"Em razão da constante ampliação da atuação do Ministério Público Estadual para atender as demandas oriundas da sociedade, sobretudo, sua intervenção na defesa dos interesses coletivos e direitos dos cidadãos de Rondônia, faz-se necessário manter, ampliar e modernizar a infraestrutura e adquirir bens e serviços para instrumentalizar as áreas meio e fim, utilizando para isso as unidades orçamentárias  29001  e 29012.",2024,3,Programa,2024,3
657,29001,Ministério Público,MP,1404,1019,PREVIDÊNCIA SOCIAL ESTATUTÁRIA,"Promover e assegurar os benefícios previstos aos membros e servidores aposentados, seus pensionistas e dependentes",Ministério Público do Estado de Rondônia,Gestão Estratégica,continuo,2024-01-01T00:00:00,,Gestão Manutenção e Serviço,"Assegurar aos membros e servidores públicos do Ministério Público do Estado e a seus dependentes legais pagamento de valor estabelecido em lei, quando da aposentadoria ou do óbito, proporcionando, assim, a certeza da manutenção das condições financeiras da família.",2024,3,Programa,2024,3
658,29001,Ministério Público,MP,1560,1001,MP TRANSFORMANDO A SOCIEDADE,"Cumprir a missão de defender a ordem jurídica e o regime democrático, transformando a realidade social, tendo como diretrizes os macros-objetivos da perspectiva Sociedade definidos no Mapa estratégico e Plano Geral de Atuação do Ministério Público do Estado de Rondônia.",População do Estado de Rondônia,Gestão Estratégica,continuo,2024-01-01T00:00:00,,Finalístico,"O alcance da missão e da visão institucional ensejam a tutela dos interesses difusos e coletivos da sociedade. Neste contexto, como desdobramento tático da estratégia pode-se distinguir as áreas temáticas de atuação finalísticas, que representam os desafios da instituição e o compromisso desta com os cidadãos, quais sejam: Defender os direitos de crianças e adolescentes; Proteger o meio ambiente; Combater a criminalidade; Promover a ressocialização de reeducandos; Defender a probidade na gestão pública; Garantir atendimento de saúde de qualidade; Proporcionar acesso a educação de qualidade; Assegurar os direitos do cidadão; Promover o aperfeiçoamento do regime
democrático.",2024,3,Programa,2024,3
659,29012,Fundo de Desenvolvimento Institucional do Ministério Público de Rondônia,FUNDIMPER,1563,1280,PROGRAMA DE GESTÃO E MANUTENÇÃO DO MINISTÉRIO PÚBLICO DE RONDÔNIA,Programa de Gestão e Manutenção do Ministério Público do Estado de Rondônia,Ministério Público do Estado de Rondônia,Gestão Estratégica,continuo,2024-01-01T00:00:00,,Gestão Manutenção e Serviço,"Em razão da constante ampliação da atuação do Ministério Público Estadual para atender as demandas oriundas da sociedade, sobretudo, sua intervenção na defesa dos interesses coletivos e direitos dos cidadãos de Rondônia, faz-se necessário manter, ampliar e modernizar a infraestrutura e adquirir bens e serviços para instrumentalizar as áreas meio e fim, utilizando para isso as unidades orçamentárias 29001 e 29012.",2024,3,Programa,2024,3
660,29013,Fundo de Reconstituição de Bens Lesados,FRBL,1562,1001,MP TRANSFORMANDO A SOCIEDADE,"Cumprir a missão de defender a ordem jurídica e o regime democrático, transformando a realidade social, tendo como diretrizes os macro-objetivos da perspectiva Sociedade definidos no Mapa estratégico e Plano Geral de Atuação do Ministério Público do Estado de Rondônia.",População do Estado de Rondônia,Gestão Estratégica,continuo,2024-01-01T00:00:00,,Finalístico,"O alcance da missão e da visão institucional ensejam a tutela dos interesses difusos e coletivos da sociedade. Neste contexto, como desdobramento tático da estratégia pode-se distinguir as áreas temáticas de atuação finalísticas, que representam os desafios da instituição e o compromisso desta com os cidadãos, quais sejam: Defender os direitos de crianças e adolescentes; Proteger o meio ambiente; Combater a criminalidade; Promover a ressocialização de reeducandos; Defender a probidade na gestão pública; Garantir atendimento de saúde de qualidade; Proporcionar acesso a educação de qualidade; Assegurar os direitos do cidadão; Promover o aperfeiçoamento do regime democrático.",2024,3,Programa,2024,3
661,30001,Defensoria Pública do Estado de Rondonia,DPE,1551,1007,GESTÃO DE PESSOAS NA DPE/RO,Gestão de Pessoas na DPE/RO.,Público interno da Defensoria Pública,Gestão Estratégica,continuo,2024-01-01T00:00:00,,Gestão Manutenção e Serviço,"O programa se justifica pela necessidade de gestão das pessoas que trabalham na Defensoria Pública, por meio do pagamento de remuneração, benefícios e encargos, atração e retenção de talentos, melhoria das condições de trabalho e estabelecimento de boas práticas, tendo em vista o pleno funcionamento do órgão, para o cumprimento de sua missão de forma efetiva.",2024,3,Programa,2024,3
662,30001,Defensoria Pública do Estado de Rondonia,DPE,1552,2043,GESTÃO E MANUTENÇÃO DA DPE/RO,Gestão e Manutenção da DPE/RO,Público interno e externo da Defensoria Pública,Gestão Estratégica,continuo,2024-01-01T00:00:00,,Gestão Manutenção e Serviço,"O programa se justifica pela necessidade de gestão e manutenção das unidades e atividades da Defensoria Pública, por meio da realização de aquisições e contratações de bens e serviços estratégicos, administrativos, tecnológicos ou operacionais, tendo em vista o pleno funcionamento do órgão, para o cumprimento de sua missão de forma efetiva.",2024,3,Programa,2024,3
663,30001,Defensoria Pública do Estado de Rondonia,DPE,1554,2145,ASSISTÊNCIA JURÍDICA INTEGRAL E GRATUITA AOS VULNERÁVEIS,Assistência Jurídica Integral e Gratuita aos Vulneráveis.,Público externo da Defensoria Pública,Gestão Estratégica,continuo,2024-01-01T00:00:00,,Finalístico,"O programa se justifica pela necessidade de aperfeiçoamento da área finalística da Defensoria Pública, tendo em vista o cumprimento de seu dever constitucional de prestar assistência jurídica integral e gratuita aos vulneráveis, garantindo-lhes o acesso à justiça e concretizando direitos individuais e coletivos.",2024,3,Programa,2024,3
664,30011,Fundo Especial da Defensoria Pública do Estado de Rondônia,FUNDEP,1411,1008,FORTALECIMENTO E APRIMORAMENTO CULTURAL DO QUADRO FUNCIONAL DA DPE/RO,Fortalecimento e aprimoramento cultural do quadro funcional da DPE/RO,Público interno da Defensoria Pública,Gestão Estratégica,continuo,2024-01-01T00:00:00,,Gestão Manutenção e Serviço,"O programa se justifica pela necessidade de fortalecimento do quadro funcional da Defensoria Pública, associado ao aprimoramento cultural daqueles que trabalham no órgão, tendo em vista a garantia de uma atuação eficiente por meio de pessoas qualificadas.",2024,3,Programa,2024,3
665,30011,Fundo Especial da Defensoria Pública do Estado de Rondônia,FUNDEP,1412,1009,ESTRUTURAÇÃO E MODERNIZAÇÃO DA DPE/RO,Estruturação e modernização da DPE/RO,Público interno e externo da Defensoria Pública,Gestão Estratégica,continuo,2024-01-01T00:00:00,,Gestão Manutenção e Serviço,"O programa se justifica pela necessidade de estruturação, aparelhamento, manutenção, modernização e aprimoramento da comunicação na Defensoria Pública, tendo em vista o pleno funcionamento das unidades e atividades do órgão, para o cumprimento de sua missão de forma efetiva.",2024,3,Programa,2024,3
666,31001,Secretaria de Estado de Patrimônio e Regularização Fundiária,Sepat,1540,2159,GESTÃO DO PATRIMÔNIO MOBILIÁRIO,"Coordenar, normatizar, controlar, monitorar e fiscalizar o Patrimônio Mobiliário da Administração Pública Estadual.",Administração Pública Estadual,Gestão Estratégica,continuo,2023-08-01T00:00:00,,Finalístico,"A Secretaria de Estado de Patrimônio, como órgão central, visa padronizar a gestão do patrimônio mobiliário, coordenando, controlando, normatizando e fiscalizando os bens móveis do Estado.",2024,3,Programa,2024,3
667,31001,Secretaria de Estado de Patrimônio e Regularização Fundiária,Sepat,1585,2138,GESTÃO DO PATRIMÔNIO IMOBILIÁRIO,"Gestão do Patrimônio Imobiliário através da regularização dos imóveis Estaduais, referente a escrituras públicas, registro de imóveis, memorial descritivo, fiscalização, demarcação de imóveis estaduais e avaliação e reavaliação através da emissão de Laudo Técnico Rural e Urbano. E atualização cadastral dos seguintes documentos, planta de localização, matrícula no registro de imóveis, valor venal atualizado, cadastro imobiliário, termo de recebimento de obras, entre outras informações que se julguem necessárias. Assim como a padronização de normativas e sistemas de gestão imobiliária.",Unidades que compõem Administração Direta e Indireta do Poder Executivo,Meio Ambiente e Desenvolvimento Territorial,continuo,2024-01-01T00:00:00,,Finalístico,"Gerenciamento do patrimônio estadual e prestação de informação e orientação técnica e normativa aos órgãos e entidades estaduais sobre gestão do patrimônio do Estado.
Fiscalizar, acompanhar a entrega de bens de uso coletivo (imóveis) do Estado de Rondônia, a solicitação de projetos de leis pertinentes a doação bens imóveis de propriedade estaduais.
Realizar relatório de fiscalização do estado atual de cada uma das edificações ou terreno do imóvel para atualização e verificação das condições, guarda, conservação, manutenção e outras que se fizerem necessárias.
A promoção de ações para regularização cartorial dos bens imóveis de propriedade do Estado. 
E a viabilização dos laudos de avaliação mercadológica para alienação, aquisição, locação, doação, permuta, usucapião, desapropriação e o auxilio nos inventários dos imóveis  ocupados pela administração pública.
",2024,3,Programa,2024,3
668,31001,Secretaria de Estado de Patrimônio e Regularização Fundiária,Sepat,1628,1015,GESTÃO ADMINISTRATIVA DO PODER EXECUTIVO,"Garante o funcionamento do Poder Executivo do Estado de Rondônia, no que concerne aos objetivos desta secretaria de Fiscalizar, Monitorar, Avaliar, Gerenciar e Gerir o patrimônio do Estado de Rondônia e Promover a Regularização Fundiária Urbana e Rural.",População do Estado de Rondônia,Gestão Estratégica,continuo,2024-01-01T00:00:00,,Gestão Manutenção e Serviço,"Gerir e Manter o funcionamento da máquina pública diariamente com o máximo de eficácia e qualidade possíveis, afim de atingir os objetivos de desenvolvimento econômico, social, e sustentável do Estado de Rondônia, e assim garantindo a satisfação dos cidadãos Rondonienses com o serviço público local.",2024,3,Programa,2024,3
669,31001,Secretaria de Estado de Patrimônio e Regularização Fundiária,Sepat,1651,2119,MEU IMÓVEL LEGAL,"Promover o processo de regularização fundiária urbana e rural, em áreas públicas ocupadas por população de baixa renda, implementando medidas técnicas, administrativas, jurídicas, sociais e ambientais necessárias a efetivação da regularização fundiária para as atuais e novas áreas de interesse social.",Pessoas de baixa renda,Meio Ambiente e Desenvolvimento Territorial,continuo,2024-01-01T00:00:00,,Finalístico,"O programa visa promover a regularização fundiária de interesse social em áreas urbanas e rurais. A qual tem por foco a legalização e a inserção da propriedade e da posse na estrutura regular das cidades. Considerando que a regularização fundiária consiste em medidas jurídicas, urbanísticas, ambientais e sociais que visam à regularização de assentamentos irregulares e à titulação de seus ocupantes, de modo a garantir o direito social à moradia, o pleno desenvolvimento das funções sociais da propriedade urbana e rural e o direito ao meio ambiente ecologicamente equilibrado. Considerando que a regularização e legitimação da posse de um imóvel urbano e rural é condição essencial para estabelecer a segurança jurídica nas relações de propriedade e que o georreferenciamento é o trabalho técnico que delimita, com segurança, a extensão de uma propriedade. 
O Programa Meu imóvel Legal, tem como plano de governo, a regularização de 36 mil imóveis urbanos, a serem realizados nos municípios conveniados, em núcleos urbanos consolidados.",2024,3,Programa,2024,3
670,31001,Secretaria de Estado de Patrimônio e Regularização Fundiária,Sepat,1655,2160,GEORREFERENCIAMENTO, Georreferenciar imóveis urbanos e rurais e imóveis pertencentes ao patrimônio imobiliário do Estado de Rondônia.,"Órgãos da administração direta e indireta do executivo estadual, prefeituras municipais e entidades da sociedade civil organizada",Meio Ambiente e Desenvolvimento Territorial,continuo,2024-01-01T00:00:00,,Finalístico,"O georreferenciamento é a primeira etapa no processo de regularização fundiária que visa a titulação urbana e rural, bem como a demarcação, regularização e transferência ao Estado, dos imóveis do Patrimônio Estadual.",2024,3,Programa,2024,3
671,31010,Fundo Especial de Regularização Fundiária Urbana e Rural do Estado de Rondônia,FRFUR,1575,2161,REALIZAR ALIENAÇÃO DE BENS,Promover a Alienação de Bens Móveis e Imóveis do Estado de Rondônia.,População do Estado de Rondônia,Gestão Estratégica,continuo,2024-01-01T00:00:00,,Finalístico,"Realizar arrecadação financeira através do desfazimento de bens ociosos, por meio de: Leilão ou Concorrência.",2024,3,Programa,2024,3
672,31010,Fundo Especial de Regularização Fundiária Urbana e Rural do Estado de Rondônia,FRFUR,1675,2129,PROGRAMA ESTADUAL DE REGULARIZAÇÃO FUNDIÁRIA,"Promover a regularização fundiária urbana e rural para ampliação do acesso à terra bem como de redução da pobreza, alavancar o desenvolvimento econômico e social das cidades e das comunidades rurais envolvidas.","População de Baixa Renda,  ocupante de boa fé em áreas do Estado de Rondônia.",Meio Ambiente e Desenvolvimento Territorial,continuo,2024-01-01T00:00:00,,Finalístico,"A Regularização Fundiária é uma obrigação do Poder Público, que deve implementá-la para atender ao preceito constitucional de garantir a função social da propriedade, visando diminuir a exclusão territorial, ampliando o acesso aos bens e serviços, como também viabilizar o direito fundamental e direito humano de acesso à moradia e ao uso social da terra produtiva.
Por outro lado, no tocante as políticas públicas de regularização fundiária urbana e rural, o Programa Estadual de Regularização Fundiária, disciplina importante instrumento para viabilização das ações de regularização fundiária voltado a pequenos posseiros de baixa renda, da cidade ou do campo, que, por causa de insegurança dominial sobre os imóveis que ocupam, convivem com conflitos pelo uso e posse da terra e com sérios obstáculos para o desenvolvimento social e econômico de suas comunidades. Tem como principal finalidade a destinação de recursos aos programas de regularização fundiária urbana e rural, que garantam o acesso da população à terra urbanizada, através de medidas jurídicas, urbanísticas, ambientais e sociais, destinadas à incorporação dos núcleos urbanos informais ao ordenamento territorial urbano e a titulação de seus ocupantes, o desenvolvimento socioeconômico de pequenos agricultores e o fortalecimento da produção e a geração de emprego e renda no campo, legitimando suas posses, respectivamente.",2024,3,Programa,2024,3
673,31010,Fundo Especial de Regularização Fundiária Urbana e Rural do Estado de Rondônia,FRFUR,1693,1015,GESTÃO ADMINISTRATIVA DO PODER EXECUTIVO,"Prover a Unidade de recursos orçamentários e financeiros para atender as atividades administrativas, com aquisição de bens e serviços, gestão de pessoal, Operações Especiais e outras, de natureza administrativa, classificadas como despesas correntes e de capital. ",Unidades orçamentárias do Poder Executivo,Gestão Estratégica,continuo,2024-03-01T00:00:00,,Gestão Manutenção e Serviço,"Desenvolver atividades-meios para o bom desenvolvimento das funções operacionais-fins da Unidade para qual foi criada por lei, visando à eficiência e eficácia das Políticas Públicas do Poder Executivo. ",2024,3,Programa,2024,3
674,32001,"Secretaria de Estado da Juventude, Cultura, Esporte e Lazer",Sejucel,1636,1015,GESTÃO ADMINISTRATIVA DO PODER EXECUTIVO,"Prover a Unidade de recursos orçamentários e financeiros para atender as atividades administrativas, com aquisição de bens e serviços,
gestão de pessoal, Operações Especiais e outras, de natureza administrativa, classificadas como despesas correntes e de capital.",Unidades orçamentárias do Poder Executivo,Cidadania,continuo,2024-01-01T00:00:00,,Gestão Manutenção e Serviço,"Desenvolver atividades-meios para o bom desenvolvimento das funções operacionais, fins da Unidade para qual foi criada por lei visando a eficiência e eficácia das politicas públicas do poder executivo ",2024,3,Programa,2024,3
675,32001,"Secretaria de Estado da Juventude, Cultura, Esporte e Lazer",Sejucel,1637,2143,PRESERVAÇÃO DO PATRIMÔNIO HISTÓRICO CULTURAL E IMATERIAL DE RONDÔNIA,"Preservar o patrimonio histórico e cultural do Estado, promovendo açoes para o desenvolvimento cultural com difusão, manutenção e preservação da cultura contribuindo para o desenvolvimento humano da população.",População do Estado de Rondônia,Cidadania,continuo,2024-01-01T00:00:00,,Finalístico,"Aplicação de recurso financeiro advindo do Estado de Rondônia, conforme disposto de lei de n° 965 de 20.12.2017 que atribui a superintendência estadual da juventude, cultura, Esporte e lazer - SEJUCEL, desenvolver ações de promoção, difusão e orientação das atividades culturais, em todas as formas e manifestações, bem como preservar o patrimônio histórico e cultural do Estado.",2024,3,Programa,2024,3
676,32001,"Secretaria de Estado da Juventude, Cultura, Esporte e Lazer",Sejucel,1639,2094,DESENVOLVIMENTO DO DESPORTO E LAZER,"O desporto e lazer em Rondônia busca promover a saúde, bem-estar e inclusão social da população, estimulando a prática de atividades físicas, esportivas e culturais. O governo investe na construção de infraestruturas adequadas, apoia a formação de atletas e equipes locais, além de incentivar a realização de eventos esportivos e culturais, fortalecendo a identidade do estado e impulsionando o turismo esportivo. Essas iniciativas visam criar uma sociedade mais saudável, coesa e com oportunidades de lazer para todos os cidadãos.",População do Estado de Rondônia,Cidadania,continuo,2024-01-01T00:00:00,,Finalístico,"O desenvolvimento do desporto e lazer em Rondônia é uma estratégia fundamental para o governo promover a melhoria da qualidade de vida de sua população. Ao investir nessas áreas, o governo estará incentivando a prática de atividades físicas, o que contribui para a redução dos índices de doenças crônicas e do sedentarismo, resultando em uma população mais saudável e produtiva. É uma forma de inclusão social, para crianças, jovens e grupos vulneráveis, favorecendo a construção de valores como respeito, trabalho em equipe e disciplina. Outro ponto relevante é o potencial econômico dessas atividades, impulsionando o turismo esportivo e gerando empregos diretos e indiretos em diversos setores. Com infraestrutura adequada e apoio ao desenvolvimento esportivo, Rondônia pode atrair eventos esportivos regionais.",2024,3,Programa,2024,3
677,32001,"Secretaria de Estado da Juventude, Cultura, Esporte e Lazer",Sejucel,1686,2010,DESENVOLVIMENTO SOCIAL DA JUVENTUDE,Desenvolvimento Social da Juventude,"Familias, crianças, adolescentes e jovens carentes",Cidadania,continuo,2024-01-01T00:00:00,,Finalístico,"Necessidade de promover, fomentar e valorizar políticas públicas voltadas ao desenvolvimento social da juventude do Estado de Rondônia.",2024,3,Programa,2024,3
678,32001,"Secretaria de Estado da Juventude, Cultura, Esporte e Lazer",Sejucel,1687,2093,DESENVOLVIMENTO CULTURAL,"Formular e fomentar políticas públicas, projetos e ações que promovam a cidadania por meio da cultura.",SOCIEDADE DE RONDÔNIA,Cidadania,continuo,2024-01-01T00:00:00,,Finalístico,"O programa fundamenta-se na concepção de cultura articulada em três dimensões: simbólica, cidadã e econômica. A dimensão simbólica aborda o aspecto da cultura que considera que todos os seres humanos têm a capacidade de criar símbolos que se expressam em práticas culturais diversas como idiomas, costumes, culinária, modos de se vestir, crenças, criações tecnológicas e arquitetônicas, bem como nas linguagens artísticas: teatro, música, artes visuais, dança, literatura, circo, entre outros. Em relação a dimensão cidadã considera-se o aspecto em que a cultura é entendida como um direito básico do cidadão. Assim, é preciso garantir que os rondonienses participem mais da vida cultural, criando e tendo mais acesso a livros, espetáculos de dança, teatro e circo, exposições visuais, filmes regionais e nacionais, apresentações musicais, expressões populares e ao Patrimônio Cultural material e imaterial do Estado de Rondônia. Na dimensão econômica, foca-se o Programa no aspecto da cultura como vetor econômico. A cultura como um lugar de inovação e expressão da criatividade rondoniense contribuindo para a construção de um cenário de desenvolvimento econômico, socialmente justo e sustentável. ",2024,3,Programa,2024,3
679,32012,Fundo de Desenvolvimento dos Desportos,Funder,1671,2094,DESENVOLVIMENTO DO DESPORTO E LAZER,"Desencadeamento de múltiplas ações esportivas coordenadas e supervisionadas pela SEJUCEL; apoio as entidades desportivas com a fomentação do esporte nos municípios, concessão de passagens aéreas para atendimento a atletas olímpicos e paraolímpicos. Promoção de atividades recreativas e de lazer, modernização dos espaços esportivos e realização de cursos básicos de arbitragem na qualificação da população rondoniense.","Profissionais do desporto, entidades de práticas e de administração do desporto, atletas e comunidade em geral",Cidadania,continuo,2024-01-01T00:00:00,,Finalístico,"Proporcionar atividades desportivas e de lazer a população, promovendo o desporto de rendimento com a realização de eventos esportivos e lazer no atendimento aos 52 (cinquenta e dois) municípios do estado de Rondônia como: Programa Bolsa-Atleta que tem o objetivo de formar uma geração de atletas com potencial de melhorar e aperfeiçoar sua performance esportiva. Esporte de participação buscando promover o fomento da modalidade em todas as suas manifestações. Capacitar e aperfeiçoamento dos gestores municipais, agentes e comunidade através de cursos que possam contribuir para o aumento da credibilidade destes profissionais junto a sociedade. Visa a construção, reforma, ampliação e manutenção dos espaços esportivos é de lazer de responsabilidade da Superintendência e ou através de convênios com as prefeituras e termo de fomento com as entidades, proporcionando qualidade de vida, conforto e segurança, garantindo melhor qualidade de vida e população rondoniense",2024,3,Programa,2024,3
680,32013,Fundo Estadual de Desenvolvimento da Cultura,Fedec,1615,2093,DESENVOLVIMENTO CULTURAL,Gerenciar o Fundo Estadual de desenvolvimento da Cultura - FEDEC,População do Estado de Rondônia,Cidadania,continuo,2024-01-01T00:00:00,,Finalístico,"Gerenciar recursos do FEDEC, tendo como foco financiar projetos culturais de iniciativa de pessoas fisicas e pessoas jurídicas de direito público e privado, destinados a fomentar a produção artístico-cultural de Rondônia. ",2024,3,Programa,2024,3
