,acaoDetalheId,uoCodigo,programaCod,acaoCod,restricaoCodFormatado,descricao,justificativa,sugestaoMelhoria,anoMonitoramento,quadrimestreMonitoramento,TipoDado,Ano,Quadrimestre
0,5276,15020,2174,4116,ADM01,Problemas com o prestador de serviço.,"Atraso na entrega dos materiais adquiridos.			
",Intensificar o processo de fiscalização contratual.,2024,1,Restrição,2024,1
1,5276,15020,2174,4116,ADM03,Insuficiência/Inadequação de infraestrutura física e de equipamentos.,"Espaço físico inadequado para armazenagem temporária dos materiais.			
","Buscar espaço físico adequado para o Galpão da Gerência de Patrimônio		
",2024,1,Restrição,2024,1
2,5185,15020,2170,4089,ADM08,Pessoal insuficiente para os quadros de gestão e de execução das ações propostas.,"Quadro Técnico Insuficiente			
","Lotar dois Arquitetos e um Engenheiro na Coordenadoria de Engenharia de Tráfego.		
",2024,1,Restrição,2024,1
3,5185,15020,2170,4089,ADM12,Dificuldades para celebrar contrato/convênio.,"Quadro Técnico Insuficiente para analisar os projetos apresentados.			
","Lotar dois Arquitetos e um Engenheiro na Coordenadoria de Engenharia de Tráfego.		
",2024,1,Restrição,2024,1
4,5185,15020,2170,4089,GER08,Demora na elaboração de projetos arquitetônicos e executivos.,"Quadro Técnico insuficiente nos Municípios			
","Adequar o quadro técnico do Órgão para dar apoio aos Municípios.		
",2024,1,Restrição,2024,1
5,4993,13006,1015,1446,ADM14,Outras (especificar).,Devido à morosidade da publicação do Edital com previsão de chamamento de 35 voluntários.,Conforme o cronograma previsto em Edital se realizará o chamamento proposto. Terá melhor execução no próximo quadrimestre.,2024,1,Restrição,2024,1
6,4933,15001,1015,2412,OUT02,Outras (especificar).,"A presente ação não obteve resultado satisfatório pois alguns auxílios a serem pagos à POLITEC, estão em fase de implementação, bem como os impactos do desconto de 6% do salário dos servidores, a título de contrapartida pela concessão do auxílio transporte, conforme o Ofício 21576 (0044696014) e Acórdão - Auxílio Transporte (0044696066) Processo nº 0037.008757/2023-29.",Implementação dos recursos.,2024,1,Restrição,2024,1
7,4942,15001,2166,1473,OUT02,Outras (especificar).,Os recursos da presente ação são recursos federais e só são recebidos após a finalização total das contratações.,Finalização das contratações para recebimento dos recursos.,2024,1,Restrição,2024,1
8,4943,15001,2166,1475,OUT02,Outras (especificar).,"Os recursos advindos dos convênios (recursos federais SENASP) só são pagos após a finalização das construções, o que impacta na execução da ação.",Finalização das obras/recebimento dos recursos.,2024,1,Restrição,2024,1
9,4949,15001,2166,2475,OUT02,Outras (especificar).,"Os recursos advindos de convênio só são disponibilizados somente após o final de todos os trâmites licitação, aumentando a morosidade.",Término dos processos de contratação e liberação dos recursos.,2024,1,Restrição,2024,1
10,4948,15001,2166,2279,OUT02,Outras (especificar).,"A presente ação não obteve a liquidez almejada, pois os cursos no âmbito de aviação estão na iminência de finalização. Salienta-se que a manutenções das aeronaves são programadas por horas voos, fazendo com que a execução seja melhor executada no próximo quadrimestre.",Finalização dos cursos e início das manutenções.,2024,1,Restrição,2024,1
11,5070,15004,2103,1276,OUT02,Outras (especificar).,"Foi necessário realizar alteração orçamentária nesta ação, a fim de atender as necessidades da corporação com despesas de custeio.","Tivemos um corte no orçamento de custeio na Ug 15004, por esse motivo foi necessário fazer esse remanejamento no orçamento para atender as despesas já contratadas.",2024,1,Restrição,2024,1
12,5076,15004,2103,1275,OUT02,Outras (especificar).,"Processo licitatório em andamento, assim que finalizado será iniciada as obras que estão previstas no Programa e Ação.",Processo licitatório mais célere e dotação orçamentária 100% liberada para que seja liquidada conforme medições finalizadas.,2024,1,Restrição,2024,1
13,5313,11023,2177,1635,ORC07,"Dificuldade na obtenção de créditos orçamentários adicionais (suplementares, especiais ou extraordinários).","Não há Orçamento para execução da obra, será necessário a obtenção de Suplementação Orçamentária. ",Solicitar a Suplementação Orçamentária.,2024,1,Restrição,2024,1
14,4853,11003,0000,0023,ORC06,Demora na tramitação de crédito adicional.,"A execução orçamentária encontra-se comprometida, os pagamentos já alcançaram quase a totalidade do crédito orçamentário, aguardamos a tramitação de crédito adicional constante no SEI 0035.001462/2024-22, visto que o exercício ainda possuí dois quadrimestres e o fluxo de pagamentos é constante, ligado diretamente a ordens judiciais expedidas.",Prioridade na tramitação do processo SEI 0035.001462/2024-22.,2024,1,Restrição,2024,1
15,5273,15020,2174,4117,ADM06,Insuficiência de técnicos para levantamento das necessidades de reformas e elaboração de projetos de construção civil.,"Faltam servidores administrativos, engenheiros e arquitetos para atender as demandas da Coordenadoria de Engenharia Civil. Não existem funções de Engenheiro Eletricista, Engenheiro Mecânico, Engenheiro Ambiental e Engenheiro de Segurança do Trabalho no quadro do DETRAN.","Concursos, alteração do PCCR e ampliação da estrutura organizacional da Coordenadoria de Engenharia Civil, contemplando mais cargos compatíveis com o salário mínimo profissional de engenheiros e arquitetos, que tornem o setor atrativo a outros profissionais. Contratação de empresa especializada em elaboração de estudos e projetos, gerenciamento e apoio a fiscalização de obras.",2024,1,Restrição,2024,1
16,5273,15020,2174,4117,ADM07,Capacitação de recursos humanos.,Equipe de engenharia não capacitada na nova lei de licitações e contratos.,"Contratação de curso in company. Processo está aberto na Coordenadoria de Qualidade.
",2024,1,Restrição,2024,1
17,5273,15020,2174,4117,ADM08,Pessoal insuficiente para os quadros de gestão e de execução das ações propostas.,Estrutura organizacional da Coordenadoria de Engenharia insuficiente.,"Reestruturação da Coordenadoria de Engenharia Civil, contemplando mais setores.",2024,1,Restrição,2024,1
18,5273,15020,2174,4117,ADM09,Entraves institucionais para desenvolvimento de recursos humanos.,Ausência de recrutamento interno e carreira funcional limitada. Falta de incentivo ao ingresso de servidores no setor.,"Estudo de possibilidade de implantação de produtividade para profissionais técnicos do quadro, de forma a incentivar a mão de obra qualificada do DETRAN a trabalhar no setor de Engenharia.",2024,1,Restrição,2024,1
19,5273,15020,2174,4117,GER08,Demora na elaboração de projetos arquitetônicos e executivos.,Demora na elaboração em função de pessoal técnico insuficiente e não capacitado em BIM. O DETRAN possui apenas 01 arquiteta.,"Realização de novos concursos públicos. Contratação de empresa especializada em elaboração de estudos e projetos, gerenciamento e apoio a fiscalização de obras.",2024,1,Restrição,2024,1
20,5175,15020,1015,2096,ADM14,Outras (especificar).,Falta de estrutura física como sala de treinamentos para atender as demandas da coordenadoria de qualificação do órgão.,"Providenciar uma sala de Auditório com infraestrutura equipada contendo equipamentos áudio visuais e multimídia, para atender as demandas ordinárias da unidade.",2024,1,Restrição,2024,1
21,5236,15014,1015,2096,OUT02,Outras (especificar).,"Procedimentos de acompanhamento e execução contratual, o processo foi remetido a fiscal de contrato.",Análises internas e liquidação com mais brevidade.,2024,1,Restrição,2024,1
22,4965,15014,2103,1275,OUT02,Outras (especificar).,Os processos estão em andamento devido aos trâmites licitatórios necessários desse tipo de investimento.,"Que possam ser analisados e finalizados em menos tempo possível, para que possam ser iniciados.",2024,1,Restrição,2024,1
23,4966,15014,2103,1276,OUT02,Outras (especificar).,"Processos em andamento, tem seu trâmite mais demorado devido as especificidades dos equipamentos desejados por esta corporação.",Análise licitatória mais célere e aceite de propostas feitas pelos participantes.,2024,1,Restrição,2024,1
24,4770,11020,1015,2087,ADM04,Entraves nos procedimentos burocráticos (burocracia para exercício das atividades administrativas do governo).,"Grande parte do orçamento desta ação está reservada para cobertura das despesas relacionadas ao processo sei n° 0088.067640/2022-09 que consiste na Aquisição de equipamentos de informática e de Solução integrada de Videoconferência para modernização dos mecanismos de informação, comunicação, publicação e transparência, visando atender as necessidades da Contabilidade Geral do Estado - COGES/RO e que até o momento não obtivemos êxito em sua conclusão.
Cumpre salientar que o processo supra permaneceu aguardando análise na Procuradoria Geral do Estado por um certo período e isso acarretou no retorno de algumas fases, tais como: alteração de Termo de Referência, elaboração de novo quadro comparativo, haja vista a decorrência do lapso temporal de 180 dias de sua validação.","Trâmite processual mais ágil, de maneira a otimizar os resultados pretendidos.",2024,1,Restrição,2024,1
25,4757,13001,1015,2064,LIC03,Procedimento licitatório burocrático.,"Considerando a legislação atual de licitação, há procedimentos e documentos necessários que prologam o período de elaboração, análise e homologação.","Todas as medidas possivéis no ambito da SEPOG, estam em andamento para minimizar os prazos e intercorrências processuais.",2024,1,Restrição,2024,1
26,5186,15020,2171,1634,ADM05,Dificuldades na localização de terrenos para implementar ou ampliar a infraestrutura.,"Localizar um terreno adequado para construção tem sido um desafio, considerando que os terrenos disponíveis não estão tão bem centralizados na cidade.",Contratação de empresa especializada.,2024,1,Restrição,2024,1
27,5186,15020,2171,1634,ADM06,Insuficiência de técnicos para levantamento das necessidades de reformas e elaboração de projetos de construção civil.,"Faltam servidores administrativos, engenheiros e arquitetos para atender as demandas da Coordenadoria de Engenharia Civil. Não existem funções de Engenheiro Eletricista, Engenheiro Mecânico, Engenheiro Ambiental e Engenheiro de Segurança do Trabalho no quadro do DETRAN.","Concursos, alteração do PCCR e ampliação da estrutura organizacional da Coordenadoria de Engenharia Civil compatíveis com o salário mínimo profissional de engenheiros e arquitetos, que tornem o setor atrativo a outros profissionais. Contratação de empresa especializada em elaboração de estudos e projetos, gerenciamento e apoio a fiscalização de obras.",2024,1,Restrição,2024,1
28,5186,15020,2171,1634,ADM07,Capacitação de recursos humanos.,Equipe de engenharia não capacitada na nova lei de licitações e contratos.,Contratação de curso in company. Processo está aberto na Coordenadoria de Qualidade.,2024,1,Restrição,2024,1
29,5186,15020,2171,1634,ADM08,Pessoal insuficiente para os quadros de gestão e de execução das ações propostas.,Estrutura organizacional da Coordenadoria de Engenharia insuficiente.,"Reestruturação da Coordenadoria de Engenharia Civil, contemplando mais setores.",2024,1,Restrição,2024,1
30,5186,15020,2171,1634,GER08,Demora na elaboração de projetos arquitetônicos e executivos.,Demora na elaboração em função de pessoal técnico insuficiente e não capacitado em BIM. O DETRAN possui apenas 01 arquiteta.,"Realização de novos concursos públicos. Contratação de empresa especializada em elaboração de estudos e projetos, gerenciamento e apoio a fiscalização de obras.",2024,1,Restrição,2024,1
31,4757,13001,1015,2064,LIC06,Outras (especificar).,"Considerando o objeto de aquisição, tecnológico, os fornecedores necessitam de prazos acima de 60 dias para entrega, impactando no processo administrativo de pagamento das aquisições.","No caso em questão, são prazos e práticas do mercado independentes dos procedimentos administrativos adotados pela Gestão Pública (SEPOG)",2024,1,Restrição,2024,1
32,5506,11023,1015,4103,ADM14,Outras (especificar).,"Por um equívoco na solicitação, a despesa encontra-se em execução na Ação 2087, sendo que a despesa deve ser executada na Ação 4103, a qual está vinculada no PPA 2024-2027 e LOA-2024. Neste sentido, no intuito de corrigir a falha na execução do Orçamento e não comprometer a Desempenho das Ações, foi emitido a 2024NE00094, vinculada à Ação 4103 para prosseguimento dos pagamentos da despesa no exercício. 

"," No intuito de corrigir a falha na execução do Orçamento e não comprometer a Desempenho da Ação, foi emitido a NE 2024NE00094, vinculada à Ação 4103 para prosseguimento dos pagamentos da despesa no exercício conforme PPA- 2024-2027 e LOA- 2024.",2024,1,Restrição,2024,1
33,4738,15015,1015,2087,ADM14,Outras (especificar).,O processo está na PGE aguardando: 0021.024158/2024-11 (Contrato e Parecer).,"Que sejam priorizadas as despesas de Governo, e possíveis agilidades nas análises dos setores competentes.",2024,1,Restrição,2024,1
34,4738,15015,1015,2087,LIC06,Outras (especificar).,O processo relacionado está na SUPEL aguardando: 0021.015037/2024-70 (Procedimentos Licitatórios),"Que sejam priorizadas as despesas de Governo, e possíveis agilidades nas análises dos setores competentes.",2024,1,Restrição,2024,1
35,4695,15015,2075,1119,ADM14,Outras (especificar).,"Informamos que não temos como mensurar a situação atual, uma vez que os processos formalizados estão em execução.","Que sejam priorizadas as despesas de Governo, e possíveis agilidades nas análises dos setores competentes.",2024,1,Restrição,2024,1
36,5037,15015,2075,4087,ADM14,Outras (especificar).,"O processo relacionado está no FUMRESPOM aguardando: 0021.015036/2024-25 (Instruindo); 
Os processos relacionados estão na Empresa aguardando: 0021.024857/2024-52, 0021.015035/2024-81, 0021.018950/2024-28 (Entrega de Materiais). ","Que sejam priorizadas as despesas de Governo, e possíveis agilidades nas análises dos setores competentes.",2024,1,Restrição,2024,1
37,5228,27001,2130,1497,AMB01,Lentidão no processo de licenciamento ambiental.,Lentidão no processo de licenciamento ambiental no órgão licenciador.,Prioridade no licenciamento para obras vultuosas.,2024,1,Restrição,2024,1
38,5166,15020,1015,2281,ADM08,Pessoal insuficiente para os quadros de gestão e de execução das ações propostas.,A escassez de recursos humanos no âmbito da Autarquia DETRAN/RO para suprir a demanda.,Propõe-se a realização de novo concurso público.,2024,1,Restrição,2024,1
39,5166,15020,1015,2281,TEC01,Obsolescência e/ou escassez de equipamento/ferramentas tecnológicas.,"A  Autarquia encontra-se com equipamentos antigos (CPU), onde rotineiramente estão ocorrendo reparos por parte da equipe técnica da CTI, o que atrasa os procedimentos administrativos.",Troca de computadores a cada 05 (cinco) anos.,2024,1,Restrição,2024,1
40,5455,16031,2090,2242,FIN02,Problemas relativos ao fluxo de liberação dos recursos.,"O processo de compras e serviços 0013.000041/2024-32 e 0013.000211/2024-89 necessitou a liberação de GPF, os valores solicitados extrapolavam o limite estabelecido na cota de desembolso, comprometendo a cota do 4° bimestre. O maior percentual da cota esta disposto no 6° bimestre, o equivalente a 43%. O que não é compatível com o planejamento desta ação, pois distribuímos o orçamento disponível entre os 3 quadrimestres, objetivando maior desempenho na execução financeira. A morosidade para liberação da cota, atrasou os processos, necessitando uma nova juntada de documentos. ","Análise técnica e adequação do cronograma de desembolso, de acordo com a realidade das ações planejadas e valor ideal de execução distribuídos nos três quadrimestres.",2024,1,Restrição,2024,1
41,5455,16031,2090,2242,ADM08,Pessoal insuficiente para os quadros de gestão e de execução das ações propostas.,"O quadro atual de servidores desta fundação não é compatível com a quantidade de ações executadas, o que acarreta em sobrecarga e dificuldade em dar celeridade aos processos.",Aumentar o quadro de servidores para aumentar a eficiência e produtividade das ações.,2024,1,Restrição,2024,1
42,5451,16031,2090,2219,OUT02,Outras (especificar).,"O Museu da Memória Rondoniense encontra-se em reforma desde 15 de janeiro, com previsão do término para meados de agosto.",Realização de eventos itinerantes até que a obra se conclua e possa ser reinaugurado.,2024,1,Restrição,2024,1
43,5451,16031,2090,2219,GER01,Meta física inadequada à natureza da ação,"Meta física apresenta dados incorretos.   Previsto em unidade de medida (para gerenciar, fomentar e executar ações museais), o valor apresentado esta relacionado ao orçamento e não as ações.","Possibilidade de alteração da previsão da meta física de forma coerente, unidade de eventos efetuados, corrigindo o erro.",2024,1,Restrição,2024,1
44,5289,27001,2183,2465,ADM06,Insuficiência de técnicos para levantamento das necessidades de reformas e elaboração de projetos de construção civil.,"Esclarecemos haver dificuldade em aumentar a quantidade de demandas visto que o corpo técnico da CPO é composto por 4 (quatro) orçamentistas, 10 (dez) engenheiros civis, 16 (dezesseis) arquitetos e urbanistas, 6 (seis) engenheiros eletricistas, 1 (um) engenheiro mecânico, 2 (dois) engenheiros florestais, 1 (um) topógrafo e 3 (três) núcleo de apoio de cotação, totalizando 43 técnicos, o qual são responsáveis pela elaboração de projetos arquitetônicos, de instalações hidráulicas, esgoto, refrigeração de ambientes, instalações elétricas, subestações e correlatos, dimensionando e detalhando estruturas de concreto armado, madeiras e os demais materiais envolvidos nos projetos, bem como realização de pesquisa de mercado, orçamentos, termos de referência/projeto básico, laudos, análises técnicas e demais serviços de competência dos técnicos.
Considerando que a CPO elabora produtos para todas as Secretarias do Estado, realiza apoio ao setor de convênios nas análises dos projetos e orçamentos, das quais a quantidade de técnicos não supre todas as demandas absorvidas, em que dentre as demandas prioritárias como SESAU, SEJUCEL, SESDEC, há o atendimento das demandas por determinação judicial e/ou Ministério Público, Arena Aluízio Ferreira, Praça da Bíblia, Espaço Alternativo e projetos a serem licitados, sendo projetos que contam com uma equipe multidisciplinar, restringindo vários técnicos por hora pausar as demandas em andamento para atender urgências vindas através do Gabinete. Relatamos também que para conclusão de um produto, é entregue os projetos e orçamento, onde é realizada a pesquisa de mercado com o núcleo de apoio de cotação, demandando tempo e muitas vezes atrasando a entrega visto que os técnicos ficam no aguardo da empresa apresentar as cotações, e ou aguardar a cotação de itens ausentes na tabela SINAPI.","Sugere-se como proposta de melhoria a contratação de pessoal para atender a totalidade da demanda de todo o Estado, bem como a contratação de empresa especializada em elaboração de projetos, para auxiliar a Coordenação distribuindo as demandas.",2024,1,Restrição,2024,1
45,5308,17013,2152,1516,ADM01,Problemas com o prestador de serviço.,"O consórcio contratado não vem cumprindo as obrigações contratuais, com atraso no cronograma e sem alvarás.","Processo de apuração de responsabilidade, aplicação de sanção e eventual rescisão contratual.",2024,1,Restrição,2024,1
46,5309,17013,2152,2507,ADM14,Outras (especificar).,Dificuldade em continuar com a execução do processo visando assinatura do contrato devido a obra do hospital estar embargada e com cronograma atrasado.,Regularizar o contrato referente à construção para que um novo cronograma seja elaborado visando informar a futura contratada para operação do hospital,2024,1,Restrição,2024,1
47,5308,17013,2152,1516,AMB02,Renovação de licença.,"Obra embargada considerando descumprimento dos requisitos por parte do Consórcio junto à Prefeitura de Porto Velho, órgão SEMUR.","Após aplicação de sanção, notificar para apresentação da licença de obras.",2024,1,Restrição,2024,1
48,5011,11007,1015,1490,ADM02,Atividades dependentes de articulação com outras unidades administrativas.,"Dificuldades apresentadas pela SEGEP para execução da Ação nos termos solicitados pela SEPOG -
conforme informações constantes do Processo SEI nº 0070.365356/2021-03.","Alinhamento entre as unidades envolvidas (SEGEP, SEPOG e SETIC) para que a determinação de uma seja passível de cumprimento por outra.",2024,1,Restrição,2024,1
49,4970,16001,1015,4033,LIC03,Procedimento licitatório burocrático.,"Morosidade no processo licitatório das atas de registros de preço de fornecimento de hospedagem, alimentgação e material gráfico.",Identificar os gargalos no processo para buscar alternativas para maior celeridade na liberação das Atas.,2024,1,Restrição,2024,1
50,5096,11007,2074,1000,ORC03,Insuficiência de recursos alocados na Lei Orçamentária.,Os recursos necessários para realização do projeto estão estimados em mais de R$ 10.000.000 (0070.000144/2023-37 e 0070.000479/2023-55) - quantia muito superior ao atualmente alocado na LOA de 2024.,Suplementação de recursos orçamentários.,2024,1,Restrição,2024,1
51,5152,15020,0000,0112,JUD03,Outras (especificar).,"A execução depende da existência de processos judiciais. O orçamento destinado a execução sempre será estimativo, o que justifica a execução deficiente.",A ação depende de fatores externos.,2024,1,Restrição,2024,1
52,5153,15020,0000,0221,JUD01,Ações judiciais.,"A execução depende da existência de processos judiciais. Portanto, o orçamento destinado à execução é de caráter estimativo, o que justifica a execução deficiente.",A ação depende de fatores externos.,2024,1,Restrição,2024,1
53,5154,15020,0000,0205,FIN02,Problemas relativos ao fluxo de liberação dos recursos.,O cronograma de desembolso é feito de forma parcelada.,Liberação total dos recursos da unidade.,2024,1,Restrição,2024,1
54,5178,27001,1015,1490,OUT02,Outras (especificar).,"O edital 301/2021/SEGEP-GCP, encontra-se sobrestado em face do Acordão 00094/2023 do processo 02794/2021/TCE-RO, o qual determinou a suspensão da contratação de novos candidatos aprovados no PSS, e por esse motivo, tornou-se inviável o cumprimento da meta física, o que acarretou baixa execução orçamentária dos valores dotados atualmente.
","Realização da contratação dos novos PSS, a partir do 2º Quadrimestre.",2024,1,Restrição,2024,1
55,5211,27001,1015,2087,LIC03,Procedimento licitatório burocrático.,"A Morosidade na instrução dos processos de licitação, tanto em sua fase interna, bem como em sua fase externa.","Agilidade na instrução processual e os procedimentos na fase externa da licitação mais célere, por parte da SUPEL e PGE.",2024,1,Restrição,2024,1
56,5210,27001,1015,2091,OUT02,Outras (especificar).,"Aguardando aprovação do projeto de lei em que estabelece o pagamento de auxílio-alimentação,conforme processo n. 0069.069549/2022-48, o qual encontra-se na Casa Civil.","Aprovação da LEI, para cumprimento das metas estabelecida na LOA 2024.",2024,1,Restrição,2024,1
57,4849,11008,1015,2087,ADM02,Atividades dependentes de articulação com outras unidades administrativas.,"Considerando a solicitação do dia 15 de janeiro de 2024 (Id: 0045074730), de abertura de crédito adicional suplementar no valor de R$ 569.112,14  para cobertura da despesa de prestação de serviços de veiculação impressa de Publicidade Legal do Estado, conforme Contrato nº 331/PGE-2019, o qual foi informado pela SUGESP que cada participante seria responsável pelos recursos orçamentários para subsídio da referida despesa, a contar de jan/2024.
A Suplementação foi atendida pela SEPOG em 21 de março de 2024.
Contudo, até o encerramento do 1º quadrimestre, a SUGESP não procedeu com o Termo de Apostilamento para efetivar a transferência de responsabilidade da cobertura contratual, desta forma, impossibilitando a execução orçamentária dos recursos suplementados.
","Identificação dos riscos pela unidade que propor alterações contratuais, visto que, o Termo de Apostilamento só poderia ser realizado após apresentação de Declaração de Adequação Financeira e esta só pode ser apresentada quando efetivamente a unidade possuir a previsão na Lei Orçamentária Anual - LOA.",2024,1,Restrição,2024,1
58,5299,27001,1015,2096,ADM07,Capacitação de recursos humanos.,"Credenciamento de Instituições: Os cursos devem ser oferecidos por instituições credenciadas e reconhecidas pela administração pública, garantindo a qualidade do conteúdo e do ensino.",Implementação de mecanismos para avaliar a qualidade dos cursos e o impacto da capacitação no desempenho dos servidores.,2024,1,Restrição,2024,1
59,5203,27001,1015,2234,ADM09,Entraves institucionais para desenvolvimento de recursos humanos.,"Rotatividade de Servidores, visto que a secretaria ainda não possui servidores efetivos oriundos de Concurso Público Próprio.",Realização de Concurso Público.,2024,1,Restrição,2024,1
60,4701,19023,2096,2515,OUT02,Outras (especificar).,"As metas programadas não foram 100% atingidas, devido a dinâmica que envolve o setor.
Em outras palavras, quando planejamos algumas das metas existia um determinado número de estabelecimentos, porém quando da execução das atividades, esse número oscilou para menos.
Durante todo o ano, efetuamos registros de novos estabelecimentos, bem como reativação, suspensão e/ou cancelamento de estabelecimentos já registrados, fazendo com que os números e os indicadores sejam alterados","Verificar com a Coordenação de Planejamento se os números planejados podem ser ajustados, de acordo com o quantitativo de estabelecimentos existentes à época da execução.",2024,1,Restrição,2024,1
61,4701,19023,2096,2515,ADM14,Outras (especificar).,"O não alcance das metas estabelecidas para o primeiro quadrimestre do ano corrente, se dá pela justificativa de que neste período, enfrentamos uma série de desafios e contratempos que impactaram diretamente em nossa capacidade de cumprir com os objetivos propostos.
Em primeiro lugar, destacamos o excesso de atividades programadas que sobrecarregaram nossa equipe. O período foi marcado por eventos como as férias de parte dos servidores, o feriado prolongado de Carnaval e Páscoa, os quais diminuíram significativamente a disponibilidade de recursos humanos e o tempo hábil para a execução das tarefas.
Além disso, fomos surpreendidos por duas auditorias do Ministério da Agricultura, que demandaram uma preparação intensiva e um acompanhamento minucioso por parte de nossa equipe, o que consumiu uma parcela considerável de nosso tempo.
Outro fator relevante é a necessidade de realizarmos uma atualização cadastral de todos os estabelecimentos sob nossa responsabilidade anualmente até o dia 31 de março. Essa atividade demanda um esforço adicional, uma vez que envolve a coleta, verificação e atualização de uma grande quantidade de dados, impactando diretamente na dedicação de nossa equipe a outras atividades prioritárias.
Por fim, não podemos ignorar os diversos imprevistos inerentes ao serviço que surgiram ao longo do período. Esses imprevistos, embora inevitáveis, demandaram uma atenção imediata, desviando nossa atenção e energia de nossos objetivos pré-estabelecidos.","Reconhecemos que o não alcance das metas do primeiro quadrimestre se deve a uma conjunção de fatores que extrapolaram nossa capacidade de planejamento e execução. Estamos cientes da importância de rever nossos processos internos e buscar estratégias para mitigar esses desafios em períodos futuros.
Reforçaremos nossas metas e organizaremos melhor as ações, juntamente com os serviços locais, para que os mesmos executem as atividades conforme o previsto no planejamento.",2024,1,Restrição,2024,1
62,5473,15001,1015,4103,OUT02,Outras (especificar).,"Ainda não foi possivel executar a presente ação, ante o início do quadrimestre, mas os resultados serão observados nos próximos quadrimestres.",Execução da ação e consequente pagamento dos reeducandos.,2024,1,Restrição,2024,1
63,5086,23001,2175,1348,ADM14,Outras (especificar).,Garantir que todos os projetos estejam em conformidade com as diretrizes estabelecidas pelas portarias atualizadas que regulamentam as ações.,"Maior segurança jurídica nas portarias de regulamentação dos projetos, evitando mudanças bruscas e recorrentes que impeçam o alinhamento dos projetos com as regras vigentes. ",2024,1,Restrição,2024,1
64,5086,23001,2175,1348,ADM02,Atividades dependentes de articulação com outras unidades administrativas.,Entregas parciais dos empreendimentos habitacionais de interesse social dificultam a realização de Projeto de Trabalho Social. ,"Entrega de empreendimentos somente em sua totalidade, quando 100% das obras estiverem prontas.",2024,1,Restrição,2024,1
65,5087,23001,2175,4069,ADM02,Atividades dependentes de articulação com outras unidades administrativas.,Dificuldade de montagem de sistema para subsidiar inscrição de beneficiários.  ,Melhor comunicação junto a secretaria responsável e empresa contratada para elaboração do sistema,2024,1,Restrição,2024,1
66,5087,23001,2175,4069,LIC03,Procedimento licitatório burocrático.,Licitatórios Complexos e Demorados,Simplificar os processos licitatórios. Estabelecer uma equipe de monitoramento especializada em licitação e contratação administrativa para auxiliar na montagem de projeto.,2024,1,Restrição,2024,1
67,5468,27001,1015,4103,OUT02,Outras (especificar).,"Considerando que a participação dos reeducandos deve ser voluntária, sem coação ou ameaça. Por esse motivo, tem-se uma baixa adesão.","Informação Clara: Assegurar que os reeducandos estejam bem informados sobre os benefícios do trabalho, como a redução de pena, ganho financeiro e capacitação profissional.
Testemunhos Positivos: Compartilhe histórias de sucesso de reeducandos que participaram dos programas de trabalho e obtiveram benefícios após a liberação.",2024,1,Restrição,2024,1
68,5468,27001,1015,4103,FIN06,Outras (especificar).,"Baixa adesão ao trabalho, tendo em vista que parte da remuneração (25%) é destinada ao fundo.","Os reeducandos devem receber uma remuneração justa pelo trabalho realizado, respeitando as leis trabalhistas aplicáveis.",2024,1,Restrição,2024,1
69,4680,02001,2147,2539,OUT02,Outras (especificar).,"Em relação às contratações previstas no PAC, identificou-se uma dificuldade decorrente da natureza altamente especializada das consultorias e serviços técnicos necessários para apoiar as atividades de controle. Isso demanda extensos estudos para estabelecer os parâmetros adequados, assegurando o sucesso tanto das contratações quanto da entrega dos serviços.
No que diz respeito às diárias, constatou-se que o orçamento inicialmente alocado para essa finalidade não seria suficiente para cobrir os custos dos deslocamentos necessários para a realização das fiscalizações.","Em relação às contratações, foram designados servidores específicos para elaborar as demandas. Estes servidores possuem conhecimento aprofundado sobre os objetos a serem contratados, visando aumentar a probabilidade de sucesso nas contratações pretendidas. Além disso, em relação à contratação de especialistas em concessões e Parcerias Público-Privadas (PPPs), verificou-se a necessidade de realizar um termo aditivo para ampliar as horas de consultoria do especialista, devido à demanda identificada. Esse termo aditivo foi elaborado durante o primeiro quadrimestre.
A SEPLAG/TCERO solicitou o redimensionamento da necessidade de deslocamentos para a realização das fiscalizações.",2024,1,Restrição,2024,1
70,5437,13001,2184,4153,LIC03,Procedimento licitatório burocrático.,"Considerando a legislação atual de licitação, há procedimentos e documentos necessários que prologam o período de elaboração, análise e homologação.","Todas as medidas possivéis no ambito da SEPOG, estam em andamento para minimizar os prazos e intercorrências processuais.",2024,1,Restrição,2024,1
71,4681,02001,2147,2523,OUT02,Outras (especificar).,Encontra-se em execução do plano de trabalho dos convênios firmados para efetuar os pagamento correspondentes.,"Os plano de trabalhos estão em execução, informando que já foi efetuado todo valor previsto para executar esse anos, os demais convênios firmados são do tipo de acordo de cooperação não tendo valores financeiros a serem repassados. ",2024,1,Restrição,2024,1
72,4684,02001,1010,1221,OUT02,Outras (especificar).,"Diante da baixa execução orçamentária, informo que os processos referentes a aquisição de bens a serem adquiridos através da presente Ação encontram-se autuados, e alguns já finalizados como a aquisição de Solução de segurança de rede Palo Alto ""NGFW"" (solução que contempla a aquisição de softwares e equipamentos). Os demais objetos (aquisição de workstation, Desktop, Scanners e SSDS e licenças do software windows server) que irão consumir recursos da programática, estão com sua fase de planejamento finalizada e os processos já encaminhados para Selic, que irá proceder com cotação e elaboração de minuta de edital.	","Investimento em capacitações voltadas ao planejamento e execução de processo de contratação de objetos de TI, revisão dos fluxos de contratações e aumento do quantitativo de agentes capacitados para atuarem em processos de contratação.",2024,1,Restrição,2024,1
73,4688,02001,2146,2538,OUT02,Outras (especificar).,"Do valor previsto para o quadrimestre, aproximadamente 62% está liquidado e 37% em fase de liquidação, em conformidade com prazos contidos nos respectivos instrumentos contratuais.",Não há.,2024,1,Restrição,2024,1
74,4682,02001,1010,1421,OUT02,Outras (especificar).,"A contratação da empresa de engenharia para a Adequação e Ampliação do Edifício Anexo III do Tribunal de Contas do Estado de Rondônia, com um prazo de execução previsto de 12 (doze) meses, está programada para ocorrer no início do segundo semestre do presente exercício, conforme planejado desde a elaboração das peças orçamentárias. Essa previsão é resultado da fase de planejamento da contratação que está ocorrendo durante o primeiro semestre, envolvendo a elaboração do Estudo Técnico Preliminar, do Termo de Referência e do Projeto Básico. Essa abordagem visa garantir a preparação adequada e detalhada do processo licitatório, promovendo uma execução eficiente e eficaz do projeto.","Sugere-se a implementação de um monitoramento contínuo das atividades de planejamento da contratação, com o objetivo de mitigar eventuais riscos de atrasos no cronograma de execução da reforma. Esse monitoramento permitirá identificar precocemente quaisquer desvios ou obstáculos que possam surgir durante a fase de planejamento, possibilitando a adoção de medidas corretivas oportunas para garantir o cumprimento dos prazos estabelecidos.",2024,1,Restrição,2024,1
75,4685,02001,1010,2973,OUT02,Outras (especificar).,"Diante do cenário de execução orçamentária da ação, informamos que mesmo diante das dificuldades encontradas e da complexidade relacionadas à alguns objetos a serem contratados com recursos da presente ação, devido suas características singulares e a necessidade de especificação técnica minuciosas, a SETIC vêm executando ações que buscam a superação das problemáticas abordadas, buscando a melhoria dos aspectos contratuais, assim como tem se empenhado para melhoria dos parâmetros técnicos das contratações. Os recursos empenhados no início do exercício, referente a pagamento recorrente (Telefonia Móvel; Telefonia Unificada; Serviço de Links de Internet; Infocon; HOD; backup em nuvem, entre outros) estão sendo liquidados mensalmente. Destaca-se que além da complexidade técnica dos serviços a serem contratados, a SETIC também encontra-se em fase de adaptação ao novo fluxo e estrutura processual dos processos de contratação.","Investimento em capacitações voltadas ao planejamento e execução de processo de contratação de objetos de TI, revisão dos fluxos de contratações no âmbito da SETIC e aumento do quantitativo de agentes capacitados para atuarem em processos de contratação.",2024,1,Restrição,2024,1
76,4683,02001,1010,2981,OUT02,Outras (especificar).,"A execução orçamentária da ação em questão está apresentando um desempenho ligeiramente abaixo do esperado, devido a um conjunto de fatores, com destaque para o não cumprimento de algumas contratações previstas para o período estipulado. Além disso, é importante destacar que, no início do exercício, é realizada a emissão dos empenhos com os valores estimados para a execução anual dos contratos vigentes. No entanto, a liquidação desses empenhos ocorre gradativamente, conforme avança a execução contratual.","Implementar melhorias nos processos internos que não dependam exclusivamente de terceiros, com o objetivo de otimizar o tempo despendido para a realização das contratações. Isso pode incluir a revisão dos procedimentos de aprovação interna, a simplificação da documentação necessária, a automação de tarefas repetitivas e a capacitação da equipe responsável. Ao agilizar esses processos internos, será possível reduzir os atrasos nas contratações e garantir uma execução orçamentária mais eficiente.",2024,1,Restrição,2024,1
77,4686,02011,1220,2640,OUT02,Outras (especificar).,"A reduzida execução orçamentária da ação em questão é, em grande medida, atribuível à estratégia de direcionar a implementação dos planos de capacitação para a Unidade Orçamentária (UO) 02001, Tribunal de Contas do Estado. Essa alocação estratégica foi adotada com base em múltiplas considerações, visando otimizar a utilização dos recursos públicos e maximizar os benefícios para a instituição. Tal abordagem proporciona uma coordenação e controle mais eficientes dos recursos destinados à capacitação, prevenindo duplicidade de esforços e despesas. Além disso, simplifica a avaliação do impacto das capacitações e a análise de resultados, uma vez que todas as atividades relacionadas estão concentradas em uma única unidade. ","Desenvolvimento de Planos de Capacitação Específicos: Propõe-se a elaboração de planos de capacitação específicos, diretamente vinculados à ação orçamentária em foco.",2024,1,Restrição,2024,1
78,4687,02011,1220,2977,OUT02,Outras (especificar).,"A baixa execução orçamentária na presente ação do Fundo de Desenvolvimento Institucional (FDI) é uma consequência da estratégia de otimização e economicidade nos procedimentos de licitação e contratação. Nesse contexto, alguns elementos de despesas são executados por meio das ações da Unidade Orçamentária 02001-TCE, com o objetivo de aprimorar a eficiência e a eficácia na gestão dos recursos públicos.","Analisar a viabilidade de realizar contratações no âmbito da ação em questão, avaliando cuidadosamente a capacidade e a pertinência de efetuar contratos específicos como parte da estratégia de execução dessa iniciativa.",2024,1,Restrição,2024,1
79,5099,30001,1007,2517,ADM14,Outras (especificar).,"Considerando que o quantitativo máximo de vagas do cargo de Defensor Público estabelecido em lei encontra-se distribuído entre níveis, quais sejam substituto, 1 (um), 2 (dois), 3 (três) e 4 (quatro), verificou-se indisponibilidade de vagas para cargo de Defensor Público Substituto, levando à necessidade de promoção de membros substitutos efetivos para níveis superiores, para abertura de vagas nesse nível e posterior convocação de novos defensores públicos.","Publicação de edital interno, baseado nos critérios de antiguidade e merecimento, para que defensores substitutos possam ser promovidos ao nível 1 para abertura de vagas nesse nível e posterior convocação de novos defensores públicos.",2024,1,Restrição,2024,1
80,5294,27001,2183,2428,ADM02,Atividades dependentes de articulação com outras unidades administrativas.,"Por ser da administração direta, a SEOSP necessita de aprovação das ações (relacionadas a transferências voluntárias) perante demais órgão como Casa Civil, PGE e CGE. Tais interações demandam tempo em cada esfera da administração para a correta tramitação.","Planejamento e controle das ações, gestão dos processos e otimização do tempo, dentro de cada órgão envolvido.",2024,1,Restrição,2024,1
81,5294,27001,2183,2428,ADM04,Entraves nos procedimentos burocráticos (burocracia para exercício das atividades administrativas do governo).,"Por ser da administração direta, a SEOSP necessita de ações (relacionadas a transferências voluntárias) dos demais órgão como Casa Civil, PGE e CGE. Tais interações demandam tempo em cada esfera da administração para a correta tramitação.","Melhorar o controle e otimizar o fluxo dos processos, por cada unidade governamental relacionada.",2024,1,Restrição,2024,1
82,5294,27001,2183,2428,GER08,Demora na elaboração de projetos arquitetônicos e executivos.,"Por tratar-se de transferência voluntária, os projetos são enviados pelos municípios e associações e são avaliados/aprovados pelos técnicos dentro da SEOSP. Ocorre que devido à existência de constantes pendências técnicas nos projetos, perde-se considerável tempo em correções até a aprovação final.","Municípios e Associações devem melhorar a qualidade dos projetos apresentados, bem como, melhorarem o tempo de resposta para a correção das pendências.",2024,1,Restrição,2024,1
83,5026,14001,1015,1498,ADM04,Entraves nos procedimentos burocráticos (burocracia para exercício das atividades administrativas do governo).,"As programações que seriam custeadas por está ação tiveram que ocorrer por outra fonte e ação custeadora. Considerando que o recurso disponibilizado não foi o suficente.  Condição esta, especial, pois a referida é a que detém o saldo do antigo PROFISCO, recurso que somente pode ser obtido através da abertura de SUPERÁVit, o que será feito no segundo quadrimestre.","Planejamento e abertura do Superávit do PROFISCO, a fim de atender as demandas em sua totalidade.",2024,1,Restrição,2024,1
84,5289,27001,2183,2465,GER08,Demora na elaboração de projetos arquitetônicos e executivos.,"Para dar andamento aos processos, as solicitações para elaboração dos projetos precisam vir com as documentações completas, tais como: dotação orçamentária e documentos referente a titularidade do terreno (Certidão de Inteiro Teor). Dessa forma, se o processo vir com alguma restrição, o mesmo retornará para revisão e adequação do setor/secretaria competente, causando morosidade. Tratando-se das análises de convênios realizadas pela CPO, os projetos já elaborados pelas prefeituras e associações precisam vir sem erros e/ou falta de documentações, de modo que após a análise é devolvido para que o projetista e o orçamentista realize as correções, sendo necessário muitas das vezes, várias correções para que os projetos estejam atendendo as legislações e normas de projeto, estando assim, pronto para prosseguimento.
","1º Treinamento e capacitação para a equipe de projeto das prefeituras e associações, de modo que todos compreendam a importância da documentação e como evitar erros comuns.
2º Desenvolver modelos de documentação padronizados que devem ser preenchidos durante todas as fases do projeto.
3º Estabelecer um processo de revisão e validação contínuo ao longo do projeto para identificar e corrigir erros e lacunas à medida que surgem, em vez de esperar até o final.
",2024,1,Restrição,2024,1
85,5289,27001,2183,2465,JUD03,Outras (especificar).,"O atendimento das demandas por determinação judicial ou Ministério Público, restringindo os técnicos por hora, pausar as demandas em andamento para atender urgências vindas através do Gabinete.","Ter corpo técnico especializado em demandas judiciais, para atender os demais órgãos.",2024,1,Restrição,2024,1
86,5038,14001,1015,2087,OUT02,Outras (especificar).,"despesas com manutenção adminsitrativa das unidades desta SEFIN e vem sendo executada rotineiramente dentro do que fora planejada. 
O alerta quanto a necessidade de melhoria da execução deve ser relevado, pois o fato se justifica em decorrência de muitas das despesas que foram empenhadas e não liquidadas dentro do quadrimestre, necessitam de especial atenção, considerando que os trâmites para liquidação e pagamento ocorrem apenas no encerrar do mês, ultrapassando-o.","Não há o que dispor quanto a melhorias nesse caso. Pois se trata da prestação de serviços, em sua maioria, que fecham o ciclo no fim do mês.",2024,1,Restrição,2024,1
87,5320,14001,1015,2096,ADM02,Atividades dependentes de articulação com outras unidades administrativas.,"Não houve execução nesta ação, em decorrência da solicitação que está em trâmites de atendimento pela SEPOG, a qual inativa uma das ações que tem relação com esta. Que por sua vez são destinadas às atividades geridas e planejadas pela COTES. ","Aguardar os ajustes a serem realizados e seguir com o planejado. Ademais, o setor responsável por sua execução já foi notificado quanto ao seguimento.",2024,1,Restrição,2024,1
88,5183,11023,2051,2191,TEC03,Outras (especificar).,"Devido a situação de Calamidade Publica em Porto Alegre/RS, se fez necessário no dia 04/05/2024, o desligamento dos Sistemas que atendem a RBMLQ-I (SGI,Cronotacógrafos e PSIE) e demais sistemas da SURRS, a fim de preservar os equipamentos do Data Center, que abriga os servidores do Sistema SGI, responsável pela emissão de taxas, certificados e toda movimentação técnica e Administrativa relacionada a execução do Convenio nº 026/2020 IPEM X Inmetro. Com a paralização do Sistema, estamos sem acesso a todos os dados realizados pelas equipes de Fiscalização, o que nos impede de informar as metas Físicas e Resultados alcançados.

","Assim que seja restabelecido a normalidade dos servidores da Superintendência Regional do Rio Grande do Sul - SURRS, será possível a emissão de Relatórios das atividade executadas no Quadrimestre.
",2024,1,Restrição,2024,1
89,5208,14001,2008,3017,OUT02,Outras (especificar).,Ação inativada por necessidade de readequação do planejamento orçamentário.,Sem proposta de melhoria,2024,1,Restrição,2024,1
90,5107,30001,2043,2526,ADM12,Dificuldades para celebrar contrato/convênio.,"Considerando as dificuldades associadas ao processo de celebração de convênio: burocracia e complexidade administrativa, demora na liberação de recursos, excesso de demandas em comparação a capacidade de atendimento e, em especial, a falta de capacitação técnica aos servidores envolvidos em tais demandas são empecilhos que contribuem para a morosidade do trâmite acerca dos convênios.","Em atenção à falta de capacitação técnica dos servidores, durante o 1º quadrimestre, foi dado continuidade ao processo de contratação do Curso In Company de Gestão de Convênios Federais e Operacionalização da Plataforma Transferegov para 30 (trinta) servidores e servidoras.",2024,1,Restrição,2024,1
91,5222,11023,2051,2344,TEC03,Outras (especificar).,"Devido a situação de Calamidade Publica em Porto Alegre/RS, se fez necessário, no dia 04/05/2024, o desligamento dos Sistemas que atendem a RBMLQ-I (Rede Brasileira de Metrologia Legal e Qualidade - Inmetro) SGI,Cronotacógrafos e PSIE e demais sistemas da SURRS, a fim de preservar os equipamentos do Data Center, que abriga os servidores do Sistema SGI, responsável pela emissão de taxas, certificados e a execução do Convenio nº 026/2020 IPEM X Inmetro.
Com a paralização do Sistema, estamos sem acesso aos Relatórios e dados das atividades realizadas pelas equipes de Fiscalização, o que nos impede de informar as metas Físicas e Resultados alcançados.",Assim que seja restabelecido a normalidade dos servidores da Superintendência Regional do Rio Grande do Sul - SURRS será possível emitir os relatórios de metas físicas e resultados obtidos no quadrimestre.,2024,1,Restrição,2024,1
92,5312,14012,2139,1487,ADM02,Atividades dependentes de articulação com outras unidades administrativas.,"Ação vem sendo executada dentro de suas possibilidades. Todavia, por se tratar de processo muitas vezs complexo, acaba gerando alguns atrasos nas entregas, ou simplesmente pelas produção das demandas estarem dentro do prazo previsto. ","Aprimorar o planejamento e alinhamento junto as empresas e órgão relacionados no processo, quanto aos trâmites processuais de contratos, aquisições e entregas.",2024,1,Restrição,2024,1
93,5223,11023,2051,2345,TEC03,Outras (especificar).,"Devido a situação de Calamidade Publica em Porto Alegre/RS, se fez necessário, no dia 04/05/2024, o desligamento dos Sistemas que atendem a RBMLQ-I (Rede Brasileira de Metrologia Legal e Qualidade - Inmetro) SGI,Cronotacógrafos e PSIE e demais sistemas da SURRS, a fim de preservar os equipamentos do Data Center, que abriga os servidores do Sistema SGI, responsável pela emissão de taxas, certificados e a execução do Convenio nº 026/2020 IPEM X Inmetro.
Com a paralização do Sistema, estamos sem acesso aos Relatórios e dados das atividades realizadas pelas equipes de Fiscalização, o que nos impede de informar as metas Físicas e Resultados alcançados.",Assim que seja restabelecido a normalidade dos servidores da Superintendência Regional do Rio Grande do Sul - SURRS será possível emitir os relatórios de metas físicas e resultados obtidos no quadrimestre.,2024,1,Restrição,2024,1
94,5315,14012,2139,2488,OUT02,Outras (especificar).,"Tratam-se de processos burocráticos e complexos. Todavia, todos em fase de elaboração dos estudos que viabilizam o seu atendimento, assim como os demais trâmites administrativos, licitatórios e afins.","Articular melhores tratativas com os setores e unidades gestoras, a fim de dar celeridades, dentro do possível, às demandas relacionadas",2024,1,Restrição,2024,1
95,5110,30001,2145,2529,INS04,Ausência de planejamento e priorização.,"Indisponibilidade de itens necessários à realização dos eventos como material de consumo e gêneros alimentícios como água, café e coffee break.","Propõe-se o planejamento mais apurado das unidades demandantes responsáveis pelas ações, com conferências prévias de disponibilização de insumos para a realização dos eventos realizados para educação em direitos.",2024,1,Restrição,2024,1
96,4696,19025,0000,0112,OUT02,Outras (especificar).,Não houve restrições,Não houve restrições,2024,1,Restrição,2024,1
97,4800,19025,0000,0205,OUT02,Outras (especificar).,Não houve restrição,Não houve restrição,2024,1,Restrição,2024,1
98,4697,19025,1015,2087,OUT02,Outras (especificar).,Não houve restrições.,Não houve restrições.,2024,1,Restrição,2024,1
99,4816,19025,1015,2091,OUT02,Outras (especificar).,Não houve restrições.,Não houve restrições.,2024,1,Restrição,2024,1
100,5184,15020,2170,4088,ORC06,Demora na tramitação de crédito adicional.,"Consta proposta de crédito adicional por anulação pendente de votação na Assembleia Legislativa do Estado, para suplementação da ação em 3 milhões objetivando dar sustentação ao Projeto de CNH Cidadã e CNH Social para pessoas de baixa renda, que irá possibilitar a obtenção da CNH ou mudança de categoria de forma gratuita, conforme Parecer 4 
do SEI 0010.002973/2024-40 e Minuta do Projeto de Lei (0045354100) acostado no SEI nº. 0035.000163/2024-71 e Mensagem 23 0045421677​​​​​​​, protocolada na Assembleia Legislativa - ALE/RO desde 25.01.2024.",Realizar articulação política junto a ALE/RO para celeridade no processo de votação do Projeto de Lei.,2024,1,Restrição,2024,1
101,5082,14002,0000,0024,ADM02,Atividades dependentes de articulação com outras unidades administrativas.,"Observa-se que na ação de precatórios, apenas 12,39% foram executados até o final do 1º quadrimestre. Essa situação está relacionada a fatores externos ao controle da Secretaria de Estado de Finanças, tais como precatórios de alto valor travando a fila de pagamento, alto volume de precatórios para cálculos e a realização de acordos diretos em andamento.

Além disso, no final do exercício, foi empenhado o precatório 0006439-92.2010.8.22.0000, referente ao Sindicato dos Trabalhadores em Educação no Estado de Rondônia (Sintero), com o valor de 161 milhões e que abrange aproximadamente 6 mil servidores. O pagamento deste precatório, que foi inscrito em restos a pagar, no exercício atual também tem impactado a execução do exercício.","No âmbito da GCDP, têm sido desenvolvidas ferramentas de trabalho e a melhoria dos processos relacionados a precatórios de modo a contribuir para uma maior agilidade nos pagamentos. Além disso, têm sido discutidas iniciativas em conjunto com o TJ-RO e PGE-RO para melhorar a agilidade dos pagamentos e executá-los mais próximo do previsto.",2024,1,Restrição,2024,1
102,5290,27001,2183,1638,ADM07,Capacitação de recursos humanos.,Treinamento e capacitação: As particularidades dentro de cada processo de obra podem levar a inconsistências na documentação. A falta de padronização e treinamento adequado pode agravar esse problema.,"Desenvolver um conjunto de diretrizes e padrões de documentação que se apliquem a todos os processos de obra.
Oferecer treinamento regular para a equipe responsável pela documentação, garantindo que todos compreendam os requisitos e processos.",2024,1,Restrição,2024,1
103,5290,27001,2183,1638,AMB01,Lentidão no processo de licenciamento ambiental.,"A ausência de documentação adequada, de licenças ambientais, de obras e do bombeiro podem causar paralisação da obra, multas e problemas legais.","Garantir que todos os processos sejam encaminhados para a fiscalização da execução da obra com documentação completa de licenças. Implementar um sistema de verificação automatizada para garantir a conformidade antes do início da obra.
",2024,1,Restrição,2024,1
104,5290,27001,2183,1638,FIN02,Problemas relativos ao fluxo de liberação dos recursos.,"A falta de um fluxo claro para o pagamento das medições pode causar atrasos nos pagamentos aos fornecedores e, consequentemente, desacelerar o progresso da obra.","Definir um fluxo de pagamento claro e transparente para medições, com prazos definidos. Priorizar pagamentos com base em critérios de importância, como a urgência do fornecedor ou a fase do projeto.
Automatizar o processo de aprovação e pagamento, se possível, para agilizar o fluxo de caixa.",2024,1,Restrição,2024,1
105,5290,27001,2183,1638,GER08,Demora na elaboração de projetos arquitetônicos e executivos.,"Projetos antigos podem conter erros ou desatualizações que só são identificados após a licitação. Isso pode levar a retrabalho, custos adicionais e atrasos.","Realizar revisões prévias das peças técnicas do objeto/obra antes da licitação, identificando e corrigindo problemas antecipadamente. Isso pode ser feito por meio de equipes técnicas qualificadas.",2024,1,Restrição,2024,1
106,5415,11004,1015,4103,ORC09,Outras (especificar).,Orçamento previsto para utilização no segundo quadrimestre.,Execução conforme previsto no Orçamento Anual.,2024,1,Restrição,2024,1
107,5321,11023,2177,1636,OUT02,Outras (especificar).,"Obra do Muro em andamento, conforme Proceso nº 0017.525041/2021-68. No entanto, está sendo executado com recursos de Restos a Pagar. Não utilizando recursos do atual exercício.","Acompanhar a execução Orçamentária, caso o Recurso não seja necessário nesta Ação, será aplicado de maneira eficiente em outra Ação que houver necessidade.",2024,1,Restrição,2024,1
108,5113,30011,1009,2531,LIC03,Procedimento licitatório burocrático.,Dificuldades para adaptação dos trâmites licitatórios internos às regras estabelecidas pela Lei de Licitações e Contratos (Lei 14.133/2021) e Decreto Estadual n.º 28.874/2024.,Sugere-se a capacitação dos servidores envolvidos e elaboração de modelos de documentos.,2024,1,Restrição,2024,1
109,4726,16020,1015,2087,ADM04,Entraves nos procedimentos burocráticos (burocracia para exercício das atividades administrativas do governo).,"Considerando que houve um empenhamento de 30,44% em relação a dotação atual, o atraso é referente na liquidação dos processos que estão em tramitação ou em fase execução como por exemplo serviço de locação de tendas no evento do Rondônia Rural Show e outros serviços continuados.    ",Mais agilidade na liquidação dos empenhos.,2024,1,Restrição,2024,1
110,5116,30011,1009,2534,ADM01,Problemas com o prestador de serviço.,"Problemas com entrega dos itens e de identidade visual (ARP n.º 033/2023/DPE-RO) e prestação do serviço de historiador para elaboração de livro histórico da Defensoria (Contrato n.º 67/2023), levando ao cancelamento dos instrumentos e respectivas notas de empenho e início de novos procedimentos licitatórios.
","Para superar o problema descrito, poderiam ser implementadas reavaliações de critérios de seleção para garantir que os fornecedores tenham um histórico comprovado de confiabilidade e capacidade de entrega, inclusão de cláusulas contratuais específicas que definam prazos de entrega claros e penalidades rigorosas em caso de descumprimento, manter uma comunicação aberta e regular com os fornecedores para resolver rapidamente quaisquer problemas que possam surgir durante o processo de entrega e desenvolver planos de contingência que possam ser acionados em caso de falha do fornecedor, garantindo que a continuidade do serviço não seja interrompida, por meio da elaboração de matriz de riscos.",2024,1,Restrição,2024,1
111,5481,11006,2142,1505,OUT02,Outras (especificar).,"1. O Processo nº 0041.333703/2021-78 encontra-se em execução, as Etapas I e II foram concluídas e para a execução da Etapa III a Fundação Instituto de Administração – FIA, propôs a SEDEC por meio dos  Ofício FIA nº 215 (0038869486) que objetivou discutir as recentes mudanças nos cenários relativos ao gás e suas implicações para a concessão dos serviços de gás encanado em Rondônia, bem como os Ofícios FIA nº 236 (0038869492) e nº 237 (0038869503), os quais abordaram acerca da continuidade da Etapa III - Fase I e II - Apoio a Licitação a SOPH e CMR ou a substituição por um novo ""Produto estruturante caracterizado por Diretrizes para posterior elaboração de um Plano de Recuperação da SOPH"" e substituição por um novo ""Produto estruturante caracterizado por Diretrizes para posterior elaboração de um Plano de Preparação e Reestruturação da CMR"", tendo inclusive manifestação favorável da Procuradoria Geral do Estado, conforme Parecer nº 108/2023/PGE-SEDEC (0038973460) e o mesmo encontra-se em fase de análise aguardando deliberação superior conforme Despacho SEDEC-GAB (0044169132) e dada a vigência do contrato encontra-se na PGE para análise e elaboração de Aditivo de Prazo. Em relação ao saldo do empenho 2023NE000123 R$ 1.921.070,67, só ocorrerá a execução financeira a depender da decisão superior ora mencionada para a definição da  entrega do Produto da Etapa III (RONGÁS, SOPH e CMR).

2. Processo nº 0041.391263/2021-73, encontra-se em fase de execução não houve execução financeira até o 1º quadrimestre/2024 e a Nota de Empenho 2023NE000178 no valor de R$ 100.000,00, encontra-se inscrita em RPNP conforme Relatório (XXXX). Contratada apresentou 45 (quarenta e cinco) Notas Técnicas Administrativas com as orientações necessárias para a CAERD protocolar junto a PGNF o requerimento solicitando a revisão dos valores previstos a Recuperar, 62 (sessenta e dois) Notas Técnicas de Apoio Jurídico para a CAERD protocolar junto a Justiça Federal o requerimento solicitando a revisão dos valores previstos a Recuperar  e o Relatório de Benefícios Obtidos 01, com a expectativa de recuperar  R$ 29.310.273,78 encaminhado à PGE-SEDEC para análise se a contratada é a responsável pelo efetivo proveito econômico e se faz jus aos honorários de 12%, conforme Ofício 6752/2023/SEDEC-PARCERIAS (0043287935) do Processo nº 0041.003119/2023-52. Não houve execução financeira por ser uma contratação ad êxito, os pagamentos serão devidos somente quanto ao proveito econômico comprovadamente decorrente de trabalho realizado pela contratada. 
","1.	Ampliação  do Quadro de Pessoal da equipe técnica da SEDEC-PARCERIAS, para que os gestores possam tomar decisões mais céleres em razão da natureza e complexidade dos temas tratados na Coordenadoria; 
2.	Por se tratar de processo de recuperação de créditos que envolvem outros entes como Procuradoria da Fazenda Nacional em Rondônia – PGNF, Justiça Federal e outros, de forma administrativa e/ou jurídica que deve ser respeitado a autonomia de cada órgão.
",2024,1,Restrição,2024,1
112,5482,15011,1015,2087,FIN06,Outras (especificar).," Tendo em vista a gratuidade da nova carteira de identidade, houve a redução na receita financeira do Funrespol em quase 45% para o primeiro quadrimestre, incidindo diretamente no planejamento proposto. Isso levando em consideração o volume arrecado com as fiscalizações e os juros bancários remuneratórios pelo valor que ainda permanecem depositados."," Como proposta de melhoria, sugerimos uma modificação legislativa quanto aos estabelecimentos submetidos a fiscalização do FUNRESPOL, com a atualização dos valores, visando incrementar a receita e a integração a REDE SIM.",2024,1,Restrição,2024,1
113,5452,16031,2090,2247,GER01,Meta física inadequada à natureza da ação,Metafísica lançada esta relacionada ao orçamento e não as ações. ,Alterar a previsão da metafísica para quantidade de visitas recebidas.,2024,1,Restrição,2024,1
114,5314,14012,2139,1489,ADM06,Insuficiência de técnicos para levantamento das necessidades de reformas e elaboração de projetos de construção civil.,"A baixa execução se justifica pelo fato da  desfasagem de mão-de-obra interna, na qual, integram a equipe responsável: 2 engenheiros e 1 arquiteto, os quais são responsáveis pelas demandas das 21 unidades espalhadas por todo estado de Rondônia, entre agências, postos fiscais, e delegacias, desenvolvendo todas as atividades inerentes as obras, reformas e manutenções, dividindo este tempo com as demais atividades.
Somado a isto, a problemática logística de transporte até as unidades e a defasagem de equipamentos, softwares e fluxos de gerenciamento, também é um fato a ser levado em consideração.
","Reforço de pessoal técnico especializado
Atualização de material e softwares
Atualização de fluxos e responsabilidades do setor
",2024,1,Restrição,2024,1
115,5480,15011,2110,1487,ORC09,Outras (especificar).,"Tendo em vista a gratuidade da nova carteira de identidade, houve a redução na receita financeira do Funrespol em quase 45% para o primeiro quadrimestre, incidindo diretamente no planejamento proposto. Isso levando em consideração o volume arrecado com as fiscalizações e os juros bancários remuneratórios pelo valor que ainda permanecem depositados.","Como proposta de melhoria, sugerimos uma modificação legislativa quanto aos estabelecimentos submetidos a fiscalização do FUNRESPOL, com a atualização dos valores, visando incrementar a receita e a integração a REDE SIM.",2024,1,Restrição,2024,1
116,5479,15011,2110,2387,FIN06,Outras (especificar).,"
Tendo em vista a gratuidade da nova carteira de identidade, houve a redução na receita financeira do Funrespol em quase 45% para o primeiro quadrimestre, incidindo diretamente no planejamento proposto. Isso levando em consideração o volume arrecado com as fiscalizações e os juros bancários remuneratórios pelo valor que ainda permanecem depositados."," Como proposta de melhoria, sugerimos uma modificação legislativa quanto aos estabelecimentos submetidos a fiscalização do FUNRESPOL, com a atualização dos valores, visando incrementar a receita e a integração a REDE SIM.",2024,1,Restrição,2024,1
117,4658,02001,0000,0163,OUT02,Outras (especificar).,Não houveram demandas que resultassem em execução de despesa nessa ação.,Monitoramento contínuo da ação.,2024,1,Restrição,2024,1
118,5484,15011,2166,1527,FIN06,Outras (especificar).,"Tendo em vista a gratuidade da nova carteira de identidade, houve a redução na receita financeira do Funrespol em quase 45% para o primeiro quadrimestre, incidindo diretamente no planejamento proposto. Isso levando em consideração o volume arrecado com as fiscalizações e os juros bancários remuneratórios pelo valor que ainda permanecem depositados.","Como proposta de melhoria, sugerimos uma modificação legislativa quanto aos estabelecimentos submetidos a fiscalização do FUNRESPOL, com a atualização dos valores, visando incrementar a receita e a integração a REDE SIM.",2024,1,Restrição,2024,1
119,4869,02001,1011,2101,OUT02,Outras (especificar).,Execução conforme programado.,Monitoramento contínuo da ação.,2024,1,Restrição,2024,1
120,4871,02001,1011,2542,OUT02,Outras (especificar).,As ações de capacitação planejadas para os servidores não foram executadas conforme previsto no quadrimestre devido a reorganização administrativa e deverá ocorrer nos próximos quadrimestres.,"Um sistema de monitoramento contínuo das capacitações deverá ser estabelecido para garantir a execução conforme o novo cronograma e avaliação periódica do impacto das capacitações realizadas, ajustando estratégias conforme necessário.",2024,1,Restrição,2024,1
121,4719,14023,1000,2064,LIC04,Ausência de licitantes.,2.6. 0016.064790/2022-04 - Computação em Nuvem - Software como Serviço Plataforma de multiatendimento: fracasso no processo Licitatório.,Revalidação do processo. ,2024,1,Restrição,2024,1
122,4870,02001,1011,4073,OUT02,Outras (especificar).,Execução conforme programado.,Monitoramento contínuo da ação.,2024,1,Restrição,2024,1
123,4659,02001,1019,2854,OUT02,Outras (especificar).,Execução conforme programado.,Monitoramento contínuo da ação.,2024,1,Restrição,2024,1
124,5170,15020,1015,2282,LIC03,Procedimento licitatório burocrático.,Buscar celeridade na Licitação dos novos processo de manutenção de veículos ,Celeridade na tramitação e na conclusão dos procedimentos regulares.,2024,1,Restrição,2024,1
125,4719,14023,1000,2064,ADM14,Outras (especificar).,"(2.3. 2.5.) 0016.000153/2024-63 - Contratação de Multi Cloud Serpro: Em análise na PGE-RO;
0016.000049/2024-79 - Outsourcing de Impressora: Em análise na PGE-IPERON",Solicitar manifestação dentro do prazo para PGE,2024,1,Restrição,2024,1
126,5035,11004,2108,1215,ORC09,Outras (especificar).,Aguardando liberação de crédito adicional. conforme Processo Sei 0038.000113/2024-63.,Acompanhamento dos processos objetivando a execução do projeto.,2024,1,Restrição,2024,1
127,4719,14023,1000,2064,ORC05,Realocação do crédito orçamentário de um programa para outro.,1.1. Equipamentos de Processamento de Dados - Remanejamento interno,Aguardando superavit financeiro Processo 0016.001286/2024-57,2024,1,Restrição,2024,1
128,4872,02001,1011,2543,OUT02,Outras (especificar).,"Devido à finalização do contrato no mês de fevereiro/2024 e a nova contratação que ocorreu no mês de abril/2024, 40 novos estagiários somente foram contratados a partir do mês de maio/2024, cuja despesa ocorrerá a partir este mês.","Para evitar futuras interrupções na contratação e integração de estagiários, propomos melhorar o planejamento e a execução do processo de contratação. Primeiramente, é necessário realizar uma análise preliminar das necessidades de estagiários com pelo menos seis meses de antecedência. Isso permitirá identificar a quantidade necessária e os departamentos que precisam de reforço. Além disso, estabelecer um calendário fixo para a contratação de estagiários ajudará a iniciar os processos seletivos e contratuais com antecedência suficiente, evitando lacunas entre os contratos.",2024,1,Restrição,2024,1
129,5452,16031,2090,2247,FIN06,Outras (especificar).,"O processo nº 0013.000065/2024-91,  aberto em 18/03/2024  - Contratação de empresa especializada na fabricação, montagem e instalação de mobiliário, estante de aço e bibliocanto, esta aquisição não estava no planejamento do PPA, ela se faz necessário em virtude de uma fiscalização do CRB nas unidades da FUNCER,  sendo necessário trazer todo o acervo da sala de estudos da Casa da Cultura Ivan Marrocos, para conclusão da compra foi solicitado remanejamento. ",Já foi efetuado o pedido de remanejamento para atender a nova necessidade. Aguardamos a atualização para continuidade processual.,2024,1,Restrição,2024,1
130,4818,19025,1015,2234,OUT02,Outras (especificar).,Não houve restrições.,Não houve restrições.,2024,1,Restrição,2024,1
131,4748,19025,2024,2019,OUT02,Outras (especificar).,Não houve restrições.,Não houve restrições.,2024,1,Restrição,2024,1
132,4752,19025,2024,4091,OUT02,Outras (especificar).,Não houve restrições.,Não houve restrições.,2024,1,Restrição,2024,1
133,4751,19025,2024,4234,OUT02,Outras (especificar).,Não houve restrições.,Não houve restrições.,2024,1,Restrição,2024,1
134,5252,15005,1015,2096,FIN01,Indisponibilidade de recursos financeiros.,O percentual destinado a Polícia Militar no cronograma de desembolso obrigou a priorização do adimplemento de despesas de custeio voltadas a garantir a vida vegetativa dos mais de 100 quartéis em todo o Estado.,"Considerar um maior repasse nos meses iniciais do exercício, tendo em vista que os custos das operações de final e início de ano demandam maiores gastos com combustível e diárias, de modo que seja possível executar concomitantemente todo o planejamento orçamentário sem a necessidade de contingenciar em priorização das despesas apontadas.
Está em curso a suplementação orçamentária na ordem de R$ 15.000.000,00 que permitirá controlar as despesas correntes e atingir o orçamento mínimo necessário para a perfeita execução do planejamento.",2024,1,Restrição,2024,1
135,5256,15005,1015,4000,FIN01,Indisponibilidade de recursos financeiros.,"Tal qual descrito na ação anterior o percentual destinado a Polícia Militar no cronograma de desembolso obrigou a priorização do adimplemento de despesas de custeio voltadas a garantir a vida vegetativa dos mais de 100 quartéis em todo o Estado.
","Considerar um maior repasse nos meses iniciais do exercício, tendo em vista que os custos das operações de final e início de ano demandam maiores gastos com combustível e diárias, de modo que seja possível executar concomitantemente todo o planejamento orçamentário sem a necessidade de contingenciar em priorização das despesas apontadas.",2024,1,Restrição,2024,1
136,5262,15005,1015,4123,FIN01,Indisponibilidade de recursos financeiros.,O percentual destinado a Polícia Militar no cronograma de desembolso obrigou a priorização do adimplemento de despesas de custeio voltadas a garantir a vida vegetativa dos mais de 100 quartéis em todo o Estado.,"Considerar um maior repasse nos meses iniciais do exercício, tendo em vista que os custos das operações de final e início de ano demandam maiores gastos com combustível e diárias, de modo que seja possível executar concomitantemente todo o planejamento orçamentário sem a necessidade de contingenciar em priorização das despesas apontadas.",2024,1,Restrição,2024,1
137,5251,15005,2182,4118,FIN01,Indisponibilidade de recursos financeiros.,"O percentual do repasse inicial destinado no primeiro bimestre para a PMRO foi insuficiente para cobertura de policiamentos que normalmente são reforçados no início do ano em decorrência da saída temporária de presos, que naturalmente aumenta os índices de criminalidade em todo o Estado, associado ao período de férias onde várias residências ficam vazias demandando maior policiamento. Como se percebe, a insuficiência decorrente do percentual destinado, associado a necessidade imperativa de manutenção das despesas correntes ocasionou em menor execução que o previsto.","Destinar maior repasse nos meses iniciais do exercício financeiro, considerando que a atividade policial necessariamente é mais demandada nesse período tanto pelos motivos acima descritos, quanto pelo carnaval.",2024,1,Restrição,2024,1
138,5254,15005,2182,4119,FIN01,Indisponibilidade de recursos financeiros.,"Os valores destinados para a UG conforme o cronograma de desembolso foram insuficientes, obrigando a priorização das despesas correntes em detrimento das aquisições planejadas para a ação que se tornou secundária ante a indisponibilidade financeira.",Destinação de maior repasse nos meses iniciais de modo a permitir a manutenção do policiamento mesmo com a demanda que naturalmente é aumentada nos três primeiros meses do ano.,2024,1,Restrição,2024,1
139,5024,16001,2158,1621,LIC03,Procedimento licitatório burocrático.,Entraves burocrático e legal no certame licitatório.,Identificar os gargalos no processo para adoção de medidas corretivas para maior celeridade.,2024,1,Restrição,2024,1
140,5031,16001,2158,1623,LIC03,Procedimento licitatório burocrático.,Entraves burocrático e legal no processo licitatório.,Indentificar os gargalos no processo para adoção de medidas corretivas para maior celeridade.,2024,1,Restrição,2024,1
141,5173,15020,2002,2272,ADM03,Insuficiência/Inadequação de infraestrutura física e de equipamentos.,Ausência de salas de aulas equipadas para dar suporte aos cursos EPTRAN na capital e no interior,Adequar a estrutura física da Escola Pública de Trânsito às exigências legais previstas para atendimento do discente.,2024,1,Restrição,2024,1
142,5173,15020,2002,2272,ADM08,Pessoal insuficiente para os quadros de gestão e de execução das ações propostas.,"O quadro defasado de cargos, pessoal insuficiente para atender a demanda atual de trabalho nas pastas.",Concurso ou readequação do quadro existente do Órgão.,2024,1,Restrição,2024,1
143,5104,14001,2007,1053,ADM14,Outras (especificar).,"Justifica-se pela redução do orçamento disponível no teto na elaboração da LOA vigente, fato que ocasinou em uma remodelagem na aplicação do recurso, levando a gestão a optar pela execução de valores menores nos primeiros meses do ano, reservando a entrega dos maiores para os próximos quadrimestres.
Vale ressaltar que no quadrimestre em questão, ainda estavam sendo articulados os pagamentos dos contemplados do final de 2023, ocasionando assim em uma concentração de esforços que não foram contabilizados, orçamentáriamente, no momento.
","1. Nomeação de novo gestor para o programa (já feito no fim de março de 2024, o que otimizará a evolução do programa);
2. Estudo de reformulação do programa: a partir de um diagnóstico situacional do programa, elaborou-se um plano de reformulação (em fase de aprovação) com estratégia abrangente para atuar em 05 frentes de trabalho: incentivos do programa, cadastro de entidades, atendimento do programa, divulgação e aplicativo do programa. 
",2024,1,Restrição,2024,1
144,5173,15020,2002,2272,ADM02,Atividades dependentes de articulação com outras unidades administrativas.,"Falta de veículos revisados para atender as demandas dos cursos.			
","Prever as ações necessárias de revisões da frota, evitando o colapso.		
",2024,1,Restrição,2024,1
145,5173,15020,2002,2272,ADM04,Entraves nos procedimentos burocráticos (burocracia para exercício das atividades administrativas do governo).,"Rotatividade de Gestor no gerenciamento da meta financeira onde cada Gestor nomeado não tem tempo para organizar sua pasta para seu sucessor.			
","Regulamentar tempo de mandatos equiparando a conselhos, onde o nomeado possa-se planejar e organizar como a lei exige.		
",2024,1,Restrição,2024,1
146,5173,15020,2002,2272,ADM06,Insuficiência de técnicos para levantamento das necessidades de reformas e elaboração de projetos de construção civil.,"O quadro defasado onde muitos cargos não mais existente não atendem a demanda atual de trabalho nas pastas.			
","Concurso ou requalificação do quadro existente do Detran.		
",2024,1,Restrição,2024,1
147,5173,15020,2002,2272,ADM07,Capacitação de recursos humanos.,"O quadro defasado onde muitos cargos não mais existente não atendem a demanda atual de trabalho nas pastas			
","Concurso ou requalificação do quadro existente do Detran.		
",2024,1,Restrição,2024,1
148,5173,15020,2002,2272,GER01,Meta física inadequada à natureza da ação,"O processo educativo regulamentado pelo Contran limita o máximo de 25 alunos por turma com capacitação de 50hrs aula a Cofap não atende toda a demanda que busca a ela qualificação.			
","Estruturar a Escolar pedagogicamente, organizacional e fisicamente.		
",2024,1,Restrição,2024,1
149,5173,15020,2002,2272,GER03,Mudança na equipe gerencial.,"Rotatividade em nomeações.			
","Estruturar com mandato ou Institucionalizar um tempo para cada Gestor.		
",2024,1,Restrição,2024,1
150,5173,15020,2002,2272,INS01,Dificuldade no relacionamento interinstitucional.,"Sistema de informações/comunicação com barreiras e entraves.			
","Eficiência e eficácia nos instrumentos, instruindo canais de acesso a comunidade.		
",2024,1,Restrição,2024,1
151,4917,15003,2110,2387,ORC05,Realocação do crédito orçamentário de um programa para outro.,"Devido a restrições orçamentárias, não foi possível a execução da referida ação da forma como foi inicialmente planejada.",Disponibilização de suplementação orçamentária suficiente.,2024,1,Restrição,2024,1
152,5382,15003,2166,1527,ORC03,Insuficiência de recursos alocados na Lei Orçamentária.,Não há recursos orçamentários suficientes para execução orçamentária.,Alocação de recursos orçamentários suficientes à execução de obras de infraestrutura.,2024,1,Restrição,2024,1
153,5373,03011,2065,1480,ADM01,Problemas com o prestador de serviço.,"A contratada não cumpriu o prazo estabelecido em contrato. Assim sendo, a obra que deveria ser entregue no início do presente exercício, passou a ter previsão de entrega para novembro de 2024.","Gestão e fiscalização do contrato até a execução, como já tem sido realizado.",2024,1,Restrição,2024,1
154,5331,03011,2065,1507,ADM14,Outras (especificar).,"Encontra-se em negociação a doação de terrenos para abrigar os novos Fóruns Digitais, tendo em vista a necessidade de construção de outros 2 Fóruns Digitais para além dos 7 planejados para o presente exercício.
Naqueles terrenos já doados, encontra-se em fase preliminar a contratação de empresa para levantamento planialtimétrico e nivelamento do solo.
Aos terrenos que carecem de formalização, segue processo de doação e desembaraço dos mesmos junto 
às Prefeituras. ",Aprimorar a comunicação com as prefeituras para finalizar o processo de doação e iniciar a licitação dos novos prédios.,2024,1,Restrição,2024,1
155,5363,03011,2065,1508,ADM01,Problemas com o prestador de serviço.,"O projeto para Construção do Novo Fórum de Colorado do Oeste foi contratada por meio de licitação. A empresa, pediu prorrogação de prazo para entrega final dos projetos.",Desenvolver planos de contingência para lidar com possíveis atrasos.,2024,1,Restrição,2024,1
156,5453,16031,2090,2252,ADM08,Pessoal insuficiente para os quadros de gestão e de execução das ações propostas.,Com devidos esclarecimentos continuamos com o quadro de pessoal insuficiente para gestão administrativas e de execução das ações propostas.,Aumentar o quadro de servidores para que possa atender a necessidade de planejamento e execução desta ação.,2024,1,Restrição,2024,1
157,5353,03011,2065,1509,ADM01,Problemas com o prestador de serviço.,"O projeto para Construção do Novo Fórum de Nova Mamoré foi contratado por meio de licitação. A empresa, porém, pediu prorrogação de prazo para a entrega final dos projetos.",Desenvolver planos de contingência para lidar com possíveis atrasos.,2024,1,Restrição,2024,1
158,5380,03011,2065,1629,ADM14,Outras (especificar).,Ação sofreu redução orçamentária em razão de os recursos serem remanejados para suplementar outras ações priorizadas pela Administração.,Reavaliação dos projetos para execução no ano.,2024,1,Restrição,2024,1
159,5374,03011,2065,1630,ADM14,Outras (especificar).,"Devido a alta demanda de projetos, o projeto de Guajará-Mirim encontra-se em finalização da fase pré licitatória ( Elaboração de projetos arquitetônico, básico, executivo e de engenharia e etc.)","Finalizar os projetos até o final de 1º semestre, para licitação no segundo semestre.",2024,1,Restrição,2024,1
160,5378,03011,2065,1631,ADM14,Outras (especificar).,"Devido a alta demanda de projetos, a elaboração dos projetos arquitetônico, básico, executivo e de engenharia de Machadinho do Oeste/RO deverá ser iniciada ainda neste primeiro semestre.
",Finalizar os projetos no segundo semestre do exercício.,2024,1,Restrição,2024,1
161,5354,03011,2065,1632,ADM14,Outras (especificar).,"Devido a a alta demanda de serviços, o projeto Arquitetônico executivo está finalizado, estando no momento em fase de quantitativos, e documentos pertinentes (memorial descritivo, etc...).",Finalizar os projetos e licitação antes do fim do exercício para início da execução.,2024,1,Restrição,2024,1
162,5381,03011,2065,1633,ADM14,Outras (especificar).,"Devido a alta demanda de projetos, não foram priorizadas outras reformas além das já previstas em ações próprias.",Reavaliar a capacidade operacional para execução dos projetos em cada exercício.,2024,1,Restrição,2024,1
163,5542,03001,2065,1192,ADM01,Problemas com o prestador de serviço.," Após formalização da rescisão contratual, a obra do Novo Fórum de Vilhena/RO encontra-se em fase final de ajustes para  novo processo licitatório com base na nova Lei de Licitações -14.133/2021. A empresa contratada entrou em processo de recuperação judicial e não teve capacidade operacional para prosseguir com a execução da obra. 
A partir da nova contratação, estima-se que as obras tenham início no mês de agosto do corrente exercício, com prazo de entrega em novembro de 2025.",Iniciar nova licitação com base na Lei 14.133/2021 com a maior brevidade possível.,2024,1,Restrição,2024,1
164,5329,03011,2073,2449,ADM14,Outras (especificar).,"Em razão desta ação possuir grande parte do orçamento destacado para cobertura de contratos continuados, é natural que a execução para o primeiro quadrimestre não seja expressiva.
",A execução tende a atingir os parâmetros satisfatórios até o final do exercício.,2024,1,Restrição,2024,1
165,5261,15005,2182,1637,FIN01,Indisponibilidade de recursos financeiros.,"O percentual destinado a Polícia Militar no cronograma de desembolso obrigou a priorização do adimplemento de despesas de custeio voltadas a garantir a vida vegetativa dos mais de 100 quartéis em todo o Estado.
",Destinação de maior repasse nos meses iniciais de modo a permitir a manutenção do policiamento mesmo com a demanda que naturalmente é aumentada nos três primeiros meses do ano.,2024,1,Restrição,2024,1
166,5118,30011,1009,2535,LIC03,Procedimento licitatório burocrático.,Dificuldades para adaptação dos trâmites licitatórios internos às regras estabelecidas pela Lei de Licitações e Contratos (Lei 14.133/2021) e Decreto Estadual n.º 28.874/2024.,Sugere-se a capacitação dos servidores envolvidos e elaboração de modelos de documentos.,2024,1,Restrição,2024,1
167,5260,03011,0000,0236,ADM14,Outras (especificar).,"1 - falta de comprovação adequada do motivo da devolução;
2 - Erros no preenchimento do formulário de solicitação
3 - falta de documentação necessária, como procuração com poderes para receber e dar quitação.","Implementação de Formulário Digital, o que está atualmente em desenvolvimento 
Atualização da instrução de devolução de receitas que está em fase final de elaboração.",2024,1,Restrição,2024,1
168,5115,30011,1009,2532,INS01,Dificuldade no relacionamento interinstitucional.,"No período não houve progresso no processo na regularização, por parte da Secretaria de Estado de Patrimônio e Regularização Fundiária do Estado de Rondônia (SEPAT), do imóvel (terreno) doado pela Prefeitura de Buritis, visando a contratação da sondagem e levantamento planialtimétrico e a obra de construção de núcleo. Até o momento, ambas contratações estão sobrestadas para verificação da melhor forma de resolução do problema.","Para superar o problema descrito, sugere-se comunicação aberta e regular com os órgãos parceiros para resolver rapidamente quaisquer problemas que possam surgir durante o processo de entrega e desenvolver planos de contingência que possam ser acionados.",2024,1,Restrição,2024,1
169,5115,30011,1009,2532,LIC03,Procedimento licitatório burocrático.,Dificuldades para adaptação dos trâmites licitatórios internos às regras estabelecidas pela Lei de Licitações e Contratos (Lei 14.133/2021) e Decreto Estadual n.º 28.874/2024.,Sugere-se a capacitação dos servidores envolvidos e elaboração de modelos de documentos.,2024,1,Restrição,2024,1
170,5098,11004,2108,2194,ADM02,Atividades dependentes de articulação com outras unidades administrativas.,Processos ainda em tramitação em outras unidades.,Acompanhamento dos processos para um melhor desempenho.,2024,1,Restrição,2024,1
171,5230,13006,1015,2087,ADM14,Outras (especificar).,"Houveram a falta de empenho de alguns processos no 1 Quadrimestre, os quais estão abaixo relacionados, justificando assim, a baixa execução orçamentária:
SEI n.º 0031.001124/2024-21
SEI n.º 0031.004321/2023-11
SEI n.º 0031.002574/2023-50
",Finalização das aquisições pretendidas.,2024,1,Restrição,2024,1
172,5410,31001,2138,4060,FIN01,Indisponibilidade de recursos financeiros.,"Foi planejado para a ação a viabilidade de recursos para diárias, aquisição de materiais de consumo, serviços de pessoas jurídicas e físicas, contratação de pessoal entre outros, porém devido à disponibilidade de recursos só foi possível reservar o orçamento para as aquisições em Despesas de Capital: material permanente. 
Cabe ressaltar que esta unidade informou através do Memorando nº 369/2023/SEPAT-COOPI Id 0044580229, que devido ao orçamento algumas ações executadas seriam contingenciadas, além disso, elencou os possíveis riscos que isso acarretaria as atividades a serem executadas, em que podemos ressaltar:
I - Insuficiência de veículos para o deslocamento;
II - Insuficiência de equipe, 
III - A não fiscalização dos imóveis públicos, podendo gerar invasões, depredações, abandonos, lugar para descarte de lixo e abrigo para animais peçonhentos, gerando transtorno a população do entorno do imóvel.

",Viabilização de recursos orçamentários. ,2024,1,Restrição,2024,1
173,5504,17033,1015,1490,ORC03,Insuficiência de recursos alocados na Lei Orçamentária.,Essa ação foi criada visando a transformação do CETAS em Instituto de Saúde Pública. O processo para criação do instituto encontra-se em tramitação junto a Assembleia Legislativa do Estado de Rondônia. Essa ação tem por objetivo recrutar força de trabalho para atender as novas demandas que estão sendo estruturadas para o processo de educação e aprendizagem dos profissionais de saúde inseridos no SUS.  ,Estamos aguardando a criação do Instituto de Saúde Pública e estruturando os novos serviços e ações voltadas ao processo de Educação Permanente em Saúde no SUS para atender aos profissionais de saúde inseridos no SUS. ,2024,1,Restrição,2024,1
174,5045,21001,1015,2909,ADM14,Outras (especificar).,"A nova composição do Colegiado foi nomeada apenas no mês de Maio corrente, conforme DECRETO N. 29.095, 09/05/2024.",NÃO SE APLICA.,2024,1,Restrição,2024,1
175,5034,16020,2134,2355,OUT02,Outras (especificar).,Ressaltamos que os insumos que foram utilizados para atender os cursos desta ação estavam em estoque e/ou foram adquiridos através de processos de compra realizados por este IDEP/RO em exercícios anteriores (o que refletiu na baixa execução orçamentária do atual período),"A compra de insumos é necessário para a execução dos cursos de Iniciação e Qualificação Profissional; essa ação reflete, em mais gastos, projetando uma maior execução orçamentária para os próximos períodos do ano. Diante disso, estamos intensivando o acompanhando dos processos de aquisição de materiais de consumo e permanente que deverão entrar no cômputo de gastos para os próximos períodos de 2024.  ",2024,1,Restrição,2024,1
176,4924,17032,2105,2145,ORC03,Insuficiência de recursos alocados na Lei Orçamentária.,"Houve uma redução de R$ 20.204.048,00 no teto orçamentário, com relação ao que foi planejado pela unidade, comprometendo significativamente o atendimento das metas propostas, visto torna inexequível algumas atividades por não terem dotações orçamentárias suficientes para sua cobertura. Em virtude dessa redução a cota no cronograma de desembolso também foi reduzida, impossibilitando o empenho com valores maiores.",Foi solicitada abertura de crédito suplementar através do processo 0052.001619/2024-10.,2024,1,Restrição,2024,1
177,5366,21001,2165,1625,ORC06,Demora na tramitação de crédito adicional.,"Encaminhamos o processo 0033.006125/2024-41 para solicitação de suplementação orçamentária no mês de Fevereiro e até o momento o processo se encontra na ALE para devida aprovação, sem previsão de andamento. ","Os gestores superiores terem uma reunião de alinhamento com os parlamentares, a fim de explicar a importância da disponibilização dos tais recursos. Tendo em vista que o recurso é da união e tem diversos projetos em andamento. ",2024,1,Restrição,2024,1
178,5368,21001,2165,1626,ORC06,Demora na tramitação de crédito adicional.,"Encaminhamos o processo 0033.006125/2024-41 para solicitação de suplementação orçamentária no mês de Fevereiro e até o momento o processo se encontra na ALE para devida aprovação, sem previsão de andamento. ","Os gestores superiores terem uma reunião de alinhamento com os parlamentares, a fim de explicar a importância da disponibilização dos tais recursos. Tendo em vista que o recurso é da união e tem diversos projetos em andamento. ",2024,1,Restrição,2024,1
179,5364,21001,2165,4076,ORC06,Demora na tramitação de crédito adicional.,"Encaminhamos o processo 0033.006125/2024-41 e 0033.006263/2024-21 para solicitação de suplementação orçamentária no mês de Fevereiro e até o momento o processo se encontra na ALE para devida aprovação, sem previsão de andamento. ","Os gestores superiores terem uma reunião de alinhamento com os parlamentares, a fim de explicar a importância da disponibilização dos tais recursos. Tendo em vista que o recurso é da união e tem diversos projetos em andamento. ",2024,1,Restrição,2024,1
180,5055,21001,2102,2237,LIC03,Procedimento licitatório burocrático.,"Todos os processos de aquisições estão ocorrendo em trâmites normais entre a SUPEL, em fase de proposta. ",Celeridade na superintendência de licitação.  ,2024,1,Restrição,2024,1
181,5326,17010,1015,2087,FIN02,Problemas relativos ao fluxo de liberação dos recursos.,"A execução das ações planejadas para o primeiro quadrimestre está abaixo do previsto devido a problemas no fluxo de liberação dos recursos orçamentários. A liberação de cotas bimestrais está sendo realizado de uma forma que atende apenas o pagamento de JETON mensalmente, para o colegiado, conforme estabelecido na Lei nº 435/199, comprometendo o orçamento total disponível para outras ações do CONEPOD. ",Revisão do cronograma de liberação de recursos para que as cotas orçamentárias sejam disponibilizadas de uma forma que permita uma melhor gestão do orçamento e maior flexibilidade para a execução das atividades planejadas.,2024,1,Restrição,2024,1
182,4817,18001,2154,2594,AMB06,Outras (especificar).,"A coordenadoria tem vivenciado o período de RESCALDO (prorrogado) da ação de desocupação do Parque Estadual Guajará Mirim, o que demandou a utilização de grande parte do recurso orçamentário da Secretaria de Estado de Desenvolvimento Ambiental - SEDAM, desde agosto de 2023, onerando diversas ações anteriormente programadas para as diversas áreas temáticas vivenciadas por cada UC gerida por esta CUC.

Contudo, e se tratando de iminente perda irreparável da fauna e flora da região caso nova invasão venha a ocorrer por falta de efetivo policial no Parque Estadual Guajará-Mirim, os quais são atributos de grande relevância ambiental, sendo objeto de especial proteção por se tratar de área protegida, o período de rescaldo/manutenção foi e tem sido de suma importância para a Unidade de Conservação em questão.

Contudo, vale salientar, que esta Secretaria de Estado do Desenvolvimento Ambiental - SEDAM através de sua Coordenadoria de Unidades de Conservação - CUC, tem como principal atribuição gestão de 49 (quarenta e nove) Unidades de Conservação Estaduais, sendo que cada UC detém de prioridades e peculiaridades distintas, que também demandam aporte financeiro para que suas atividades ocorram de forma efetiva e ágil.","Verificação dos recursos destinados para tal ação, poderem de fato ser utilizados para atender as demandas propostas pelo Programa, umas vez que, conforme exposto, em sua maioria os recursos orçamentários foram destinados para o Parque Estadual Guajará-Mirim.",2024,1,Restrição,2024,1
183,5133,17033,2109,4094,ORC07,"Dificuldade na obtenção de créditos orçamentários adicionais (suplementares, especiais ou extraordinários).","Essa ação foi criada visando a transformação do CETAS em Instituto de Saúde Pública, com o objetivo de incentivar a maior adesão dos profissionais de saúde já inseridos no SUS nas ações de preceptoria e no acompanhamento das atividades educativas previstas nas ações de educação permanente em saúde desenvolvidas pela escola.",Realizar reuniões técnicas com a SEPOG e SESAU para verificação da liberação dos créditos orçamentários adicionais para discussão dos processos de trabalho dos programas de bolsas.   ,2024,1,Restrição,2024,1
184,5323,18001,2154,2601,AMB06,Outras (especificar).,"A coordenadoria tem vivenciado o período de RESCALDO (prorrogado) da ação de desocupação do Parque Estadual Guajará Mirim, o que demandou a utilização de grande parte do recurso orçamentário da Secretaria de Estado de Desenvolvimento Ambiental - SEDAM, desde agosto de 2023, onerando diversas ações anteriormente programadas para as diversas áreas temáticas vivenciadas por cada UC gerida por esta CUC.

Contudo, e se tratando de iminente perda irreparável da fauna e flora da região caso nova invasão venha a ocorrer por falta de efetivo policial no Parque Estadual Guajará-Mirim, os quais são atributos de grande relevância ambiental, sendo objeto de especial proteção por se tratar de área protegida, o período de rescaldo/manutenção foi e tem sido de suma importância para a Unidade de Conservação em questão.

Contudo, vale salientar, que esta Secretaria de Estado do Desenvolvimento Ambiental - SEDAM através de sua Coordenadoria de Unidades de Conservação - CUC, tem como principal atribuição gestão de 49 (quarenta e nove) Unidades de Conservação Estaduais, sendo que cada UC detém de prioridades e peculiaridades distintas, que também demandam aporte financeiro para que suas atividades ocorram de forma efetiva e ágil.","Verificação dos recursos destinados para tal ação, poderem de fato ser utilizados para atender as demandas propostas pelo Programa, umas vez que, conforme exposto, em sua maioria os recursos orçamentários foram destinados para o Parque Estadual Guajará-Mirim.",2024,1,Restrição,2024,1
185,5067,18013,2136,1466,AMB06,Outras (especificar).,"Considerando que o Decreto n.° 25.968, de 7 de abril de 2021 em seu caput Art. 5° e inciso I dispõe que a Secretaria de Estado do Desenvolvimento Ambiental será a responsável por realizar a gestão administrativa, financeira e orçamentária do Fundo de Governança Climática e Serviços Ambientais - FUNCLIMA, bem como decidir sobre a aplicação dos recursos deste fundo, observando o disposto no Art. 3° e os critérios de aplicação previamente aprovados pelo Conselho Gestor, considerando que este conselho segue em fase de regulamentação, a ausência de sua implementação resulta na impossibilidade de acesso aos recursos presentes no fundo.","Atualmente a Diretoria é composta por uma diretora, dois assessores e um pesquisador CAFIX. Desta forma, o quadro técnico até o momento está reduzido, sendo um fator limitante para o devido fluxo de trabalho para implementação e regulamentação da Lei Estadual n.° 4.437/2018 (PGSA e SGSA). Portanto, por se tratar de uma Política de Estado com atuação transversal para além da própria Sedam, requer atenção nas demandas e força maior para sinergia entre as secretarias para o alcance do objetivo maior desta lei que é à mitigação das mudanças climáticas por meio da redução das emissões de gases de efeito estufa no Estado de Rondônia.",2024,1,Restrição,2024,1
186,5134,17033,2109,4092,ORC07,"Dificuldade na obtenção de créditos orçamentários adicionais (suplementares, especiais ou extraordinários).","No decorrer do 1º quadrimestre (janeiro a abril/ 2024) as ações foram desenvolvidas de forma parcial, em razão da demora na liberação dos recursos financeiros.  ",Realizar reuniões técnicas com a SEPOG e SESAU para verificação da liberação dos créditos orçamentários adicionais para discussão dos processos de trabalho educativos.   ,2024,1,Restrição,2024,1
187,5327,15017,2166,1276,ADM02,Atividades dependentes de articulação com outras unidades administrativas.,"	
O Fundo Estadual de Segurança Pública recebe recursos por meio de transferência obrigatória do Fundo Nacional de Segurança Pública por meio de repasses anuais e cuja execução é de dois anos. Neste contexto esta Unidade Gestora inicia o ano sem orçamento, o que prejudica a execução dada a demora a necessidade de aguardar a abertura do SIGEF e a partir daí elaborar o balanço patrimonial, para que então  possa ser realizado a abertura de de processo de Crédito Adicional Suplementar por Superávit Financeiro na Unidade Orçamentária Fundo Estadual de Segurança Pública - FUNESP.","	
Prioridade na tramitação na SEPOG, COGES e DITEL dos procedimentos administrativos dos orçamentos referentes aos Fundos em que haja financeiro disponível.",2024,1,Restrição,2024,1
188,5341,15017,2166,1381,ADM02,Atividades dependentes de articulação com outras unidades administrativas.,"	
O Fundo Estadual de Segurança Pública recebe recursos por meio de transferência obrigatória do Fundo Nacional de Segurança Pública por meio de repasses anuais e cuja execução é de dois anos. Neste contexto esta Unidade Gestora inicia o ano sem orçamento, o que prejudica a execução dada a demora a necessidade de aguardar a abertura do SIGEF e a partir daí elaborar o balanço patrimonial, para que então  possa ser realizado a abertura de de processo de Crédito Adicional Suplementar por Superávit Financeiro na Unidade Orçamentária Fundo Estadual de Segurança Pública - FUNESP.","Prioridade na tramitação na SEPOG, COGES e DITEL dos procedimentos administrativos dos orçamentos referentes aos Fundos em que haja financeiro disponível.",2024,1,Restrição,2024,1
189,5332,17010,2039,4014,FIN02,Problemas relativos ao fluxo de liberação dos recursos.,"Devido à forma de liberação de cotas bimestrais, as ações de fiscalizações de Comunidades Terapêuticas e dos Comitês Permanente às Drogas na Rede Estadual de Ensino restam prejudicadas, pois as mesmas necessitam de fornecimento de diárias aos servidores envolvidos, e o valor liberado é insuficiente para promover essa ação. Nesse caso, o orçamento liberado até o momento, foram planejados para atender ao pagamento de JETON do colegiado conforme Lei nº 435/1992, consequentemente, a execução orçamentária estará abaixo do previsto, dificultando, assim, o progresso de outras ações.",Faz-se necessário a revisão do cronograma de liberação de recursos para que as cotas orçamentárias sejam disponibilizadas de uma forma que permita uma melhor gestão do orçamento e maior flexibilidade para a execução das atividades planejadas.,2024,1,Restrição,2024,1
190,5342,15017,2166,2176,ADM02,Atividades dependentes de articulação com outras unidades administrativas.,"O Fundo Estadual de Segurança Pública recebe recursos por meio de transferência obrigatória do Fundo Nacional de Segurança Pública por meio de repasses anuais e cuja execução é de dois anos. Neste contexto esta Unidade Gestora inicia o ano sem orçamento, o que prejudica a execução dada a demora a necessidade de aguardar a abertura do SIGEF e a partir daí elaborar o balanço patrimonial, para que então  possa ser realizado a abertura de de processo de Crédito Adicional Suplementar por Superávit Financeiro na Unidade Orçamentária Fundo Estadual de Segurança Pública - FUNESP.","Prioridade na tramitação na SEPOG, COGES e DITEL dos procedimentos administrativos dos orçamentos referentes aos Fundos em que haja financeiro disponível.",2024,1,Restrição,2024,1
191,5343,15017,2166,2237,ADM02,Atividades dependentes de articulação com outras unidades administrativas.,"Atividades dependentes de articulação com outras unidades administrativas.
O Fundo Estadual de Segurança Pública recebe recursos por meio de transferência obrigatória do Fundo Nacional de Segurança Pública por meio de repasses anuais e cuja execução é de dois anos. Neste contexto esta Unidade Gestora inicia o ano sem orçamento, o que prejudica a execução dada a demora a necessidade de aguardar a abertura do SIGEF e a partir daí elaborar o balanço patrimonial, para que então  possa ser realizado a abertura de de processo de Crédito Adicional Suplementar por Superávit Financeiro na Unidade Orçamentária Fundo Estadual de Segurança Pública - FUNESP.
","Prioridade na tramitação na SEPOG, COGES e DITEL dos procedimentos administrativos dos orçamentos referentes aos Fundos em que haja financeiro disponível

",2024,1,Restrição,2024,1
192,5344,15017,2166,2269,ADM02,Atividades dependentes de articulação com outras unidades administrativas.,"Atividades dependentes de articulação com outras unidades administrativas.
O Fundo Estadual de Segurança Pública recebe recursos por meio de transferência obrigatória do Fundo Nacional de Segurança Pública por meio de repasses anuais e cuja execução é de dois anos. Neste contexto esta Unidade Gestora inicia o ano sem orçamento, o que prejudica a execução dada a demora a necessidade de aguardar a abertura do SIGEF e a partir daí elaborar o balanço patrimonial, para que então  possa ser realizado a abertura de de processo de Crédito Adicional Suplementar por Superávit Financeiro na Unidade Orçamentária Fundo Estadual de Segurança Pública - FUNESP.
","Prioridade na tramitação na SEPOG, COGES e DITEL dos procedimentos administrativos dos orçamentos referentes aos Fundos em que haja financeiro disponível
",2024,1,Restrição,2024,1
193,5365,15017,1015,4000,ADM02,Atividades dependentes de articulação com outras unidades administrativas.,"Atividades dependentes de articulação com outras unidades administrativas.
O Fundo Estadual de Segurança Pública recebe recursos por meio de transferência obrigatória do Fundo Nacional de Segurança Pública por meio de repasses anuais e cuja execução é de dois anos. Neste contexto esta Unidade Gestora inicia o ano sem orçamento, o que prejudica a execução dada a demora a necessidade de aguardar a abertura do SIGEF e a partir daí elaborar o balanço patrimonial, para que então  possa ser realizado a abertura de de processo de Crédito Adicional Suplementar por Superávit Financeiro na Unidade Orçamentária Fundo Estadual de Segurança Pública - FUNESP.
","Prioridade na tramitação na SEPOG, COGES e DITEL dos procedimentos administrativos dos orçamentos referentes aos Fundos em que haja financeiro disponível
",2024,1,Restrição,2024,1
194,5135,17033,2109,4093,ORC07,"Dificuldade na obtenção de créditos orçamentários adicionais (suplementares, especiais ou extraordinários).",No decorrer do 1º quadrimestre (janeiro a abril/ 2024) devido a demora na liberação dos créditos orçamentários foram abertos processos para aquisição de serviços educativos para atender as demandas apresentadas pelos municípios/ RO.  ,Realizar reuniões técnicas com a SEPOG e SESAU para verificação da liberação dos créditos orçamentários adicionais para discussão e alinhamento dos processos de trabalho educativos. ,2024,1,Restrição,2024,1
195,4808,18001,2153,2229,ADM14,Outras (especificar).,Instabilidade do Sistema Nacional de Cadastro Ambiental Rural - SICAR juntamente com a limitação de quantidade de corpo técnico disponível no momento.,"Estabelecer equipe e/ou contratar o serviço especializado para desenvolvimento e manutenção do SICAR-RO para garantir a gestão. Contratação de analistas ambientais para cumprimento de demandas de CAR, PRA e Monitoramento das áreas com Termo de Compromisso firmados.",2024,1,Restrição,2024,1
196,4832,18011,2098,2026,AMB06,Outras (especificar).,"Houve bloqueio das Autorizações de exploração Florestal de Planos de Manejos Florestais e Planos de Exploração Florestal para Uso Alternativo do Solo, devido ao calendário Florestal que compreende o período de 21/12 a 21/03 de cada ano. Desta forma, as AUTEX foram emitidas a partir de 22 de março de 2023, com a abertura da Safra florestal 2024, as autorizações que se encontravam aptas, bem como outros que estavam em análise técnica. ",Não há proposta de melhoria. ,2024,1,Restrição,2024,1
197,4835,18011,2098,2583,OUT02,Outras (especificar).,"Sim. Neste primeiro quadrimestre, tivemos dois processos instruídos , impossibilitando a execução das atividades de Educação Ambiental .
Processo Nº0028.005108/2024-66 - Baixo Madeira.(Morosidade no trâmite do processo).
Processo Nº0028.007377/2024-67 - Comunidades Indígenas - Vilhena/RO. ( Transferido para data futura).
No decorrer do 1º quadrimestre de 2024 ocorreram algumas restrições relacionadas a autorizações de atividades in loco, visto que esta coordenadoria atende comunidades indígenas e que esse público perece de subsídios de comunicação, tivemos alguns contra tempos onde são solicitados que ao justificar uma atividade seja anexado um ofício de um representante indígena que solicite a atividade, porém os indígenas residentes em suas comunidades na região rural encontram uma grande dificuldade em elaborar documentos oficiais como por exemplo um ofício ou memorando de solicitação, dessa forma o meio mais comum de comunicação entre esta Coordenadoria de Povos Indígenas - COPIN é através do whatsapp. Outra restrição é o fato de ter que vincular todas as atividades da COPIN com outras coordenadoria. Considerando parte orçamentária administrativo.",Não houve proposta de melhoria.,2024,1,Restrição,2024,1
198,4703,19023,2096,2516,LIC03,Procedimento licitatório burocrático.,"As licitações públicas têm como objetivo garantir a transparência e assegurar que os recursos públicos sejam utilizados de forma eficiente, evitando fraudes e corrupção. No entanto, essa burocracia pode impactar negativamente a execução de projetos e serviços.",Adotar procedimentos licitatórios simplificados para contratações de pequeno valor ou para itens de baixo risco pode acelerar o processo sem comprometer a segurança. Investir na capacitação dos servidores públicos para que estejam bem-preparados para conduzir processos licitatórios de forma eficiente e ágil.,2024,1,Restrição,2024,1
199,4704,19023,1015,2096,ADM14,Outras (especificar).,"Dificuldades na implementação das capacitações consignadas no PPA, em face da ausência de formalização de processos para a efetivação das aludidas capacitações, pelos setores da IDARON.",Dar celeridade aos pedidos de capacitação pelos setores. ,2024,1,Restrição,2024,1
200,5436,11013,2000,4146,LIC03,Procedimento licitatório burocrático.,"Burocracia do rito licitatório, que gera insegurança na entrega da política pública, frente a limitações de tempo para a prestação dos serviços a serem contratados pela administração","Além do adiantamento do setor solicitante, a proposta de melhoria se direciona à antecipação da possibilidade de fracasso do certame e orientações necessárias, dada a especificidade dos itens a serem contratados e visto que a licitação é a regra de ouro para compras públicas, mas que as compras públicas não deveriam ser afetadas pelo rito processual e suas fases (atraso ou fracasso do certame)",2024,1,Restrição,2024,1
201,4859,11006,2072,2661,OUT02,Outras (especificar).,Orçamento baixo para realização das atividades.,Orçamento melhor para 2025.,2024,1,Restrição,2024,1
202,4844,18011,2154,2601,AMB06,Outras (especificar).,"A coordenadoria tem vivenciado o período de RESCALDO (prorrogado) da ação de desocupação do Parque Estadual Guajará Mirim, o que demandou a utilização de grande parte do recurso orçamentário da Secretaria de Estado de Desenvolvimento Ambiental - SEDAM, desde agosto de 2023, onerando diversas ações anteriormente programadas para as diversas áreas temáticas vivenciadas por cada UC gerida por esta CUC.

Contudo, e se tratando de iminente perda irreparável da fauna e flora da região caso nova invasão venha a ocorrer por falta de efetivo policial no Parque Estadual Guajará-Mirim, os quais são atributos de grande relevância ambiental, sendo objeto de especial proteção por se tratar de área protegida, o período de rescaldo/manutenção foi e tem sido de suma importância para a Unidade de Conservação em questão.

Contudo, vale salientar, que esta Secretaria de Estado do Desenvolvimento Ambiental - SEDAM através de sua Coordenadoria de Unidades de Conservação - CUC, tem como principal atribuição gestão de 49 (quarenta e nove) Unidades de Conservação Estaduais, sendo que cada UC detém de prioridades e peculiaridades distintas, que também demandam aporte financeiro para que suas atividades ocorram de forma efetiva e ágil.","Verificação dos recursos destinados para tal ação, poderem de fato ser utilizados para atender as demandas propostas pelo Programa, umas vez que, conforme exposto ,em sua maioria os recursos orçamentários foram destinados para o Parque Estadual Guajará-Mirim.

 ",2024,1,Restrição,2024,1
203,5516,14001,1015,4103,INS08,Outras (especificar).,"Execução encontra-se como baixa por considerar que se trata de um repasse financeiro a fim de subsidiar a mão de obra reeducando na SEFIN. Todavia, os efeitos no resultado quantitativos estão sendo aplicados na FUPEN, apesar de ser este órgão o detentor do recurso. ",Foi notificada a SEPOG acerca deste ponto e este irão verificar a melhor forma de consolidar as informações para o próximo quadrimestre.,2024,1,Restrição,2024,1
204,5482,15011,1015,2087,LIC03,Procedimento licitatório burocrático.," A burocracia nos processos licitatórios tem sido um dos principais fatores de atraso nas contratações e aquisições de materiais de consumo e realização de serviços. O atraso e a ineficiência, devido a quantidade de procedimentos a serem seguidos, tem resultado diretamente no planejamento elaborado e, como consequência, nas metas e objetivos propostos."," Entendemos a importância do controle da qualidade, quantidade e nas especificações das aquisições, por isso sugerimos como proposta de melhoria, maior qualidade e celeridade na avaliação e controle das contratações.",2024,2,Restrição,2024,2
205,5480,15011,2110,1487,FIN06,Outras (especificar).,"
 Devido a lei federal 7.116/83 Art.2º, § 3º, que estabelece a gratuidade da primeira emissão da carteira de identidade Nacional, houve frustração de receita na ordem de R$ 1.499.862,00 (Um Milhão, Quatrocentos e Noventa e Nove Mil, Oitocentos e Sessenta e Dois Reais), referente as taxas pela prestação de serviços em geral e no tocante as taxas de inspeção, controle e fiscalização, foi na ordem de R$ 98.968,81 (noventa e oito mil novecentos e sessenta e oito reais e oitenta e um centavos) - (0052659479), que corresponde a média mensal que fora deixada de arrecadar nos últimos 8 (oito) meses.

 "," A unidade tem buscado resolver a situação junto a SESDEC, mitigando referidas perdas arrecadatórias, trabalhando em na atualização legislativa da Lei complementar nº 168/1996, no que tange ao retorno da cobrança quanto à segunda via da carteira de identidade nacional.",2024,2,Restrição,2024,2
206,5479,15011,2110,2387,LIC03,Procedimento licitatório burocrático.," A burocracia tem prolongado o processo de aquisição, resultando em atraso na implementação e execução do planejamento proposto e consequentemente, prejuízo e ineficiência nas atividades laborais das unidades de Policia Civil. Não podemos deixar de enfatizar que também gera custos adicionais nas aquisições."," Como proposta de melhoria, podemos citar a adoção de soluções digitais, a simplificação de requisitos, a capacitação contínua, a colaboração estreita com fornecedores e a modernização da legislação.
A implementação dessas propostas pode resultar em um processo mais ágil, eficiente e transparente.",2024,2,Restrição,2024,2
207,4942,15001,2166,1473,FIN04,Problemas financeiros de outros entes envolvidos na execução.,Os recursos da presente ação são recursos federais e só são recebidos após a finalização total das contratações.,Finalização das contratações para recebimento dos recursos.,2024,2,Restrição,2024,2
208,5473,15001,1015,4103,ORC09,Outras (especificar).,"O presente recurso é executado na FUPEN, decorrente de Termo de Cooperação com a SESDEC.",Constar a execução do orçamento como na outra unidade gestora.,2024,2,Restrição,2024,2
209,4943,15001,2166,1475,FIN04,Problemas financeiros de outros entes envolvidos na execução.,"Os recursos da presente ação são recursos federais e só são recebidos após a finalização total das
contratações.",Finalização das construções e recebimento dos recursos.,2024,2,Restrição,2024,2
210,4947,15001,2166,2249,ADM14,Outras (especificar).,Grande parte dos processos que serão executados na presente ação estão em trâmite licitatório.,Aguardar finalização dos trâmites licitatórios.,2024,2,Restrição,2024,2
211,4948,15001,2166,2279,OUT02,Outras (especificar).,"A presente ação não obteve a liquidez almejada, pois os cursos no âmbito de aviação estão na iminência de finalização. Salienta-se que a manutenções das aeronaves são programadas por horas voos, fazendo com que a execução seja melhor executada no próximo quadrimestre.
",Sugestão Melhoria: Finalização dos cursos e início das manutenções.,2024,2,Restrição,2024,2
212,4949,15001,2166,2475,OUT02,Outras (especificar).,"Os recursos advindos de convênio só são disponibilizados somente após o final de todos os trâmites licitação, aumentando a morosidade.

",Término dos processos de contratação e liberação dos recursos.,2024,2,Restrição,2024,2
213,5248,15006,1015,4000,ORC05,Realocação do crédito orçamentário de um programa para outro.,"Conforme exposto, o valor destinado a esta ação é irrisório quando comparado aos custos de mercado relacionados ao cuidado com a saúde dos servidores da POLITEC. O montante se mostra insuficiente para cumprir adequadamente a ação 'Promover Ações Preventivas de Saúde Ocupacional e Qualidade de Vida no Trabalho'. Diante dessa limitação, e com o objetivo de atender de maneira mais eficaz às nossas necessidades, foi necessária a realocação desse crédito para cobrir outras demandas","É necessário melhorar, obter mais crédito orçamentário para atender às novas demandas decorrentes da entrada de novos servidores. Mesmo com um orçamento atual cuidadosamente planejado, a POLITEC continua entregando resultados significativos ao Estado de Rondônia e à sociedade. No entanto, é fundamental que a administração pública priorize o cuidado com a saúde dos servidores, garantindo que possam desempenhar suas funções de forma plena e eficiente.",2024,2,Restrição,2024,2
214,5273,15020,2174,4117,ADM01,Problemas com o prestador de serviço.,"Abandono da obra da CIRETRAN de Ji-Paraná, e alteração de projeto da construção do muro de Santa Luzia.",Melhoria nos critérios de qualificação econômico-financeiro das contratadas.,2024,2,Restrição,2024,2
215,5440,15006,2166,1381,ORC03,Insuficiência de recursos alocados na Lei Orçamentária.,"Para a execução das obras, é necessário um aporte financeiro mais robusto. O programa e a ação foram desenvolvidos em resposta à necessidade urgente de a instituição iniciar essas construções, essenciais para o cumprimento de suas funções e para atender às demandas crescentes. Atualmente, a instituição opera em prédios alugados tanto na capital quanto no interior, gerando gastos que poderiam ser significativamente reduzidos com a construção de um prédio próprio para atender à capital.",É fundamental assegurar a obtenção de créditos orçamentários adicionais para alcançar este objetivo,2024,2,Restrição,2024,2
216,5273,15020,2174,4117,ADM09,Entraves institucionais para desenvolvimento de recursos humanos.,Ausência de recrutamento interno e carreira funcional limitada. Falta de incentivo ao ingresso de servidores no setor.,"Estudo de possibilidade de implantação de produtividade para profissionais técnicos do quadro e portariados de forma a incentivar a mão de obra qualificada do DETRAN a trabalhar no setor de Engenharia, assim como ocorre no SEOSP e DER.",2024,2,Restrição,2024,2
217,5273,15020,2174,4117,GER06,Dificuldade de controle sobre execução da contratada.,Três medições zeradas na obra da CIRETRAN de Nova União.,Contratação de empresa de supervisão e apoio à equipe de fiscalização.,2024,2,Restrição,2024,2
218,5173,15020,2002,2272,ADM08,Pessoal insuficiente para os quadros de gestão e de execução das ações propostas.,"O quadro funcional do DETRAN no que compreende servidor de carreira, encontra-se defasado, assim para executar a demanda de cada pasta em sua maioria, o órgão trás pessoal de outras secretarias e outros são  nomeados em cargos de confiança. A rotatividade tem se tornado uma restrição onde cada pessoa que chega é qualificada para o seu papel na pasta e logo é substituída por outra, tornando em uma das situações que ocasionam um problema para execução plena da ação orçamentaria.","Concurso Público, já que na educação o processo não funciona de forma fragmentada.",2024,2,Restrição,2024,2
219,5173,15020,2002,2272,ADM09,Entraves institucionais para desenvolvimento de recursos humanos.,"A falta de pessoal para compor a equipe multidisciplinar exigida pelo SENATRAN para que o órgão possa ofertar educação em EAD, torna-se em uma restrição que dificulta o desenvolvimento humano, já que esse tipo de formação, exige uma estrutura tecnológica, e, para tal a equipe deverá ser estruturada primeiro.",Estrutura  legal de uma equipe multidisciplinar composta com base na resolução 928/2022/CONTRAN,2024,2,Restrição,2024,2
220,5484,15011,2166,1527,FIN01,Indisponibilidade de recursos financeiros.," Esclarecemos que houve a frustração de receita, devido a lei federal 7.116/83 Art.2º, § 3º, que estabelece a gratuidade da primeira emissão da carteira de identidade Nacional, na ordem de R$ 1.499.862,00 (Um Milhão, Quatrocentos e Noventa e Nove Mil, Oitocentos e Sessenta e Dois Reais), referente as taxas pela prestação de serviços em geral e no tocante as taxas de inspeção, controle e fiscalização, a frustação de receita foi na ordem de R$ 98.968,81 (noventa e oito mil novecentos e sessenta e oito reais e oitenta e um centavos), que corresponde a média mensal que fora deixada de arrecadar nos últimos 8 (oito) meses. "," A unidade tem buscado resolver a situação junto a SESDEC, mitigando referidas perdas arrecadatórias, trabalhando em na atualização legislativa da Lei complementar nº 168/1996, no que tange ao retorno da cobrança quanto à segunda via da carteira de identidade nacional.",2024,2,Restrição,2024,2
221,5185,15020,2170,4089,ADM12,Dificuldades para celebrar contrato/convênio.,"Entrega de projetos inadequados, ausência de documentos obrigatórios ",Treinamento de pessoal por parte dos Municípios,2024,2,Restrição,2024,2
222,5185,15020,2170,4089,ADM14,Outras (especificar).,Dificuldade por parte dos município na apresentação da documentação necessária a celebração,"Visita em loco da equipe de Convênios desta Autarquia, para instruir e treinar os servidores do Município
",2024,2,Restrição,2024,2
223,5185,15020,2170,4089,GER08,Demora na elaboração de projetos arquitetônicos e executivos.,Quadro Técnico insuficiente nos Municípios,Adequar o quadro técnico do Órgão para dar apoio aos Municípios.,2024,2,Restrição,2024,2
224,5166,15020,1015,2281,ADM01,Problemas com o prestador de serviço.," Especificamente com descumprimento de cláusulas contratuais. Não com o objeto dos contrato, pois o objetivo tem sido atendido conforme contratação, mas sim, com descumprimento de obrigações trabalhistas e de Convenções coletivas de Trabalho, por parte de algumas contratadas.",Contratação de servidores para realizar fiscalização administrativa especificamente sobre normas trabalhistas.,2024,2,Restrição,2024,2
225,5166,15020,1015,2281,ADM08,Pessoal insuficiente para os quadros de gestão e de execução das ações propostas.,"A escassez de recursos humanos no âmbito da Autarquia DETRAN, com a atribuição de muitos contratos a um único fiscal e a um único gestor, é uma situação de risco. Visto que o acumulo de atribuições e responsabilidade, pode levar o servidor a desgaste laboral.",Novo concurso publico e gratificação para gestor de contrato.,2024,2,Restrição,2024,2
226,5166,15020,1015,2281,ADM14,Outras (especificar).,"Falta de gratificação especifica para gestor e fiscal de contratos, visando valorizar a função que é paralela ao cargo do servidor.",Criar gratificação especifica para gestor e fiscal de contratos,2024,2,Restrição,2024,2
227,5166,15020,1015,2281,LIC03,Procedimento licitatório burocrático.,"Com a Nova Lei de Licitações (14.133), o prolongamento das vigências contratuais irá contribuir para reduzir custos e mão de obra com frequentes contratações/licitações.",Treinamento rotineiro para os gestores de contratos sobre a nova lei de licitações.,2024,2,Restrição,2024,2
228,5166,15020,1015,2281,TEC01,Obsolescência e/ou escassez de equipamento/ferramentas tecnológicas.," A Autarquia encontra-se com equipamentos antigos (CPU), onde rotineiramente estão ocorrendo reparos por parte da equipe técnica da CTI, o que atrasa os procedimentos administrativos.",Troca de computadores a cada 05 (cinco) anos,2024,2,Restrição,2024,2
229,5166,15020,1015,2281,TEC02,Ausência de integração entre sistemas.,"Falta um sistema específico para Gerenciar e controlar contratos, em especial prazos contratuais.",Criar um sistema específico para Gerenciar e controlar contratos.,2024,2,Restrição,2024,2
230,5178,27001,1015,1490,OUT02,Outras (especificar).,"O edital 301/2021/SEGEP-GCP, encontra-se sobrestado em face do Acordão 00094/2023 do processo 02794/2021/TCE-RO, o qual determinou a suspensão da contratação de novos candidatos aprovados no PSS, e por esse motivo, tornou-se inviável o cumprimento da meta física, o que acarretou baixa execução orçamentária dos valores dotados atualmente.","Contratação dos novos PSS, a partir do 2º Quadrimestre.",2024,2,Restrição,2024,2
231,5210,27001,1015,2091,OUT02,Outras (especificar).,"Aguardando aprovação do projeto de lei em que estabelece o pagamento de auxílioalimentação, conforme processo n. 0069.069549/2022-48, o qual se encontra na Casa Civil.","Aprovação da LEI, para cumprimento das metas estabelecida na LOA 2024.",2024,2,Restrição,2024,2
232,5203,27001,1015,2234,ADM09,Entraves institucionais para desenvolvimento de recursos humanos.,"Rotatividade de Servidores, visto que a secretaria ainda não possui servidores efetivos oriundos de Concurso Público Próprio.",Realização de Concurso Público.,2024,2,Restrição,2024,2
233,5468,27001,1015,4103,ADM08,Pessoal insuficiente para os quadros de gestão e de execução das ações propostas.,"Atualmente o Termo de Cooperação (Termo Aditivo 3º TA 0051992641) permite a contratação de 212 reeducandos, sendo: 20 Encarregados; 70 Artífices e 122 Auxiliares. No entanto, até o momento o quantitativo contratado não atingiu a expectativa.","Melhor triagem da mão de obra qualificada; e 
Oferecer atrativos para contração tais como: cursos de capacitação; auxílio-transporte e auxílio-alimentação.
",2024,2,Restrição,2024,2
234,5294,27001,2183,2428,ADM02,Atividades dependentes de articulação com outras unidades administrativas.,"Por ser da administração direta, a SEOSP necessita de aprovação das ações (relacionadas a transferências voluntárias) perante demais órgão como Casa Civil, PGE e CGE. Tais interações demandam tempo em cada esfera da administração para a correta tramitação.","Planejamento e controle das ações, gestão dos processos e otimização do tempo, dentro de cada órgão envolvido.",2024,2,Restrição,2024,2
235,5294,27001,2183,2428,ADM04,Entraves nos procedimentos burocráticos (burocracia para exercício das atividades administrativas do governo).,"Por ser da administração direta, a SEOSP necessita de ações (relacionadas a transferências voluntárias) dos demais órgão como Casa Civil, PGE e CGE. Tais interações demandam tempo em cada esfera da administração para a correta tramitação.","Melhorar o controle e otimizar o fluxo dos processos, por cada unidade governamental relacionada.",2024,2,Restrição,2024,2
236,5294,27001,2183,2428,GER08,Demora na elaboração de projetos arquitetônicos e executivos.,"Por tratar-se de transferência voluntária, os projetos são enviados pelos municípios e associações e são avaliados/aprovados pelos técnicos dentro da SEOSP. Ocorre que devido à existência de constantes pendências técnicas nos projetos, perde-se considerável tempo em correções até a aprovação final.
","Municípios e Associações devem melhorar a qualidade dos projetos apresentados, bem como, melhorarem o tempo de resposta para a correção das pendências.
",2024,2,Restrição,2024,2
237,5211,27001,1015,2087,LIC03,Procedimento licitatório burocrático.,"A Morosidade na instrução dos processos de licitação, tanto em sua fase interna, bem como em sua fase externa.","Agilidade na instrução processual e os procedimentos na fase externa da licitação mais célere, por parte da SUPEL e PGE.",2024,2,Restrição,2024,2
238,5299,27001,1015,2096,ADM07,Capacitação de recursos humanos.,"Credenciamento de Instituições: Os cursos devem ser oferecidos por instituições credenciadas e reconhecidas pela administração pública, garantindo a qualidade do conteúdo e do ensino.
", Implementação de mecanismos para avaliar a qualidade dos cursos e o impacto da capacitação no desempenho dos servidores.,2024,2,Restrição,2024,2
239,5223,11023,2051,2345,FIN01,Indisponibilidade de recursos financeiros.,"Execução Orçamentária abaixo do previsto, considerando a restrição nos repasses do Convenio nº 26/2020 IPEM X INMETRO, por contenção de gastos no Orçamento Federal, neste quadrimestre. Neste sentido os recursos financeiros diponíveis foram aplicados nas Ações por prioridades, adiando a execução de algumas ações finalisticas o que comprometeu parcialmente a execução do Orçamento e as fiscalizações desta ação neste período. A situação dos repasses do Convenio nº 26/2020 IPEM X INMETRO já entrou em equilibrio e atingiu a capacidade financeira pactuada. Sendo assim retornamos a execução das ações de fiscalização em todas as micro regiões do Estado.","A situação dos repasses do Convenio nº 26/2020 IPEM X INMETRO já está regularizada, entrou em equilibrio e atingiu a capacidade financeira pactuada. Sendo assim, retornamos a execução das ações de fiscalização em todas as micro regiões do Estado.",2024,2,Restrição,2024,2
240,5299,27001,1015,2096,ADM14,Outras (especificar).,"A distância entre a capital e o interior de Rondônia tem dificultado a capacitação dos servidores públicos, uma vez que a necessidade de deslocamento gera custos elevados, perda de tempo e limitações na logística. Além disso, a ausência de infraestrutura adequada para a formação presencial em áreas remotas amplia as dificuldades de acesso a treinamentos.","Implementar um programa de capacitação à distância (EAD), utilizando plataformas digitais para treinamentos e desenvolvimento de competências. Isso pode incluir cursos online ao vivo, materiais gravados, e-learning, webinars e fóruns de discussão, permitindo aos servidores do interior acessarem o conteúdo de forma flexível e sem necessidade de deslocamento. Além disso, parcerias com instituições locais para criar polos presenciais em regiões estratégicas podem ser uma alternativa para oferecer suporte técnico e complementar as formações com atividades práticas, quando necessário.",2024,2,Restrição,2024,2
241,5290,27001,2183,1638,ADM07,Capacitação de recursos humanos.,"Treinamento e capacitação: As particularidades dentro de cada processo de obra podem levar a inconsistências na documentação. A falta de padronização e treinamento adequado pode agravar esse problema.
","Desenvolver um conjunto de diretrizes e padrões de documentação que se apliquem a todos os processos de obra.
Oferecer treinamento regular para a equipe responsável pela documentação, garantindo que todos compreendam os requisitos e processos.",2024,2,Restrição,2024,2
242,5290,27001,2183,1638,AMB01,Lentidão no processo de licenciamento ambiental.,"A ausência de documentação adequada, de licenças ambientais, de obras e do bombeiro podem causar paralisação da obra, multas e problemas legais.",Garantir que todos os processos sejam encaminhados para a fiscalização da execução da obra com documentação completa de licenças. Implementar um sistema de verificação automatizada para garantir a conformidade antes do início da obra.,2024,2,Restrição,2024,2
243,5290,27001,2183,1638,FIN02,Problemas relativos ao fluxo de liberação dos recursos.,"A falta de um fluxo claro para o pagamento das medições pode causar atrasos nos pagamentos aos fornecedores e, consequentemente, desacelerar o progresso da obra.","Definir um fluxo de pagamento claro e transparente para medições, com prazos definidos. Priorizar pagamentos com base em critérios de importância, como a urgência do fornecedor ou a fase do projeto.
Automatizar o processo de aprovação e pagamento, se possível, para agilizar o fluxo de caixa.",2024,2,Restrição,2024,2
244,5290,27001,2183,1638,GER08,Demora na elaboração de projetos arquitetônicos e executivos.,"Projetos antigos podem conter erros ou desatualizações que só são identificados após a licitação. Isso pode levar a retrabalho, custos adicionais e atrasos.","Realizar revisões prévias das peças técnicas do objeto/obra antes da licitação, identificando e corrigindo problemas antecipadamente. Isso pode ser feito por meio de equipes técnicas qualificadas.",2024,2,Restrição,2024,2
245,5321,11023,2177,1636,OUT02,Outras (especificar).,"Obra do Muro entregue, no entanto, executado com recursos de Restos a Pagar. Não utilizando recursos do atual exercício","Obra entregue, e ação foi desastivada para o exercício de 2025.",2024,2,Restrição,2024,2
246,5313,11023,2177,1635,ORC04,Contingenciamento Orçamentário.,Não há Recursos Orçamentários e Financeiros para execução da obra.,Buscar Recursos Orçamentários e Financeiros para execução da obra.,2024,2,Restrição,2024,2
247,4853,11003,0000,0023,ORC06,Demora na tramitação de crédito adicional.,"O processo nº 0020.013334/2024-91, que solicita crédito adicional para atender às necessidades orçamentárias da PGE-RO, encontra-se em fase de análise e aprovação pelos órgãos competentes. A demora na conclusão deste processo impacta diretamente a execução de determinadas ações planejadas, podendo resultar em atrasos ou limitações nas atividades programadas para o exercício corrente.","Prioridade, pela unidade SEPOG na tramitação do processo 0020.013334/2024-91, destacando a urgência e o impacto positivo da aprovação do crédito adicional nas atividades da PGE-RO.",2024,2,Restrição,2024,2
248,4770,11020,1015,2087,LIC05,Apresentação de recursos ou impugnação do certame.,"Por se tratar de uma contratação complexa, a sessão inaugural marcada para o dia 22/08/2024 às 10h00min (horário de Brasília), no endereço eletrônico https://www.comprasgovernamentais.gov.br/ foi suspensa, tendo em vista o pedido de esclarecimento e Impugnação apresentados pelas empresas DATEN e PERFIL COMPUTACIONAL, conforme ID Despacho 0051993625.","Através do Despacho ID 0052261090, foram encaminhadas as respostas dos pedidos de esclarecimentos apresentados pelas empresas DATEN (0051907161), PERFIL COMPUTACIONAL (0051922932) e PERFIL COMPUTACIONAL (0051973064) referentes ao Pregão Eletrônico nº 90194/2024/SUPEL/RO.",2024,2,Restrição,2024,2
249,4880,23001,1015,2096,ORC04,Contingenciamento Orçamentário.,"Com a publicação do Decreto nº 29.321, de 25 de Julho de 2024, o qual institui o contingenciamento do orçamento anual para o exercício de 2024 e dá outras providencias, não foi possível executar todo o planejamento previsto para o quadrimestre, e mesmo a ação tendo executado 79,42% de sua dotação atualizada, o planejamento era executar 100% de sua dotação atualizada.
","Reavaliar o planeja para o restante do exercício e verificar com a gestão, quais as melhores medidas a serem adotadas para minimizar os danos causados.",2024,2,Restrição,2024,2
250,4764,11020,2148,2536,FIN01,Indisponibilidade de recursos financeiros.,Corte de orçamento no final de 2023 para adequação da realidade econômica do Estado.,Reprogramação da despesa para o exercício financeiro de 2025.,2024,2,Restrição,2024,2
251,5122,15020,1015,2087,ADM01,Problemas com o prestador de serviço.,A empresa demora a entregar o faturamento campanha-mês.,A empresa deve cumprir os prazos evitando assim quaisquer eventualidades.,2024,2,Restrição,2024,2
252,5122,15020,1015,2087,ADM04,Entraves nos procedimentos burocráticos (burocracia para exercício das atividades administrativas do governo).,Os fiscais de contrato.,Deve ser feita uma reunião de alinhamento entre o fiscal e o gestor de contrato para um melhor gerenciamento devido a sua complexidade.,2024,2,Restrição,2024,2
253,5175,15020,1015,2096,ADM14,Outras (especificar).,Falta de estrutura Física como sala para treinamento e falta de veículo.,Providenciar um sala no formato Auditório.,2024,2,Restrição,2024,2
254,5170,15020,1015,2282,ADM01,Problemas com o prestador de serviço.,"A prestadora de serviços da manutenção apresenta muitos problemas como falta de oficinas cadastradas, falta de informações para gerar o relatório no sistema. Quanto a prestadora de serviços de combustível não tivemos problemas.			",Realizar cadastramento de oficinas nos municípios do estado.,2024,2,Restrição,2024,2
255,5170,15020,1015,2282,ADM08,Pessoal insuficiente para os quadros de gestão e de execução das ações propostas.,"Números de funcionários reduzidos por mais de 04 anos no quadro administrado da GERLOT, como também a falta de estagiário.		",Providenciar servidores junto ao CRH.,2024,2,Restrição,2024,2
256,5545,11003,2085,4160,ADM14,Outras (especificar).,"No exercício foi iniciado o planejamento de atividades de investimentos iniciados no ano 2023. Para dar continuidade às obras e reformas no exercício de 2024, foi elaborado nos instrumentos orçamentários Plano Plurianual 2024-2027 e LOA 2024. A Unidade 11003 reservou recursos na elaboração da LOA/2024, no programa 2092 - Representação Judicial e Consultoria do Estado de Rondônia na Ação 2609 - Implementação Judiciais e Extrajudiciais.

Todavia, como uma forma de alinhar a finalidade do programa com a ação proposta por esta Unidade, solicitamos a adequação da alteração do programa 2085 - Fortalecimento da Física da PGE/RO na Ação 4160 - Melhoria da Estrutura Física da PGE/RO.

Após a aprovação da Lei n°. 5.733 de 09 de janeiro de 2024 - LOA 2024, os valores que haviam sido reservados para o exercício de 2024 no programa 2085 - Fortalecimento da Estrutura Física da PGE/RO e à Ação 4160 - Melhoria da Estrutura Física da PGE/RO, foram retirados da peça orçamentária, no valor de R$ 1.250.000,00 (hum milhão, duzentos e cinquenta mil reais), de modo que não foi possível atender a solicitação de aditivos solicitados pelas Empresa B. de Alcântara Mourão-ME (Regional de Cacoal) e Evolutiva Construção e Comércio LTDA (Regional de Vilhena).

A referida solicitação foi realizada através do processo 0020.001282/2024-18 direcionada à Secretaria de Planejamento e Finanças. Através do despacho (0049542473) foi realizada a reinclusão do referido programa e ação no dia 10.06.2024 através do Decreto n. 29.165 de 07 de junho de 2024.
","Alinhamento das prioridades da Secretaria de Planejamento juntamente com a Unidade Gestora, visando atender as prioridades informadas nas peças orçamentárias, a fim de não frustrar os projetos pré-estabelecidos.",2024,2,Restrição,2024,2
257,5156,16020,2134,2460,LIC06,Outras (especificar).,"Gostaria de informar que alguns de nossos processos encontram-se atualmente em fase de tramitação aguardando os devidos procedimentos legais para prosseguirem:
a) Na Superintendência de Licitações (SUPEL), 
Processo: 0048.000235/2024-31 R$1.630.000,00; Processo: 0048.000240/2024-43 R$ 2.151..000,00; Processo: 0048.000239/2024-19 R$ 1.386.000,00; Processo: 0048.000260/2024-14 R$ 200.000,00; Processo:0048.000967/2023-40 R$ 200.000,00.
","Estamos acompanhando de perto o andamento desses processos através de contatos e ligações e, tão logo recebamos as autorizações necessárias, daremos continuidade às próximas etapas, conforme o planejamento.",2024,2,Restrição,2024,2
258,5156,16020,2134,2460,OUT02,Outras (especificar).,"Gostaríamos de informar que, no momento, estamos aguardando a liberação dos processos que se encontram sob análise da Procuradoria Geral do Estado (PGE). Até que esses trâmites sejam concluídos, estamos impossibilitados de avançar com as próximas etapas.
Processo :0048.000640/2024-59 R$ 435.000,00;
Processo: 0048.001386/2023-25 R$ 867.000,00; 
Processo: 0048.001042/2024-05 R$ 65.028,00.					
","Estamos acompanhando de perto o andamento desses processos e tão logo recebamos as autorizações necessárias, daremos continuidade às próximas etapas, conforme o planejamento.
",2024,2,Restrição,2024,2
259,4726,16020,1015,2087,OUT02,Outras (especificar).,"Gostaríamos de informar que, no momento, estamos aguardando a liberação dos processos que se encontram sob análise da Procuradoria Geral do Estado (PGE). Até que esses trâmites sejam concluídos, estamos impossibilitados de avançar com as próximas etapas.
Processo : 0048.000246/2024-11  R$128.990,70
Processo: 0048.000640/2024-59  R$ 435.000,00
","Estamos acompanhando de perto o andamento desses processos através de contatos e ligações e, tão logo recebamos as autorizações necessárias, daremos continuidade às próximas etapas, conforme o planejamento.
",2024,2,Restrição,2024,2
260,5034,16020,2134,2355,OUT02,Outras (especificar).,"Gostaríamos de informar que, no momento, estamos aguardando a liberação do processo 0048.000795/2024-12 no valor de R$ 251.743,88 que se encontra sob análise da Procuradoria Geral do Estado (PGE). Até que esses trâmites sejam concluídos, estamos impossibilitados de avançar com as próximas etapas.
","Estamos acompanhando de perto o andamento desses processos e tão logo recebamos as autorizações necessárias, daremos continuidade às próximas etapas, conforme o planejamento.
",2024,2,Restrição,2024,2
261,5026,14001,1015,1498,ORC06,Demora na tramitação de crédito adicional.,"Ação em questão tem sua composição orçamentária dependente de abertura de crédito adicional suplementar por superávit do PROFISCO I. Ocorre que o pedido fora protocolado junto a ALE RO, através do processo SEI 0030.005610/2024-28, em meados mês 05/2024 e até o presente momento não foi apreciado por esta Casa de Leis. ","Sem proposta de melhoria, considerando as atividades externas à esta SEFIN.",2024,2,Restrição,2024,2
262,5038,14001,1015,2087,ADM04,Entraves nos procedimentos burocráticos (burocracia para exercício das atividades administrativas do governo).,"O alerta quanto a necessidade de melhoria da execução deve ser relevado, pois se justifica pelo fato de muitas das despesas que foram empenhadas e não liquidadas dentro do quadrimestre, necessitam de especial atenção, considerando que os trâmites para liquidação e pagamento ocorrem apenas no encerrar do mês, ultrapassando-o.
Outro fator que se deve ser levado em consideração, é quanto ao contingenciamento orçamentário vigente e a frustração da receita da fonte 899,a qual era principal montante mantenedor desta ação.","Sem proposta de melhoria, considerando as atividades externas à esta SEFIN.",2024,2,Restrição,2024,2
263,5320,14001,1015,2096,ORC09,Outras (especificar).,"Considerando o cenário de frustração da receita da fonte 899, a qual custeava quase toda despesa administrativa desta SEFIN, algumas medidas de contingenciamento foram necessárias. Como ao exemplo da não execução do elemento que compõe esta ação, o qual em momento oportuno será redesignado a outra ação. ","Reestebelecimento de receita da fonte 899 e posteriormente, empreendimento de esforços para execução da ação.",2024,2,Restrição,2024,2
264,5516,14001,1015,4103,ADM02,Atividades dependentes de articulação com outras unidades administrativas.,"Trata-se de um processo de descentralização de recursos, a fim de subsidiar a mão de obra reeducando na SEFIN, tendo como beneficiária o Fundo Penitenciário - FUPEN, o qual se encontra como detentor dos resultados quantitativos financeiros, o que prejudica a execução desta ação que ainda consolida a Dotação Atualizada. Ressaltamos que foi notificada a SEPOG acerca deste ponto e estes irão verificar a melhor forma de consolidar as informações para o próximo quadrimestre.",Possibilitar que os resultados de execução sejam contabilizados nesta Unidade Gestora,2024,2,Restrição,2024,2
265,4844,18011,2154,2601,ORC07,"Dificuldade na obtenção de créditos orçamentários adicionais (suplementares, especiais ou extraordinários).","Em continuidade ao quadrimestre anterior, a Coordenadoria de Unidades de Conservação (CUC) da Secretaria de Estado do Desenvolvimento Ambiental (SEDAM) enfrentou um período de rescaldo prorrogado até o final de agosto devido à ação de desocupação do Parque Estadual Guajará-Mirim. Esse processo demandou uma alocação significativa de recursos orçamentários da SEDAM, impactando negativamente várias ações previamente programadas para as diferentes áreas temáticas das Unidades de Conservação (UCs) sob sua responsabilidade. A proteção do Parque Estadual Guajará-Mirim é de extrema importância, dado o risco iminente de perda irreparável de sua fauna e flora em caso de nova invasão, especialmente na ausência de efetivo policial. A presença de forças de segurança é essencial para garantir a proteção desses valiosos atributos ambientais e assegurar a integridade da área protegida. No entanto, ao final de agosto, com a disponibilidade dos recursos provenientes do SUPERÁVIT, foi possível retomar e iniciar as atividades anteriormente planejadas e em espera. Adicionalmente, os recursos da ação proposta têm sido direcionados para enfrentar a crescente demanda de combate às queimadas que o Estado de Rondônia tem enfrentado desde o início de julho. As áreas mais afetadas incluem o Parque Guajará-Mirim, a Estação Ecológica Soldado da Borracha e a Reserva Extrativista Rio Preto-Jacundá, o que tem demandado recursos inerentes a proteção ambiental.","Diante das restrições orçamentárias mencionadas, é essencial reavaliar e priorizar os recursos destinados à proteção ambiental, especialmente em áreas críticas como o Parque Estadual Guajará-Mirim e demais UCs invadidas. O aumento de invasões e desmatamentos ilegais destaca a necessidade de uma abordagem mais robusta para garantir a segurança e integridade das Unidades de Conservação (UCs).",2024,2,Restrição,2024,2
266,4841,18011,2154,2602,OUT02,Outras (especificar).,"Em continuidade ao quadrimestre anterior, a Coordenadoria de Unidades de Conservação (CUC) da Secretaria de Estado do Desenvolvimento Ambiental (SEDAM) enfrentou um período de rescaldo prorrogado até o final de agosto devido à ação de desocupação do Parque Estadual Guajará-Mirim. Esse processo demandou uma alocação significativa de recursos orçamentários da SEDAM, impactando negativamente várias ações previamente programadas para as diferentes áreas temáticas das Unidades de Conservação (UCs) sob sua responsabilidade. No entanto, ao final de agosto, com a disponibilidade dos recursos provenientes do SUPERÁVIT, foi possível retomar e iniciar as atividades anteriormente planejadas e em espera.","Diante das restrições orçamentárias mencionadas, é essencial reavaliar e priorizar os recursos destinados quanto a ação proposta, uma vez ser essencial para a gestão das UCs estaduais.",2024,2,Restrição,2024,2
267,4843,18011,2154,2603,ORC06,Demora na tramitação de crédito adicional.,"Em continuidade ao quadrimestre anterior, a Coordenadoria de Unidades de Conservação (CUC) da Secretaria de Estado do Desenvolvimento Ambiental (SEDAM) enfrentou um período de rescaldo prorrogado até o final de agosto devido à ação de desocupação do Parque Estadual Guajará-Mirim. Esse processo demandou uma alocação significativa de recursos orçamentários da SEDAM, impactando negativamente várias ações previamente programadas para as diferentes áreas temáticas das Unidades de Conservação (UCs) sob sua responsabilidade. No entanto, ao final de agosto, com a disponibilidade dos recursos provenientes do SUPERÁVIT, foi possível retomar e iniciar as atividades anteriormente planejadas e em espera.","Diante das restrições orçamentárias mencionadas, é essencial reavaliar e priorizar os recursos destinados quanto a ação proposta, uma vez ser essencial para a gestão das UCs Estaduais.",2024,2,Restrição,2024,2
268,5289,27001,2183,2465,GER08,Demora na elaboração de projetos arquitetônicos e executivos.,"Devido a alta demanda com projetos de complexidade tais como: hospitalares, estádio, parques, presídio, relatório de impacto de trânsito e etc., dentre as demandas prioritárias como SESAU, SEJUCEL, SESDEC, sendo estes produtos que contam com uma equipe multidisciplinar, restringindo vários técnicos por determinado período pausar as demandas em andamento para atender urgências vindas através do Gabinete. Relatamos também que para a conclusão de um produto, é entregue os projetos arquitetônico/acessibilidade, complementares (estrutural, elétrico, prevenção e combate a incêndio e pânico, hidráulico, drenagem, climatização, proteção contra descargas atmosféricas, entre outros conforme a necessidade) e o orçamento, onde é realizada a pesquisa de mercado com o núcleo de apoio de cotações, demandando tempo e muitas vezes atrasando a entrega visto que os técnicos ficam no aguardo da empresa apresentar as cotações, e/ou aguardar a cotação de itens ausentes na tabela SINAPI.","1º Treinamento e capacitação para a equipe de projeto das prefeituras e associações, de modo que todos compreendam a importância da documentação e como evitar erros comuns.
2º Desenvolver modelos de documentação padronizados que devem ser preenchidos durante todas as fases do projeto.
3º Estabelecer um processo de revisão e validação contínuo ao longo do projeto para identificar e corrigir erros e lacunas à medida que surgem, em vez de esperar até o final.",2024,2,Restrição,2024,2
269,5289,27001,2183,2465,JUD03,Outras (especificar).,"O atendimento das demandas por determinação judicial ou Ministério Público, restringindo os técnicos por hora, pausar as demandas em andamento para atender urgências vindas através do Gabinete.","Ter corpo técnico especializado em demandas judiciais, para atender os demais órgãos.",2024,2,Restrição,2024,2
270,4805,23001,1015,2087,ORC04,Contingenciamento Orçamentário.,"Com a publicação do Decreto nº 29.321, de 25 de Julho de 2024, o qual institui o contingenciamento do orçamento anual para o exercício de 2024 e dá outras providencias, não foi possível executar todo o planejamento previsto para o quadrimestre.","Reavaliar o planeja para o restante do exercício e verificar com a gestão, quais as melhores medidas a serem adotadas para minimizar os danos causados.",2024,2,Restrição,2024,2
271,5118,30011,1009,2535,LIC03,Procedimento licitatório burocrático.,Dificuldades para adaptação dos trâmites licitatórios internos às regras estabelecidas pela Lei de Licitações e Contratos (Lei 14.133/2021) e Decreto Estadual n.º 28.874/2024.,Sugere-se a capacitação dos servidores envolvidos e elaboração de modelos de documentos.,2024,2,Restrição,2024,2
272,5107,30001,2043,2526,ADM04,Entraves nos procedimentos burocráticos (burocracia para exercício das atividades administrativas do governo).,Entraves burocráticos para cumprimento das regras estabelecidas para execução de Convênios Federais.,Flexibilização das regras para execução de Convênios Federais.,2024,2,Restrição,2024,2
273,5103,30001,1007,1520,LIC03,Procedimento licitatório burocrático.,"Dificuldades para adaptação dos trâmites licitatórios internos às regras estabelecidas pela Lei de Licitações e Contratos (Lei 14.133/2021) e Decreto Estadual n.º 28.874/2024.
",Sugere-se a capacitação dos servidores envolvidos e elaboração de modelos de documentos.,2024,2,Restrição,2024,2
274,5087,23001,2175,4069,ADM12,Dificuldades para celebrar contrato/convênio.,"O procedimento de contratação do ente financeiro para operar o programa de concessão de subsídio encontra-se com dificuldade para estabelecimento das condições contratuais, no que diz respeito a regras do programa, ao estabelecimento de valores, dissonância de interesse entre o ente financeiro e o governo, bem como as constantes mudanças de termos já superados. Além disso, há empecilhos no encaminhamento de documentações pelo ente financeiro que possam auxiliar na contratação pela inexigibilidade de licitação.  ","- Reuniões de Alinhamento: Reuniões regulares entre o ente financeiro e o governo para discutir interesses e objetivos, garantindo que todos estejam na mesma página.
- Incentivos Alinhados: Mecanismos de incentivo que beneficiem ambas as partes, promovendo um compromisso mútuo em relação ao sucesso do programa.",2024,2,Restrição,2024,2
275,5116,30011,1009,2534,LIC03,Procedimento licitatório burocrático.,Dificuldades para adaptação dos trâmites licitatórios internos às regras estabelecidas pela Lei de Licitações e Contratos (Lei 14.133/2021) e Decreto Estadual n.º 28.874/2024.,Sugere-se a capacitação dos servidores envolvidos e elaboração de modelos de documentos.,2024,2,Restrição,2024,2
276,5087,23001,2175,4069,ADM02,Atividades dependentes de articulação com outras unidades administrativas.,"Para ofertar o programa de modo efetivo à população, será necessário ofertar acesso digital para inscrição no programa de concessão de subsídio. Dessa forma, está sendo alinhado junto a SETIC a produção do novo sistema inerente ao programa. Ocorre que foi celebrado contrato de prestação de serviços junto a empresa especializada na criação de sistemas. Entretanto a dificuldade de comunicação e a morosidade na entrega do sistema dificultam a plena construção do sistema de modo a atender todos os requisitos necessários para a efetiva entrega do programa. Além do mais, houveram atrasos nas entregas conforme cronograma pré-estabelecido entre as partes.    ","- Ponto de Contato Designado: Nomeie representantes de ambas as partes (SETIC e a empresa desenvolvedora) para facilitar a comunicação direta e a resolução rápida de problemas.
- Prototipagem: Utilize protótipos para visualização inicial do sistema, permitindo feedback precoce e ajustes antes do desenvolvimento completo.
- Planos de Contingência: Crie planos de contingência para lidar com atrasos ou problemas técnicos, garantindo que haja um caminho claro a seguir em caso de imprevistos.
- Avaliações Periódicas: Realize avaliações periódicas após a implementação do sistema para identificar oportunidades de melhoria e ajustes necessários.",2024,2,Restrição,2024,2
277,5115,30011,1009,2532,ADM05,Dificuldades na localização de terrenos para implementar ou ampliar a infraestrutura.,"Não houve progresso no processo na Regularização do Imóvel (terreno) doado pela Prefeitura de Buritis, em relação a contratação da sondagem e levantamento planialtimétrico e a obra de construção de núcleo. Realizamos diversas tratativas com a Prefeitura Municipal de Buritis para verificar o andamento da regularização, e fomos informados que estão em fase de assinatura da retificação da escritura pública para regularização da situação. Assim, a construção do referido Núcleo foi transferida para o exercício de 2025.",Desburocratização dos procedimentos de Regularização de Imóvel (terreno).,2024,2,Restrição,2024,2
278,5115,30011,1009,2532,LIC03,Procedimento licitatório burocrático.,"Houveram dificuldades para adaptação dos trâmites licitatórios internos às regras estabelecidas pela Lei de Licitações e Contratos (Lei 14.133/2021) e Decreto Estadual n.º 28.874/2024.
",Sugere-se a capacitação dos servidores envolvidos e elaboração de modelos de documentos.,2024,2,Restrição,2024,2
279,5113,30011,1009,2531,LIC03,Procedimento licitatório burocrático.,Dificuldades para adaptação dos trâmites licitatórios internos às regras estabelecidas pela Lei de Licitações e Contratos (Lei 14.133/2021) e Decreto Estadual n.º 28.874/2024.,Sugere-se a capacitação dos servidores envolvidos e elaboração de modelos de documentos.,2024,2,Restrição,2024,2
280,4988,23015,2117,2266,OUT02,Outras (especificar).,"As ações pertinentes ao Programa 2117 referem-se à realização do Encontro Estadual de Promoção e Garantia do Direitos da Pessoa Idosa, alusivo ao dia 15 de junho ""Dia Mundial de Conscientização sobre a Violência contra a Pessoa Idosa""; à distribuição de material informativo e às visitas de monitoramento do CEDPI, enquanto órgão fiscalizador da referida política pública. Contudo, por ser o ano de 2024, ano eleitoral, o plano de ação foi ajustado, onde as demais atividades foram reprogramadas para o período posterior ao pleito junto ao executivo municipal.      ",Otimizar o calendário das ações no terceiro quadrimestre. ,2024,2,Restrição,2024,2
281,5112,30011,1008,1520,LIC03,Procedimento licitatório burocrático.,Dificuldades para adaptação dos trâmites licitatórios internos às regras estabelecidas pela Lei de Licitações e Contratos (Lei 14.133/2021) e Decreto Estadual n.º 28.874/2024.,Sugere-se a capacitação dos servidores envolvidos e elaboração de modelos de documentos.,2024,2,Restrição,2024,2
282,5076,15004,2103,1275,OUT02,Outras (especificar).,"A pendência na aprovação dos projetos impede o início da execução das obras e, consequentemente, o empenho de recursos neste quadrimestre.",O servidor responsável pela fiscalização do contrato está acompanhando a situação.,2024,2,Restrição,2024,2
283,5091,23016,2116,2267,ORC04,Contingenciamento Orçamentário.,"Com a publicação do Decreto nº 29.321, de 25 de Julho de 2024, o qual institui o contingenciamento do orçamento anual para o exercício de 2024 e dá outras providencias, não foi possível executar todo o planejamento previsto para o quadrimestre.","Reavaliar o planeja para o restante do exercício e verificar com a gestão, quais as melhores medidas a serem adotadas para minimizar os danos causados.",2024,2,Restrição,2024,2
284,4988,23015,2117,2266,ORC04,Contingenciamento Orçamentário.,"Com a publicação do Decreto nº 29.321, de 25 de Julho de 2024, o qual institui o contingenciamento do orçamento anual para o exercício de 2024 e dá outras providencias, não foi possível executar todo o planejamento previsto para o quadrimestre.","Reavaliar o planeja para o restante do exercício e verificar com a gestão, quais as melhores medidas a serem adotadas para minimizar os danos causados.",2024,2,Restrição,2024,2
285,4987,23013,2115,2093,ORC04,Contingenciamento Orçamentário.,"Com a publicação do Decreto nº 29.321, de 25 de Julho de 2024, o qual institui o contingenciamento do orçamento anual para o exercício de 2024 e dá outras providencias, não foi possível executar todo o planejamento previsto para o quadrimestre.","Reavaliar o planeja para o restante do exercício e verificar com a gestão, quais as melhores medidas a serem adotadas para minimizar os danos causados.",2024,2,Restrição,2024,2
286,5205,15020,2174,2064,GER03,Mudança na equipe gerencial.,"Troca da Coordenação sem critério técnico, acarretando no acumulo total das demandas da CTI, a partir de 11/03/2024 até a recondução ao Cargo do atual Coordenador.",Designar técnicos com capacidade para desenvolver os projetos da ação. ,2024,2,Restrição,2024,2
287,5205,15020,2174,2064,GER10,Outras (especificar).,"Falta de Experiência com a gestão interna de processo, acumulando mais de 100 processos no período de março a julho (mesmo período da troca da gestão sem critério).",Focar no acompanhamento dos projetos e designar gestores com capacidade técnica.,2024,2,Restrição,2024,2
288,5205,15020,2174,2064,INS08,Outras (especificar).,"Ausência de Coordenador (não nomeado) por aproximadamente 15 dias, acarretando em acúmulos expansivos.","Nomear de imediato os cargos de chefia, logo que ocorra a exoneração.",2024,2,Restrição,2024,2
289,5205,15020,2174,2064,LIC05,Apresentação de recursos ou impugnação do certame.,"Em alguns processos existem recursos, o que é preciso desprender tempo para análise.
",Capacitar equipe para da suporte em certames licitatórios.,2024,2,Restrição,2024,2
290,5205,15020,2174,2064,TEC03,Outras (especificar).,"Atraso nas atividades críticas, que impactam em todo o órgão, da falta de normatização do horário da CTI, que possui atividades noturnas pré-definidas e impossíveis de realização no horário das 07:00 às 00:00.",Propor projeto com adequação de horário especifico.,2024,2,Restrição,2024,2
291,5287,11005,1015,2096,ORC04,Contingenciamento Orçamentário.,"No final de julho de 2024 ocorreu a publicação do Decreto Estadual de 25 de julho de 2024, que estabelece o contingenciamento de R$ 256.349.487,42 das dotações orçamentárias autorizadas na Lei Orçamentária de 2024, torna-se necessária a suspensão de determinadas despesas no âmbito da Administração Pública Estadual. Tal medida decorre da frustração de receitas apuradas até o terceiro bimestre de 2024, o que resultou na necessidade de limitar o empenho e a movimentação financeira para preservar o equilíbrio fiscal do Estado de Rondônia.
Assim, a impossibilidade de realização de despesas orçamentárias implica diretamente no não alcance das metas físicas estabelecidas em diversos programas governamentais, uma vez que as ações previstas dependem dos recursos contingenciados. A execução dessas metas ficará comprometida até que haja recomposição das receitas e a retomada da capacidade de investimento, conforme determinado pelo § 3º do art. 57 da Lei nº 5.584, de 2023 (LDO 2024). Neste cenário, as ações e programas que não afetam diretamente a prestação de serviços essenciais deverão ser adiados ou reavaliados para não comprometer o planejamento de longo prazo do Estado.
Portanto, a não realização de despesas e o consequente não alcance de algumas metas físicas justificam-se pela necessidade de contenção e otimização dos gastos públicos, respeitando os limites impostos pela Lei de Responsabilidade Fiscal (LC 101/2000), que visa assegurar o equilíbrio entre receitas e despesas públicas. A prudência fiscal é necessária até que o cenário econômico permita a retomada da capacidade de investimento, garantindo, assim, a responsabilidade na gestão do orçamento e a sustentabilidade financeira do Estado.","O contingenciamento orçamentário ocorre quando há insuficiência nas receitas previstas para a execução das despesas. Esse procedimento tem como objetivo garantir o equilíbrio orçamentário, ou seja, alinhar a execução das despesas com a efetiva disponibilidade de recursos.
Nesse contexto, o contingenciamento orçamentário representa uma ameaça externa, sobre a qual a unidade gestora não tem controle. Para superar essa limitação, a Controladoria Geral do Estado realizou um levantamento detalhado das despesas, classificando-as como essenciais ou não essenciais. A partir dessa análise, os gastos foram reordenados, com prioridade para ações que geram maior impacto institucional e são fundamentais para o cumprimento da missão da instituição.",2024,2,Restrição,2024,2
292,5283,11005,1015,4000,ORC04,Contingenciamento Orçamentário.,"Com a publicação do Decreto Estadual de 25 de julho de 2024, que estabelece o contingenciamento de R$ 256.349.487,42 das dotações orçamentárias autorizadas na Lei Orçamentária de 2024, torna-se necessária a suspensão de determinadas despesas no âmbito da Administração Pública Estadual. Tal medida decorre da frustração de receitas apuradas até o terceiro bimestre de 2024, o que resultou na necessidade de limitar o empenho e a movimentação financeira para preservar o equilíbrio fiscal do Estado de Rondônia.
O decreto prevê a suspensão de celebração de novos contratos, excetuando serviços públicos essenciais e algumas áreas específicas, como saúde, educação, segurança pública, e meio ambiente, que são cruciais para a continuidade dos serviços ao cidadão. Além disso, a realização de novas obras, contratações de terceirizados e a concessão de reajustes salariais também foram limitadas, excetuando casos amparados por decisões judiciais ou reposições essenciais.
A impossibilidade de realização de despesas orçamentárias implica diretamente no não alcance das metas físicas estabelecidas em diversos programas governamentais, uma vez que as ações previstas dependem dos recursos contingenciados. A execução dessas metas ficará comprometida até que haja recomposição das receitas e a retomada da capacidade de investimento, conforme determinado pelo § 3º do art. 57 da Lei nº 5.584, de 2023 (LDO 2024). Neste cenário, as ações e programas que não afetam diretamente a prestação de serviços essenciais deverão ser adiados ou reavaliados para não comprometer o planejamento de longo prazo do Estado.
Portanto, a não realização de despesas e o consequente não alcance de algumas metas físicas justificam-se pela necessidade de contenção e otimização dos gastos públicos, respeitando os limites impostos pela Lei de Responsabilidade Fiscal (LC 101/2000), que visa assegurar o equilíbrio entre receitas e despesas públicas. A prudência fiscal é necessária até que o cenário econômico permita a retomada da capacidade de investimento, garantindo, assim, a responsabilidade na gestão do orçamento e a sustentabilidade financeira do Estado.","O contingenciamento orçamentário ocorre quando há insuficiência nas receitas previstas para a execução das despesas. Esse procedimento tem como objetivo garantir o equilíbrio orçamentário, ou seja, alinhar a execução das despesas com a efetiva disponibilidade de recursos.
Nesse contexto, o contingenciamento orçamentário representa uma ameaça externa, sobre a qual a unidade gestora não tem controle. Para superar essa limitação, a Controladoria Geral do Estado realizou um levantamento detalhado das despesas, classificando-as como essenciais ou não essenciais. A partir dessa análise, os gastos foram reordenados, com prioridade para ações que geram maior impacto institucional e são fundamentais para o cumprimento da missão da instituição.",2024,2,Restrição,2024,2
293,5366,21001,2165,1625,POL03,Projeto de lei em tramitação.,"Encaminhamos o processo 0033.006125/2024-41 para solicitação de suplementação orçamentária no mês de Fevereiro, onde a mensagem do projeto de lei foi protocolada em Abril e autorização foi realizada em Setembro pela LEI N° 5.871, DE 12 DE SETEMBRO DE 2024.","Os gestores superiores terem uma reunião de alinhamento com os parlamentares, a fim de explicar a importância da disponibilização dos tais recursos. Tendo em vista que o recurso é da união, tem diversos projetos em andamento e o financeiro consta em conta. ",2024,2,Restrição,2024,2
294,5474,11005,2190,2359,ORC04,Contingenciamento Orçamentário.,"A execução desta ação foi prejudicada com a publicação do Decreto Estadual de 25 de julho de 2024, que estabelece o contingenciamento de R$ 256.349.487,42 das dotações orçamentárias autorizadas na Lei Orçamentária de 2024, torna-se necessária a suspensão de determinadas despesas no âmbito da Administração Pública Estadual. Tal medida decorre da frustração de receitas apuradas até o terceiro bimestre de 2024, o que resultou na necessidade de limitar o empenho e a movimentação financeira para preservar o equilíbrio fiscal do Estado de Rondônia.
O decreto prevê a suspensão de celebração de novos contratos, excetuando serviços públicos essenciais e algumas áreas específicas, como saúde, educação, segurança pública, e meio ambiente, que são cruciais para a continuidade dos serviços ao cidadão. Além disso, a realização de novas obras, contratações de terceirizados e a concessão de reajustes salariais também foram limitadas, excetuando casos amparados por decisões judiciais ou reposições essenciais.
A impossibilidade de realização de despesas orçamentárias implica diretamente no não alcance das metas físicas estabelecidas em diversos programas governamentais, uma vez que as ações previstas dependem dos recursos contingenciados. A execução dessas metas ficará comprometida até que haja recomposição das receitas e a retomada da capacidade de investimento, conforme determinado pelo § 3º do art. 57 da Lei nº 5.584, de 2023 (LDO 2024). Neste cenário, as ações e programas que não afetam diretamente a prestação de serviços essenciais deverão ser adiados ou reavaliados para não comprometer o planejamento de longo prazo do Estado.
Portanto, a não realização de despesas e o consequente não alcance de algumas metas físicas justificam-se pela necessidade de contenção e otimização dos gastos públicos, respeitando os limites impostos pela Lei de Responsabilidade Fiscal (LC 101/2000), que visa assegurar o equilíbrio entre receitas e despesas públicas. A prudência fiscal é necessária até que o cenário econômico permita a retomada da capacidade de investimento, garantindo, assim, a responsabilidade na gestão do orçamento e a sustentabilidade financeira do Estado.","O contingenciamento orçamentário ocorre quando há insuficiência nas receitas previstas para a execução das despesas. Esse procedimento tem como objetivo garantir o equilíbrio orçamentário, ou seja, alinhar a execução das despesas com a efetiva disponibilidade de recursos.
Nesse contexto, o contingenciamento orçamentário representa uma ameaça externa, sobre a qual a unidade gestora não tem controle. Para superar essa limitação, a Controladoria Geral do Estado realizou um levantamento detalhado das despesas, classificando-as como essenciais ou não essenciais. A partir dessa análise, os gastos foram reordenados, com prioridade para ações que geram maior impacto institucional e são fundamentais para o cumprimento da missão da instituição.

",2024,2,Restrição,2024,2
295,5477,11005,2190,2361,ORC04,Contingenciamento Orçamentário.,"Com a publicação do Decreto Estadual de 25 de julho de 2024, que impôs o contingenciamento de R$ 256.349.487,42 das dotações orçamentárias autorizadas na Lei Orçamentária de 2024, tornou-se necessário suspender determinadas despesas no âmbito da Administração Pública Estadual.
Essa medida foi adotada devido à frustração de receitas apuradas até o terceiro bimestre de 2024, o que demandou limitar o empenho e a movimentação financeira para preservar o equilíbrio fiscal do Estado de Rondônia. 
A impossibilidade de realização de despesas orçamentárias implica diretamente no não alcance das metas físicas estabelecidas em diversos programas governamentais, uma vez que as ações previstas dependem dos recursos contingenciados. A execução dessas metas ficará comprometida até que haja recomposição das receitas e a retomada da capacidade de investimento, conforme determinado pelo § 3º do art. 57 da Lei nº 5.584, de 2023 (LDO 2024). Neste cenário, as ações e programas que não afetam diretamente a prestação de serviços essenciais deverão ser adiados ou reavaliados para não comprometer o planejamento de longo prazo do Estado.
Portanto, a não realização de despesas e o consequente não alcance de algumas metas físicas justificam-se pela necessidade de contenção e otimização dos gastos públicos, respeitando os limites impostos pela Lei de Responsabilidade Fiscal (LC 101/2000), que visa assegurar o equilíbrio entre receitas e despesas públicas. A prudência fiscal é necessária até que o cenário econômico permita a retomada da capacidade de investimento, garantindo, assim, a responsabilidade na gestão do orçamento e a sustentabilidade financeira do Estado.","O contingenciamento orçamentário ocorre quando há insuficiência nas receitas previstas para a execução das despesas. Esse procedimento tem como objetivo garantir o equilíbrio orçamentário, ou seja, alinhar a execução das despesas com a efetiva disponibilidade de recursos.
Nesse contexto, o contingenciamento orçamentário representa uma ameaça externa, sobre a qual a unidade gestora não tem controle. Para superar essa limitação, a Controladoria Geral do Estado realizou um levantamento detalhado das despesas, classificando-as como essenciais ou não essenciais. A partir dessa análise, os gastos foram reordenados, com prioridade para ações que geram maior impacto institucional e são fundamentais para o cumprimento da missão da instituição.

",2024,2,Restrição,2024,2
296,5368,21001,2165,1626,POL03,Projeto de lei em tramitação.,"Encaminhamos o processo 0033.006125/2024-41 para solicitação de suplementação orçamentária no mês de Fevereiro, onde a mensagem do projeto de lei foi protocolada em Abril e autorização foi realizada em Setembro pela LEI N° 5.871, DE 12 DE SETEMBRO DE 2024.","Os gestores superiores terem uma reunião de alinhamento com os parlamentares, a fim de explicar a importância da disponibilização dos tais recursos. Tendo em vista que o recurso é da união, tem diversos projetos em andamento e o financeiro consta em conta. ",2024,2,Restrição,2024,2
297,5364,21001,2165,4076,POL03,Projeto de lei em tramitação.,"Encaminhamos o processo 0033.006125/2024-41 e 0033.006263/2024-21 para solicitação de suplementação orçamentária no mês de Fevereiro, onde a mensagem do projeto de lei foi protocolada em Abril e autorização foi realizada em Setembro pela LEI N° 5.871, DE 12 DE SETEMBRO DE 2024.","Os gestores superiores terem uma reunião de alinhamento com os parlamentares, a fim de explicar a importância da disponibilização dos tais recursos. Tendo em vista que o recurso é da união, tem diversos projetos em andamento e o financeiro consta em conta. ",2024,2,Restrição,2024,2
298,5086,23001,2175,1348,LIC03,Procedimento licitatório burocrático.,"A burocracia excessiva no trato com o Banco do Brasil para formulação da Gestão Condominial dos empreendimentos residenciais comprometem a eficiência e celeridades das entregas pelo ente público, gerando atrasos e desinteresse por parte dos fornecedores, além de impactar negativamente a qualidade dos serviços prestados. ","- Agilidade na Contratação de Serviços: A burocracia excessiva pode atrasar a contratação dos serviços essenciais à população. 

- Economia de Recursos: Processos mais simples e diretos podem reduzir os custos administrativos, permitindo que mais recursos sejam direcionados para melhorias no condomínio.",2024,2,Restrição,2024,2
299,5365,15017,1015,4000,ORC06,Demora na tramitação de crédito adicional.,A demora na aprovação do orçamento anual do Fundo Estadual de Segurança Pública é tida como uma restrição que ocasiona prejuízo cuja consequência é a baixa execução das ações. No ano de 2024 o orçamento foi publicado no dia 23/04/2024 por meio do Decreto nº 29.053/2024,"	
Prioridade na tramitação na SEPOG, COGES e DITEL dos procedimentos administrativos dos orçamentos referentes aos Fundos em que haja financeiro disponível",2024,2,Restrição,2024,2
300,5327,15017,2166,1276,ORC06,Demora na tramitação de crédito adicional.,A demora na aprovação do orçamento anual do Fundo Estadual de Segurança Pública é tida como uma restrição que ocasiona prejuízo cuja consequência é a baixa execução das ações. No ano de 2024 o orçamento foi publicado no dia 23/04/2024 por meio do Decreto nº 29.053/2024,Proposta,2024,2,Restrição,2024,2
301,5341,15017,2166,1381,ORC06,Demora na tramitação de crédito adicional.,A demora na aprovação do orçamento anual do Fundo Estadual de Segurança Pública é tida como uma restrição que ocasiona prejuízo cuja consequência é a baixa execução das ações. No ano de 2024 o orçamento foi publicado no dia 23/04/2024 por meio do Decreto nº 29.053/2024,Proposta,2024,2,Restrição,2024,2
302,5342,15017,2166,2176,ORC07,"Dificuldade na obtenção de créditos orçamentários adicionais (suplementares, especiais ou extraordinários).",A demora na aprovação do orçamento anual do Fundo Estadual de Segurança Pública é tida como uma restrição que ocasiona prejuízo cuja consequência é a baixa execução das ações. No ano de 2024 o orçamento foi publicado no dia 23/04/2024 por meio do Decreto nº 29.053/2024,Proposta,2024,2,Restrição,2024,2
303,5343,15017,2166,2237,ORC06,Demora na tramitação de crédito adicional.,A demora na aprovação do orçamento anual do Fundo Estadual de Segurança Pública é tida como uma restrição que ocasiona prejuízo cuja consequência é a baixa execução das ações. No ano de 2024 o orçamento foi publicado no dia 23/04/2024 por meio do Decreto nº 29.053/2024,Proposta,2024,2,Restrição,2024,2
304,5344,15017,2166,2269,ORC06,Demora na tramitação de crédito adicional.,A demora na aprovação do orçamento anual do Fundo Estadual de Segurança Pública é tida como uma restrição que ocasiona prejuízo cuja consequência é a baixa execução das ações. No ano de 2024 o orçamento foi publicado no dia 23/04/2024 por meio do Decreto nº 29.053/2024,Proposta,2024,2,Restrição,2024,2
305,5344,15017,2166,2269,ORC09,Outras (especificar).,"O Fundo Estadual de Segurança Pública de Rondônia recebe recursos oriundos do Fundo Nacional de Segurança Pública, modalidade fundo a fundo. 
Trata-se de transferência obrigatória recebida anualmente para serem aplicados em três áreas temáticas: Enfrentamento a Violência Contra a Mulher, Redução de Mortes Violentas Intencionais e Melhoria da Qualidade de Vida dos Profissionais de Segurança Pública e cujos valores devem ser executados em 02 anos (execução bienal) por tratarem-se de projetos voltados ao cumprimento da política nacional de segurança pública. 
Tal situação apresenta discrepância ao modelo orçamentário que vigora no Estado de Rondônia (execução orçamentária anual). O que é fator que influência diretamente no desempenho da execução orçamentária dos programas desta Unidade Gestora.","Considerando o prazo de execução bienal, a métrica razoável para análise da execução seria no valor equivalente a 50% dos recursos disponibilizados. ",2024,2,Restrição,2024,2
306,5569,19025,2024,4162,OUT02,Outras (especificar).,"Considerando o DECRETO N° 29.321, DE 25 DE JULHO DE 2024 na qual institui o contingenciamento do orçamento anual para o
Exercício de 2024,  em razão da frustração de receitas apuradas. "," Dar continuidade ao processo que viabilizar a contratação temporária em atividades finalísticas, após retorno da capacidade financeira e o equilíbrio fiscal do Estado. ",2024,2,Restrição,2024,2
307,4966,15014,2103,1276,LIC03,Procedimento licitatório burocrático.,Não finalização dos processos de aquisição devido aos processos de equipamentos operacionais e administrativos serem específicos para uso no serviço bombeiro militar.,"Estamos comprometidos em fazer o com os processos licitatórios acorram com mais celeridade, dessa forma uma sugestão é a continuação de capacitação dos servidores responsáveis pelas compras.",2024,2,Restrição,2024,2
308,5134,17033,2109,4092,ORC07,"Dificuldade na obtenção de créditos orçamentários adicionais (suplementares, especiais ou extraordinários).","A demora na liberação do orçamento previsto para essa ação só ocorreu em julho/2024, ocasionando uma reestruturação do planejamento das ações educativas previstas inicialmente com os gestores municipais/ RO. Foram executadas mais atividades na capital em razão da maior articulação da equipe técnica e capacidade de execução junto as unidades de saúde demandantes.   ",Realizar reuniões técnicas junto a SESAU e SEPOG para viabilizar para o próximo ano a liberação mais antecipada do orçamento.,2024,2,Restrição,2024,2
309,5070,15004,2103,1276,ORC03,Insuficiência de recursos alocados na Lei Orçamentária.,"Alteração orçamentária feita nesta ação a fim de atender as necessidades da corporação com despesas de custeio. Nesse contexto, após aprovação da Lei nº 5.733, de 9 de janeiro de 2024 - Lei Orçamentária Anual, a qual prevê a receita e fixa a despesa, fixou-se como orçamento disponível de despesas corrente o valor total de R$ 8.455.847,00 (oito milhões, quatrocentos e cinquenta e cinco mil oitocentos e quarenta e sete reais), ou seja, com redução de cerca de 47% do que fora previsto por esta Corporação.","Valores estimados necessários à manutenção UG 15004 com Despesas Correntes no valor total superior a R$ 15.760.000,00 (quinze milhões setecentos e sessenta mil reais), a fim de que possamos cumpri o previsto por esta Corporação.",2024,2,Restrição,2024,2
310,5135,17033,2109,4093,ORC07,"Dificuldade na obtenção de créditos orçamentários adicionais (suplementares, especiais ou extraordinários).","A demora na liberação do orçamento previsto para essa ação só ocorreu em julho/2024, ocasionando uma reestruturação do planejamento das ações educativas previstas inicialmente com os gestores municipais/ RO. Foram executadas mais atividades na capital em razão da maior articulação da equipe técnica e capacidade de execução junto as unidades de saúde demandantes.   ",Realizar reuniões técnicas junto a SESAU e SEPOG para viabilizar para o próximo ano a liberação mais antecipada do orçamento.,2024,2,Restrição,2024,2
311,5133,17033,2109,4094,INS08,Outras (especificar).,Nesse 2° quadrimestre não foi implementado o programa de bolsas para novos profissionais. Estamos aguardando a criação do conselho de governança  do IESPRO para discussão dos processos de trabalho dos programas de bolsas,Elaboração do plano de trabalho junto aos setores envolvidos na execução.,2024,2,Restrição,2024,2
312,4700,19023,2096,2634,LIC06,Outras (especificar).,"As licitações planejadas para suprir os materiais de consumo não ocorreram a contento, impactando na execução orçamentária.",Melhorar os processos licitatórios,2024,2,Restrição,2024,2
313,5261,15005,2182,1637,ADM14,Outras (especificar).,"O processo está no CPOFORÇAMENTO, aguardando: 0021.475774/2020-02 (procedimentos administrativos);
O processo está  na DAAL: 0021.058331/2023-95 (fase de recebimento)",Sem sugestão por se trata de questão administrativa de rito processual.,2024,2,Restrição,2024,2
314,5254,15005,2182,4119,ADM14,Outras (especificar).,"Os Processos estão na DOFDGP, em andamento para o período de contrato: 0021.003798/2024-89, 0021.003890/2024-49 (Serviços de Impressões para Polícia Militar - RO);
O processo está na CPOLICITAÇÕES: 0021.133207/2022-35 (procedimentos administrativos).
",Sem sugestão por se trata de questão administrativa de rito processual.,2024,2,Restrição,2024,2
315,5255,15005,2182,4120,ADM14,Outras (especificar).,"O processo está, na DAALALMOX, aguardando: 0021.020632/2024-27 (procedimentos administrativos).",Sem sugestão por se trata de questão administrativa de rito processual.,2024,2,Restrição,2024,2
316,5259,15005,2182,4122,ADM14,Outras (especificar).,"Os processos estão na DOF: 0021.000784/2024-11 COMBUSTÍVEL, 0021.000738/2024-12 MANUTENÇÃO DE VIATURAS (procedimentos administrativos).","Prioridade de planejamento, conforme Plano de Contratações Anuais.",2024,2,Restrição,2024,2
317,5256,15005,1015,4000,ADM14,Outras (especificar).,"O processo está na Diretora de orçamentos e Finanças: 0021.004181/2024-81 (prorrogação de prazo).
O processo está na CPOF-Licitações: 0021.025938/2024-70 (Procedimentos Administrativos);",Sem sugestão por se trata de questão administrativa de rito processual.,2024,2,Restrição,2024,2
318,5258,15005,1015,2087,ADM14,Outras (especificar).,"Os processos estão no CPOF: 0021.022801/2024-63, 0021.053269/2024-26, 0021.055956/2024-86, 0037.008602/2023-92, 0021.020627/2024-14, 0021.038359/2024-97, 0021.051326/2024-32, 0021.051338/2024-67 (procedimentos administrativos); 0021.009898/2021-76 Passagens Aéreas, (conforme solicitações), 0021.004796/2024-15 (Kits lanches, conforme operações militares);
Os processos estão na CPOFLICITAÇÕES, 0021.051289/2024-62, 0021.051328/2024-21 (procedimentos licitatórios);
Os processos estão DOFDGP no 0021.049053/2024-66,0021.052973/2024-61 (procedimentos administrativos)
 ","Prioridade de planejamento, conforme Plano de Contratações Anuais.",2024,2,Restrição,2024,2
319,5251,15005,2182,4118,ADM14,Outras (especificar).,"O processo está na CPOF: 0021.027554/2024-91, (procedimentos administrativos);
Os processos estão na CPOFLICITAÇÕES: 050926/2024-83, 0021.050699/2024-96 (procedimentos administrativos);",Sem sugestão por se trata de questão administrativa de rito processual.,2024,2,Restrição,2024,2
320,4688,02001,2146,2538,OUT02,Outras (especificar).,Não se aplica.,Não há.,2024,2,Restrição,2024,2
321,5230,13006,1015,2087,ADM14,Outras (especificar).,"Empenhamento de UST - Falta de execução e atendimento das demandas por parte da empresa, sendo assim, não havendo a execução, perderíamos a montante de R$ 841.253,79 (oitocentos e quarenta e mil duzentos e cinquenta e três reais e setenta e nove centavos), considerando que o saldo é de exercício anterior, o qual não conseguiu realizar o cancelamento para posterior remanejamento.
Digitalização de documentos – SEI n.º 0031.003212/2024-67 - o processo se encontra em fase preparatório de Estudo Técnico e Termo, com valor estimado para contratação é de R$ 600.000,00.
Nó de servidores - SEI n.º 0031.001124/2024-21 - Solicitação de Autorização para a aquisição de Nó de Servidor Hiperconvergente All Flash para Integração dos Sistemas e-Estado e Governa. Porém, uma vez que esta SEGEP/RO não tem servidor com conhecimento técnico especializado acerca de Hadwares, softwares entre outros equipamentos que se enquadram na área de Tecnologia da Informação solicitou a SETIC informações técnicas acerca do produto a ser adquirido em 01/03/2024, obtendo retorno em 16/09/204 onde impossibilitou a execução neste Quadrimestre.
Compras de computadores 0031.001318/2024-26 o Processo está em fase de Adesão a Ata, por isso não será executado desse Quadrimestre
Switch – SEI n.º 0031.005953/2023-00 - A contratação inicial teve o intuito de agilidade na aquisição, porém não houve êxito devido o preço cotado pelo fornecedor estar divergente com o praticado no mercado. E na época não havia Ata Vigente para aquisição do material requerido. Sendo assim estamos no aguardo de autorização de uma nova de Adesão de Ata da SUPEL/RO.

",Para o próximo Quadrimestre esperamos que as etapas dos Processos acima citados sejam executados com maior agilidade,2024,2,Restrição,2024,2
322,5232,13006,2097,1382,ADM14,Outras (especificar).,"A ação foi criada para fins de contratação para processo seletivo, para provimento de cargos efetivos, porém não houve nenhuma demanda no exercício de 2024 e com isso posteriormente iremos remanejar o valor para outra ação para ser usado.",Remanejar orçamento.,2024,2,Restrição,2024,2
323,4871,02001,1011,2542,OUT02,Outras (especificar).,As ações de capacitação planejadas para os servidores não foram executadas conforme previsto no quadrimestre devido a reorganização administrativa e novas priorizações.,"Um sistema de monitoramento contínuo das capacitações deverá ser estabelecido para garantir a execução conforme o novo cronograma e avaliação periodica do impacto das capacitações realizadas, ajustando estratégias conforme necessário.",2024,2,Restrição,2024,2
324,4869,02001,1011,2101,OUT02,Outras (especificar).,Não há,Não há,2024,2,Restrição,2024,2
325,5113,30011,1009,2531,ADM14,Outras (especificar).,Houve restrição administrativa no processo de Aquisição de Condicionadores de Ar (tempo de tramitação do processo e necessidade de ajustes no termo de referência) os quais impediram a aquisição do produto.,Sugere-se capacitação dos servidores envolvidos.,2024,2,Restrição,2024,2
326,5011,11007,1015,1490,ADM02,Atividades dependentes de articulação com outras unidades administrativas.,"Conforme informações constantes do Processo SEI nº 0035.002377/2024-81, em especial o Despacho 0052593349, verificamos que a SEGEP está realizando estudos para verificar a possibilidade ou não de implementação do indicado na Análise Técnica 12 (0049132092). Cumpre esclarecer que as medidas necessárias foram adotadas por esta SETIC, dependendo apenas da operacionalização da demanda pelo órgão competente para tanto.","Acompanhamento dos desdobramentos das tratativas do Processo SEI nº 0035.002377/2024-81 e, eventual, reunião de alinhamento entre as unidades envolvidas.",2024,2,Restrição,2024,2
327,5055,21001,2102,2237,LIC03,Procedimento licitatório burocrático.,Alguns processos de aquisições atualmente se encontram na SUPEL devido a morosidade na tramitação licitatória. ,Celeridade na superintendência de licitação. ,2024,2,Restrição,2024,2
328,5058,19014,2095,1196,ADM02,Atividades dependentes de articulação com outras unidades administrativas.,"No atual quadrimestre, a execução das atividades previstas no Plano Plurianual (PPA) foi impactada pela dependência de algumas ações realizadas por outras unidades administrativas. Especificamente, a elaboração de projetos arquitetônicos e executivos das obras das unidades de Porto Velho e Primavera de Rondônia que estão prevista para o atual ano de 2024 e está sob a responsabilidade da SEOSP (Secretaria de Estado de Obras e Serviços Públicos), que possui outras demandas a serem atendidas. Isso resultou em atrasos na entrega desses projetos, comprometendo o cronograma inicialmente planejado para a execução das obras, especialmente a da unidade de Porto Velho, que possui grande dimensão e importância estratégica para este exercício de 2024. Além disso, a demora na finalização e aprovação dos projetos afeta a alocação de recursos e o planejamento das etapas subsequentes, refletindo diretamente no baixo índice de execução reportado neste quadrimestre.","Para evitar futuros atrasos e garantir que o cronograma das obras da IDARON seja cumprido conforme planejado, estamos realizando um processo para contratação de uma empresa especializada em projetos de arquitetura e engenharia 0015.006256/2024-47. Essa medida visa assegurar a elaboração eficiente dos próximos projetos de reformas e construções, evitando assim a dependência exclusiva da SEOSP. Infelizmente, essa mudança foi necessária devido à recorrente demora na entrega dos projetos pela SEOSP, o que afeta diretamente nosso planejamento e execução.
Com a contratação de uma empresa especializada, esperamos:
- Redução de Atrasos: Agilizar a elaboração e entrega dos projetos, minimizando atrasos e permitindo o início das obras conforme previsto.
- Alinhamento do Cronograma: Manter um cronograma de execução alinhado, com etapas definidas e controladas diretamente por nossa unidade, assegurando maior eficiência na gestão e acompanhamento das obras.
- Autonomia na Gestão dos Projetos: Ter maior controle sobre os prazos e qualidade dos projetos, sem depender de outras unidades administrativas para o cumprimento das metas estabelecidas no PPA.",2024,2,Restrição,2024,2
329,5055,21001,2102,2237,ORC04,Contingenciamento Orçamentário.,"Tendo em vista o Decreto nº 29.321 de 25 de julho de 2024, onde Institui o contingenciamento do Orçamento Anual para o
Exercício de 2024, não conseguimos utilizar a Ata de Registro de Preço nº 181/2024 publicada durante 2° quadrimestre. ","Não há, pois a motivação do contingenciamento é externo. ",2024,2,Restrição,2024,2
330,5096,11007,2074,1000,ORC03,Insuficiência de recursos alocados na Lei Orçamentária.,Os recursos alocados na LOA 2024 são insuficientes para realização do projeto.,Realização de suplementação orçamentária.,2024,2,Restrição,2024,2
331,4681,02001,2147,2523,OUT02,Outras (especificar).,A execução está ocorrendo dentro do programado. Não tem nenhum fato que impeça ou retarde a implementação dessa ação.,Os plano de trabalhos estão em execução aguardando o momento oportuno para efetuar os repasses do recursos na forma prevista no instrumento de convênio.,2024,2,Restrição,2024,2
332,4684,02001,1010,1221,OUT02,Outras (especificar).,"A baixa execução orçamentária no período em questão está diretamente relacionada à fase processual de aquisições de TI. Os processos referentes à aquisição de bens encontram-se autuados, sendo que alguns já foram concluídos, como a aquisição da Solução de segurança de rede Palo Alto ""NGFW"", que inclui softwares e equipamentos, e as licenças da solução Openshift para gerenciamento de microserviços. Entretanto, outros itens, como workstations, desktops, scanners, SSDs e licenças do software Windows Server, estão com a fase de planejamento finalizada e foram encaminhados à SELIC para continuidade do processo de contratação. Vale ressaltar que, por serem empenhos ordinários, o valor integral será liquidado após a entrega dos ativos.","1. Capacitação: Investir em treinamentos direcionados ao planejamento e execução de processos de contratação voltados à área de TI, visando maior eficiência na execução.
2. Revisão de Fluxos: Realizar uma revisão dos procedimentos de contratação no âmbito da SETIC, identificando gargalos e otimizando os fluxos operacionais.
3. Ampliação da Força de Trabalho: Aumentar o número de servidores capacitados para atuar nos processos de contratação, buscando reduzir prazos e aumentar a celeridade na tramitação das demandas.",2024,2,Restrição,2024,2
333,4682,02001,1010,1421,OUT02,Outras (especificar).,"A execução orçamentária da ação de reforma e adaptação do edifício anexo III do TCE/RO foi impactada pela fase inicial de contratação da empresa de engenharia responsável. O contrato foi celebrado no dia 30/07/2024, com um prazo de execução estimado de 12 meses, conforme previsto no planejamento inicial das peças orçamentárias. No entanto, o fato do contrato ter sido formalizado apenas no segundo semestre implicou em um atraso na liquidação das despesas, postergando a maior parte da execução financeira para o último quadrimestre de 2024. ","Sugere-se a implementação de um monitoramento contínuo das atividades de execução da contratação, com o objetivo de mitigar eventuais riscos de atrasos no cronograma de execução da reforma. Esse monitoramento permitirá identificar precocemente quaisquer desvios ou obstáculos que possam surgir durante a fase de execução, possibilitando a adoção de medidas corretivas oportunas para garantir o cumprimento dos prazos estabelecidos.",2024,2,Restrição,2024,2
334,4685,02001,1010,2973,OUT02,Outras (especificar).,"A execução orçamentária da ação enfrentou desafios significativos devido à natureza complexa e técnica dos objetos a serem contratados. A necessidade de especificações minuciosas e customizadas, sobretudo em soluções voltadas à segurança da informação e automação de processos, exigiu um tempo adicional para que as etapas de planejamento e contratação fossem adequadamente realizadas. Além disso, a dependência de fornecedores especializados e a tramitação em unidades externas à SETIC foram fatores que contribuíram para a morosidade do processo. Apesar das dificuldades, a SETIC tem se empenhado em garantir que os aspectos contratuais estejam adequados, buscando sempre o alinhamento às melhores práticas de governança de TI e à otimização dos parâmetros técnicos. O processo, embora desafiador, foi conduzido de maneira criteriosa para assegurar que os objetos contratados atendam plenamente às necessidades do Tribunal, com foco na eficiência e segurança operacional.","1. Capacitação: Investir em treinamentos voltados ao planejamento e execução de contratações de objetos de TI.
2. Revisão de Fluxos: Revisar e otimizar os processos de contratação no âmbito da SETIC.
3. Aumento de Pessoal Capacitado: Elevar o número de agentes qualificados para atuar nos processos de contratação, melhorando a eficiência e o tempo de resposta das aquisições.",2024,2,Restrição,2024,2
335,4683,02001,1010,2981,OUT02,Outras (especificar).," A execução orçamentária da ação ""Gerir as Atividades de Natureza Administrativa"" apresentou desempenho um pouco abaixo do esperado, com destaque para o não cumprimento de algumas contratações previstas. Esse desempenho pode ser atribuído a fatores como atrasos no processo de contratação e à liberação gradual de compromissos, realizados conforme o avanço da execução contratual. No início do exercício, são feitos os compromissos com base nos valores anuais dos contratos vigentes, mas a liquidação dessas despesas acontece gradativamente ao longo do período.","Implementar melhorias nos processos internos que não dependam exclusivamente de terceiros, com o objetivo de otimizar o tempo despendido para a realização das contratações. Isso pode incluir a revisão dos procedimentos de aprovação interna, a simplificação da documentação necessária, a automação de tarefas repetitivas e a capacitação da equipe responsável. Ao agilizar esses processos internos, será possível reduzir os atrasos nas contratações e garantir uma execução orçamentária mais eficiente.",2024,2,Restrição,2024,2
336,4686,02011,1220,2640,OUT02,Outras (especificar).,"A reduzida execução orçamentária da ação em questão é, em grande medida, atribuível à estratégia de direcionar a implementação dos planos de capacitação para a Unidade Orçamentária (UO) 02001, Tribunal de Contas do Estado. Essa alocação estratégica foi adotada com base em múltiplas considerações, visando otimizar a utilização dos recursos públicos e maximizar os benefícios para a instituição. Tal abordagem proporciona uma coordenação e controle mais eficientes dos recursos destinados à capacitação, prevenindo duplicidade de esforços e despesas. Além disso, simplifica a avaliação do impacto das capacitações e a análise de resultados, uma vez que todas as atividades relacionadas estão concentradas em uma única unidade. ","Desenvolvimento de Planos de Capacitação Específicos: Propõe-se a elaboração de planos de capacitação específicos, diretamente vinculados à ação orçamentária em foco.",2024,2,Restrição,2024,2
337,4870,02001,1011,4073,OUT02,Outras (especificar).,Não há,Não há,2024,2,Restrição,2024,2
338,5362,03011,1031,4136,ADM14,Outras (especificar).,"A ação orçamentária enfrentou restrições na realização do Concurso Extrajudicial, devido à instituição do Exame Nacional dos Cartórios pelo Conselho Nacional de Justiça (CNJ), por meio da Resolução n. 575/2024. Esse exame passou a ser uma etapa prévia, obrigatória e eliminatória para os concursos extrajudiciais. Dessa forma, tribunais que ainda não haviam publicado edital, como o TJRO, devem aguardar a realização do Exame Nacional, que será aplicado duas vezes por ano pelo próprio CNJ.","Considerando que os próximos editais de concursos extrajudiciais devem aguardar a realização do Exame Nacional pela Corregedoria Nacional de Justiça, o TJRO poderá antecipar as etapas internas do concurso, permitindo que o edital seja publicado de forma ágil após a conclusão do exame.",2024,2,Restrição,2024,2
339,4750,19025,2024,1447,OUT02,Outras (especificar).,"Processo encaminhado para EMATER-PGE, visando realizar a análise da PLANILHA ORÇAMENTÁRIA PARA CADA ITEM ALTERALDO NA PROPOSTA DE ADITIVO ID. 0051877279.

","Monitorar o processo junto aos setores responsáveis, visando dar continuidade a execução.",2024,2,Restrição,2024,2
340,4752,19025,2024,4091,OUT02,Outras (especificar).,Não há restrições,"Dar continuidade aos pagamentos dos auxílios, conforme planejado na Lei Orçamentária Anual 2024.",2024,2,Restrição,2024,2
341,4993,13006,1015,1446,ADM14,Outras (especificar).,Até a presente data consta em nossa folha de pagamento o quantitativo de 26 voluntários contratados e estamos aguardando o chamamento do restante. Tendo o mês de setembro onde a execução se encontra baixa iremos dar destino ao saldo remanescente.,"Caso não seja efetivado a contratação, o valor destinado a essa Ação será remanejada para outros fins.",2024,2,Restrição,2024,2
342,4872,02001,1011,2543,OUT02,Outras (especificar).,Não há,Não há,2024,2,Restrição,2024,2
343,5228,27001,2130,1497,FIN03,Atraso na tramitação e liberação de recursos.,Atraso na liberação de recursos do Termo de Compromisso 424393-19 pelo Ministério das Cidades.,Gestão junto ao Ministério para maiores liberações de recursos para o Termo de Compromisso.,2024,2,Restrição,2024,2
344,5067,18013,2136,1466,OUT02,Outras (especificar).,"Considerando que o Decreto n.° 25.968, de 7 de abril de 2021 em seu caput Art. 5° e inciso I dispõe que a Secretaria de Estado do Desenvolvimento Ambiental será a responsável por realizar a gestão administrativa, financeira e orçamentária do Fundo de Governança Climática e Serviços Ambientais - FUNCLIMA, bem como decidir sobre a aplicação dos recursos deste fundo, observando o disposto no Art. 3° e os critérios de aplicação previamente aprovados pelo Conselho Gestor, considerando que este conselho segue em fase de regulamentação, a ausência de sua implementação resulta na impossibilidade de acesso aos recursos presentes no fundo.","Atualmente a Diretoria é composta por uma diretora, três assessores e um pesquisador CAFIX. Desta forma, o quadro técnico até o momento está reduzido, sendo um fator limitante para o devido fluxo de trabalho para implementação e regulamentação da Lei Estadual n.° 4.437/2018 (PGSA e SGSA). Portanto, por se tratar de uma Política de Estado com atuação transversal para além da própria Sedam, requer atenção nas demandas e força maior para sinergia entre as secretarias para o alcance do objetivo maior desta lei que é à mitigação das mudanças climáticas por meio da redução das emissões de gases de efeito estufa no Estado de Rondônia.",2024,2,Restrição,2024,2
345,4719,14023,1000,2064,LIC03,Procedimento licitatório burocrático.,"Contratação de Empresa de bilhetagem para serviços em nuvem (Computação em nuvem), conforme processo SEI 0016.000153/2024-63. Restou a análise jurídica dos trâmites processuais. Assim, observou-se o atraso para celebração do contrato, restando saldo orçamentário para o planejamento que estava previsto da contratação.
Equipamento de videoconferência, o processo está em fase de publicação do edital (0016.003428/2023-30).
Material de redes e Outros materiais de suporte e manutenção, encontra-se em fase de publicação do Edital de Licitação (0016.000498/2024-17)
 Outsourcing de impressão(0016.000049/2024-79), encontra-se em processo de seleção de fornecedor.",Trabalho em conjunto com a Equipe de Compras para mitigação de Erros nos processos que os segues.,2024,2,Restrição,2024,2
346,4719,14023,1000,2064,ADM14,Outras (especificar).,"Consultoria e Assessoria em Segurança da Informação e Solução de refrigeração para ambiente de datacenter. Em reunião de planejamento ficou definido que tais contratações serão realizados no próximo ano, com o intuito de prover aproveitamento orçamentário em outras ações que requerem atendimento imediato",Planejamento para os próximos anos do PPA,2024,2,Restrição,2024,2
347,4719,14023,1000,2064,ORC06,Demora na tramitação de crédito adicional.," Manutenção de Sistema Previdenciário (0016.071903/2022-10) - Restou que a contratação foi realizada em janeiro de 2024, sendo que o valor obtido no certame licitatório foi maior que o planejado. Para atender tal demanda foi solicitado crédito adicional para celebração do contrato. ",Verificar com a diretoria administrativa ações necessárias para solicitação de crédito adicional,2024,2,Restrição,2024,2
348,5377,03011,1018,1642,ADM02,Atividades dependentes de articulação com outras unidades administrativas.,"A ação orçamentária enfrentou restrições na iniciativa de expansão do Numec, que visa implementar um setor de conciliação dentro da Polícia Militar, devido à pendência de resposta e apoio do Comando Geral da Polícia para sua efetivação.","Para superar a restrição, sugere-se fortalecer o alinhamento institucional com o Comando Geral da Polícia, promovendo diálogos constantes e destacando os benefícios mútuos da implementação do setor de conciliação. ",2024,2,Restrição,2024,2
349,4738,15015,1015,2087,ADM14,Outras (especificar).,"Os processos estão no FUMRESPOM, aguardando: 0021.024158/2024-11 (NE na empresa), 0021.045924/2024-72 (Prorrogação de prazo), 0021.054125/2024-97, 0021.059079/2024-12 (Procedimentos Administrativos);
O Processo está na PGE-SESDEC, aguardando: 0021.056969/2024-72 (Contrato).






","Que sejam priorizadas as despesas de Governo, e possíveis agilidades nas análises dos setores competentes.",2024,2,Restrição,2024,2
350,5037,15015,2075,4087,ADM14,Outras (especificar).,"Os processos estão no FUMRESPOM, aguardando: 0021.015036/2024-25, 0021.052316/2024-14, 0021.052649/2024-43 (procedimentos administrativos);









","Que sejam priorizadas as despesas de Governo, e possíveis agilidades nas análises dos setores competentes.",2024,2,Restrição,2024,2
351,4964,23012,2168,2061,ORC04,Contingenciamento Orçamentário.,"Diante do Decreto nº 29.321 de 25 de Julho de 2024, o qual institui o contingenciamento do Orçamento Anual para o Exercício de 2024 no Estado de Rondônia, especificamente no Art. 2º, inciso I, conforme exposto a seguir: Art. 2º Enquanto durar o cenário de frustração de arrecadação até o retorno de capacidade financeira e o equilíbrio fiscal do Estado, para contenção e otimização de despesas no âmbito do Poder Executivo, bem como para fins de limitação de empenho e movimentação financeira, referentes às despesas do orçamento anual para o exercício financeiro de 2024, aprovado pela Lei n° 5.733, de 9 de janeiro de 2024, que “Estima a receita e fixa a despesa do Estado de Rondônia para o exercício financeiro de 2024.”, ficam suspensos:
Considerando o disposto no Art. 57, § 1°, inciso V da LEI n° 5.584, DE 31 DE JULHO DE 2023, que trata sobre as diretrizes para a elaboração da Lei Orçamentária de 2024, bem como as medidas necessárias à limitação orçamentária e Financeira do Poder Executivo, referente a diárias de viagem, de forma proporcional à queda de arrecadação estimada.
Diante disto, ficaram impedidas as ações programadas para o segundo semestre de 2024, sendo atualmente reprogramadas para o terceiro quadrimestre de 2024, sendo-as ações como eventos, reuniões externas da CIT, FONSEAS que ocorrem na capital do Distrito Federal (DF), viagens das equipes estaduais em ações de fortalecimento da gestão do SUAS.","Reavaliar o planejamento para o restante do exercício e verificar com a gestão, quais as medidas a serem adotadas para minimizar os danos causados no período de restrição de gastos públicos com ênfase no Decreto nº 29.321 de 25 de Julho de 2024, o qual limitou significativamente a execução financeira.",2024,2,Restrição,2024,2
352,4980,23012,2168,2349,ORC04,Contingenciamento Orçamentário.,"O contingenciamento imposto pelo Decreto n° 29.321, de 25 de julho de 2024 resultou em uma redução significativa dos recursos financeiros disponíveis, o que impactou diretamente a execução das ações continuadas previstas no planejamento anual com ênfase na realização das 06 oficinas (formato presencial) nos equipamentos das Unidades de Alta Complexidade que ofertam os serviços socioassistenciais Tipificados do SUAS para crianças e adolescentes, nas regionais de Cacoal, Rolim de Moura, Guajará-Mirim, Vilhena etapa II, São Francisco do Guaporé e Jaru.
Em virtude dessa situação, o cronograma das ações originalmente planejadas foi temporariamente suspenso, a fim de atender às novas restrições orçamentárias. 
Logo, as ações continuadas serão readequadas e estão previstas em um novo cronograma para serem implementadas ao longo do 3° quadrimestre, com o objetivo de minimizar os impactos no tocante ao fortalecimento continuado da rede socioassistencial do SUAS nos 52 municípios do estado de Rondônia.
","Reavaliar o planeja para o restante do exercício e verificar com a gestão, quais as melhores medidas a serem adotadas para minimizar os danos causados.",2024,2,Restrição,2024,2
353,4849,11008,1015,2087,ADM02,Atividades dependentes de articulação com outras unidades administrativas.,"Em 15 de janeiro de 2024, foi solicitada a abertura de crédito suplementar de R$ 569.112,14 para cobrir despesas de veiculação de Publicidade Legal, conforme o Contrato nº 331/PGE-2019. A SEPOG aprovou a suplementação em 21 de março de 2024. No entanto, até o final do 2º quadrimestre, a SUGESP não realizou o Termo de Apostilamento necessário, o que impediu a execução orçamentária dos recursos suplementados.",Identificação dos riscos pela unidade que propor alterações contratuais.,2024,2,Restrição,2024,2
354,4849,11008,1015,2087,ORC04,Contingenciamento Orçamentário.,"Em 25 de julho de 2024 foi instituído o contingenciamento do Orçamento Anual para o Exercício de 2024 por meio do Decreto nº 29.321/2024.
Desta forma, algumas execuções de despesas que estavam previstas foram suspensas e atualmente estão sendo reanalisadas, para atendimento do inciso I, Art. 2º do decreto mencionado. ","Em períodos de contingenciamento, é interessante ser informado a proporcionalidade deste impacto para cada unidade gestora.",2024,2,Restrição,2024,2
355,4738,15015,1015,2087,LIC06,Outras (especificar).,"O processo está na SUPEL, aguardando: 0021.039597/2024-10 (Análise e Parecer).","Que sejam priorizadas as despesas de Governo, e possíveis agilidades nas análises dos setores competentes.",2024,2,Restrição,2024,2
356,4658,02001,0000,0163,OUT02,Outras (especificar).,Não houveram demandas que resultassem em execução de despesa nessa ação.,Monitoramento contínuo da ação,2024,2,Restrição,2024,2
357,4659,02001,1019,2854,OUT02,Outras (especificar).,Não há,Não há,2024,2,Restrição,2024,2
358,4680,02001,2147,2539,OUT02,Outras (especificar).,"Estava previsto no PAC, o montante contido no orçamento. Durante o exercício de 2024 houve atrasos na elaboração dos ETP's, TR's e licitação, assim sendo, parte das contratações e execuções previstas na LOA de 2024 ocorrerá no último quadrimestre do ano, além de algumas ações sendo transferidas para 2025. 

    ","Em virtude da necessidade de otimização dos recursos e da eficácia das ações já em execução pelo Tribunal de Contas de Rondônia (TCERO), propõe-se o remanejamento de recursos para fortalecer iniciativas prioritárias. ",2024,2,Restrição,2024,2
359,5037,15015,2075,4087,LIC06,Outras (especificar).,"Os processos estão na SUPEL, aguardando: 0021.039286/2024-51, 0021.039586/2024-30, 0021.042854/2024-09 (procedimentos licitatórios);","Que sejam priorizadas as despesas de Governo, e possíveis agilidades nas análises dos setores competentes.",2024,2,Restrição,2024,2
360,5077,23012,2168,4082,ORC04,Contingenciamento Orçamentário.,"Diante do Decreto nº 29.321 de 25 de Julho de 2024, o qual institui o contingenciamento do Orçamento Anual para o Exercício de 2024 no Estado de Rondônia, especificamente no Art. 2º, inciso I, conforme exposto a seguir: Art. 2º Enquanto durar o cenário de frustração de arrecadação até o retorno de capacidade financeira e o equilíbrio fiscal do Estado, para contenção e otimização de despesas no âmbito do Poder Executivo, bem como para fins de limitação de empenho e movimentação financeira, referentes às despesas do orçamento anual para o exercício financeiro de 2024, aprovado pela Lei n° 5.733, de 9 de janeiro de 2024, que “Estima a receita e fixa a despesa do Estado de Rondônia para o exercício financeiro de 2024.”, ficam suspensos:
Considerando o disposto no Art. 57, § 1°, inciso V da LEI n° 5.584, DE 31 DE JULHO DE 2023, que trata sobre as diretrizes para a elaboração da Lei Orçamentária de 2024, bem como as medidas necessárias à limitação orçamentária e Financeira do Poder Executivo, referente a diárias de viagem, de forma proporcional à queda de arrecadação estimada.
Diante disto, ficaram impedidas as ações de monitoramento da rede socioassistencial programadas para o segundo semestre de 2024, sendo suspensos os monitoramentos nas regionais de Ji-Paraná, Ouro Preto do Oeste, Rolim de Moura e São Francisco do Guaporé, impedindo as ações de monitoramento da rede de equipamentos da assistência social nos municípios dessas regionais do Estado.","Reavaliar o planeja para o restante do exercício e verificar com a gestão, quais as melhores medidas a serem adotadas para minimizar os danos causados.",2024,2,Restrição,2024,2
361,4695,15015,2075,1119,ADM14,Outras (especificar).,"O processo está no FUMRESPOM, aguardando: 0021.021289/2024-38 (procedimentos administrativos).","Que sejam priorizadas as despesas de Governo, e possíveis agilidades nas análises dos setores competentes.",2024,2,Restrição,2024,2
362,4748,19025,2024,2019,OUT02,Outras (especificar).,Não há restrições ,"Continuidade na prestação de Assistência Técnica e Extensão Rural, bem como a disponibilização de insumos, material, máquina e equipamento apropriados ao processo produtivo dos agricultores familiares.",2024,2,Restrição,2024,2
363,4751,19025,2024,4234,OUT02,Outras (especificar).,Não há restrições ,"Dar seguimento a finalidade da ação, realizando os devidos pagamento de pessoal ativo e encargos sociais, conforme estabelecido na LOA 2024. ",2024,2,Restrição,2024,2
364,4696,19025,0000,0112,OUT02,Outras (especificar).,Não há restrições ,Cumprir os pagamentos de Sentenças Judiciais e Administrativas. ,2024,2,Restrição,2024,2
365,4800,19025,0000,0205,OUT02,Outras (especificar).,Não há restrições para o prosseguimento da execuções das demandas. ,Disponibilidade de crédito orçamentário através da fonte 1899000001 - Outros Recursos Vinculados na qual irá proporcionar a continuidade as demandas de despesas referente ao PASEP. ,2024,2,Restrição,2024,2
366,4697,19025,1015,2087,OUT02,Outras (especificar).,Não há restrições.,"Continuidade das execuções orçamentárias, visando assegurar o bom funcionamento e manutenção dos serviços públicos. ",2024,2,Restrição,2024,2
367,4919,17032,1015,4000,ADM08,Pessoal insuficiente para os quadros de gestão e de execução das ações propostas.,"Atualmente apenas o Hemocentro Coordenador possui o núcleo de saúde do trabalhador, sendo necessário instituir em todos os Hemocentros Regionais.","Encontra-se em fase de estudo técnico para viabilidade da reestruturação da Fhemeron, através do processo 0052.002163/2023-16.",2024,2,Restrição,2024,2
368,4799,17032,1015,2096,ADM08,Pessoal insuficiente para os quadros de gestão e de execução das ações propostas.,"Ainda não há uma composição satisfatória para o Núcleo de Educação Permanente e Continuada, sendo o quantitativo de pessoal insuficiente para gestão das atividades voltadas à educação em saúde.","Encontra-se em fase de estudo técnico para viabilidade da reestruturação da Fhemeron, através do processo 0052.002163/2023-16.",2024,2,Restrição,2024,2
369,5058,19014,2095,1196,LIC06,Outras (especificar).,"Descrição "" Correções na fase licitatória""

A construção das unidades de Jaru e Cacoal fazem parte das metas previstas no Plano Plurianual (PPA) para 2024. Essas unidades são de extrema importância para a otimização dos serviços prestados pela nossa instituição. Entretanto, alguns fatores impactaram o andamento dos processos licitatórios, como apontamentos técnicos feitos pela Superintendência de Licitações (SUPEL).
-Em Jaru , o trâmite licitatório teve início em junho de 2024, após a coleta de todas as peças técnicas elaboradas pela SEOSP, que foi responsável pelos projetos executivos. O processo de número 0015.007010/2024-92 encontra-se atualmente em fase de ajustes, devido às correções apontadas pela SUPEL.
-Em Cacoal , o trâmite foi iniciado em maio de 2024. Entretanto, houve a necessidade de realizar correções indicadas pela SUPEL, além de uma atualização das planilhas orçamentárias, o que acarretou em atrasos. Neste momento, o processo está em fase final de configurações para retornar ao SUPEL.

-As unidades constantes no PPA 2024 são essenciais para a ampliação e melhoria dos serviços prestados à população. No entanto, algumas dessas unidades ainda não possuem projetos executivos para que as obras possam ser iniciadas. Diante disso, foi necessário abrir um processo licitatório para contratar os projetos e a execução das obras, processo 0015.006256/2024-47. 

Durante o andamento do processo, foram realizados apontamentos pela SUPEL, os quais estão sendo ajustados. Nesse processo estão todas as unidades que estão no PPA de 2024 a 2027.","Aperfeiçoamento sobre a correta elaboração e ajustes de documentos técnicos, minimizando o número de erros e retrabalhos após a revisão pela SUPEL.
Criar um cronograma com os apontamentos recebibos pela supel para ter um controle que permita identificar possíveis gargalos antes que causem atrasos maiores.",2024,2,Restrição,2024,2
370,5481,11006,2142,1505,OUT02,Outras (especificar).,"1.	O Processo nº 0041.333703/2021-78 encontra-se em execução, as Etapas I e II foram concluídas e para a execução da Etapa III a Fundação Instituto de Administração – FIA, propôs a SEDEC por meio dos  Ofício FIA nº 215 (0038869486) que objetivou discutir as recentes mudanças nos cenários relativos ao gás e suas implicações para a concessão dos serviços de gás encanado em Rondônia, bem como os Ofícios FIA nº 236 (0038869492) e nº 237 (0038869503), os quais abordaram acerca da continuidade da Etapa III - Fase I e II - Apoio a Licitação a SOPH e CMR ou a substituição por um novo ""Produto estruturante caracterizado por Diretrizes para posterior elaboração de um Plano de Recuperação da SOPH"" e substituição por um novo ""Produto estruturante caracterizado por Diretrizes para posterior elaboração de um Plano de Preparação e Reestruturação da CMR"", tendo inclusive manifestação favorável da Procuradoria Geral do Estado, conforme Parecer nº 108/2023/PGE-SEDEC (0038973460) e o mesmo encontra-se em fase de análise aguardando deliberação superior conforme Despacho SEDEC-GAB (0044169132) e dada a vigência do contrato encontra-se na PGE para análise e elaboração de Aditivo de Prazo. Em relação ao saldo do empenho 2023NE000123 R$ 1.921.070,67, só ocorrerá a execução financeira a depender da decisão superior ora mencionada para a definição da entrega do Produto da Etapa III (RONGÁS, SOPH e CMR).
2.	Processo nº 0041.391263/2021-73, encontra-se em fase de execução não houve execução financeira até o 2º quadrimestre/2024 e a Nota de Empenho 2023NE000178 no valor de R$ 100.000,00, encontra-se inscrita em RPNP. Contratada apresentou 45 (quarenta e cinco) Notas Técnicas Administrativas com as orientações necessárias para a CAERD protocolar junto a PGNF o requerimento solicitando a revisão dos valores previstos a Recuperar, 68 (sessenta e oito) Notas Técnicas de Apoio Jurídico para a CAERD protocolar junto a Justiça Federal o requerimento solicitando a revisão dos valores previstos a recuperar  e 08 (oito) Relatórios de Benefícios Obtido, com a expectativa de recuperar  R$ 14.800.000,00 que encontra-se em análise pela PGE-SEDEC e CAERD, conforme Processos: nº 0041.003119/2023-52, 0041.002511/2024-65, 0041.002678/2024-26, 0041.002686/2024-72, 0041.002861/2024-21, 0041.002863/2024-11, 0041.002866/2024-54 e 0041.002867/2024-07. Não houve execução financeira por ser uma contratação ad êxito, os pagamentos serão devidos somente quanto ao proveito econômico comprovadamente decorrente de trabalho realizado pela contratada. 
","1.	Ampliação do Quadro de Pessoal da equipe técnica da SEDEC-PARCERIAS, para que os gestores possam tomar decisões mais céleres em razão  natureza e da complexidade dos temas tratados na Coordenadoria; 
2.	Por se tratar de processo de recuperação de créditos que envolvem outros entes como Procuradoria da Fazenda Nacional em Rondônia – PGNF, Justiça Federal e outros, de forma administrativa e/ou jurídica que deve ser respeitado a autonomia de cada órgão.
",2024,2,Restrição,2024,2
371,5208,14001,2008,3017,ORC04,Contingenciamento Orçamentário.,"Por decisão estratégica, o orçamento destinado a esta ação foi remanejado para atender outras despesas prioritárias desta SEFIN, considerando o quadro de frustração de receita da fonte 899, restando a execução prejudicada.",sem propostade melhoria,2024,2,Restrição,2024,2
372,5074,18012,2080,2399,ORC07,"Dificuldade na obtenção de créditos orçamentários adicionais (suplementares, especiais ou extraordinários).","A Coordenadoria de Recursos Hídricos teve parte de suas atividades prejudicadas, pois a falta de orçamento implicou na redução da realização de vistorias técnicas e campanhas de fiscalização.  ",Não há proposta.,2024,2,Restrição,2024,2
373,4816,19025,1015,2091,OUT02,Outras (especificar).,Não há restrições ,"Dar Continuidade as execuções orçamentárias estabelecidas na LOA 2024, visando o efetivo pagamento de  auxílios aos servidores da EMATER. ",2024,2,Restrição,2024,2
374,4818,19025,1015,2234,OUT02,Outras (especificar).,Não há restrições ,"Continuidade na execução orçamentária estabelecida na LOA 2024, assegurando a remuneração de pessoal ativo e encargos sociais.  ",2024,2,Restrição,2024,2
375,5234,17012,2070,1614,OUT02,Outras (especificar).,"Considerando a Obra do CREPAD,o processo atualmente está sob análise na SEPAT. Um levantamento de informações foi realizado para verificar se a área de 500 m² pertence ao Estado de Rondônia, visando uma possível fusão dos lotes. A COOGEO solicitou o georreferenciamento, e, em resposta ao Despacho ID 0048509768, foi informado que o lote está registrado em nome de Severino Ribeiro Dantas, embora esteja em uso pelo Estado há mais de 30 anos.

Dessa forma, os autos estão na SEPAT-ASTEC (Secretaria Estadual de Patrimônio e Regularização Fundiária), conforme o ofício nº 3308/2024 (ID 0050788222), que solicita ao Procurador do Estado um parecer conclusivo sobre a propositura de medida administrativa e/ou judicial para transferir o registro do imóvel para o nome do Estado de Rondônia, conforme o processo ID 0069.003794/2023-73.","Diante da situação atual, é essencial aguardar a resposta do Procurador do Estado para entender o andamento do processo de transferência do registro do imóvel do CREPAD. ",2024,2,Restrição,2024,2
376,4970,16001,1015,4033,FIN06,Outras (especificar).,Por se tratar de despesa que não entra no computo dos 25% foram suspensas a realização das atividades conforme contingenciamento de despesas por meio do Decreto 29.321/2024.,Não há proposta de melhoria.,2024,2,Restrição,2024,2
377,5009,23001,2162,4068,ORC04,Contingenciamento Orçamentário.,"Com a publicação do Decreto nº 29.321, de 25 de Julho de 2024, o qual institui o contingenciamento do orçamento anual para o exercício de 2024 e dá outras providencias, não foi possível executar todo o planejamento previsto para o quadrimestre.","Reavaliar o planeja para o restante do exercício e verificar com a gestão, quais as melhores medidas a serem adotadas para minimizar os danos causados.",2024,2,Restrição,2024,2
378,4789,11026,2012,2846,FIN01,Indisponibilidade de recursos financeiros.,"A UG esta tendo dificuldade de execução do orçamento em virtude da falta de arrecadação da TFS - Taxa de Fiscalização do Saneamento Básico, a qual esta atrasada pela Concessionaria CAERD, na ordem de mais de R$ 1,00 Milhão. Assim, há dotações orçamentarias deste exercício sem as devidas arrecadações para dar cobertura em sua execução. ","A UG esta intensificando as ações de cobrança junto a Concessionaria CAERD, inclusive preparando futuras inclusões dos débitos em Divida Ativa, conforme determina a LC n.º 826, de 09 de Julho de 2015. Espera-se que com estas ações haja normalização na arrecadação da respectiva taxa de fiscalização, que permita a execução plena do orçamento dentro do exercício.",2024,2,Restrição,2024,2
379,5393,11003,1015,4103,ORC09,Outras (especificar).,"Importante ressaltar que, devido ao processo de descentralização orçamentária para operacionalizar o convênio, a execução desta ação não ocorre na unidade PGE, mas na unidade FUPEN. O saldo orçamentário descentralizado para a unidade FUPEN é empenhado, liquidado e pago na unidade de destino do recurso.","1 - Manter um acompanhamento próximo da execução dos recursos descentralizados na unidade FUPEN.
2 - Avaliar se o número atual de reeducandos atendidos está de acordo com os novos objetivos da gestão.
3 - Assegurar uma comunicação eficiente entre a PGE e a FUPEN para garantir que os objetivos da ação estejam sendo cumpridos, mesmo com a execução ocorrendo em outra unidade.",2024,2,Restrição,2024,2
380,5343,15017,2166,2237,ORC09,Outras (especificar).,"O Fundo Estadual de Segurança Pública de Rondônia recebe recursos oriundos do Fundo Nacional de Segurança Pública, modalidade fundo a fundo. 
Trata-se de transferência obrigatória recebida anualmente para serem aplicados em três áreas temáticas: Enfrentamento a Violência Contra a Mulher, Redução de Mortes Violentas Intencionais e Melhoria da Qualidade de Vida dos Profissionais de Segurança Pública e cujos valores devem ser executados em 02 anos (execução bienal) por tratarem-se de projetos voltados ao cumprimento da política nacional de segurança pública. 
Tal situação apresenta discrepância ao modelo orçamentário que vigora no Estado de Rondônia (execução orçamentária anual). O que é fator que influência diretamente no desempenho da execução orçamentária dos programas desta Unidade Gestora.

","Considerando o prazo de execução bienal, a métrica razoável para análise da execução seria no valor equivalente a 50% dos recursos disponibilizados. ",2024,2,Restrição,2024,2
381,5342,15017,2166,2176,ORC09,Outras (especificar).,"O Fundo Estadual de Segurança Pública de Rondônia recebe recursos oriundos do Fundo Nacional de Segurança Pública, modalidade fundo a fundo. 
Trata-se de transferência obrigatória recebida anualmente para serem aplicados em três áreas temáticas: Enfrentamento a Violência Contra a Mulher, Redução de Mortes Violentas Intencionais e Melhoria da Qualidade de Vida dos Profissionais de Segurança Pública e cujos valores devem ser executados em 02 anos (execução bienal) por tratarem-se de projetos voltados ao cumprimento da política nacional de segurança pública. 
Tal situação apresenta discrepância ao modelo orçamentário que vigora no Estado de Rondônia (execução orçamentária anual). O que é fator que influência diretamente no desempenho da execução orçamentária dos programas desta Unidade Gestora.

","Considerando o prazo de execução bienal, a métrica razoável para análise da execução seria no valor equivalente a 50% dos recursos disponibilizados. 
",2024,2,Restrição,2024,2
382,5341,15017,2166,1381,ORC09,Outras (especificar).,"O Fundo Estadual de Segurança Pública de Rondônia recebe recursos oriundos do Fundo Nacional de Segurança Pública, modalidade fundo a fundo. 
Trata-se de transferência obrigatória recebida anualmente para serem aplicados em três áreas temáticas: Enfrentamento a Violência Contra a Mulher, Redução de Mortes Violentas Intencionais e Melhoria da Qualidade de Vida dos Profissionais de Segurança Pública e cujos valores devem ser executados em 02 anos (execução bienal) por tratarem-se de projetos voltados ao cumprimento da política nacional de segurança pública. 
Tal situação apresenta discrepância ao modelo orçamentário que vigora no Estado de Rondônia (execução orçamentária anual). O que é fator que influência diretamente no desempenho da execução orçamentária dos programas desta Unidade Gestora.
","Considerando o prazo de execução bienal, a métrica razoável para análise da execução seria no valor equivalente a 50% dos recursos disponibilizados. 
",2024,2,Restrição,2024,2
383,5327,15017,2166,1276,ORC09,Outras (especificar).,"O Fundo Estadual de Segurança Pública de Rondônia recebe recursos oriundos do Fundo Nacional de Segurança Pública, modalidade fundo a fundo. 
Trata-se de transferência obrigatória recebida anualmente para serem aplicados em três áreas temáticas: Enfrentamento a Violência Contra a Mulher, Redução de Mortes Violentas Intencionais e Melhoria da Qualidade de Vida dos Profissionais de Segurança Pública e cujos valores devem ser executados em 02 anos (execução bienal) por tratarem-se de projetos voltados ao cumprimento da política nacional de segurança pública. 
Tal situação apresenta discrepância ao modelo orçamentário que vigora no Estado de Rondônia (execução orçamentária anual). O que é fator que influência diretamente no desempenho da execução orçamentária dos programas desta Unidade Gestora.
","Considerando o prazo de execução bienal, a métrica razoável para análise da execução seria no valor equivalente a 50% dos recursos disponibilizados. 
",2024,2,Restrição,2024,2
384,5365,15017,1015,4000,ORC09,Outras (especificar).,"O Fundo Estadual de Segurança Pública de Rondônia recebe recursos oriundos do Fundo Nacional de Segurança Pública, modalidade fundo a fundo. 
Trata-se de transferência obrigatória recebida anualmente para serem aplicados em três áreas temáticas: Enfrentamento a Violência Contra a Mulher, Redução de Mortes Violentas Intencionais e Melhoria da Qualidade de Vida dos Profissionais de Segurança Pública e cujos valores devem ser executados em 02 anos (execução bienal) por tratarem-se de projetos voltados ao cumprimento da política nacional de segurança pública. 
Tal situação apresenta discrepância ao modelo orçamentário que vigora no Estado de Rondônia (execução orçamentária anual). O que é fator que influência diretamente no desempenho da execução orçamentária dos programas desta Unidade Gestora.

","Considerando o prazo de execução bienal, a métrica razoável para análise da execução seria no valor equivalente a 50% dos recursos disponibilizados. ",2024,2,Restrição,2024,2
385,5104,14001,2007,1053,ADM14,Outras (especificar).,"A razão pela baixa execução, decorre da execução monitorada não condizer com que fora planejado para o programa em si, o qual se dá de forma bimestral, ao passo que aquele é de forma quadrimestral, impactando assim no resultado apresentado.
Além disso, alocamos um valor maior para o fim do ano, momento em que fazemos o sorteio especial do nota legal, porém somente em novembro iremos finalizar as transferências de recursos para as contas do programa, alcançando assim 100% de execução.","Melhor articulação nas fases de planejamento, assim como possível revisão no processo de pagamento.
",2024,2,Restrição,2024,2
386,4917,15003,2110,2387,ORC09,Outras (especificar).,Não há recursos orçamentários.,Disponibilização de recursos orçamentários.,2024,2,Restrição,2024,2
387,5382,15003,2166,1527,ORC09,Outras (especificar).,Não há recursos para executar a referida ação.,Disponibilizar recursos orçamentários suficientes.,2024,2,Restrição,2024,2
388,5007,23001,2162,4066,ORC04,Contingenciamento Orçamentário.,"Com a publicação do Decreto nº 29.321, de 25 de Julho de 2024, o qual institui o contingenciamento do orçamento anual para o exercício de 2024 e dá outras providencias, não foi possível executar todo o planejamento previsto para o quadrimestre.","Reavaliar o planeja para o restante do exercício e verificar com a gestão, quais as melhores medidas a serem adotadas para minimizar os danos causados.",2024,2,Restrição,2024,2
389,4808,18001,2153,2229,ADM08,Pessoal insuficiente para os quadros de gestão e de execução das ações propostas.,"Limitação de quantidade de corpo técnico disponível para atender alta demanda junto aos Orgãos de Controle e Justiça para cumprimento de prazo.
"," Contratar o serviço especializado para desenvolvimento e manutenção do SICAR-RO; Garantir a gestão do SICAR/RO, com necessidade urgente de recursos destinados para modernização e customização do sistema; contratação de analistas ambientais para cumprimento de demandas de CAR, PRA e Monitoramento das áreas com Termo de Compromisso firmados.",2024,2,Restrição,2024,2
390,4914,15003,1015,2096,ADM14,Outras (especificar).,Morosidade em alguns processos.,Realizar um planejamento mais adequado à realidade do órgão.,2024,2,Restrição,2024,2
391,5314,14012,2139,1489,ADM14,Outras (especificar).,"A baixa execução orçamentária na Secretaria de Finanças (SEFIN) de Rondônia é resultado de fatores estruturais e operacionais. A equipe, composta por apenas 2 engenheiros e 1 arquiteto, enfrenta dificuldades para atender às demandas de obras e manutenções em 35 unidades, devido à sobrecarga de atividades administrativas.

A logística complicada, com muitas unidades distantes dos centros administrativos, dificulta o deslocamento das equipes, causando atrasos nas vistorias e acompanhamentos. Além disso, a falta de equipamentos modernos e um fluxo de gerenciamento eficiente prejudica o planejamento e a execução das atividades, aumentando a propensão a erros.

Esses fatores — equipe reduzida, problemas logísticos e defasagem tecnológica — limitam a capacidade de execução dos recursos orçamentários, mesmo com o empenho dos servidores.","Medidas de reestruturação do setor, modernização de equipamentos e ampliação da equipe técnica estão sendo analisadas para que a execução orçamentária possa atingir níveis mais satisfatórios nos próximos períodos.",2024,2,Restrição,2024,2
392,5308,17013,2152,1516,ADM01,Problemas com o prestador de serviço.,"Houve a suspensão do Contrato Nº 0007/SESAU/PGE/2022 (0023298525) no final do primeiro quadrimestre com a empresa devido a diversos problemas, como o descumprimento do cronograma e dos prazos estabelecidos, resultando em atrasos significativos na execução da obra. A contratada falhou em entregar projetos completos e adequados, o que gerou retrabalhos e comprometeu o andamento regular das atividades. Mesmo após notificações formais, a empresa não tomou medidas corretivas, agravando a situação. Diante desse cenário, a Administração Pública decidiu suspender o contrato para evitar maiores prejuízos e assegurar o cumprimento das obrigações, em conformidade com a legislação vigente.","Para superar a restrição administrativa imposta ao Contrato Nº 0007/SESAU/PGE/2022 (0023298525) com a empresa Vigor Turé S.A., propomos a continuidade e intensificação das medidas já em curso, que incluem o processo punitivo e o processo de mediação de conflitos.
O processo punitivo visa responsabilizar a contratada pelos descumprimentos contratuais, incluindo o não cumprimento de prazos e a entrega de projetos incompletos, garantindo que sejam aplicadas as penalidades cabíveis e que a empresa assuma a responsabilidade pelos prejuízos causados.
Simultaneamente, o processo de mediação de conflitos oferece uma oportunidade para que a Administração e a contratada colaborem na identificação de soluções viáveis para os problemas enfrentados. Essa mediação permitirá ajustar cronogramas e práticas de trabalho, estabelecendo um novo plano de ação que promova a retomada eficiente das atividades, em consonância com os interesses públicos e os compromissos assumidos.
A combinação dessas duas abordagens tem o potencial de regularizar a execução contratual, garantindo a conclusão das obras e minimizando os impactos negativos já causados. É fundamental manter o foco na transparência e na responsabilidade, assegurando que os direitos e deveres de ambas as partes sejam respeitados.",2024,2,Restrição,2024,2
393,5309,17013,2152,2507,ADM12,Dificuldades para celebrar contrato/convênio.,"A restrição administrativa à celebração do contrato de parceria público-privada para a operação, equipagem e manutenção do Hospital de Urgência e Emergência de Rondônia decorre da dificuldade em firmar o referido contrato, em função do descumprimento das obrigações pela empresa responsável pela obra. Esta empresa enfrenta atrasos significativos no cronograma de construção, comprometendo a conclusão das instalações necessárias e a viabilidade da parceria proposta. Diante dessa situação, a Administração Pública considera imprescindível revisar as condições contratuais antes de avançar na celebração do contrato. É fundamental assegurar que a estrutura física do hospital esteja finalizada e apta para receber os serviços de operação e manutenção, garantindo a qualidade do atendimento à população.",Aguardar o desfecho dos processos de apuração de responsabilidade e mediação de conflito instaurado no processo de construção do prédio.,2024,2,Restrição,2024,2
394,5035,11004,2108,1215,ORC06,Demora na tramitação de crédito adicional.,"Estamos aguardando a liberação dos recursos de suplementação, necessários para andamento dos projetos desta ação.","Articulação com as instituiçoes, a fim de dar celeridade ao andamento dos processos.",2024,2,Restrição,2024,2
395,4888,17012,2069,2129,LIC06,Outras (especificar).,"A entrega de todos os fármacos inseridos no rol, os quais demandam os tratamentos dos pacientes cadastrados, deixou a desejar em sua completude, tendo em vista a inexistência de ATA de Registro de preço vigente para demandar liberação e promover o abastecimento do estoque necessário. É imprescindível ressaltar que são vários os fatores que configuram o problema, a inexistência do certame licitatório, por início tardio do mesmo, frente a validade da ATA anterior, quando da existência do certame, ocorre ainda indisponibilidade de propostas por falta de empresas licitantes com interesse para aquele item, além das propostas que são canceladas por preço em desacordo, muitas vezes, o preço em licitação não acompanha o mercado atual.","No contexto supracitado, algumas mudanças foram realizadas com intuito de melhorar o fluxo e as demandas licitatórias, a exemplo a centralização e formação de um complexo de compras único, entretanto, os resultados ainda serão observados nos quadrimestres subsequentes. É importante  a criação do calendário correto com tempo hábil para emitir as informações que subsidiarão o pleito licitatório, no qual a deficiência deste fator impacta diretamente no abastecimento, visto que a licitação, além de suas vertentes problemáticas de preço que gera item deserto, e cancelamento em julgamento, é morosa e a necessidade administrativa tem data registrada de expiração das ATAS ora vigentes. Assim, no vencimento de uma ATA é essencial que outra já esteja em vias de publicação, para que não incorra em desabastecimento.",2024,2,Restrição,2024,2
396,4808,18001,2153,2229,ORC04,Contingenciamento Orçamentário.,Restrição de recursos financeiros para execução de atividades de campo.,"A fonte qual esta ação está relacionada passou por contigenciamento, o que impediu as atividades a serem cumpridas.",2024,2,Restrição,2024,2
397,4808,18001,2153,2229,TEC02,Ausência de integração entre sistemas.,"As instabilidades constantes do SICAR Federal o que interfere diretamente no desempenho do SICAR/RO, impossibilitando a sincronização e a integração dos cadastros, bem como a lentidão do sistema estadual, impactado pela limitação de infraestrutura para alocação com capacidade adequada de processamento e armazenamento do SICAR-RO, bem como indisponibilidade de melhorias do sistema avançar nas análises dos cadastros, tornando necessária a modernização do SICAR-RO.

",Adequação dos sistemas de tecnologias. ,2024,2,Restrição,2024,2
398,4829,18001,2153,2578,ORC04,Contingenciamento Orçamentário.,"Por esta ação está relacionada na fonte que esteve em contigenciamento, as atividades foram restritas. ",Ações prioritárias deverão ser entregues em sua totalidade e ponderadas nas questões de contigneciamento orçamentário. ,2024,2,Restrição,2024,2
399,4839,18001,2153,2580,ORC04,Contingenciamento Orçamentário.,"Por esta ação está relacionada na fonte que esteve em contigenciamento, as atividades foram restritas. ",Analisar o objetivo proposto da ação para realizá-la com êxito até o final do exercício.,2024,2,Restrição,2024,2
400,5436,11013,2000,4146,LIC03,Procedimento licitatório burocrático.,"A Coordenadoria constantemente é solicitada a realizar ações internacionais que demandam licitações internacionais, e se depara com a falta de informações estruturadas ou coesas sobre processos correlatos, de natureza internacional","Investimento em capacitações específicas na área de licitações internacionais, buscando produzir mão de obra para tal inclusive em secretarias afins à ações que demandam o mercado internacional, além da própria SEDEC",2024,2,Restrição,2024,2
401,5436,11013,2000,4146,INS01,Dificuldade no relacionamento interinstitucional.,"Dificuldade em conectar projetos afins ao desenvolvimento econômico com outras secretarias e pastas da administração direta e indireta, que possam se beneficiar ou contribuir com as entregas da Coordenadoria e da Secretaria. Um exemplo a ser utilizado é a falta de uma ferramenta de governança que divulgue os projetos em execução por secretarias como desenvolvimento ambiental e finanças para acesso por parte de outras secretarias, que, com conhecimento das ações de outros setores, podem agregar informações e aprimorar entregas a nível de governo","Criação de uma plataforma que integre de forma mais coesa as entregas e os resultados do governo estadual, gerando entregas mais robustas e apresentações com dados fidedignos",2024,2,Restrição,2024,2
402,4809,18001,2153,2585,ORC04,Contingenciamento Orçamentário.,"Por esta ação está relacionada na fonte que esteve em contigenciamento, as atividades foram restritas. ",não há propostas.,2024,2,Restrição,2024,2
403,5453,16031,2090,2252,ADM08,Pessoal insuficiente para os quadros de gestão e de execução das ações propostas.,Não existe servidor lotado no local para acompanhar a ação.,"Recomenda-se que após inauguração do Teatro de Ariquemes, sejam lotados servidores para atuar no local da ação.",2024,2,Restrição,2024,2
404,5390,31001,2119,2288,ORC09,Outras (especificar).,"Informo que, objetivando suplementação orçamentária neste Programa e Ação, fora encaminhada a Mensagem de Lei para a Assembleia Legislativa - ALE, em 26/06/2024, na qual foi votada e aprovada através do DECRETO N° 29.449, DE 3 DE SETEMBRO DE 2024 que viabilizará a implementação de ações para o próximo quadrimestre, onde demostraremos os resultados obtidos, o Governo do Estado de Rondônia, publicou o Decreto 29.321 de 25 de julho de 2024 onde institui o contingenciamento do orçamento para o exercício financeiro de 2024, que poderá impactar na execução de nossas ações.
Informamos que não houve meta física nesse quadrimestre, tendo em vista, os apontamentos elencados acima.
As ações realizadas nesse quadrimestre irão resultar no futuro protocolo e registro dos imóveis, com titulação dos ocupantes, para alcançar a meta física planejada.
","A mensagem de Lei foi votada e aprovada através do DECRETO N° 29.449, DE 3 DE SETEMBRO DE 2024, o qual o recurso já foi liberado para o programa e ação, sendo assim, está coordenadoria está dando andamento nas ações para o cumprimento da meta planejada.",2024,2,Restrição,2024,2
405,5306,11025,2057,1384,AMB06,Outras (especificar).,Condições climáticas desfavoráveis ao desempenho das atividades.,Não há proposta de melhoria.,2024,2,Restrição,2024,2
406,5315,14012,2139,2488,ORC07,"Dificuldade na obtenção de créditos orçamentários adicionais (suplementares, especiais ou extraordinários).","Ocorre que a LDO 2024 teve uma limitação em seu percentual limite de remanejamento, o que acarretou o condicionamento aos Projetos de Leis que visam atender essa demanda. Que por sua vez deparam-se com a demora de tramitação em órgão externo a este poder. Dificultando assim, que prossigamos com a execução da ação.","Articulação política externa e otimização do planejamento orçamentário, para que não ocorram tantos remanejamentos.",2024,2,Restrição,2024,2
407,5315,14012,2139,2488,ADM14,Outras (especificar).,"Tratam-se de processos burocráticos e complexos. Todavia, todos em fase de elaboração dos estudos que viabilizam o seu atendimento, assim como os demais trâmites administrativos, licitatórios e afins.","Articular melhores tratativas com os setores e unidades gestoras, a fim de dar celeridades, dentro do possível, às demandas relacionadas",2024,2,Restrição,2024,2
408,5532,31010,2129,2427,ORC09,Outras (especificar).,"Informo que, objetivando suplementação orçamentária neste Programa e Ação, fora encaminhada a Mensagem de Lei para a Assembleia Legislativa - ALE na qual foi votada e aprovada através do LEI N° 5.853, DE 30 DE AGOSTO DE 2024 que viabilizará a implementação de ações para o próximo quadrimestre, onde demostraremos os resultados obtidos.
Informamos que não houve meta física nesse quadrimestre, tendo em vista, os apontamentos elencados acima.","A mensagem de Lei foi votada e aprovada através da LEI N° 5.853, DE 30 DE AGOSTO DE 2024, o qual o recurso já foi liberado para o programa e ação, sendo assim, está coordenadoria está dando andamento nas ações para o cumprimento da meta planejada.
",2024,2,Restrição,2024,2
409,5198,31010,2161,4070,ADM02,Atividades dependentes de articulação com outras unidades administrativas.,"Justifico que não houve execução da meta física no primeiro e no segundo quadrimestre, que apesar dos esforços empreendidos, não logramos êxito na execução orçamentária devido a não liberação do superávit, que limitou o orçamento da Unidade e impactaram diretamente a ação.
Do total de crédito disponível de R$ 63.000,00 (sessenta e três mil reais) não foram executados por falta de financeiro. Que os valores que poderiam ter sido arrecadados durante o exercício, no entanto, não realizamos os leilões previstos pois as UGs encaminharam os processos com vícios a serem sanados, que ainda estão por realizarem as alterações necessárias para que ocorra a venda e arrecadação.","No segundo quadrimestre, concluímos o manual de desfazimento com uma roupagem de melhor aplicabilidade e entendimento para que o bdesenvolvimento dos processos para leilões seja mais rápido e eficiente, que contemple as normas vigentes, além de estarmos promovendo treinamento e acompanhamentos constantes juntos as Unidades Gestoras para que sejam concluídos e executados nesse 3º quadrimestre.
",2024,2,Restrição,2024,2
410,5438,31001,2160,4065,ORC07,"Dificuldade na obtenção de créditos orçamentários adicionais (suplementares, especiais ou extraordinários).","Devido ao Orçamento baixo, os recursos destinados à ação foram restringidos para cobertura do pagamento dos auxílios e manutenção, tornando baixa a execução, e posterior entrega dos produtos.","Conforme Decreto n.º29.449, de 3 de setembro de 2024, houve abertura no orçamento programa anual do estado de Rondônia credito adicional suplementar por superavit financeiro, com isso haverá cobertura orçamentaria para execução das ações de georreferenciamento programado para o exercício.",2024,2,Restrição,2024,2
411,5410,31001,2138,4060,ORC09,Outras (especificar).,"Em vista ao DECRETO N.° 29.430, DE 29 DE AGOSTO DE 2024, que abre no orçamento-programa anual do estado de Rondônia crédito adicional suplementar por anulação, até o valor de R$ 446.600,00, o recurso de R$ de 100.000,00, foi remanejado para atender  à cobertura de auxílios para pagamento dos auxílios e contratos.
Deste modo, a disponibilidade orçamentária, impacta negativamente a execução do setor de fiscalização e manutenção, visto que o setor, não consegue realizar o deslocamento para os outros 51 municípios, nos quais existem imóveis estaduais. Assim, esses imobiliários a serem fiscalizados, notificados, limpos, acabam não sendo alcançados pelo setorial.
","Uma primeira medida consiste na reavaliação de prioridades. É fundamental estabelecer critérios objetivos para a priorização dos imóveis a serem fiscalizados, levando em consideração fatores como estado de conservação, urgência de manutenção e relevância para a população. Além disso, a criação de um calendário de inspeções permitirá atender, mesmo que de forma reduzida, a todos os municípios ao longo do ano.
Outra estratégia importante é a formação de parcerias com os municípios. Estabelecer cooperação intermunicipal para a realização conjunta de atividades de fiscalização pode ser uma solução viável. As prefeituras locais poderiam disponibilizar recursos ou mão de obra, contribuindo assim para a cobertura dos imóveis estaduais. Essa abordagem também incentiva o uso de veículos e equipes locais, minimizando os custos de deslocamento.
A capacitação e mobilização da equipe de fiscalização é outro aspecto a ser aprimorado. Promover treinamentos regulares permitirá aumentar a eficiência nas inspeções e na elaboração de relatórios, mesmo em visitas mais curtas. Uma equipe bem treinada pode maximizar o impacto das ações, garantindo uma fiscalização mais eficaz.
A utilização de tecnologia também deve ser priorizada. A implementação de ferramentas digitais para o registro de informações e relatórios facilitará o compartilhamento e a análise de dados sobre as condições dos imóveis. Além disso, o uso de ferramentas de monitoramento remoto, como drones ou câmeras, permitirá obter informações sobre o estado dos imóveis sem a necessidade de deslocamento físico, otimizando assim os recursos.
Por fim, é necessário realizar uma revisão orçamentária e buscar a captação de recursos adicionais. Uma análise detalhada dos gastos do setor pode revelar oportunidades de economia e realocação de recursos. Além disso, estabelecer parcerias com a iniciativa privada e organizações não governamentais pode proporcionar financiamento para projetos de manutenção e recuperação dos imóveis estaduais.
",2024,2,Restrição,2024,2
412,5384,31001,2138,4061,ORC09,Outras (especificar).,"Durante o 2º Quadrimestre, identificamos algumas restrições, relacionadas às atividades internas do setor de regularização:
1. Período Eleitoral: Em decorrência do período eleitoral, houve a aplicação da determinação contida no parágrafo 10 do artigo 73 da Lei das Eleições (Lei nº 9.504/1997), que impede a transferência de recursos. Como resultado, as doações não onerosas estavam suspensas, o que impede a regularização de muitos imóveis utilizados pelo Estado que estão em nome dos municípios.
2. Deslocamentos Restritos: As tratativas nas prefeituras e cartórios foram limitadas, devido à impossibilidade de realizar diárias para atender a essas demandas. Isso tornou o processo de regularização mais moroso, afetando também a realização de avaliações de imóveis, que requerem vistorias presenciais.
3. Mudança na Direção: Em meados de maio, o Diretor da Procuradoria de Patrimônio Imobiliário, responsável pela análise e assinatura das escrituras públicas perante o Tabelionato de Notas, deixou a chefia. Durante o quadrimestre, muitas minutas aguardaram a análise do novo procurador, contribuindo para a baixa quantidade de imóveis regularizados.
","Com o término do período eleitoral, vislumbra-se a retomada das tratativas de doações, o que proporcionará maior celeridade na regularização dos imóveis estaduais.
Em relação às diárias, conforme o planejamento, estão programados deslocamentos para os municípios de Jaru, Governador Jorge Teixeira, Theobroma, Vale do Anari, Machadinho d'Oeste, Ouro Preto do Oeste, Mirante da Serra, Vale do Paraíso e Nova União. Esses deslocamentos visam acelerar a regularização e a vistoria dos imóveis.
Por fim, um novo Procurador foi designado para assumir a Diretoria de Patrimônio Imobiliário da PGE. Com isso, os processos começaram a retornar ao setor para agendamento de assinatura das escrituras públicas, prevendo-se um aumento nas entregas referentes à regularização dos imóveis.
",2024,2,Restrição,2024,2
413,5482,15011,1015,2087,FIN01,Indisponibilidade de recursos financeiros.,"
Em razão da implantação da nova carteira de identidade, houve a diminuição na arrecadação do Funrespol. A Nova lei estabelece que a 1ª via do novo modelo de Identidade, independentemente deste ter ou não identidade antiga, deve ser fornecido sem custo para o usuário. Aliado a esse fato, houve redução também na emissão de segunda via, visto que não são mais expedidas segundas vias do documento antigo. ","
Visando superar a restrição em tela, estão sendo estudadas novas formas de arrecadação para recomposição das receitas do Funrespol, tais como: repasse percentual dos ativos recuperados pelo Comitê Interinstitucional de Recuperação de Ativos - CIRA.",2024,3,Restrição,2024,3
414,5479,15011,2110,2387,LIC03,Procedimento licitatório burocrático.,"
Devido ao atraso em processos licitatórios que deveriam ter sido concluídos para possibilitar o empenho de despesas, principalmente junto à Procuradoria Geral do Estado - PGE, não conseguimos concluir diversas licitações no tempo esperado.","
A Unidade tem encaminhado processos licitatórios com antecedência de aproximadamente 06 meses. Considerando que os prazos não tem sido cumpridos nos setores externos como esperado, estuda-se a remessa de processos com prazos maiores para SUPEL e PGE.",2024,3,Restrição,2024,3
415,5313,11023,2177,1635,FIN01,Indisponibilidade de recursos financeiros.,Não executado por indisponibilidade Financeira pelo convenio nº 26/2020 com o Inmetro.,Buscar junto ao Inmetro recursos financeiros para execução da obra.,2024,3,Restrição,2024,3
416,5230,13006,1015,2087,FIN06,Outras (especificar).,"Contingenciamento, em atenção ao Decreto n.° 29.321, de 25 de julho de 2024, que institui o contingenciamento do Orçamento Anual para o Exercício 2024 e com isso não tivemos orçamento suficiente para finalização de processos.","A proposta de melhoria diante do contingenciamento do orçamento, conforme o Decreto n.º 29.321, de 25 de julho de 2024, deve buscar soluções para minimizar os impactos da restrição orçamentária e otimizar os recursos disponíveis.
Realizar uma análise detalhada dos processos e projetos em andamento, definindo quais são essenciais para o cumprimento das obrigações e quais podem ser adiados ou readequados.
Adequar as metas e os cronogramas dos projetos ao novo cenário orçamentário, de modo a focar nas entregas mais urgentes e estratégicas.
Implementar práticas de gestão mais eficientes dos recursos financeiros, buscando otimizar a utilização do orçamento disponível, evitando desperdício e direcionando recursos para as áreas de maior impacto.
Reforçar os mecanismos de governança e controle interno para garantir que os recursos sejam alocados e utilizados de forma transparente e conforme o planejado, evitando desvios ou mal utilização.",2024,3,Restrição,2024,3
417,5480,15011,2110,1487,LIC03,Procedimento licitatório burocrático.," 
A burocracia nos processos licitatórios por parte da PGE, tem sido um dos principais fatores impeditivos para a aquisição de materiais e equipamentos, impossibilitando o empenho e o pagamento das despesas, causando atraso nas contratações,  prejudicando o planejamento proposto e as atividades laborais.

","
A desburocratização das etapas processuais, principalmente, na análise e confecção de contratos. Criação de grupos de trabalho para dar maior celeridade na elaboração dos contratos de aquisição de materiais e equipamentos.",2024,3,Restrição,2024,3
418,4696,19025,0000,0112,OUT02,Outras (especificar).,"Não existem restrições quanto ao cumprimento dos pagamentos relacionados às demandas judiciais: Pensão por demanda judicial, pagamentos de precatórios e Requisição de Pequeno Valor - RPV. ",Continuar efetuando os pagamentos conforme as demandas apresentadas. ,2024,3,Restrição,2024,3
419,5232,13006,2097,1382,ADM14,Outras (especificar).,Existe um processo em fase final.,"A abertura para chamamento de servidores públicos, ou seja, o processo de convocação de candidatos aprovados em concursos públicos ou a contratação de servidores para atender a necessidades temporárias ou permanentes, tem um papel fundamental no funcionamento eficiente da administração pública. Ela assegura que o governo e as estatais possam contar com o recurso humano necessário para a execução de políticas públicas e a prestação de serviços essenciais à sociedade.",2024,3,Restrição,2024,3
420,4800,19025,0000,0205,OUT02,Outras (especificar).,Não há restrições quanto a efetivação de pagamentos do PASEP. ,"Dar continuidade aos pagamentos do PASEP sobre Receita Arrecadada no referido exercício financeiro de 2024, conforme descrito em processo n° 0011.000700/2024-51. ",2024,3,Restrição,2024,3
421,4697,19025,1015,2087,ORC04,Contingenciamento Orçamentário.,"Considerando o Decreto N° 29.321, DE 25 DE JULHO DE 2024 no qual Instituiu o contingenciamento do Orçamento  para fins de limitação de empenho e movimentação financeira, referentes às despesas (Processo de digitalização Processo nº 0011.001381/2024-09 e aquisição parcial de veículo Processo nº 0011.001443/2024-74) do orçamento anual para o exercício financeiro de 2024. ","Analisar as ações, inclusive suas metas, cuja execução poderá ser adiada sem afetar os resultados finais dos programas governamentais contemplados na Lei Orçamentária. ",2024,3,Restrição,2024,3
422,4816,19025,1015,2091,OUT02,Outras (especificar).,"Não há restrições 

",Continuar assegurando os pagamentos dos empregados lotados no Centro Gerencial da EMATER/RO.,2024,3,Restrição,2024,3
423,5410,31001,2138,4060,FIN06,Outras (especificar).,"Restrições: As demandas de fiscalização foram realizadas por meio da Ação 4061 - Gerenciar o Patrimônio Imobiliário, integrante do Programa 2138, vinculado à Coordenadoria de Patrimônio Imobiliário (COOPI). O pagamento das diárias aos servidores foi efetuado com recursos integrados à SEPAT, conforme estabelecido pelo Decreto nº 29.449, de 3 de setembro de 2024 (ID 0052453058), no âmbito do Processo nº 0035.005857/2024-02, que abriu crédito adicional suplementar no orçamento-programa anual do Estado de Rondônia em decorrência de superávit financeiro.






","Revisão periódica do orçamento e alinhamento com o Programa 2138, a fim de antecipar e ajustar necessidades orçamentárias, evitando limitações causadas por restrições de crédito ou superávit financeiro.",2024,3,Restrição,2024,3
424,5178,27001,1015,1490,OUT02,Outras (especificar).,"O edital 301/2021/SEGEP-GCP, encontra-se sobrestado em face do Acordão 00094/2023 do processo 02794/2021/TCERO, o qual determinou a suspensão da contratação de novos candidatos aprovados no PSS, e por esse motivo, tornou-se inviável o cumprimento da meta física, o que acarretou baixa execução orçamentária dos valores dotados atualmente. Dessa forma, foi realizado novo Processo Seletivo Simplificado, regido pelo Edital n. 50/2024/SEGEP-GCP, homologado através do Edital n. 50/2024/SEGEP-GCP referente a realização de Processo Seletivo Simplificado de Avaliação de Títulos, para atender, no âmbito da Secretaria de Estado de Obras e Serviços Públicos SEOSP/RO, onde no decorrer de 2024 foi havendo contratações para suprir as demandas da secretaria.


","Contratação dos novos PSS, para 2025, caso o orçamento permitir.",2024,3,Restrição,2024,3
425,5178,27001,1015,1490,ADM14,Outras (especificar).,"Taxa de Turnover alta, devido à remuneração dos servidores contratados, onde após a assinatura do contrato, os mesmos conseguem vagas melhores externamente e pedem exoneração.","Melhoria Salarial considerando os tetos salariais das categorias, servindo de motivação para evitar a alta taxa de turnover.",2024,3,Restrição,2024,3
426,5210,27001,1015,2091,OUT02,Outras (especificar).,"Aguardando aprovação do projeto de lei em que estabelece o pagamento de auxílioalimentação, conforme processo n. 0069.069549/2022-48, o qual se encontra na Casa Civil.","Aprovação da LEI, para cumprimento das metas estabelecida na LOA 2024.",2024,3,Restrição,2024,3
427,5055,21001,2102,2237,ORC04,Contingenciamento Orçamentário.,"Tendo em vista o Decreto nº 29.321 de 25 de julho de 2024, onde Institui o contingenciamento do Orçamento Anual para o Exercício de 2024, não conseguimos utilizar a Ata de Registro de Preço nº 181/2024 publicada em julho e Ata de Registro de Preço nº 260/2024 publicada em outubro.","Não há, pois a motivação do contingenciamento é externo. ",2024,3,Restrição,2024,3
428,5299,27001,1015,2096,ADM07,Capacitação de recursos humanos.,"Credenciamento de Instituições: Os cursos devem ser oferecidos por instituições credenciadas e reconhecidas pela administração pública, garantindo a qualidade do conteúdo e do ensino.", Implementação de mecanismos para avaliar a qualidade dos cursos e o impacto da capacitação no desempenho dos servidores.,2024,3,Restrição,2024,3
429,5299,27001,1015,2096,ADM14,Outras (especificar).,"A distância entre a capital e o interior de Rondônia tem dificultado a capacitação dos servidores públicos, uma vez que a necessidade de deslocamento gera custos elevados, perda de tempo e limitações na logística. Além disso, a ausência de infraestrutura adequada para a formação presencial em áreas remotas amplia as dificuldades de acesso a treinamentos.","Implementar um programa de capacitação à distância (EAD), utilizando plataformas digitais para treinamentos e desenvolvimento de competências. Isso pode incluir cursos online ao vivo, materiais gravados, e-learning, webinars e fóruns de discussão, permitindo aos servidores do interior acessarem o conteúdo de forma flexível e sem necessidade de deslocamento. Além disso, parcerias com instituições locais para criar polos presenciais em regiões estratégicas podem ser uma alternativa para oferecer suporte técnico e complementar as formações com atividades práticas, quando necessário.",2024,3,Restrição,2024,3
430,5203,27001,1015,2234,ADM09,Entraves institucionais para desenvolvimento de recursos humanos.,"Alta taxa de Turnover de Servidores, visto que a secretaria ainda não possui servidores efetivos oriundos de Concurso Público Próprio.","Realização de Concurso Público, previsto para os próximos anos.",2024,3,Restrição,2024,3
431,5294,27001,2183,2428,ADM02,Atividades dependentes de articulação com outras unidades administrativas.,"Por ser da administração direta, a SEOSP necessita de aprovação das ações (relacionadas a transferências voluntárias) perante demais órgão como Casa Civil, PGE e CGE. Tais interações demandam tempo em cada esfera da administração para a correta tramitação.","Planejamento e controle das ações, gestão dos processos e otimização do tempo, dentro de cada órgão envolvido.",2024,3,Restrição,2024,3
432,5294,27001,2183,2428,ADM04,Entraves nos procedimentos burocráticos (burocracia para exercício das atividades administrativas do governo).,"Por ser da administração direta, a SEOSP necessita de ações (relacionadas a transferências voluntárias) dos demais órgão como Casa Civil, PGE e CGE. Tais interações demandam tempo em cada esfera da administração para a correta tramitação.","Melhorar o controle e otimizar o fluxo dos processos, por cada unidade governamental relacionada.",2024,3,Restrição,2024,3
433,5294,27001,2183,2428,GER08,Demora na elaboração de projetos arquitetônicos e executivos.,"Por tratar-se de transferência voluntária, os projetos são enviados pelos municípios e associações e são avaliados/aprovados pelos técnicos dentro da SEOSP. Ocorre que devido à existência de constantes pendências técnicas nos projetos, perde-se considerável tempo em correções até a aprovação final.","Municípios e Associações devem melhorar a qualidade dos projetos apresentados, bem como, melhorarem o tempo de resposta para a correção das pendências.",2024,3,Restrição,2024,3
434,5289,27001,2183,2465,GER08,Demora na elaboração de projetos arquitetônicos e executivos.,"Devido a alta demanda com projetos de complexidade tais como: hospitalares, estádio, parques, presídio, relatório de impacto de trânsito e etc., dentre as demandas prioritárias como SESAU, SEJUCEL, SESDEC, há o atendimento das demandas por determinação judicial e/ou Ministério Público, bem como projeto a serem licitados, sendo estes produtos que contam com uma equipe multidisciplinar, restringindo vários técnicos por determinado período pausar as demandas em andamento para atender urgências vindas através do Gabinete. Relatamos também que para a conclusão de um produto, é entregue os projetos arquitetônico/acessibilidade, complementares (estrutural, elétrico, prevenção e combate a incêndio e pânico, hidráulico, drenagem, climatização, proteção contra descargas atmosféricas, entre outros conforme a necessidade) e o orçamento, onde é realizada a pesquisa de mercado com o núcleo de apoio de cotações, demandando tempo e muitas vezes atrasando a entrega visto que os técnicos ficam no aguardo da empresa apresentar as cotações, e/ou aguardar a cotação de itens ausentes na tabela SINAPI.","1º Treinamento e capacitação para a equipe de projeto das prefeituras e associações, de modo que todos compreendam a importância da documentação e como evitar erros comuns.
2º Desenvolver modelos de documentação padronizados que devem ser preenchidos durante todas as fases do projeto.
3º Estabelecer um processo de revisão e validação contínuo ao longo do projeto para identificar e corrigir erros e lacunas à medida que surgem, em vez de esperar até o final.",2024,3,Restrição,2024,3
435,4818,19025,1015,2234,OUT02,Outras (especificar).,Não há restrições quanto aos pagamentos de remuneração de pessoal ativo e encargos sociais. ,"Assegurar os devidos pagamento de remuneração, conforme programado na LOA 2024",2024,3,Restrição,2024,3
436,5468,27001,1015,4103,ADM08,Pessoal insuficiente para os quadros de gestão e de execução das ações propostas.,"Atualmente o Termo de Cooperação (Termo Aditivo 3º TA 0051992641) permite a contratação de 212 reeducandos, sendo: 20 Encarregados; 70 Artífices e 122 Auxiliares. No entanto, até o momento o quantitativo contratado não atingiu a expectativa.",Melhor triagem da mão de obra qualificada; e Oferecer atrativos para contração tais como: cursos de capacitação; auxílio-transporte e auxílio-alimentação.,2024,3,Restrição,2024,3
437,5211,27001,1015,2087,LIC03,Procedimento licitatório burocrático.,"A Morosidade na instrução dos processos de licitação, tanto em sua fase interna, bem como em sua fase externa.","Agilidade na instrução processual e os procedimentos na fase externa da licitação mais célere, por parte da SUPEL e PGE.",2024,3,Restrição,2024,3
438,5390,31001,2119,2288,ORC07,"Dificuldade na obtenção de créditos orçamentários adicionais (suplementares, especiais ou extraordinários).","Informo que, objetivando suplementação orçamentária neste Programa e Ação, fora encaminhada a Mensagem de Lei para a Assembleia Legislativa - ALE, em 26/06/2024, na qual foi votada e aprovada através do DECRETO N.° 29.449, DE 3 DE SETEMBRO DE 2024.

Ressaltamos que em 25 de julho de 2024, o Governo do Estado de Rondônia, publicou o Decreto 29.321 de 25 de julho de 2024 onde institui o contingenciamento do orçamento para o exercício financeiro de 2024, que poderá impactar na execução de nossas ações","No exercício de 2024 a suplementação orçamentário se deu por volta do mês de Outubro o que limitou as ações deste programa, restando 3 meses para a execução das metas e ações da ação.",2024,3,Restrição,2024,3
439,5555,31001,2119,2421,ADM04,Entraves nos procedimentos burocráticos (burocracia para exercício das atividades administrativas do governo).,"Considerando a alteração da estrutura da SEPAT pela Lei Complementar 1.180/2023, que transferiu as atribuições para promover a regularização fundiária de áreas rurais ao Instituto de Terras de Rondônia (ITERON), conforme o art. 111-B da referida lei, e a subsequente revogação da criação do ITERON pela alínea b do Inciso I do art. 5º da Lei Complementar n.º 1.215, de 29 de dezembro de 2023, informamos que, no momento, estamos aguardando a votação de um Projeto de Lei na Assembleia Legislativa que visa restabelecer a competência da SEPAT para a regularização fundiária rural.
Sendo assim, devido à insuficiência orçamentária e à ausência de competência formalizada para a regularização fundiária rural, justificamos a baixa execução orçamentária e de metas.","Com os procedimentos administrativos já sanados, informamos que para o exercício de 2025, será trabalhado com eficacia e eficiência a ação.",2024,3,Restrição,2024,3
440,5438,31001,2160,4065,ORC07,"Dificuldade na obtenção de créditos orçamentários adicionais (suplementares, especiais ou extraordinários).","Visando realizar uma suplementação orçamentária neste Programa e Ação, foi enviada uma Mensagem de Lei à Assembleia Legislativa — ALE/RO, em 26/06/2024, a qual foi aprovada por meio do Decreto n.º 29.449,de 3 de setembro de 2024.

Cabe destacar que, em 25 de julho de 2024, o Governo do Estado de Rondônia publicou o Decreto n.º 29.321, que estabelece o contingenciamento do orçamento para o exercício financeiro de 2024, o que pode afetar a execução de nossas atividades.","No ano de 2024, a suplementação orçamentária ocorreu por volta do mês de outubro, o que restringiu as ações deste programa, deixando apenas três meses para a implementação das metas e atividades previstas.",2024,3,Restrição,2024,3
441,5557,31001,2160,4064,ADM04,Entraves nos procedimentos burocráticos (burocracia para exercício das atividades administrativas do governo).,"Em virtude da mudança na estrutura da SEPAT estabelecida pela Lei Complementar 1.180/2023, que transferiu ao Instituto de Terras de Rondônia (ITERON) a responsabilidade pela regularização fundiária de áreas rurais, conforme o artigo 111-B dessa lei, e da posterior revogação da criação do ITERON pela alínea b do inciso I do artigo 5º da Lei Complementar nº 1.215, de 29 de dezembro de 2023, informamos que, atualmente, estamos aguardando a votação de um Projeto de Lei na Assembleia Legislativa, que tem como objetivo restabelecer à SEPAT a competência para a regularização fundiária rural.
Portanto, devido à limitação orçamentária e à falta de competência formalizada para a regularização fundiária rural, justificamos o baixo desempenho na execução orçamentária e no cumprimento das metas estabelecidas.","Com os procedimentos administrativos já resolvidos, informamos que, para o exercício de 2025, a ação será conduzida com eficácia e eficiência.",2024,3,Restrição,2024,3
442,5569,19025,2024,4162,ORC04,Contingenciamento Orçamentário.,"Contingenciamento de gastos das dotações orçamentárias, no âmbito do Poder Executivo. ","Retorno da capacidade financeira e o equilíbrio fiscal do Estado, para  otimização das despesas no âmbito do Poder Executivo. ",2024,3,Restrição,2024,3
443,5258,15005,1015,2087,ADM14,Outras (especificar).,"O processo está na DOFDGP 0021.072588/2024-31 (Pagamentos);
",Que as políticas públicas do Governo sejam priorizadas.,2024,3,Restrição,2024,3
444,4750,19025,2024,1447,OUT02,Outras (especificar).,Não há restrições. ,"Prosseguir com o rito processual, visando  efetivar a execução da  reforma do Escritório Local no município de Alta Floresta do Oeste/RO. ",2024,3,Restrição,2024,3
445,5211,27001,1015,2087,ADM01,Problemas com o prestador de serviço.,Prestadores de serviço com capacidade técnica abaixo do esperado.,"Selecionar com mais rigidez os prestadores de serviços para o estado, através das licitações/ATA/Contratos etc.",2024,3,Restrição,2024,3
446,5312,14012,2139,1487,ORC06,Demora na tramitação de crédito adicional.,"Devido ao limite restrito de percentual de remanejamento autorizado por lei, enfrentamos dificuldades na gestão do orçamento. Ao atingir esse limite, todas as alterações orçamentárias devem ser apresentadas na forma de Projeto de Lei à Assembleia Legislativa do Estado de Rondônia. Essa situação impactou significativamente a execução das ações desta unidade gestora, uma vez que houve demora no processo legislativo de aprovação. Atualmente, o Projeto de Lei, protocolado no primeiro semestre, ainda aguarda apreciação por parte desta Casa de Leis.","Sugere-se uma formulação mais eficiente do planejamento para o ano seguinte, de modo a evitar a necessidade de processos frequentes de alterações orçamentárias. As mudanças devem ser consideradas apenas quando absolutamente necessárias.",2024,3,Restrição,2024,3
447,4785,17034,1015,2087,ORC07,"Dificuldade na obtenção de créditos orçamentários adicionais (suplementares, especiais ou extraordinários).","Foi necessário realizar Crédito Adicional Suplementar por Superávit Financeiro conforme processo 0002.000936/2024-04, no valor de R$ 16.524.722,01, DECRETO N° 29.483, DE 16 DE SETEMBRO DE 2024.
Porém o Processo inicial foi enviado para o GAB-SEPOG em 01/04/2024 e somente em 16/09/2024 foi atendido pela Assembleia Legislativa, devido a demora na aprovação do recurso, não foi possível a utilização de parte do orçamento programado, como despesas com aquisição de materiais e o convênio entre Agevisa/Ministério da Saúde e OPAS – Organização Pan-Americana da Saúde.
",Melhoria das relações entre Poderes.,2024,3,Restrição,2024,3
448,4748,19025,2024,2019,ORC04,Contingenciamento Orçamentário.,"Considerando o Decreto N° 29.321, DE 25 DE JULHO DE 2024 no qual Instituiu o contingenciamento do Orçamento  para fins de limitação de empenho e movimentação financeira, referentes às despesas do orçamento anual para o exercício financeiro de 2024. ","Analisar as ações, inclusive suas metas, cuja execução poderá ser adiada sem afetar os resultados finais dos programas governamentais contemplados na Lei Orçamentária. ",2024,3,Restrição,2024,3
449,5130,17033,1015,2096,ORC06,Demora na tramitação de crédito adicional.,Como dependemos de repasses feito pelo Fundo Estadual de Saúde houve demora para a efetivação e ainda estamos no aguado de aprovação de Projeto Lei para futuros repasses financeiro,Que os repasses fossem feito diretamente para a UG do Iespro sem a necessidade de passar pelo fundo estadual.,2024,3,Restrição,2024,3
450,5234,17012,2070,1614,OUT02,Outras (especificar).,"Paralisação da Contratação de Empresa Especializada para Finalizar a Reforma e Ampliação da Maternidade e Centro Obstétrico do Hospital de Base Dr. Ary Pinheiro (HBAP), no município de Porto Velho - RO.

Motivo: Conforme pedido da empresa Oficio nº. 062/2024 id. 0054514217 e análise dos apontamentos pela equipe de Fiscalização SEOSP/RO por meio do Despacho id. 0054520956 sendo favorável e pontual no que de fato está sendo submetido a paralisação, conforme citado:
""A paralisação da execução do objeto da obra, portanto, é necessária em razão da inclusão de serviços adicionais ao contrato, que será incluído por meio de termo aditivo de serviços, necessários para garantir a conformidade com as normas técnicas, especialmente no que se refere ao sistema de tratamento e renovação de ar, bem como à instalação do Sistema IT médico. Esses itens são fundamentais para garantir a segurança de profissionais e pacientes no ambiente hospitalar, especialmente no centro cirúrgico, sendo de extrema importância para a utilização adequada e segura da unidade hospitalar.""

","Foi realizado uma solicitação de alteração contratual id (0054630774) e verificação dos percentuais de alteração contratual referente ao objeto de contratação empresa especializada para Finalizar a Reforma e Ampliação da Maternidade e Centro Obstétrico do Hospital de Base Dr Ary Pinheiro (HBAP), no município de Porto Velho - RO.",2024,3,Restrição,2024,3
451,5130,17033,1015,2096,ORC04,Contingenciamento Orçamentário.,"DECRETO N° 29.746, DE 4 DE DEZEMBRO DE 2024.",como se trata de uma medida a nível de governo estadual geralmente os contingenciamentos evitam irresponsabilidades fiscais.,2024,3,Restrição,2024,3
452,5504,17033,1015,1490,ORC03,Insuficiência de recursos alocados na Lei Orçamentária.,Não houve recursos para atendimento desta ação.,Disponibilização de recursos,2024,3,Restrição,2024,3
453,5128,17033,1015,2234,ORC03,Insuficiência de recursos alocados na Lei Orçamentária.," Em que pese a transformação do Centro em Instituto estamos em procedimento de reestruturação de cargos, consequentemente para uma melhor execução nesta ação.",alocação de recursos para atendimentos dos novos cargos em função da transformação do Instituto,2024,3,Restrição,2024,3
454,5234,17012,2070,1614,LIC03,Procedimento licitatório burocrático.,"Contratação de Empresa para Prestação de Serviços de Reforma/Adequação do Prédio do Centro de Referência em Prevenção e Atenção a Dependência Química (CREPAD) para atender o Complexo Regulatório do Estado de Rondônia (CRUE-GERREG).

Em comum acordo entre Contratante e Contratada id. 0047325417, considerando a impossibilidade de emissão de Ordem de Serviço, tendo em vista processo 000600.0036464/2023 que está em andamento junto Secretaria Municipal de Regularização Fundiária - SEMUR para liberação da Licença de Obra e tendo em vista Processo 0036.049206/2023-25 quanto a pagamento de resíduos sólidos domiciliar - TRSD referente ao imóvel em questão, sendo assim, com os fatos apresentados havendo a necessidade de paralisação da vigência contrato, onde a mesma já haviam sido informadas a época por meio do Termo de Viabilidade Técnica NFN-SEOSP id. 0040422924 e tão logo sanado estas pendências retomamos o prazo.

Sendo assim, a mesma não teve seu início nos serviços até a presente data.","Os autos encontra-se na SEPAT-ASTEC Secretaria Estadual de Patrimônio e Regularização Fundiária - SEPAT conforme ofício nº 3308/ 2024 (id. 0050788222), na qual solicita do Procurador do Estado parecer conclusivo a propositura de medida administrativa e/ou judicial visando transferir o registro do imóvel para o nome do Estado de Rondônia.",2024,3,Restrição,2024,3
455,5315,14012,2139,2488,ADM04,Entraves nos procedimentos burocráticos (burocracia para exercício das atividades administrativas do governo).,"Os processos em questão são de natureza burocrática e complexa. No entanto, todos estão atualmente na fase de elaboração dos estudos necessários para a sua viabilização, além de estarem em conformidade com os trâmites administrativos, licitatórios e correlatos.

Adicionalmente, essa ação é responsável pelo custeio de despesas que apresentam características de continuidade, sendo executada mensalmente.","Simplificação dos Processos Burocráticos, tendo como resultado a automatização e mapeamento, e Planejamento e Gestão dos Recursos.",2024,3,Restrição,2024,3
456,5134,17033,2109,4092,ORC04,Contingenciamento Orçamentário.,Recursos foram contingenciados ,Por se tratar de decisões de governo o contingenciamento previne o gasto indevido das despesas,2024,3,Restrição,2024,3
457,4791,17034,2023,2496,ORC07,"Dificuldade na obtenção de créditos orçamentários adicionais (suplementares, especiais ou extraordinários).","Foi necessário realizar Crédito Adicional Suplementar por Superávit Financeiro conforme processo 0002.000936/2024-04, no valor de R$ 16.524.722,01, DECRETO N° 29.483, DE 16 DE SETEMBRO DE 2024.
Porém o Processo inicial foi enviado para o GAB-SEPOG em 01/04/2024 e somente em 16/09/2024 foi atendido pela Assembleia Legislativa, devido a demora na aprovação do recurso, não foi possível a utilização de parte do orçamento programado, como despesas com aquisição de materiais de consumo e Material Permanente.",Melhoria nas relações entre Poderes.,2024,3,Restrição,2024,3
458,4790,17034,2023,2263,ORC07,"Dificuldade na obtenção de créditos orçamentários adicionais (suplementares, especiais ou extraordinários).","Foi necessário realizar Crédito Adicional Suplementar por Superávit Financeiro conforme processo 0002.000936/2024-04, no valor de R$ 16.524.722,01, DECRETO N° 29.483, DE 16 DE SETEMBRO DE 2024.
Porém o Processo inicial foi enviado para o GAB-SEPOG em 01/04/2024 e somente em 16/09/2024 foi atendido pela Assembleia Legislativa, devido à demora na aprovação do recurso, não foi possível a utilização de parte do orçamento programado, como despesas com aquisição de materiais de consumo, material de distribuição gratuita, material permanente.
",Melhoria nas relações entre Poderes.,2024,3,Restrição,2024,3
459,4752,19025,2024,4091,OUT02,Outras (especificar).,Não há restrições ,Continuar assegurando os pagamentos dos servidores lotados ne atividades finalísticas desta EMATER-RO. ,2024,3,Restrição,2024,3
460,5251,15005,2182,4118,ADM14,Outras (especificar).,"O processo está na CPOF: 0021.004721/2024-26 (Novas operações); 
Os processos estão na DAAL, aguardando: 0021.027554/2024-91 (procedimentos administrativos), 0021.072714/2024-57 (fase de entrega);
Os processo estão na empresa, aguardando:  0021.050699/2024-96, 0021.050926/2024-83 (fase de entrega);
",Que as políticas públicas do Governo sejam priorizadas.,2024,3,Restrição,2024,3
461,4853,11003,0000,0023,ORC06,Demora na tramitação de crédito adicional.,"Atrasos sofridos na tramitação da mensagem 266, conforme registros no SEI 0035.007410/2024-60.",Pedido de prioridade na tramitação.,2024,3,Restrição,2024,3
462,5183,11023,2051,2191,OUT02,Outras (especificar).,"As metas físicas foram realizadas muito acima do previsto para o exercício. Tendo em vista que no decorrer do exercício houve a renovação da Frota Oficial do IPEM, o que proporcionau mais eficácia na logistica de fiscalização, resultando em um número maior de estabelecimentos viizitados por equipe, alavancando os resultados das metas físicas muito acima do previsto.
",Ajustar as Metas Físicas para o próximo exercício.,2024,3,Restrição,2024,3
463,5451,16031,2090,2219,ORC04,Contingenciamento Orçamentário.,"Contingenciamento do Orçamento Anual para o Exercício de 2024, conforme Decreto nº 29.321, de 25 de julho de 2024 (DOE nº 137.1).","Devido a natureza da justificativa, não cabe proposta. Pois para execução plena do orçamento é necessário que o mesmo não esteja contingenciado, o que não compete a esta unidade.",2024,3,Restrição,2024,3
464,5222,11023,2051,2344,OUT02,Outras (especificar).,"As metas físicas foram realizadas muito acima do previsto para o exercício. Tendo em vista que no decorrer do exercício houve a renovação da Frota Oficial do IPEM, o que proporcionou mais eficácia na logística de fiscalização, resultando em um número maior de estabelecimentos visitados por equipe em todo Estado, alavancando os resultados das metas físicas muito acima do previsto.",Ajustar as Metas Físicas para o próximo exercício..,2024,3,Restrição,2024,3
465,5532,31010,2129,2427,ORC09,Outras (especificar).,"Informamos que, por meio da Lei n.º 5.853, de 30 de agosto de 2024, foi liberado o superávit financeiro, o que impactou diretamente na baixa execução orçamentária e no cumprimento das metas estabelecidas. O recurso foi disponibilizado apenas em meados do mês de setembro, o que ocasionou atrasos no planejamento e na execução de ações previstas para o período.

Esse atraso comprometeu a realização de projetos e programas que dependiam da liberação desses recursos, evidenciando a necessidade de ajustes nos prazos e processos relacionados à execução financeira e orçamentária para os próximos períodos.","Reforçamos a importância de que os recursos sejam liberados no período entre janeiro e março, permitindo que as ações sejam executadas dentro do planejamento estipulado por esta Secretaria, garantindo maior eficiência e alinhamento com os objetivos programados",2024,3,Restrição,2024,3
466,5223,11023,2051,2345,OUT02,Outras (especificar).,"As metas físicas foram realizadas muito acima do previsto para o exercício. Tendo em vista que no decorrer do exercício houve a renovação da Frota Oficial do IPEM, o que proporcionou mais eficácia na logística de fiscalização, resultando em um número maior de estabelecimentos visitados por equipe em todo Estado, alavancando os resultados das metas físicas muito acima do previsto.",Ajustar as Metas Físicas para o próximo exercício.,2024,3,Restrição,2024,3
467,5451,16031,2090,2219,OUT01,Problemas relacionados a fenômenos meteorológicos.,O Museu da Memória Rondoniense encontra-se em reforma que se extende devido a complicações do tempo (período chuvoso) e deficiência no planejamento da execução da obra.,"Diálogo e planejamento do órgão responsável com a unidade a ser reformada, prevendo possíveis problemas e interferências climáticas, estabelecendo prazos e que possibilitem o cumprimento da proposta.",2024,3,Restrição,2024,3
468,5290,27001,2183,1638,ADM07,Capacitação de recursos humanos.,Treinamento e capacitação: As particularidades dentro de cada processo de obra podem levar a inconsistências na documentação. A falta de padronização e treinamento adequado pode agravar esse problema.,"Desenvolver um conjunto de diretrizes e padrões de documentação que se apliquem a todos os processos de obra.
Oferecer treinamento regular para a equipe responsável pela documentação, garantindo que todos compreendam os requisitos e processos.",2024,3,Restrição,2024,3
469,5290,27001,2183,1638,AMB01,Lentidão no processo de licenciamento ambiental.,"A ausência de documentação adequada, de licenças ambientais, de obras e do bombeiro podem causar paralisação da obra, multas e problemas legais.",Garantir que todos os processos sejam encaminhados para a fiscalização da execução da obra com documentação completa de licenças. Implementar um sistema de verificação automatizada para garantir a conformidade antes do início da obra.,2024,3,Restrição,2024,3
470,5290,27001,2183,1638,FIN02,Problemas relativos ao fluxo de liberação dos recursos.,"A falta de um fluxo claro para o pagamento das medições pode causar atrasos nos pagamentos aos fornecedores e, consequentemente, desacelerar o progresso da obra.","Definir um fluxo de pagamento claro e transparente para medições, com prazos definidos. Priorizar pagamentos com base em critérios de importância, como a urgência do fornecedor ou a fase do projeto.
Automatizar o processo de aprovação e pagamento, se possível, para agilizar o fluxo de caixa.",2024,3,Restrição,2024,3
471,5290,27001,2183,1638,GER08,Demora na elaboração de projetos arquitetônicos e executivos.,"Projetos antigos podem conter erros ou desatualizações que só são identificados após a licitação. Isso pode levar a retrabalho, custos adicionais e atrasos.","Realizar revisões prévias das peças técnicas do objeto/obra antes da licitação, identificando e corrigindo problemas antecipadamente. Isso pode ser feito por meio de equipes técnicas qualificadas.",2024,3,Restrição,2024,3
472,4919,17032,1015,4000,ORC01,Descompasso entre a previsão no PPA e recursos alocados na LOA.,"Houve uma redução de entre a previsão inicial no PPA com relação ao que foi planejado pela unidade e o que foi alocado na LOA pela SEPOG, para o exercício de 2024.","Na ocasião a SEPOG realizou alterações na memória de cálculo desta Fundação, sendo necessário já no início do exercício financeiro solicitar ajustes orçamentários, através do Decreto 28.893, de 7 de fevereiro de 2024, para cobertura das despesas de caráter obrigatório",2024,3,Restrição,2024,3
473,4919,17032,1015,4000,ORC04,Contingenciamento Orçamentário.,"Contingenciamento do Orçamento Anual para o Exercício de 2024, Decreto nº 29.321, de 25 julho de 2024","Contenção de gastos das dotações orçamentárias, adotando medidas para priorizar a ação finalística de assistência hematológica e hemoterápica.",2024,3,Restrição,2024,3
474,4799,17032,1015,2096,ORC01,Descompasso entre a previsão no PPA e recursos alocados na LOA.,"Houve uma redução de entre a previsão inicial no PPA com relação ao que foi planejado pela unidade e o que foi alocado na LOA pela SEPOG, para o exercício de 2024.","Necessário já no início do exercício financeiro solicitar ajustes orçamentários, através do Decreto 28.893, de 7 de fevereiro de 2024, para cobertura das despesas de caráter obrigatório (administrativas e finalísticas).",2024,3,Restrição,2024,3
475,4799,17032,1015,2096,ORC04,Contingenciamento Orçamentário.,"Contingenciamento do Orçamento Anual para o Exercício de 2024, Decreto nº 29.321, de 25 julho de 2024","Após a análise das despesas da Fundação, houve contenção de gastos das dotações orçamentárias, adotando medidas para priorizar a ação finalística de assistência hematológica e hemoterápica.",2024,3,Restrição,2024,3
476,4920,17032,1015,1519,ORC01,Descompasso entre a previsão no PPA e recursos alocados na LOA.,"Houve uma redução de entre a previsão inicial no PPA com relação ao que foi planejado pela unidade e o que foi alocado na LOA pela SEPOG, para o exercício de 2024.","Foi necessário já no início do exercício financeiro solicitar ajustes orçamentários, através do Decreto 28.893, de 7 de fevereiro de 2024, para cobertura das despesas de caráter obrigatório, comprometendo significativamente o atendimento da metas proposta, visto tornar inexequível a ação por falta de dotações orçamentária para sua cobertura.",2024,3,Restrição,2024,3
477,4920,17032,1015,1519,ORC04,Contingenciamento Orçamentário.,"Contingenciamento do Orçamento Anual para o Exercício de 2024, Decreto nº 29.321, de 25 julho de 2024","Foi necessário reprogramar a ação para o próximo exercício financeiro, visto a contenção de gastos das dotações orçamentárias, como medidas para priorizar a ação finalística de assistência hematológica e hemoterápica.",2024,3,Restrição,2024,3
478,5037,15015,2075,4087,ADM14,Outras (especificar).,"Os processos estão no CPOF, aguardando: 0021.042854/2024-09 (procedimentos administrativos), 0021.052316/2024-14 (fase de pagamento).",Que as políticas públicas do Governo sejam priorizadas.,2024,3,Restrição,2024,3
479,4738,15015,1015,2087,ADM14,Outras (especificar).,"Os processos estão no DOFDGP, aguardando: 0021.056969/2024-72 (fase de pagamento); 
Os processos estão no CPOF, aguardando: 0021.059079/2024-12, 0021.077693/2024-66, 0021.074399/2024-01, 0005.003161/2024-91,  (procedimentos administrativos);
O processo está na PGE-SESDEC, aguardando: 0021.039597/2024-10 (procedimentos administrativos).

",Que as políticas públicas do Governo sejam priorizadas.,2024,3,Restrição,2024,3
480,5037,15015,2075,4087,LIC06,Outras (especificar).,"Os processos estão na SUPEL, aguardando: 0021.015036/2024-25, 0021.039586/2024-30 (procedimentos licitatórios).",Que as políticas públicas do Governo sejam priorizadas.,2024,3,Restrição,2024,3
481,5289,27001,2183,2465,JUD03,Outras (especificar).,"O atendimento das demandas por determinação judicial ou Ministério Público, restringindo os técnicos por hora, pausar as demandas em andamento para atender urgências vindas através do Gabinete.","Ter corpo técnico especializado em demandas judiciais, para atender os demais órgãos.",2024,3,Restrição,2024,3
482,5484,15011,2166,1527,FIN01,Indisponibilidade de recursos financeiros.,"     
                    A redução de receita, na ordem de 45%, decorrente da da implantação da nova carteira de identidade, que estabelece a gratuidade da primeira emissão da carteira de identidade Nacional, foi o principal fator para a inexecução da Ação.","Visando superar a restrição em tela, estão sendo estudadas novas formas de arrecadação para recomposição das receitas do Funrespol, tais como: repasse percentual dos ativos recuperados pelo Comitê Interinstitucional de Recuperação de Ativos - CIRA.",2024,3,Restrição,2024,3
483,5440,15006,2166,1381,ORC03,Insuficiência de recursos alocados na Lei Orçamentária.,"Não se pode iniciar uma obra dessa magnitude com mil reais, se faz necessária melhorar orçamento para atender essa ação.","Esperava-se alcançar esse objetivo para melhorar a gestão de recursos, que hoje é boa parte em locação de imóveis capital e interior. Trazer mais conforto e segurança para servidores atuais e novos que vem chegar. ",2024,3,Restrição,2024,3
484,4751,19025,2024,4234,OUT02,Outras (especificar).,Não há restrições.,"Continuar assegurando a remuneração de pessoal ativo e encargos sociais em atividades finalísticas desta EMATER-RO.
",2024,3,Restrição,2024,3
485,4695,15015,2075,1119,ADM14,Outras (especificar).,"Os processos estão no CPOF, aguardando: 0021.051363/2023-60 (procedimentos administrativos, reforma predial BPTRAN-PVH), 0005.004740/2024-51 (Reforma quartel Pimenta Bueno).",Que as políticas públicas do Governo sejam priorizadas.,2024,3,Restrição,2024,3
486,5253,21001,2102,1624,POL03,Projeto de lei em tramitação.,"Para complementar o pagamento da despesa referente aos meses de novembro e outubro, aguardamos aporte orçamentário solicitado no Processo nº 0033.011701/2024-72, onde se encontra na Assembleia Legislativa para análise desde dia 20/09/2024, conforme ID 0053058938 e até o momento não houve andamento dos trâmites. ","Diligência superior com legislativo, tendo em vista que causa prejuízo a empresa, além de ter riscos de suspensão de contrato devido a falta de pagamento. ",2024,3,Restrição,2024,3
487,5054,21001,2102,2953,POL03,Projeto de lei em tramitação.,"Para complementar o pagamento da despesa referente aos meses de novembro e outubro, aguardamos aporte orçamentário solicitado no Processo nº 0033.011701/2024-72, onde se encontra na Assembleia Legislativa para análise desde dia 20/09/2024, conforme ID 0053058938 e até o momento não houve andamento dos trâmites. 
","Diligência superior com legislativo, tendo em vista que causa prejuízo com a empresa além de ter o risco de causar suspensão de contrato devido ausência de pagamento. ",2024,3,Restrição,2024,3
488,5366,21001,2165,1625,ORC09,Outras (especificar).,"Considerando que a vigência do convênio nº 891185/2019 - PROCAP se encerra em dezembro/24, o recurso disponível deverá ser devolvido à união para conclusão da prestação de contas. Entretanto, no momento não é possível prosseguir com a devolução pois consta saldo financeiro a devolver em fontes de recursos que não foram suplementadas no Decreto n°29.486, de 16 de setembro de 2024. ","Não há, pois deverá ter ajustes na tramitação interna da unidade gestora. ",2024,3,Restrição,2024,3
489,5134,17033,2109,4092,ORC06,Demora na tramitação de crédito adicional.,As liberações de crédito orçamentário geralmente demoram e não é possível executarmos a tempo todos os cursos planejados.,Que a liberação seja feita no início do ano de modo a facilitar as atividades a serem executadas.,2024,3,Restrição,2024,3
490,5026,14001,1015,1498,ORC06,Demora na tramitação de crédito adicional.,"A ação em questão possui sua composição orçamentária vinculada à abertura de crédito adicional suplementar, proveniente do superávit do PROFISCO I. Entretanto, o pedido foi protocolado junto à Assembleia Legislativa de Rondônia (ALE RO) por meio do processo SEI 0030.005610/2024-28, em meados de maio de 2024, e até a presente data não foi apreciado por esta Casa Legislativa.","Sem proposta de melhoria, considerando que se trata de atividades externas à competência desta SEFIN.",2024,3,Restrição,2024,3
491,5038,14001,1015,2087,ORC04,Contingenciamento Orçamentário.," A execução orçamentária se deu no limite, sendo necessário destacar os seguintes pontos como causa deste:

Frustração da Receita - A execução orçamentária foi severamente impactada pela frustração das receitas provenientes das fontes de recursos 1899008146, relacionadas à cessão de direitos. Essa situação gerou incompatibilidades na execução orçamentária em tempo hábil, uma vez que foi imprescindível articular outras medidas que garantissem o atendimento das despesas necessárias. O processo de busca por alternativas financeiras foi moroso, devido aos trâmites externos exigidos, o que comprometeu a agilidade na execução das ações planejadas.

Contingenciamento Orçamentário - Além das frustrações de receita, o contingenciamento orçamentário imposto limitou a atuação do Estado. Esse fato é um reflexo direto das dificuldades financeiras já mencionadas, que restringiram a capacidade de investimento e manutenção das atividades essenciais da SEFIN. A necessidade de adequação orçamentária impôs desafios adicionais, dificultando o cumprimento das metas estabelecidas e a continuidade das operações administrativas.
",Aprimoramento do método de estimativa de receita e resolução eficiente dos desafios que a limitam.,2024,3,Restrição,2024,3
492,5516,14001,1015,4103,ADM02,Atividades dependentes de articulação com outras unidades administrativas.,"Trata-se de um processo de descentralização de recursos com o objetivo de subsidiar a mão de obra reeducanda na Secretaria da Fazenda (SEFIN), tendo como beneficiário o Fundo Penitenciário (FUPEN). Este fundo, atualmente responsável pelos resultados financeiros quantitativos, tem impactado negativamente a execução da ação, que ainda se encontra em fase de consolidação da Dotação Atualizada.

É importante ressaltar que a Secretaria de Planejamento e Gestão (SEPOG) foi devidamente notificada sobre essa questão. A SEPOG se comprometeu a verificar a melhor forma de consolidar as informações para o próximo quadrimestre.",Possibilitar que os resultados de execução sejam contabilizados nesta Unidade Gestora,2024,3,Restrição,2024,3
493,5365,15017,1015,4000,ORC09,Outras (especificar).,"O Fundo Estadual de Segurança Pública de Rondônia recebe recursos oriundos do Fundo Nacional de Segurança Pública, modalidade fundo a fundo. 
Trata-se de transferência obrigatória recebida anualmente para serem aplicados em três áreas temáticas: Enfrentamento a Violência Contra a Mulher, Redução de Mortes Violentas Intencionais e Melhoria da Qualidade de Vida dos Profissionais de Segurança Pública e cujos valores devem ser executados em 02 anos (execução bienal) por tratarem-se de projetos voltados ao cumprimento da política nacional de segurança pública. 
Tal situação apresenta discrepância ao modelo orçamentário que vigora no Estado de Rondônia (execução orçamentária anual). O que é fator que influência diretamente no desempenho da execução orçamentária dos programas desta Unidade Gestora.
","Considerando o prazo de execução bienal, a métrica razoável para análise da execução seria no valor equivalente a 50% dos recursos disponibilizados. ",2024,3,Restrição,2024,3
494,5208,14001,2008,3017,ORC04,Contingenciamento Orçamentário.,"Por decisão estratégica, o orçamento destinado a esta ação foi remanejado para atender outras despesas prioritárias desta SEFIN, considerando o quadro de frustração de receita da fonte 899, restando a execução prejudicada.",sem propostade melhoria,2024,3,Restrição,2024,3
495,5011,11007,1015,1490,ADM02,Atividades dependentes de articulação com outras unidades administrativas.,"Conforme informações constantes do Processo SEI nº 0035.002377/2024-81, em especial o Despacho 0052593349, verificamos que a SEGEP está realizando estudos para verificar a possibilidade ou não de implementação do indicado na Análise Técnica 12 (0049132092). Cumpre esclarecer que as medidas necessárias foram adotadas por esta SETIC, dependendo apenas da operacionalização da demanda pelo órgão competente para tanto.","Acompanhamento dos desdobramentos das tratativas do Processo SEI nº 0035.002377/2024-81 e, eventual, reunião de alinhamento entre as unidades envolvidas.",2024,3,Restrição,2024,3
496,5314,14012,2139,1489,ADM14,Outras (especificar).,"A baixa execução orçamentária na Secretaria de Finanças (SEFIN) de Rondônia decorre de fatores estruturais e operacionais. A equipe, composta por apenas um engenheiro e dois arquitetos, enfrenta dificuldades para atender às demandas de obras e manutenções em 35 unidades, em razão da sobrecarga de atividades administrativas. Nesse contexto, destaca-se o atual cenário de contingenciamento orçamentário, que limita as possibilidades de novas contratações.

A logística complexa, caracterizada pela localização de muitas unidades distantes dos centros administrativos, dificulta o deslocamento das equipes, resultando em atrasos nas vistorias e acompanhamentos. Este aspecto também foi impactado pelo contingenciamento, que reduziu os recursos destinados a diárias e passagens.

Além disso, embora tenha sido adquirido o Software BIM, este ainda se encontra em fase de implementação e capacitação dos servidores, com o objetivo de assegurar sua aplicação eficiente.

Por fim, é importante ressaltar que a SEFIN, assim como os demais órgãos do Executivo, atua em colaboração com outras unidades administrativas, o que limita seu campo de atuação e torna o processo mais moroso devido a essa interdependência.","Medidas de reestruturação do setor, modernização de equipamentos e ampliação da equipe técnica estão sendo analisadas para que a execução orçamentária possa atingir níveis mais satisfatórios nos próximos períodos.",2024,3,Restrição,2024,3
497,5320,14001,1015,2096,ORC09,Outras (especificar).,"Considerando o cenário de frustração da receita e consequente contigenciamento orçamentário, algumas medidas de contingenciamento foram necessárias. Como ao exemplo da não execução do elemento que compõe esta ação, o qual foi redesignado a outra ação, de forma estratégica.","Reestebelecimento da receita do Estado e posteriormente, empreendimento de esforços para execução da ação.",2024,3,Restrição,2024,3
498,4914,15003,1015,2096,ORC04,Contingenciamento Orçamentário.,O decreto de contingenciamento realizado pelo governo fez com que algumas ações não fossem devidamente executadas como planejado.,Esta é uma de restrição que deve ser analisada e solucionada em nível de governo.,2024,3,Restrição,2024,3
499,4913,15003,1015,2087,ORC04,Contingenciamento Orçamentário.,O decreto de contingenciamento realizado pelo governo fez com que algumas ações não fossem devidamente executadas como planejado.,Esta é uma de restrição que deve ser analisada e solucionada em nível de governo.,2024,3,Restrição,2024,3
500,5411,15003,1015,4103,ORC04,Contingenciamento Orçamentário.,O decreto de contingenciamento realizado pelo governo fez com que algumas ações não fossem devidamente executadas como planejado.,Esta é uma de restrição que deve ser analisada e solucionada em nível de governo.,2024,3,Restrição,2024,3
501,4917,15003,2110,2387,ORC04,Contingenciamento Orçamentário.,O decreto de contingenciamento realizado pelo governo fez com que algumas ações não fossem devidamente executadas como planejado.,Esta é uma de restrição que deve ser analisada e solucionada em nível de governo.,2024,3,Restrição,2024,3
502,5382,15003,2166,1527,ORC04,Contingenciamento Orçamentário.,O decreto de contingenciamento realizado pelo governo fez com que algumas ações não fossem devidamente executadas como planejado.,Esta é uma de restrição que deve ser analisada e solucionada em nível de governo.,2024,3,Restrição,2024,3
503,5455,16031,2090,2242,ORC04,Contingenciamento Orçamentário.,"O Contingenciamento do Orçamento Anual para o Exercício de 2024, Decreto nº 29.321, de 25 de julho de 2024 (DOE nº 137.1) (0051553416), teve um impacto na execução financeira e meta física desta unidade. Maior parte dos processos abertos não tiveram continuidade, por não serem considerados essenciais.","Devido a natureza da justificativa, não cabe proposta. Pois para execução plena do orçamento é necessário que o mesmo não esteja contingenciado, o que não compete a esta unidade.",2024,3,Restrição,2024,3
504,4918,17032,1015,1490,OUT02,Outras (especificar).,"Houve um aumento nas solicitações de desligamento dos servidores, somado ao fato do Processo Seletivo Simplificado, processo 0052.068857/2022-35, em fase de prorrogação, impossibilitando novos chamamentos","Realizar novo Processo Seletivo Simplificado, que encontra-se em fase de estudo técnico para levantar as necessidades do Hemocentro Coordenador, dos Hemocentros Regionais e das Agências Transfusionais, através do processo 0052.001754/2024-57.",2024,3,Restrição,2024,3
505,5455,16031,2090,2242,ADM08,Pessoal insuficiente para os quadros de gestão e de execução das ações propostas.,"As oficinas oferecidas de artes oferecidas nesta unidade, de acordo com a proposta do regimento deste espaço cultural, são executadas de forma voluntária, pois atualmente não existem pessoas destinadas para esta função.","Aumentar o quadro de funcionários prevendo a especificidade das ações desta unidade, que é oferecer atividades formativas para a classe artística.
",2024,3,Restrição,2024,3
506,5453,16031,2090,2252,ADM08,Pessoal insuficiente para os quadros de gestão e de execução das ações propostas.,"Com devidos esclarecimentos continuamos com o quadro de pessoal insuficiente
para gestão administrativas e de execução das ações propostas.
",Necessita contratação de funcionários para o local.,2024,3,Restrição,2024,3
507,4829,18001,2153,2578,ORC04,Contingenciamento Orçamentário.,"Embora alcançado avanços significativos ao longo do ano, houveram restrições orçamentárias no final das atividades do exercício, o que impactou parcialmente o fluxo de acompanhamento do processo de desativação dos lixões. ","Adotar critérios de priorização para assegurar que atividades prioritárias, como o desenvolvimento e implementação da Política de Resíduos Sólidos sejam executadas mesmo em cenários de restrição orçamentária e/ou financeira.",2024,3,Restrição,2024,3
508,5074,18012,2080,2399,ORC06,Demora na tramitação de crédito adicional.,"A coordenadoria de Recursos Hídricos teve parte de suas atividades prejudicadas, pois a falta de orçamento implicou na redução da realização de vistorias técnicas, campanhas de fiscalização e mobilizações com/para comitês de bacias hidrográficas. As outorgas do uso da água também sofreram redução no número de emissões devido à crise hídrica na região que resultou na baixa histórica de vazões dos rios de Rondônia. Além disso, a gestão de recursos hídricos do estado é altamente dependente de recursos financeiros federais, como Progestão e Qualiágua, contratos que possuem prazo de finalização.","Articulação junto à ALERO para antecipação das liberações de orçamento e superávit do FERH e aporte de novas fontes de recurso, como os porcentagem dos royalties da geração de energia, para que a gestão de recursos hídricos do estado não fique totalmente dependente de recursos financeiros federais, como Progestão (parcela de está 2023 atrasada e não foi recebida até o momento) e Qualiágua (renovação de contrato não celebrado ainda pela União).",2024,3,Restrição,2024,3
509,5049,21001,2102,2250,ORC03,Insuficiência de recursos alocados na Lei Orçamentária.,"Anualmente o teto orçamentário desta SEJUS é insuficiente para cobrir o necessário para aquisição de insumos a fim de prosseguir com os Projetos de Reinserção Social com eficiência, considerando o aumento no quantitativo de pessoas entrando no sistema prisional. 
Além disso, Rondônia é um estado em destaque em quantitativo de reeducandos reintegrandos trabalhando durante cumprimento de pena, sendo assim é importante uma valorização no aporte orçamentário para continuação do trabalho. ",Atenção e análise em conjunto com SEPOG e órgãos superiores para aumento no teto orçamentário da SEJUS. ,2024,3,Restrição,2024,3
510,4828,18001,2154,2599,ORC03,Insuficiência de recursos alocados na Lei Orçamentária.,"Diante do cenário de múltiplos focos de incêndio que assolaram o Estado de Rondônia, observou-se que esses focos estavam localizados principalmente em Unidades de Conservação Estaduais e Federais, onde a legislação proíbe o uso do fogo, tornando a situação ainda mais crítica, sendo que as Unidades de Conservação Parque Estadual Guajará-Mirim e a ESEC Soldado da Borracha foram identificadas como uma das maiores impactadas dentre os municípios rondonienses.
Embora essas queimadas ocorram ao longo do ano na Amazônia a fim de preparar áreas para agricultura, pecuária ou especulação de terras, elas geralmente atingem seu pico durante a estação seca, entre os meses de julho e outubro, o que vem a produzir uma grande poluição atmosférica que representa um grave risco para a saúde e perdas irreparáveis a fauna e flora locais. O desmatamento e as queimadas subsequentes frequentemente ocorrem em unidades de conservação ou em seu entorno, às vezes destruindo plantações e afetando o acesso a alimentos, plantas medicinais e caça das comunidades tradicionais que vivem no interior destas UC's, e ainda a população na qual necessita das plantações para subsistência familiar. Assim, os recursos humanos e financeiros foram destinados no início do mês de julho até meados de novembro para enfrentar a crescente demanda de combate às queimadas que o Estado de Rondônia enfretnou. As áreas mais afetadas incluem o Parque Guajará-Mirim, a Estação Ecológica Soldado da Borracha e a Reserva Extrativista Rio Preto-Jacundá, o que demandou recursos inerentes a proteção ambiental.","Diante das restrições orçamentárias mencionadas, é essencial reavaliar e priorizar os recursos destinados quanto a ação proposta, uma vez ser essencial para a gestão das UCs estaduais.",2024,3,Restrição,2024,3
511,5238,17012,2084,1118,ORC04,Contingenciamento Orçamentário.,"O recurso disponibilizado através da Portaria GM/MS nº 1.812, de 22 de julho de 2020, foi convertido em superávit, sendo disponibilizado crédito orçamentário somente em junho/2024, nos termos do Decreto n° 29.212, de 25 de Junho de 2024.

Ocorre que, no início do segundo semestre, foi publicado o Decreto Estadual nº 29.321, de 25 de julho de 2024, que versa sobre o contingenciamento do Orçamento Anual para o Exercício de 2024, restringindo a realização de algumas atividades.","Viabilizar a disponibilidade orçamentária do superávit de forma mais célere, assim cronológicamente, seria possível a execução financeira.",2024,3,Restrição,2024,3
512,5229,17012,2084,4007,ORC04,Contingenciamento Orçamentário.,"Devido ao DECRETO N° 29.321, DE 25 DE JULHO DE 2024, que institui o contingenciamento do Orçamento Anual para o Exercício de 2024 e dá outras providências, muitos repasses financeiro para custeio de ações em saúde foram comprometidos, por este motivo constam pendentes ainda neste 3º quadrimestre repasses financeiros.","Não houve proposta para esta restrição, pois está diretamente ligada a queda de arrecadação.",2024,3,Restrição,2024,3
513,4763,17032,1015,2234,ORC01,Descompasso entre a previsão no PPA e recursos alocados na LOA.,"Houve um déficit de R$ 20.204.048,00 no teto orçamentário, com relação ao que foi planejado pela unidade e o que foi autorizado pela SEPOG na LOA 2024.","Necessário já no início do exercício financeiro solicitar ajustes orçamentários, através do Decreto 28.893, de 7 de fevereiro de 2024, para cobertura das despesas de caráter obrigatório (administrativas e finalísticas).",2024,3,Restrição,2024,3
514,4763,17032,1015,2234,ORC04,Contingenciamento Orçamentário.,"Contingenciamento do Orçamento Anual para o Exercício de 2024, Decreto nº 29.321, de 25 julho de 2024","Após a análise das despesas da Fundação, houve contenção de gastos das dotações orçamentárias, adotando medidas para priorizar a ação finalística de assistência hematológica e hemoterápica.",2024,3,Restrição,2024,3
515,4765,17032,1015,2091,ORC01,Descompasso entre a previsão no PPA e recursos alocados na LOA.,"Houve um déficit de R$ 20.204.048,00 no teto orçamentário, com relação ao que foi planejado pela unidade e o que foi autorizado pela SEPOG na LOA 2024.","Necessário já no início do exercício financeiro solicitar ajustes orçamentários, através do Decreto 28.893, de 7 de fevereiro de 2024, para cobertura das despesas de caráter obrigatório (administrativas e finalísticas).",2024,3,Restrição,2024,3
516,4765,17032,1015,2091,ORC04,Contingenciamento Orçamentário.,"Contingenciamento do Orçamento Anual para o Exercício de 2024, Decreto nº 29.321, de 25 julho de 2024","Após a análise das despesas da Fundação, houve contenção de gastos das dotações orçamentárias, adotando medidas para priorizar a ação finalística de assistência hematológica e hemoterápica.",2024,3,Restrição,2024,3
517,4918,17032,1015,1490,ORC04,Contingenciamento Orçamentário.,"Contingenciamento do Orçamento Anual para o Exercício de 2024, Decreto nº 29.321, de 25 julho de 2024. Foi contingenciado o total de R$ 2.619.037,76 da ação.","Após a análise das despesas da Fundação, houve contenção de gastos das dotações orçamentárias, adotando medidas para priorizar a ação finalística de assistência hematológica e hemoterápica.

",2024,3,Restrição,2024,3
518,5454,16031,2090,2448,ORC04,Contingenciamento Orçamentário.,"O Contingenciamento do Orçamento Anual para o Exercício de 2024, Decreto nº 29.321, de 25 de julho de 2024 (DOE nº 137.1) (0051553416), teve um impacto na execução financeira e meta física desta unidade. ","Devido a natureza da justificativa, não cabe proposta. Pois para execução plena do orçamento é necessário que o mesmo não esteja contingenciado, o que não compete a esta unidade.",2024,3,Restrição,2024,3
519,5452,16031,2090,2247,ORC04,Contingenciamento Orçamentário.,"O Contingenciamento do Orçamento Anual para o Exercício de 2024, Decreto nº 29.321, de 25 de julho de 2024 (DOE nº 137.1) (0051553416), teve um impacto na execução financeira e meta física desta unidade. ","Devido a natureza da justificativa, não cabe proposta. Pois para execução plena do orçamento é necessário que o mesmo não esteja contingenciado, o que não compete a esta unidade.",2024,3,Restrição,2024,3
520,4694,17032,1015,2087,ORC06,Demora na tramitação de crédito adicional.,"Demora para liberar o crédito suplementar por superávit, solicitado em 14 de maio de 2024, conforme processo 0052.001556/2024-93, sendo autorizado em através da Lei n° 5.931, de 13 de dezembro e liberado através do Decreto n° 29.822, de 17 de dezembro de 2024, sendo uma dificuldade enfrentada para execução orçamentária e financeira.","Agilidade entre os poderes, para não acarretar em prejuízo para unidade gestora.",2024,3,Restrição,2024,3
521,4694,17032,1015,2087,ORC01,Descompasso entre a previsão no PPA e recursos alocados na LOA.,"Houve uma redução de entre a previsão inicial no PPA com relação ao que foi planejado pela unidade e o que foi alocado na LOA pela SEPOG, para o exercício de 2024.","Necessário já no início do exercício financeiro solicitar ajustes orçamentários, através do Decreto 28.893, de 7 de fevereiro de 2024, para cobertura das despesas de caráter obrigatório (administrativas e finalísticas).",2024,3,Restrição,2024,3
522,4694,17032,1015,2087,ORC04,Contingenciamento Orçamentário.,"Contingenciamento do Orçamento Anual para o Exercício de 2024, Decreto nº 29.321, de 25 julho de 2024","Após a análise das despesas da Fundação, houve contenção de gastos das dotações orçamentárias, adotando medidas para priorizar a ação finalística de assistência hematológica e hemoterápica.",2024,3,Restrição,2024,3
523,5096,11007,2074,1000,ORC03,Insuficiência de recursos alocados na Lei Orçamentária.,"Conforme verificado na Lei Orçamentária Anual - LOA de 2024, foi disponibilizado o valor total de R$ 12.000 (doze mil reais) para execução do projeto - sendo este insuficiente para o atingimento dos objetivos estabelecidos.",Realização de suplementação orçamentária no ano de 2025.,2024,3,Restrição,2024,3
524,4923,17032,2105,4032,ORC01,Descompasso entre a previsão no PPA e recursos alocados na LOA.,"Houve uma redução de entre a previsão inicial no PPA com relação ao que foi planejado pela unidade e o que foi alocado na LOA pela SEPOG, para o exercício de 2024.","Necessário já no início do exercício financeiro solicitar ajustes orçamentários, através do Decreto 28.893, de 7 de fevereiro de 2024, para cobertura das despesas de caráter obrigatório (administrativas e finalísticas).",2024,3,Restrição,2024,3
525,4923,17032,2105,4032,ORC04,Contingenciamento Orçamentário.,"Contingenciamento do Orçamento Anual para o Exercício de 2024, Decreto nº 29.321, de 25 julho de 2024","Após a análise das despesas da Fundação, houve contenção de gastos das dotações orçamentárias, adotando medidas para priorizar a ação finalística de assistência hematológica e hemoterápica.",2024,3,Restrição,2024,3
526,5151,11007,2074,2283,ORC04,Contingenciamento Orçamentário.,"A ação não foi plenamente implementada - tendo em vista a baixa execução orçamentária, em decorrência de contingenciamento orçamentário - conforme informações apresentadas no Ofício 1374 (0054654496) - Processo SEI nº 0035.006945/2024-13 - e no Ofício 1528 (0055768712) - Processo SEI nº 0070.001414/2024-16.",Descontingenciamento orçamentário de ações prioritárias.,2024,3,Restrição,2024,3
527,5097,11007,2074,2285,ORC04,Contingenciamento Orçamentário.,"A ação sofreu impacto negativo em decorrência de contingenciamento orçamentário, no valor total de R$ 1.289.725,17 - conforme verificado no Relatório SIGEF (0054712045).",Não contingenciamento orçamentário sem manifestação prévia da unidade gestora responsável pela execução da ação.,2024,3,Restrição,2024,3
528,4922,17032,2105,4031,ORC01,Descompasso entre a previsão no PPA e recursos alocados na LOA.,"Houve uma redução do teto orçamentário, com relação ao que foi planejado pela unidade e o que foi autorizado pela SEPOG na LOA 2024.","Necessário já no início do exercício financeiro solicitar ajustes orçamentários, através do Decreto 28.893, de 7 de fevereiro de 2024, para cobertura das despesas de caráter obrigatório (administrativas e finalísticas).",2024,3,Restrição,2024,3
529,4922,17032,2105,4031,ORC04,Contingenciamento Orçamentário.,"Contingenciamento do Orçamento Anual para o Exercício de 2024, Decreto nº 29.321, de 25 julho de 2024","Após a análise das despesas da Fundação, houve contenção de gastos das dotações orçamentárias, adotando medidas para priorizar a ação finalística de assistência hematológica e hemoterápica.",2024,3,Restrição,2024,3
530,4921,17032,2105,4030,ORC01,Descompasso entre a previsão no PPA e recursos alocados na LOA.,"Houve uma redução de entre a previsão inicial no PPA com relação ao que foi planejado pela unidade e o que foi alocado na LOA pela SEPOG, para o exercício de 2024.","Necessário já no início do exercício financeiro solicitar ajustes orçamentários, através do Decreto 28.893, de 7 de fevereiro de 2024, para cobertura das despesas de caráter obrigatório (administrativas e finalísticas).",2024,3,Restrição,2024,3
531,4921,17032,2105,4030,ORC04,Contingenciamento Orçamentário.,"Contingenciamento do Orçamento Anual para o Exercício de 2024, Decreto nº 29.321, de 25 julho de 2024","Após a análise das despesas da Fundação, houve contenção de gastos das dotações orçamentárias, adotando medidas para priorizar a ação finalística de assistência hematológica e hemoterápica.",2024,3,Restrição,2024,3
532,4924,17032,2105,2145,ORC01,Descompasso entre a previsão no PPA e recursos alocados na LOA.,"Houve uma redução de entre a previsão inicial no PPA com relação ao que foi planejado pela unidade e o que foi alocado na LOA pela SEPOG, para o exercício de 2024.","Necessário já no início do exercício financeiro solicitar ajustes orçamentários, através do Decreto 28.893, de 7 de fevereiro de 2024, para cobertura das despesas de caráter obrigatório (administrativas e finalísticas).",2024,3,Restrição,2024,3
533,4924,17032,2105,2145,ORC04,Contingenciamento Orçamentário.,"Contingenciamento do Orçamento Anual para o Exercício de 2024, Decreto nº 29.321, de 25 julho de 2024, foi contingenciado pela SEPOG o total de R$ 2.128.838,37 nesta ação orçamentária.","Após a análise das despesas da Fundação, houve contenção de gastos das dotações orçamentárias, adotando medidas para priorizar a ação finalística de assistência hematológica e hemoterápica.",2024,3,Restrição,2024,3
534,4924,17032,2105,2145,ORC06,Demora na tramitação de crédito adicional.,"Demora para liberar o crédito suplementar por superávit, solicitado em 14 de maio de 2024, conforme processo 0052.001556/2024-93, sendo autorizado em através da Lei n° 5.931, de 13 de dezembro e liberado através do Decreto n° 29.822, de 17 de dezembro de 2024, sendo uma dificuldade enfrentada para execução orçamentária e financeira.","Agilidade entre os poderes, para não acarretar em prejuízo para unidade gestora.",2024,3,Restrição,2024,3
535,5406,17012,2049,4542,OUT02,Outras (especificar).,"O acesso as vagas de acolhimento em serviço de comunidade terapêutica depende da manifestação voluntária do usuário para acessar o tratamento ofertado por esse tipo de serviço ofertada pelas instituições conveniada com a SESAU, sendo de escolha do usuário o período que vai desejar permanecer nesse tipo de tratamento que pode ser pelo período de até 9 meses. Outro fator importante que dese ser considerado é que nem todo usuário que manifesta interesse neste tipo de tratamento vai ter condições clínicas psiquiátricas para permancer nessa modalidade de serviço.
As normativas do SUS referente à Rede de Atenção Psicossocial (RAPS) tem passado por atualizações e também por mais fiscalizações por parte do Ministério Público Federal e Estadual. Em 2024 houve atualização dos recursos financeiros de repasse federal para os equipamentos de saúde da RAPS como os Centros de Atenção Psicossocial (CAPS) em todas as suas modalidades, as Unidades de Acolhimento para adolescentes e Adultos, os Serviços de Residência Terapêutica (SRT), diante dessas atualizações se intensificou o monitoramento para o funcionamento dos CAPS em especial para o atendimento de seu público prioritário. Também houve publicação da Resolução 249, de 10 de julho de 2024 do CONANDA (Conselho Nacional dos Direitos de Crianças e Adolescentes) proibindo a internação de crianças e adolescentes em comunidades terapêuticas. Houve uma intensificação das fiscalizações pelo MP sobre o funcionamento das Comunidades Terapêuticas Acolhedoras conforme estabelece a Resolução da Diretoria Colegiada (RDC) nº 29/2011 da Agência Nacional de Vigilância Sanitária (Anvisa), que estabelece os requisitos sanitários para instituições de atenção a pessoas com transtorno decorrente do uso de álcool e outras drogas, garantindo a qualidade e a segurança dos tratamentos. ","Faz-se necessário a revisão da proposta de ação quanto as possibilidades de financiamento estadual para os equipamentos de saúde devidamente normatizados pelo Ministério da Saúde e embasados em justificativas epidemiológicas, sanitárias e técnicas assistenciais das redes de atenção à saúde.",2024,3,Restrição,2024,3
536,4756,16031,1015,2087,ORC04,Contingenciamento Orçamentário.,"Contingenciamento do Orçamento Anual para o Exercício de 2024, conforme Decreto nº 29.321, de 25 de julho de 2024 (DOE nº 137.1).","Para execução plena do orçamento dependeria da revogação do Decreto de Contingenciamento, o que não compete e depende a FUNCER.",2024,3,Restrição,2024,3
537,5097,11007,2074,2285,ORC07,"Dificuldade na obtenção de créditos orçamentários adicionais (suplementares, especiais ou extraordinários).","Apesar de solicitado e justificado, não obtivemos resposta quanto ao Ofício 1353 (0054446727), que tratava de suplementação orçamentária para atender necessidades de aquisição de equipamentos para expansão de processamento de dados - Estudo Técnico (0054447226). Recurso que poderia melhorar significativamente o desempenho da infraestrutura de tecnologia da informação da SETIC. ","Análise e resposta por parte do órgão central de orçamento, acerca das solicitações de suplementação orçamentária.",2024,3,Restrição,2024,3
538,4808,18001,2153,2229,JUD01,Ações judiciais.,Demanda excessiva de respostas a Justiça e Orgãos de Controle com cumprimento de prazo.,Contratação de Servidores.,2024,3,Restrição,2024,3
539,4808,18001,2153,2229,ORC04,Contingenciamento Orçamentário.,Houve contingenciamento orçamentário que prejudicou a execução orçamentária a contento.,Aumento da disponibilidade orçamentária.,2024,3,Restrição,2024,3
540,4808,18001,2153,2229,ADM08,Pessoal insuficiente para os quadros de gestão e de execução das ações propostas.,"Limitação nas entregas dos produtos previstos no contrato de serviços especializados na retificação de Cadastros Ambientais - CAR, o que impacta diretamente na demanda e no esforço técnico da equipe para atender a demanda.","Entrega de produtos, conforme o contratado e de acordo com a necessidade do setor.",2024,3,Restrição,2024,3
541,4808,18001,2153,2229,ADM14,Outras (especificar).,Instabilidade do SICAR Federal.,Resolução dos problemas relacionados ao SICAR.,2024,3,Restrição,2024,3
542,4839,18001,2153,2580,ADM14,Outras (especificar).,"Aguardando a prestação de serviços referente a Contratação de Empresa Especializada para desenvolvimento de sistema para integração de dados de usuários de recursos hídricos, visando atender as necessidades básicas desta Secretaria de Estado do Desenvolvimento Ambiental – SEDAM.",Serviços contratados prestados de acordo a necessidade desta Secretaria.,2024,3,Restrição,2024,3
543,4830,18001,2153,2587,ORC04,Contingenciamento Orçamentário.,"Ao longo deste exercício houve contingenciamento orçamentário na Fonte: 1.500.0.00001 - Recursos Não Vinculados a Impostos, o que prejudicou a execução orçamentária e financeira desta ação a contento.","Por mais que haja necessidade de realizar contingenciamento orçamentário, se faz necessário uma análise das possíveis consequências que o mesmo pode causar, visando assim prevenir possíveis descontinuidades de ações que podem impactar a sociedade de forma direta ou indireta.",2024,3,Restrição,2024,3
544,4817,18001,2154,2594,ORC04,Contingenciamento Orçamentário.,"Ao longo deste exercício houve contingenciamento orçamentário na Fonte: 1.500.0.00001 - Recursos Não Vinculados a Impostos, o que prejudicou a execução orçamentária e financeira desta ação a contento.","Por mais que haja necessidade de realizar contingenciamento orçamentário, se faz necessário uma análise das possíveis consequências que o mesmo pode causar, visando assim prevenir possíveis descontinuidades de ações que podem impactar a sociedade de forma direta ou indireta.",2024,3,Restrição,2024,3
545,4828,18001,2154,2599,ORC04,Contingenciamento Orçamentário.,"Ao longo deste exercício houve contingenciamento orçamentário na Fonte: 1.500.0.00001 - Recursos Não Vinculados a Impostos, o que prejudicou a execução orçamentária e financeira desta ação a contento.","Por mais que haja necessidade de realizar contingenciamento orçamentário, se faz necessário uma análise das possíveis consequências que o mesmo pode causar, visando assim prevenir possíveis descontinuidades de ações que podem impactar a sociedade de forma direta ou indireta.",2024,3,Restrição,2024,3
546,5323,18001,2154,2601,ORC04,Contingenciamento Orçamentário.,"Ao longo deste exercício houve contingenciamento orçamentário na Fonte: 1.500.0.00001 - Recursos Não Vinculados a Impostos, o que prejudicou a execução orçamentária e financeira desta ação a contento.","Por mais que haja necessidade de realizar contingenciamento orçamentário, se faz necessário uma análise das possíveis consequências que o mesmo pode causar, visando assim prevenir possíveis descontinuidades de ações que podem impactar a sociedade de forma direta ou indireta.",2024,3,Restrição,2024,3
547,5053,21001,2102,2950,LIC03,Procedimento licitatório burocrático.,"Considerando o início da vigência da Lei 14.133/2021 e eventuais alterações no procedimento licitatório, o processo encontra-se para adequações devido demasiado quantidade de itens divergentes. ","Não, pois é referente ao rito licitatório comum. ",2024,3,Restrição,2024,3
548,4834,18011,2098,2280,ADM01,Problemas com o prestador de serviço.,"Aguardando a prestação de serviços referente a Contratação de Empresa Especializada para desenvolvimento de sistema para integração de dados de usuários de recursos hídricos, visando atender as necessidades básicas desta Secretaria de Estado do Desenvolvimento Ambiental – SEDAM.",Prestação de serviços de acordo a necessidade desta Secretaria.,2024,3,Restrição,2024,3
549,5368,21001,2165,1626,LIC03,Procedimento licitatório burocrático.,"Considerando o início da vigência da Lei 14.133/2021 e eventuais alterações no procedimento licitatório, o processo encontra-se para adequações devido demasiado quantidade de itens divergentes para atender os convênios que abrange esta ação. ","Não, pois é rito comum licitatório. ",2024,3,Restrição,2024,3
550,5364,21001,2165,4076,LIC03,Procedimento licitatório burocrático.,"Considerando o início da vigência da Lei 14.133/2021 e eventuais alterações no procedimento licitatório, o processo encontra-se para adequações devido demasiado quantidade de itens divergentes para atender os convênios que abrange esta ação. ","Não, pois é rito comum licitatório. ",2024,3,Restrição,2024,3
551,4719,14023,1000,2064,LIC05,Apresentação de recursos ou impugnação do certame.,"Os seguintes processos sofreram atrasos nos processos de licitação, gerando dificuldades na execução orçamentaria.
0016.000049/2024-79
0016.001320/2024-93
0016.000498/2024-17
0016.003746/2023-09
",Aguardar licitação,2024,3,Restrição,2024,3
552,4719,14023,1000,2064,LIC03,Procedimento licitatório burocrático.,"Os seguintes processos sofreram atrasos no planejamento da contratação. 
0016.003428/2023-30
0016.000681/2024-12
0016.004899/2024-46
Assim, tais contratações estiveram pendentes de contratação na SUPEL, havendo exito atualmente apenas no processo SEI 0016.000681/2024-12, no montante de R$ 2.062.360,00, sendo esse valor abaixo do estimado.
Ademais, houve também atraso por conta de análises parceladas exaradas pela SUPEL. ","
1º Acompanhar o plano de contratação anual, iniciando o plangimento da contratação com até 180 dias de antecedência.
2º Realizar diligências juntamente com a equipe de compras do Iperon a equipe SUPEL responsável pelo certamente da contratação. ",2024,3,Restrição,2024,3
553,4719,14023,1000,2064,OUT02,Outras (especificar).,"0016.071903/2022-10
O seguinte processo encontra-se em fase recebimento, que conta com pagamentos parcelados no montante de R$ 6.400.000,00 para o item 1  na fonte 44.90.40, sendo que o pagamento final será realizado em 04/2025 conforme planejamento, logo após será realizado o pagamento mensal na fonte 33.90.40.
A contratação estava panejada para fev/2024, no entanto, por atraso do processo licitatório e restrição orçamentaria, foi-se iniciado fora do prazo previsto para pagamento total em 2024.",Acompanhar execução dos serviços para não passar o cronograma previsto,2024,3,Restrição,2024,3
554,5266,17012,2034,2117,ORC04,Contingenciamento Orçamentário.,"Devido ao DECRETO N° 29.321, DE 25 DE JULHO DE 2024, que institui o contingenciamento do Orçamento Anual para o Exercício de 2024 e dá outras providências, muitos repasses financeiros para custeio de ações em saúde foram comprometidos, por este motivo constam pendentes ainda neste 3º quadrimestre repasses financeiros.","Frente a situação, de queda da arrecadação, há que priorizar ações para garantir a execução.",2024,3,Restrição,2024,3
555,5368,21001,2165,1626,ADM14,Outras (especificar).,"Esta gestão encontra dificuldades para utilização do recurso quanto a contratação pessoas, onde consta no plano de trabalho de 04 convênios devido requisitos na execução contábil, financeira e RH. ",Esta gestão procura auxílios em outros órgãos para melhor execução. ,2024,3,Restrição,2024,3
556,5228,27001,2130,1497,ORC07,"Dificuldade na obtenção de créditos orçamentários adicionais (suplementares, especiais ou extraordinários).","A LOA do programa 2130 foi aprovada com recursos orçamentários insuficientes para cobertura dos contratos ao longo do exercício, desconsiderando o planejamento do setor.",Priorizar a alocação dos recursos orçamentários para obras que já estão em andamento.,2024,3,Restrição,2024,3
557,5589,15004,2193,4177,OUT02,Outras (especificar).,"A baixa execução financeira do orçamento do CBM está sendo impactada pela necessidade de conferência rigorosa dos materiais recebidos, mesmo em processos de aquisição emergenciais. Apesar da celeridade na compra, a etapa de conferência exige tempo e pessoal dedicado, o que retarda a liquidação e o pagamento das despesas. Essa conferência, embora fundamental para garantir a conformidade dos materiais e evitar pagamentos indevidos, implica em um processo minucioso de verificação de cada item, incluindo a análise de especificações técnicas, quantidade, qualidade e integridade.  Em alguns casos, são necessários testes específicos para atestar a qualidade dos materiais, o que demanda ainda mais tempo.","1. Utilização de ferramentas tecnológicas: A implementação de softwares de gestão de estoque e logística pode auxiliar na conferência, organização e controle dos materiais, agilizando o processo e minimizando erros;
2. Simplificação do processo de conferência em casos específicos:  Avaliar a possibilidade de simplificar o processo para materiais de baixo valor ou que não requerem testes complexos, priorizando a conferência de itens críticos.",2024,3,Restrição,2024,3
558,4782,18001,1015,2087,ORC04,Contingenciamento Orçamentário.,"Ao longo deste exercício houve contingenciamento orçamentário na Fonte: 1.500.0.00001 - Recursos Não Vinculados a Impostos, o que prejudicou a execução orçamentária e financeira desta ação a contento.","Por mais que haja necessidade de realizar contingenciamento orçamentário, se faz necessário uma análise das possíveis consequências que o mesmo pode causar, visando assim prevenir possíveis descontinuidades de ações que podem impactar a sociedade de forma direta ou indireta.",2024,3,Restrição,2024,3
559,4806,18001,2153,1492,ADM14,Outras (especificar).,"Fora emitido a ordem de serviço para início da execução. Entrementes, considerando que os serviços de manutenção predial e da rede elétrica restaram prejudicadas em virtude do período chuvoso, motivo pelo qual destacamos que a morosidade da execução das reformas se deram em razão disto.",Iniciar as atividades relacionadas à reforma e construção em períodos em que o volume de chuva não prejudique a continuidade dos trabalhos.,2024,3,Restrição,2024,3
560,5117,11033,1015,2087,ORC04,Contingenciamento Orçamentário.,"A execução da ação não atingiu a meta programada para o exercício tendo em vista o cenário de frustração de arrecadação que o Estado vêm enfrentando gerando medidas de contenção de gastos conforme  Decreto nº 29.321, de 25 de julho de 2024; Decreto nº 29.366/2024 e Decreto nº 29.746 de 04 de dezembro de 2024 (atualização), publicado no Diário Oficial do Estado de Rondônia nº 227, de 04/12/2024, todos anexo ao Processo Sei nº 0035.004807/2024-08.","Sabemos que a arrecadação tributária é a principal fonte de recursos do setor público brasileiro. Financia não só a máquina pública como também a oferta de serviço e a realização de políticas públicas, através da arrecadação de impostos, taxas e contribuições.
Considerando que a frustação dessa arrecadação ocasiona o contingenciamento orçamentário inibindo os gastos públicos, é necessário desenvolver um processo de arrecadação tributária eficiente adotando-se medidas que potencializem a arrecadação para que através dele a gestão pública possa planejar e executar políticas e serviços de qualidade para o Estado, com mais recursos.
",2024,3,Restrição,2024,3
561,4841,18011,2154,2602,ORC03,Insuficiência de recursos alocados na Lei Orçamentária.,"Diante do cenário de múltiplos focos de incêndio que assolaram o Estado de Rondônia, observou-se que esses focos estavam localizados principalmente em Unidades de Conservação Estaduais e Federais, onde a legislação proíbe o uso do fogo, tornando a situação ainda mais crítica, sendo que as Unidades de Conservação Parque Estadual Guajará-Mirim e a ESEC Soldado da Borracha foram identificadas como uma das maiores impactadas dentre os municípios rondonienses.
Embora essas queimadas ocorram ao longo do ano na Amazônia a fim de preparar áreas para agricultura, pecuária ou especulação de terras, elas geralmente atingem seu pico durante a estação seca, entre os meses de julho e outubro, o que vem a produzir uma grande poluição atmosférica que representa um grave risco para a saúde e perdas irreparáveis a fauna e flora locais.
O desmatamento e as queimadas subsequentes frequentemente ocorrem em unidades de conservação ou em seu entorno, às vezes destruindo plantações e afetando o acesso a alimentos, plantas medicinais e caça das comunidades tradicionais que vivem no interior destas UC's, e ainda a população na qual necessita das plantações para subsistência familiar.
Assim, os recursos humanos e financeiros foram destinados no início do mês de julho até meados de novembro para enfrentar a crescente demanda de combate às queimadas que o Estado de Rondônia enfrentou. As áreas mais afetadas incluem o Parque Guajará-Mirim, a Estação Ecológica Soldado da Borracha e a Reserva Extrativista Rio Preto-Jacundá, o que demandou recursos inerentes a proteção ambiental.","Diante das restrições orçamentárias mencionadas, é essencial reavaliar e priorizar os recursos destinados quanto a ação proposta, uma vez ser essencial para a gestão das UCs estaduais.",2024,3,Restrição,2024,3
562,5076,15004,2103,1275,GER08,Demora na elaboração de projetos arquitetônicos e executivos.,"A demora na elaboração de projetos executivos impacta diretamente o cronograma da obra, comprometendo o andamento das ações e a entrega dos resultados esperados. Essa etapa crucial, enfrenta atrasos devido à complexidade dos projetos, à necessidade de ajustes e revisões, à dificuldade em obter aprovações de órgãos competentes e à necessidade de profissionais especializados.","1. Estabelecer prazos mais realistas: Considerar os desafios e a complexidade de cada projeto ao definir os prazos, evitando prazos apertados que possam comprometer a qualidade dos projetos e gerar atrasos;
2. Fortalecer a comunicação entre as partes envolvidas: Estimular o diálogo constante entre a equipe de projetistas, os órgãos responsáveis pelas aprovações e os demais setores envolvidos na obra, a fim de evitar ruídos na comunicação, agilizar a resolução de pendências e garantir o alinhamento entre as expectativas e as necessidades do projeto.",2024,3,Restrição,2024,3
563,4839,18001,2153,2580,ORC04,Contingenciamento Orçamentário.,"Ao longo deste exercício houve contingenciamento orçamentário na Fonte: 1.500.0.00001 - Recursos Não Vinculados a Impostos, o que prejudicou a execução orçamentária e financeira desta ação a contento.","Por mais que haja necessidade de realizar contingenciamento orçamentário, se faz necessário uma análise das possíveis consequências que o mesmo pode causar, visando assim prevenir possíveis descontinuidades de ações que podem impactar a sociedade de forma direta ou indireta.",2024,3,Restrição,2024,3
564,4809,18001,2153,2585,ORC04,Contingenciamento Orçamentário.,"Ao longo deste exercício houve contingenciamento orçamentário na Fonte: 1.500.0.00001 - Recursos Não Vinculados a Impostos, o que prejudicou a execução orçamentária e financeira desta ação a contento.","Por mais que haja necessidade de realizar contingenciamento orçamentário, se faz necessário uma análise das possíveis consequências que o mesmo pode causar, visando assim prevenir possíveis descontinuidades de ações que podem impactar a sociedade de forma direta ou indireta.",2024,3,Restrição,2024,3
565,4829,18001,2153,2578,ADM12,Dificuldades para celebrar contrato/convênio.,"A programação orçamentária da Unidade Orçamentária, SEDAM, vinculada ao Projeto/Atividade 2578 e à Natureza da Despesa 44.50.41, contempla o valor de R$ 92.000,00. Esses recursos, provenientes de emenda parlamentar da Deputada Estadual Gislaine Lebrinha, foram alocados para a aquisição de uma prensa enfardadeira hidráulica destinada à Cooperativa CATANORTE.
Para a realização do repasse, é imprescindível a celebração de um Termo de Fomento entre a SEDAM e a Cooperativa. Esse procedimento está sendo conduzido no âmbito do Processo nº 0028.015627/2024-32. 
A SEDAM está na fase de formalizar o acordo com a Cooperativa, etapa essencial para a liberação dos recursos. O processo já avançou pelas etapas de análise técnica e jurídica. Sendo encaminhadas as solicitações da Procuradoria-Geral do Estado (PGE) para complementação de informações por parte da Cooperativa CATANORTE. 
Esta fase de celebração do Termo de Fomento é um processo que envolve diversas etapas, análises e verificações que demandam mão de obra da SEDAM em diferentes áreas, desde a análise técnica até a gestão orçamentária, administrativa e de fiscalização. O processo exige servidores qualificados para garantir a legalidade, a celeridade, eficiência e a transparência na aplicação dos recursos públicos e a  atualmente a Secretaria não dispõe de quadro de pessoal suficiente para atendimento as demandas de forma conveniente.
Quanto a celeridade do processo, a Secretaria não tem total gestão, visto que em vária etapas do processo é necessária a resposta da outra parte envolvida, no caso em específico da Cooperativa.","Aumento de mão de obra na gerência de Convênios da Secretaria visando procedimentos mais céleres, visto a mesma é responsável por gestão de todos os processos de celebração de parcerias de que a Sedam é parte, isso inclui as demandas de Fomento oriundos de Emendas Parlamentares.
Qualificação de mão de obras envolvidas em todas as etapas do processo de celebração de Parcerias da Secretaria.
Respostas mais rápidas da outra Parte envolvida no processo de celebração das Parcerias no envio de informações solicitas pela SEDAM para subsidiar a formalização das Parcerias.",2024,3,Restrição,2024,3
566,4809,18001,2153,2585,ADM12,Dificuldades para celebrar contrato/convênio.,"A programação orçamentária da Unidade Orçamentária, SEDAM, vinculada ao Projeto/Atividade 2585 e à Natureza da Despesa 33.50.41, contempla o valor de R$ 100.000,00. Esses recursos, provenientes de emenda parlamentar da Deputada Estadual Cláudia de Jesus, foram alocados para atender o projeto de identificação de Nascentes destinada à Organização Raiz Nativa do Município de Porto Velho.
Para a realização do repasse, é imprescindível a celebração de um Termo de Fomento entre a SEDAM e a Organização. Esse procedimento está sendo conduzido no âmbito do Processo nº 0028.019909/2024-17.
 A SEDAM está na fase de formalizar o acordo com a organização, etapa essencial para a liberação dos recursos. O processo já avançou pelas etapas de análise técnica e jurídica, que foram devidamente concluídas. Sendo encaminhadas as solicitações jurídicas e técnicas para complementação de informações por parte da Cooperativa CATANORTE. 
Esta fase de celebração do Termo de Fomento é um processo que envolve diversas etapas, análises e verificações que demandam mão de obra da SEDAM em diferentes áreas, desde a análise técnica até a gestão orçamentária, administrativa e de fiscalização. O processo exige servidores qualificados para garantir a legalidade, a celeridade, eficiência e a transparência na aplicação dos recursos públicos e a  atualmente a Secretaria não dispõe de quadro de pessoal suficiente para atendimento as demandas de forma conveniente.
Quanto a celeridade do processo, a Secretaria não tem total gestão, visto que em várias etapas do processo é necessário a resposta da outra parte envolvida, no caso em específico da Raiz Nativa.","Aumento de mão de obra na gerência de Convênios da Secretaria visando procedimentos mais céleres, visto a mesma é responsável por gestão de todos os processos de celebração de parcerias de que a Sedam é parte, isso inclui as demandas de Fomento oriundos de Emendas Parlamentares.
Qualificação de mão de obras envolvidas em todas as etapas do processo de celebração de Parcerias da Secretaria.
Respostas mais rápidas da outra Parte envolvida no processo de celebração das Parcerias no envio de informações solicitas pela SEDAM para subsidiar a formalização das Parcerias.
",2024,3,Restrição,2024,3
567,5308,17013,2152,1516,ADM01,Problemas com o prestador de serviço.,"No terceiro quadrimestre de 2024, foi formalizado o Termo de Rescisão Consensual do Contrato nº 0007/SESAU/PGE/2022 entre a SESAU e a SPE Vigor Turé S.A., com mediação da CIESP/FIESP, oficializando a rescisão em 14 de novembro de 2024, após o esgotamento de todas as medidas administrativas e técnicas para regularização contratual. A suspensão do contrato no primeiro quadrimestre de 2024 ocorreu devido a atrasos significativos no cronograma, com apenas 5,25% de evolução da obra; deficiências nos projetos executivos, que necessitaram de retrabalhos; e a ausência de medidas corretivas pela contratada, mesmo após reiteradas notificações. Em vista disso, a Administração Pública decidiu encerrar o contrato de forma consensual, priorizando a eficiência, a economicidade e o interesse público.","om o encerramento do contrato, a SESAU está adotando medidas estratégicas para mitigar os impactos da rescisão e garantir a continuidade dos objetivos relacionados ao Hospital de Urgência e Emergência de Rondônia (HEURO). Entre as ações estão a avaliação de alternativas para a retomada do projeto, incluindo novos modelos de gestão e contratação que atendam aos requisitos técnicos e operacionais necessários. A SESAU também está revisando diretrizes para contratações de grande vulto, fortalecendo mecanismos de monitoramento e gestão para melhorar a qualidade e tempestividade dos serviços futuros.",2024,3,Restrição,2024,3
568,5309,17013,2152,2507,ADM12,Dificuldades para celebrar contrato/convênio.,"A dificuldade em celebrar o contrato de parceria público-privada para a operação, equipagem e manutenção do Hospital de Urgência e Emergência de Rondônia (HEURO) resulta diretamente da rescisão consensual do Contrato nº 0007/SESAU/PGE/2022, que previa a construção do hospital. A rescisão foi formalizada em 14 de novembro de 2024, após constatações de descumprimentos contratuais pela empresa responsável pela obra, incluindo atrasos significativos no cronograma e entrega de projetos incompletos. Como consequência, o projeto físico do hospital não atingiu as condições necessárias para viabilizar a implementação dos serviços de operação, manutenção e equipagem previstos no contrato de parceria público-privada. Diante dessa situação, é essencial revisar a estratégia de execução do projeto, assegurando a conclusão da estrutura física antes de prosseguir com a contratação da operação hospitalar.","Para superar a restrição administrativa e garantir o progresso do projeto do HEURO, propõe-se a reformulação do planejamento estratégico, com estudos para viabilizar a retomada do projeto e a possibilidade de nova contratação para a conclusão das obras, assegurando eficiência, economicidade e cumprimento de prazos. Recomenda-se também a manutenção do contrato de operação suspenso até a conclusão das obras, protegendo o erário público de compromissos financeiros desnecessários. Por fim, reforça-se a necessidade de aprimorar os mecanismos de gestão e fiscalização, incorporando lições aprendidas para garantir a entrega de serviços e estruturas alinhadas ao interesse público e às necessidades da população.",2024,3,Restrição,2024,3
569,5456,11033,1015,1519,ORC04,Contingenciamento Orçamentário.,"A execução da ação não atingiu a meta programada para o exercício tendo em vista o cenário de frustração de arrecadação que o Estado vêm enfrentando gerando medidas de contenção de gastos conforme  Decreto nº 29.321, de 25 de julho de 2024; Decreto nº 29.366/2024 e Decreto nº 29.746 de 04 de dezembro de 2024 (atualização), publicado no Diário Oficial do Estado de Rondônia nº 227, de 04/12/2024, todos anexo ao Processo Sei nº 0035.004807/2024-08.","Sabemos que a arrecadação tributária é a principal fonte de recursos do setor público brasileiro. Financia não só a máquina pública como também a oferta de serviço e a realização de políticas públicas, através da arrecadação de impostos, taxas e contribuições.
Considerando que a frustação dessa arrecadação ocasiona o contingenciamento orçamentário inibindo os gastos públicos, é necessário desenvolver um processo de arrecadação tributária eficiente adotando-se medidas que potencializem a arrecadação para que através dele a gestão pública possa planejar e executar políticas e serviços de qualidade para o Estado, com mais recursos.
",2024,3,Restrição,2024,3
570,4906,17012,2069,2764,ORC03,Insuficiência de recursos alocados na Lei Orçamentária.,"De acordo com os termos dos Decreto 29.272 e Decreto 29.583,  os quais versam sobre o crédito adicional suplementar para o Fundo Estadual de Saúde -  FES, contemplando dentre outros o programa de INCENTIVAR A FARMÁCIA BÁSICA DOS MUNICÍPIOS, temos que a informar que o Decreto N° 29.931,  teve sua publicação no dia 31 de dezembro de 2024. Neste sentido, houve atraso na execução do repasse devido a emissão dos empenhos de forma tardia, por conta da liberação orçamentária e a autorização do Grupo de Programação Financeira (GPF) terem sido prejudicadas, conforme solicitado nos processos 0036.041805/2024-81, 0036.046012/2024-59, 0036.049628/2024-81 e 0036.057196/2024-82, e de acordo com os empenhos emitidos, tão logo finalize a tramitação com a liquidação destes, haverá a emissão do repasse completando a programação estimada.","Para melhorar a execução do orçamento da SESAU, considerando as dificuldades atuais, é essencial adotar algumas estratégias focadas em otimizar a distribuição e a liberação dos recursos. Primeiramente, é necessário revisar a alocação orçamentária, priorizando ações mais urgentes e readequando os recursos para áreas essenciais. A aceleração da liberação financeira e a reavaliação das previsões orçamentárias também são medidas importantes para evitar atrasos. Além disso, a execução das ações pode ser planejada de forma mais flexível, permitindo ajustes de prazos e execução em fases.
É fundamental promover uma maior integração entre a SESAU e outras secretarias para garantir um fluxo orçamentário mais eficiente, e implementar sistemas de monitoramento contínuo para ajustes rápidos. A busca por fontes alternativas de recursos, como parcerias ou convênios, também pode contribuir para a execução das ações. Por fim, a capacitação das equipes responsáveis e a adoção de ferramentas mais avançadas de planejamento são essenciais para melhorar a utilização dos recursos e garantir a execução das ações planejadas em tempo hábil.",2024,3,Restrição,2024,3
571,4896,17012,2069,4008,LIC06,Outras (especificar).,"São várias a variáveis que influenciam nos resultados licitatórios, como o preço que não acompanha o mercado, e acaba perdendo o item por não conseguir negociação favorável, ausência de licitantes para alguns fármacos e ainda, os recursos e impugnação durante o certame. Tais variáveis ratificam o insucesso ou a morosidade do pleito, o que dificulta a execução orçamentária do planejado e ainda corrobora com algumas dificuldades apresentadas ao longo do ano para manter o abastecimento a contento, sem mitigação dos quantitativos de medicamentos para suprir as farmácias hospitalares. Ademais toda a mudança no fluxo de planejamento, e envio dos processo licitatórios em atenção a nova lei 14.133, e a nova conformação de um único setor para aquisição, tornou-se lenta a adaptação e execução das etapas.","A nova conformação da gestão de compras centralizada é uma tentativa plausível, pra direcionar os esforços e dar celeridade na tramitação do processo que ensejará a licitação, entretanto, é imprescindível um bom diálogo e um acompanhamento muito próximo dos setores que dependem dos resultados favoráveis da licitação, para que as dificuldades e a indisponibilidade dos estoques junto as unidades não venha a ser fato, bem como, os atendimentos médicos hospitalares sejam prejudicados pela ausência de diagnóstico ou tratamento em virtude da falta do essencial para compor os procedimentos, como os medicamentos para efetivar cirurgias ou realizar ressonância, dentre outros. Assim, as informações do curso das licitações devem estar ao alcance daqueles que precisam traçar as estratégias do consumo frente ao estoque atual e a publicação de novas Atas de Registro de preço.",2024,3,Restrição,2024,3
572,5475,17012,1015,1519,ADM07,Capacitação de recursos humanos.,"A ausência de capacitação para o dimensionamento da força de trabalho da Secretaria Estadual de Saúde (SESAU) no contexto da realização do concurso público ocorreu em função de uma combinação de fatores. Primeiramente, a falta de tempo hábil para implementar um programa de capacitação especializado, dado que o foco inicial estava voltado para a preparação emergencial de serviços de saúde pública. Além disso, as limitações orçamentárias da secretaria não permitiram o investimento necessário em treinamentos especializados nesse processo. Contudo, a SESAU está trabalhando na elaboração de um plano de capacitação para futuros processos de dimensionamento de pessoal, de modo a otimizar a execução de concursos e o planejamento de recursos humanos a longo prazo.""","Proposta de Resolução para Capacitação no Dimensionamento da Força de Trabalho da SESAU para Concurso Público.
Levantamento das Necessidades de Capacitação: Realizar diagnóstico interno para identificar lacunas de competências no dimensionamento da força de trabalho. Desenvolvimento de Programa de Capacitação Continuada: Criar cronograma de treinamentos para gestores e responsáveis pelo planejamento de pessoal, incluindo temas como cálculo de demanda e uso de ferramentas de gestão. Alocação de Recursos Financeiros: Garantir orçamento específico para capacitação, buscando fontes de financiamento externas, se necessário. Implementação de Ferramentas de Planejamento de RH: Investir em sistemas de gestão de recursos humanos para otimizar o dimensionamento de pessoal e capacitar a equipe para seu uso. Parcerias com Instituições de Ensino: Firmar parcerias com universidades e centros de pesquisa para promover cursos e workshops sobre gestão de recursos humanos e saúde pública. Monitoramento e Avaliação Contínua: Estabelecer mecanismos para avaliar a eficácia da capacitação e ajustar o programa conforme necessário. Planejamento para Capacitação Futura: Criar uma política de capacitação contínua, mantendo a equipe atualizada com as melhores práticas no dimensionamento de força de trabalho e concursos públicos.",2024,3,Restrição,2024,3
573,4837,18011,2098,2590,ADM01,Problemas com o prestador de serviço.,"Houve problemas para a formalização de um novo contrato de locação de veículos, em razão que as empresas não aceitaram os valores e as condições do novo contrato, o que prejudicou a execução orçamentária desta ação.",Estudo técnico procurando identificar as possíveis dificuldades para a formalização de um contrato de locação de veículos.,2024,3,Restrição,2024,3
574,5074,18012,2080,2399,ADM12,Dificuldades para celebrar contrato/convênio.,Em razão de entraves administrativos não foi possível a formalização de um convênio referente ao desenvolvimento de sistema voltado para a gestão de recursos hídricos.,Alinhamento interno visando superar as possíveis divergências quanto a decisão a ser tomada.,2024,3,Restrição,2024,3
575,5067,18013,2136,1466,ORC06,Demora na tramitação de crédito adicional.,Este programa foi prejudicado em razão da demora por parte da Assembleia Legislativa na aprovação do projeto de lei referente a inclusão de crédito adicional proveniente de superavit do exercício anterior.,Aprovação com maior celeridade por parte da Assembleia Legislativa.,2024,3,Restrição,2024,3
576,5067,18013,2136,1466,ADM12,Dificuldades para celebrar contrato/convênio.,"Parte dos recursos deste programa estava destinada à celebração de um convênio com o Exército Brasileiro, porém houve desistência do Exército em formalizar o convênio, o que prejudicou consideravelmente a execução orçamentária deste programa.",Tomada de decisão quanto à aplicação de recursos levando em consideração os possíveis entraves que poderiam ocorrer.,2024,3,Restrição,2024,3
577,4811,11033,2086,2086,ORC04,Contingenciamento Orçamentário.,"A execução da ação não atingiu a meta programada para o exercício tendo em vista o cenário de frustração de arrecadação que o Estado vêm enfrentando gerando medidas de contenção de gastos conforme  Decreto nº 29.321, de 25 de julho de 2024; Decreto nº 29.366/2024 e Decreto nº 29.746 de 04 de dezembro de 2024 (atualização), publicado no Diário Oficial do Estado de Rondônia nº 227, de 04/12/2024, todos anexo ao Processo Sei nº 0035.004807/2024-08.","Sabemos que a arrecadação tributária é a principal fonte de recursos do setor público brasileiro. Financia não só a máquina pública como também a oferta de serviço e a realização de políticas públicas, através da arrecadação de impostos, taxas e contribuições.
Considerando que a frustação dessa arrecadação ocasiona o contingenciamento orçamentário inibindo os gastos públicos, é necessário desenvolver um processo de arrecadação tributária eficiente adotando-se medidas que potencializem a arrecadação para que através dele a gestão pública possa planejar e executar políticas e serviços de qualidade para o Estado, com mais recursos.
",2024,3,Restrição,2024,3
578,4813,11033,2086,2567,ORC04,Contingenciamento Orçamentário.,"A execução da ação não atingiu a meta programada para o exercício tendo em vista o cenário de frustração de arrecadação que o Estado vêm enfrentando gerando medidas de contenção de gastos conforme  Decreto nº 29.321, de 25 de julho de 2024; Decreto nº 29.366/2024 e Decreto nº 29.746 de 04 de dezembro de 2024 (atualização), publicado no Diário Oficial do Estado de Rondônia nº 227, de 04/12/2024, todos anexo ao Processo Sei nº 0035.004807/2024-08.","Sabemos que a arrecadação tributária é a principal fonte de recursos do setor público brasileiro. Financia não só a máquina pública como também a oferta de serviço e a realização de políticas públicas, através da arrecadação de impostos, taxas e contribuições.
Considerando que a frustação dessa arrecadação ocasiona o contingenciamento orçamentário inibindo os gastos públicos, é necessário desenvolver um processo de arrecadação tributária eficiente adotando-se medidas que potencializem a arrecadação para que através dele a gestão pública possa planejar e executar políticas e serviços de qualidade para o Estado, com mais recursos.
",2024,3,Restrição,2024,3
579,5326,17010,1015,2087,ORC09,Outras (especificar).,"A não execução em tempo hábil das cotas do FESPREN ocorreu devido à liberação de valores inferiores ao planejado mensalmente no orçamento, conforme previsto no Decreto nº 28.842/2024. Essa discrepância impactou diretamente a programação financeira e as etapas de execução, mesmo com esforços contínuos para ajustar as demandas às limitações orçamentárias e regularizar os processos.","Reavaliar a programação financeira para adequar as metas e ações ao valor efetivamente liberado, priorizando despesas essenciais e estratégicas para garantir a continuidade das atividades.",2024,3,Restrição,2024,3
580,4844,18011,2154,2601,ORC03,Insuficiência de recursos alocados na Lei Orçamentária.,"A proteção das Unidades de Conservação vem se tornando um dos maiores desafios, em razão do tamanho delas e da distância, o que por consequência demanda muitos recursos para poder protegê-las de invasões e possíveis degradações. Neste contexto, o orçamento disponível torna-se insuficiente.",Aumentar a disponibilidade orçamentária com outras fontes de recursos.,2024,3,Restrição,2024,3
581,4843,18011,2154,2603,ORC03,Insuficiência de recursos alocados na Lei Orçamentária.,"A proteção das Unidades de Conservação vem se tornando um dos maiores desafios, em razão do tamanho delas e da distância, o que por consequência demanda muitos recursos para poder protegê-las de invasões e possíveis degradações. Neste contexto, o orçamento disponível torna-se insuficiente.","Aumento da disponibilidade de recursos para garantir a gestão e proteção das unidades de conservação sob responsabilidade do governo do Estado de Rondônia. Diante das restrições orçamentárias mencionadas, é essencial reavaliar e priorizar os recursos destinados quanto a ação proposta, uma vez ser essencial para a gestão das UCs Estaduais.",2024,3,Restrição,2024,3
582,5323,18001,2154,2601,ORC03,Insuficiência de recursos alocados na Lei Orçamentária.,"A proteção das Unidades de Conservação vem se tornando um dos maiores desafios, em razão do tamanho delas e da distância, o que por consequência demanda muitos recursos para poder protegê-las de invasões e possíveis degradações. Neste contexto, o orçamento disponível torna-se insuficiente.",Aumentar a disponibilidade orçamentária com outras fontes de recursos.,2024,3,Restrição,2024,3
583,5332,17010,2039,4014,ORC09,Outras (especificar).,"A não execução em tempo hábil das cotas do FESPREN ocorreu devido à liberação de valores inferiores ao planejado mensalmente no orçamento, conforme previsto no Decreto nº 28.842/2024. Essa discrepância impactou diretamente a programação financeira e as etapas de execução, mesmo com esforços contínuos para ajustar as demandas às limitações orçamentárias e regularizar os processos.","Reavaliar a programação financeira para adequar as metas e ações ao valor efetivamente liberado, priorizando despesas essenciais e estratégicas para garantir a continuidade das atividades.",2024,3,Restrição,2024,3
584,4888,17012,2069,2129,LIC06,Outras (especificar).,"O novo formato licitatório tem sido em prol obter resultados de sucesso, contudo, as variáveis de preço, e a indisponibilidade de licitantes para alguns fármacos é muito evidente para certas classes de medicamentos, o expressivo aumento de frete, imposto, e dos medicamentos em si, tem ocasionado resultado não favorável para algumas linhas farmacêuticas, além disso, reorganização dos fluxos internos para origem dos processos licitatórios trouxe inicialmente mais morosidade até a readequação e instrução na nova Lei 14.113, deste modo, a aquisição foi menor ao longo do ano, com possível restabelecimento até o findar do exercício para a maioria.  ","Ajuste no fluxo de tramitação dos processos, principalmente no que tange a pesquisa de preço, com objetivo de celeridade, e também de estudo para que os preços iniciais não sejam inexpressivos da realidade e sejam fracassados ou cancelados os itens, na negociação, por se tornar inexequível ao licitante.",2024,3,Restrição,2024,3
585,5237,17012,2070,1615,ADM01,Problemas com o prestador de serviço.,"A Secretaria de Estado da Saúde - SESAU/RO, nos termos do art. 71, II, da Lei Federal n° 14.133/2021, a através de sua Secretária Executiva de Saúde, torna público a REVOGAÇÃO TOTAL do Termo de Homologação (0045434400) da Dispensa de Licitação em razão do valor, com fulcro no artigo 75, II, da lei n.º 14.133/2021, publicada no Diário Oficial do Estado de Rondônia nº 18 de 29/01/2024, pág. nº 123 e 124, nos termos do Decreto Estadual n° 28.874, de 25 de janeiro de 2024 e Lei Federal n.º 14.133/2021, onde esta SECRETARIA DE ESTADO DA SAÚDE - SESAU, REVOGA TOTAL a supracitada Homologação."," REVOGAÇÃO TOTAL se dá em razão do Pedido formalizado através do Despacho SESAU-GECOMP (ID-0055579276), no qual informa a desistência da empresa vencedora WN EVOLUÇÃO TECNOLOGIA LTDA, no valor de R$ 19.260,20 (dezenove mil duzentos e sessenta reais e vinte centavos), conforme E-mail Resposta de desistência (0054856905): 

 

[...]

o Memorando n.º 65/2024/COHREC-NAP (ID. 0054857120), emitido pelo Núcleo de Almoxarifado e Patrimônio/HRC, no qual informa acerca da desistência formal da primeira colocada, a Empresa WN EVOLUÇÃO TECNOLOGIA LTDA, CNPJ n.º 37.569.136/0001-27, em fornecer o item 01: Dois motores de implante.

[...]

 

Conforme a solicitação apensada aos autos, Publique-se, para que surta os efeitos legais.",2024,3,Restrição,2024,3
586,4843,18011,2154,2603,ADM12,Dificuldades para celebrar contrato/convênio.,"Houve entraves administrativos para a formalização de um Termo de Fomento com a instituição OSR, o que prejudicou a execução orçamentária desta ação.","Estudo para identificar as principais dificuldades para formalização de um Termo de Fomento, bem como a efetivação de ações visando corrigir eventuais dificuldades.",2024,3,Restrição,2024,3
587,5436,11013,2000,4146,ADM08,Pessoal insuficiente para os quadros de gestão e de execução das ações propostas.,"A execução dos itens depende de mão de obra por parte da gestão pública, principalmente nas fases de compras públicas e empenho das aquisições, quanto ao corpo técnico responsável pelos ritos processuais",Aumento de equipes estratégicas para os procedimentos de compras e pagamentos,2024,3,Restrição,2024,3
588,4740,14023,1000,2502,LIC03,Procedimento licitatório burocrático.,"Após ajustes no Termo de Referência o Processo foi encaminhado a SUPEL  para procedimentos licitatórios, sendo reencaminhado a SUPEL em 20/09/2024, desta forma passando aos trâmites internos na SUPEL para prosseguimento da deflagração do processo licitatório para a contratação dos serviços solicitados nos autos, após alguns entraves, inclusive com manifestação de recursos por parte de empresa concorrente, a licitação só fora concluída  e adjudicada em data de 30/12/2024 publicada no DOE de 02/01/2025, não sendo possível empenhar a despesa no prazo estabelecido no Decreto  29.540, de 08/10/2024.","Gestão de risco que consiste em identificar e gerir os riscos ao longo de todo o processo licitatório, desenvolvendo planos de contingência para os principais riscos identificados.",2024,3,Restrição,2024,3
589,4942,15001,2166,1473,ADM02,Atividades dependentes de articulação com outras unidades administrativas.,"Demora na análise jurídica e elaboração de contrato na unidade responsável. Deste modo, os recursos advindos de convênio são disponibilizados tão somente após o final de todos os trâmites licitação, aumentando a morosidade.","Maior celeridade na análise jurídica e elaboração de contrato, Verifique se a tramitação dos documentos relacionados à fabricação, translado e liquidação está fluindo corretamente, Reforce a comunicação entre departamentos financeiros, jurídicos e administrativos para esclarecer dúvidas ou resolver pendências.",2024,3,Restrição,2024,3
590,5087,23001,2175,4069,ADM02,Atividades dependentes de articulação com outras unidades administrativas.,"Uma das principais restrições que dificultam o alcance da meta física é a morosidade no processo de assinatura do contrato com a instituição financeira para o lançamento do Programa Meu Sonho, agravada pela burocracia excessiva e pela análise detalhada dos critérios de elegibilidade. Esses fatores não apenas atrasam as etapas necessárias para a execução do projeto, mas também criam barreiras administrativas que podem comprometer o cumprimento dos prazos estabelecidos.","Uma das principais restrições que dificultam o alcance da meta física é a morosidade no processo de assinatura do contrato com a instituição financeira para o lançamento do Programa Meu Sonho , agravada pela burocracia excessiva e pela análise detalhada dos critérios de elegibilidade. Esses fatores não apenas atrasam as etapas necessárias para a execução do projeto, mas também criam barreiras administrativas que podem comprometer o cumprimento dos prazos estabelecidos.",2024,3,Restrição,2024,3
591,5087,23001,2175,4069,TEC03,Outras (especificar).,"A lentidão no desenvolvimento do sistema do Programa Meu Sonho, que foi entregue recentemente, representa uma significativa limitação operacional. Esse atraso comprometeu a implementação das funcionalidades essenciais, gerando impacto direto nos prazos previamente estabelecidos e na capacidade de atender às expectativas dos usuários finais.","Revisão de Processos de Desenvolvimento: Adotar metodologias ágeis, para garantir maior flexibilidade e rapidez no desenvolvimento, permitindo ajustes contínuos conforme as necessidades do projeto.
Gestão de Riscos e Mitigação de Atrasos: Implementar um plano de gestão de riscos que antecipe potenciais desafios e apresente estratégias de mitigação para evitar futuros atrasos.",2024,3,Restrição,2024,3
592,5086,23001,2175,1348,LIC03,Procedimento licitatório burocrático.,"Tendo em vista a análise técnica dos fatos que evidenciam o objeto proposto na demanda, os riscos quanto a eventuais falhas no que diz respeitos à escolha da melhor forma licitatória gera entraves na administração pública, gerando morosidade para a contratação dos serviços.","Definição de Procedimentos Padronizados: Criar manuais ou guias operacionais para orientar os gestores sobre os critérios para seleção da modalidade licitatória, assegurando uniformidade e clareza no processo.",2024,3,Restrição,2024,3
593,5086,23001,2175,1348,ADM02,Atividades dependentes de articulação com outras unidades administrativas.,"Justifica-se que diversas circunstâncias exigem a interação com outros setores dentro da administração, gerando uma dependência que pode comprometer a agilidade dos fluxos internos. Essa interdependência frequentemente resulta em atrasos nas etapas administrativas, contribuindo para a morosidade na execução dos processos e impactando negativamente a eficiência operacional.","Integração Intersetorial: Implementar mecanismos de integração entre os setores da administração, como plataformas digitais de gestão integrada, para facilitar o compartilhamento de informações e a tramitação de processos em tempo real.
Definição de Prazos e Metas: Estabelecer prazos claros para cada setor concluir suas respectivas etapas, vinculando essas metas a indicadores de desempenho que possam ser monitorados regularmente.
Acompanhamento e Feedback: Instituir reuniões periódicas para acompanhar o progresso das demandas, identificar problemas em tempo hábil e implementar soluções rápidas.
",2024,3,Restrição,2024,3
594,5356,21011,2167,4076,ORC09,Outras (especificar).,"Realizamos estimativas na LDO de projetos que iriam vir recurso financeiro durante o exercício de 2024, onde a SEPOG disponibilizou teto orçamentário. Entretanto o SENAPPEN repassou o recurso no fim de dezembro de 2023, sendo não compatível com recurso orçamentário. ",Não há pois não conseguimos estimar quando o SENAPPEN repassará o recurso da união. ,2024,3,Restrição,2024,3
595,5205,15020,2174,2064,ADM02,Atividades dependentes de articulação com outras unidades administrativas.,Demora no envio das faturas de serviços pelas empresas de telefonia.,Mais atenção depreendida pela contratada às solicitações feitas pelo gestor e Fiscal do Contrato.,2024,3,Restrição,2024,3
596,5205,15020,2174,2064,ADM04,Entraves nos procedimentos burocráticos (burocracia para exercício das atividades administrativas do governo).,"Os processos com a Aquisição de Licenças Microsoftware (0010.037944/2024-07) e Check-Point (0010.066941/2024-72) foram encaminhadas para a PGE do Estado, passando em torno de 15 dias para Elaboração de Parecer, o que ocasionou atraso na continuação da Licitação ainda no ano de 2024.",Entrar em contato com aquela Unidade para propor menor tempo de elaboração do parecer.,2024,3,Restrição,2024,3
597,5205,15020,2174,2064,ADM06,Insuficiência de técnicos para levantamento das necessidades de reformas e elaboração de projetos de construção civil.,"Falta de corpo técnico na equipe de Projetos e ETP´s, assim como saída de profissionais por desvinculo com a instituição anteriormente, o que acarretou em prejuízos técnicos no período em questão.",Sugerimos que o corpo técnico da equipe de projetos e ETP's sejam sempre servidores efetivos para que não haja descontinuidade dos serviços,2024,3,Restrição,2024,3
598,5205,15020,2174,2064,ADM08,Pessoal insuficiente para os quadros de gestão e de execução das ações propostas.,"Déficit do quadro de funcionários nas unidades internas para atender a demanda em todo Estado, motivados por saídas diversas, assim como o aumento das demandas em todas as áreas.","Aumento do quadro de funcionários das gerencias desta CTi para o apoio e suporte, no sentido de atender as demandas do setores solicitantes.",2024,3,Restrição,2024,3
599,5205,15020,2174,2064,LIC05,Apresentação de recursos ou impugnação do certame.,"Em alguns processos existem recursos, o que é preciso desprender tempo para análise","
Dependendo do tipo de certamente, muitas empresas entram com recurso, o que necessita de análise e acarreta atraso no andamento da licitação.
",2024,3,Restrição,2024,3
600,5205,15020,2174,2064,TEC03,Outras (especificar).,"Atraso nas atividades críticas, que impactam em todo o órgão, da a falta de normatização do horário da CTI, que possui atividades noturnas pré-definidas e impassíveis de realização no horário das 07:00 às 00:00.",As atividade de TI depreendem de tempo e horários além do expediente normal. Veja a necessidade de criação de ACAVT específica de TI.,2024,3,Restrição,2024,3
601,5175,15020,1015,2096,ADM14,Outras (especificar).,"Falta de estrutura Física como sala para treinamento, e falta de veículo.",Providenciar um sala no formato Auditório.,2024,3,Restrição,2024,3
602,5118,30011,1009,2535,LIC06,Outras (especificar).,"A execução orçamentária abaixo do previsto justifica-se pelos trâmites administrativos nos processos de contratos e/ou compras. Pois, devemos considerar todo processo de licitação, de adesão às atas, de licitações desertas, de pesquisas mercadológicas, de cotação de preços, de habilitação de empresas. Além disso, após a formalização do contrato, ainda pode haver intercorrências durante a sua execução, como demora na entrega dos serviços e/ou bens, no faturamento da nota fiscal, entre outros eventos, os quais tornam o fluxo processual moroso e prejudicam a liquidação das despesas.","Para superar a restrição identificada e otimizar a execução orçamentária, propõe-se a adoção das seguintes medidas:

a) elaboração de um plano de trabalho das contratações e aquisições, identificando previamente as necessidades e os prazos para cada etapa do processo;

b) implementação de sistemas de gestão de compras e contratos, integrando todas as etapas do processo, para reduzir atrasos e aumentar a eficiência;

c) promoção de treinamentos regulares para as equipes responsáveis pelos trâmites administrativos, enfatizando a importância de boas práticas, conformidade com a legislação e gestão ágil de processos;

d) criação de indicadores de desempenho para monitorar o andamento dos processos licitatórios e contratuais, permitindo intervenções rápidas em caso de atrasos ou intercorrências;

e) identificação dos possíveis gargalos ou riscos em cada etapa do processo e desenvolver planos de contingência para minimizar impactos, como prever soluções em caso de licitações desertas ou atrasos na entrega de bens e serviços.",2024,3,Restrição,2024,3
603,5133,17033,2109,4094,ORC06,Demora na tramitação de crédito adicional.,Para implantação das bolsas seria necessário os créditos adicionais e foi contato demora na tramitação do recurso.,Que os recursos adicionais fossem remanejado diretamente ao Instituto sem a necessidade de ir primeiro para o fundo estadual de saúde.,2024,3,Restrição,2024,3
604,5189,15020,2172,2618,LIC02,Processo licitatório condicionado a limites orçamentários.,Ausência de planejamento uniforme para aquisição de material.,Aquisição de ATA de registro de preços do DETRAN,2024,3,Restrição,2024,3
605,5189,15020,2172,2618,LIC06,Outras (especificar).,"Licitantes que não cumpre com a entrega conforme objeto licitado, fracassando a aqusição",Aquisição de ATA de registro de preços do DETRAN,2024,3,Restrição,2024,3
606,5276,15020,2174,4116,ADM03,Insuficiência/Inadequação de infraestrutura física e de equipamentos.,Espaço físico adequado para armazenagem temporária dos materiais.,Buscar espaço físico adequado para o Galpão da Gerência de Patrimônio,2024,3,Restrição,2024,3
607,5273,15020,2174,4117,ADM01,Problemas com o prestador de serviço.,"Abandono da obra da CIRETRAN de Ji-Paraná, e alteração de projeto da construção do muro de Santa Luzia.",Melhoria nos critérios de qualificação econômico-financeiro das contratadas.,2024,3,Restrição,2024,3
608,5273,15020,2174,4117,ADM06,Insuficiência de técnicos para levantamento das necessidades de reformas e elaboração de projetos de construção civil.,"Não existem funções de Engenheiro Eletricista, Engenheiro Mecânico, Engenheiro Ambiental e Engenheiro de Segurança do Trabalho no quadro do DETRAN.","Concursos, alteração do PCCR e ampliação da estrutura organizacional da Coordenadoria de Engenharia Civil, contemplando mais funções gratificadas e cargos em comissão compatíveis com o salário mínimo profissional de engenheiros e arquitetos, que tornem o setor atrativo a outros profissionais.",2024,3,Restrição,2024,3
609,5273,15020,2174,4117,ADM09,Entraves institucionais para desenvolvimento de recursos humanos.,Ausência de recrutamento interno e carreira funcional limitada. Falta de incentivo ao ingresso de servidores no setor.,"Concursos, alteração do PCCR e ampliação da estrutura organizacional da Coordenadoria de Engenharia Civil, contemplando mais funções gratificadas e cargos em comissão compatíveis com o salário mínimo profissional de engenheiros e arquitetos, que tornem o setor atrativo a outros profissionais.",2024,3,Restrição,2024,3
610,5356,21011,2167,4076,LIC01,Atraso na entrega de documentação.,"Devido à ausência de disponibilização de laudos, a empresa vencedora fora desclassificada, logo, dando seguimento e convocando a empresa consecutiva, esta que, assim como a primeira empresa, precisou passar por uma apresentação das amostras, as quais seriam avaliadas pela Comissão de Avaliação.
Apresentações de amostrar e avaliações, demandaram tempo, visto que ainda ocorreram dilações para tais feitos e em razão do encerramento do exercício financeiro estar próximo do fim, o recurso do convênio com Fundo Penitenciário não teve êxito em ser empenhado no ano de 2024.",Não há pois o atraso ocorreu na empresa. ,2024,3,Restrição,2024,3
611,5327,15017,2166,1276,ORC09,Outras (especificar).,"O Fundo Estadual de Segurança Pública de Rondônia recebe recursos oriundos do Fundo Nacional de Segurança Pública, modalidade fundo a fundo. 
Trata-se de transferência obrigatória recebida anualmente para serem aplicados em três áreas temáticas: Enfrentamento a Violência Contra a Mulher, Redução de Mortes Violentas Intencionais e Melhoria da Qualidade de Vida dos Profissionais de Segurança Pública e cujos valores devem ser executados em 02 anos (execução bienal) por tratarem-se de projetos voltados ao cumprimento da política nacional de segurança pública. 
Tal situação apresenta discrepância ao modelo orçamentário que vigora no Estado de Rondônia (execução orçamentária anual). O que é fator que influência diretamente no desempenho da execução orçamentária dos programas desta Unidade Gestora.","Considerando o prazo de execução bienal, a métrica razoável para análise da execução seria no valor equivalente a 50% dos recursos disponibilizados.",2024,3,Restrição,2024,3
612,5341,15017,2166,1381,ORC09,Outras (especificar).,"O Fundo Estadual de Segurança Pública de Rondônia recebe recursos oriundos do Fundo Nacional de Segurança Pública, modalidade fundo a fundo. 
Trata-se de transferência obrigatória recebida anualmente para serem aplicados em três áreas temáticas: Enfrentamento a Violência Contra a Mulher, Redução de Mortes Violentas Intencionais e Melhoria da Qualidade de Vida dos Profissionais de Segurança Pública e cujos valores devem ser executados em 02 anos (execução bienal) por tratarem-se de projetos voltados ao cumprimento da política nacional de segurança pública. 
Tal situação apresenta discrepância ao modelo orçamentário que vigora no Estado de Rondônia (execução orçamentária anual). O que é fator que influência diretamente no desempenho da execução orçamentária dos programas desta Unidade Gestora.
","Considerando o prazo de execução bienal, a métrica razoável para análise da execução seria no valor equivalente a 50% dos recursos disponibilizados.",2024,3,Restrição,2024,3
613,5342,15017,2166,2176,ORC09,Outras (especificar).,"O Fundo Estadual de Segurança Pública de Rondônia recebe recursos oriundos do Fundo Nacional de Segurança Pública, modalidade fundo a fundo. 
Trata-se de transferência obrigatória recebida anualmente para serem aplicados em três áreas temáticas: Enfrentamento a Violência Contra a Mulher, Redução de Mortes Violentas Intencionais e Melhoria da Qualidade de Vida dos Profissionais de Segurança Pública e cujos valores devem ser executados em 02 anos (execução bienal) por tratarem-se de projetos voltados ao cumprimento da política nacional de segurança pública. 
Tal situação apresenta discrepância ao modelo orçamentário que vigora no Estado de Rondônia (execução orçamentária anual). O que é fator que influência diretamente no desempenho da execução orçamentária dos programas desta Unidade Gestora.
","Considerando o prazo de execução bienal, a métrica razoável para análise da execução seria no valor equivalente a 50% dos recursos disponibilizados. ",2024,3,Restrição,2024,3
614,5343,15017,2166,2237,ORC09,Outras (especificar).,"O Fundo Estadual de Segurança Pública de Rondônia recebe recursos oriundos do Fundo Nacional de Segurança Pública, modalidade fundo a fundo. 
Trata-se de transferência obrigatória recebida anualmente para serem aplicados em três áreas temáticas: Enfrentamento a Violência Contra a Mulher, Redução de Mortes Violentas Intencionais e Melhoria da Qualidade de Vida dos Profissionais de Segurança Pública e cujos valores devem ser executados em 02 anos (execução bienal) por tratarem-se de projetos voltados ao cumprimento da política nacional de segurança pública. 
Tal situação apresenta discrepância ao modelo orçamentário que vigora no Estado de Rondônia (execução orçamentária anual). O que é fator que influência diretamente no desempenho da execução orçamentária dos programas desta Unidade Gestora.
","Considerando o prazo de execução bienal, a métrica razoável para análise da execução seria no valor equivalente a 50% dos recursos disponibilizados. ",2024,3,Restrição,2024,3
615,5344,15017,2166,2269,ORC09,Outras (especificar).,"O Fundo Estadual de Segurança Pública de Rondônia recebe recursos oriundos do Fundo Nacional de Segurança Pública, modalidade fundo a fundo. 
Trata-se de transferência obrigatória recebida anualmente para serem aplicados em três áreas temáticas: Enfrentamento a Violência Contra a Mulher, Redução de Mortes Violentas Intencionais e Melhoria da Qualidade de Vida dos Profissionais de Segurança Pública e cujos valores devem ser executados em 02 anos (execução bienal) por tratarem-se de projetos voltados ao cumprimento da política nacional de segurança pública. 
Tal situação apresenta discrepância ao modelo orçamentário que vigora no Estado de Rondônia (execução orçamentária anual). O que é fator que influência diretamente no desempenho da execução orçamentária dos programas desta Unidade Gestora.
","Considerando o prazo de execução bienal, a métrica razoável para análise da execução seria no valor equivalente a 50% dos recursos disponibilizados. ",2024,3,Restrição,2024,3
616,5073,21011,2102,2953,ADM04,Entraves nos procedimentos burocráticos (burocracia para exercício das atividades administrativas do governo).,"Este recurso destinado ao processo de adesão que não obtive prosseguimento, teve como motivo o não cumprimento do Checklist em tempo hábil, diante da inserção dos novos Pareceres Referenciais, próximo ao encerramento do exercício financeiro de 2024, sendo eles: SISTEMA DE REGISTRO DE PREÇOS. ADESÃO À ATA DE REGISTRO DE PREÇOS. COMPRAS E SERVIÇOS COMUNS. LEI N. 8.666/1993, LEI N. 10.520/2002 E DECRETO N. 18.340/2013; (0053301361) e g) SISTEMA DE REGISTRO DE PREÇOS. ADESÃO À ATA DE REGISTRO DE PREÇOS. COMPRAS E SERVIÇOS COMUNS. LEI N. 14.133/2021 E DECRETO N. 28.874/2024. (0053301387). 
O fluxo e documentos acometidos pelos pareceres são essenciais para comprovar a necessidade de uma adesão, justificando motivos e querências, a fim de ter êxito, logo, em caso de ausência dos mesmos, para o andamento, até mesmo seu encerramento.",Não há pois é uma orientação feita entre a PGE e Assessoria Técnica da SEJUS. ,2024,3,Restrição,2024,3
617,4943,15001,2166,1475,ADM02,Atividades dependentes de articulação com outras unidades administrativas.,"Demora na análise jurídica e elaboração de contrato na unidade responsável. Deste modo, os recursos advindos de convênio só são disponibilizados somente após o final de todos os trâmites licitação, aumentando a morosidade.","a proposta de melhoria envolve uma série de medidas estratégicas que focam tanto na agilização dos processos administrativos e financeiros, quanto no aperfeiçoamento da execução operacional da ação. A seguir estão previstas as principais ações para resolver as dificuldades atuais:
 * Reestruturação dos Processos Administrativos e Burocráticos 
Ação: Agilizar a Tramitação de Documentos e Aprovações - Objetivo: Reduzir o tempo de espera para a aprovação de documentos, como contratos, termos aditivos e notas fiscais, que são fundamentais para a liberação de recursos e a execução da ação. - Medidas Específicas: - Implementar fluxos de trabalho digitais para assinatura e envio de documentos, eliminando etapas manuais. - Treinamento de equipes para acelerar o preenchimento e envio de documentos, bem como melhorar a eficiência entre os departamentos envolvidos (financeiro, jurídico, operacional). - Estabelecer prazos claros para cada etapa de aprovação e exigência do cumprimento rigoroso desses prazos. - Criar listas de verificação de conformidade para garantir que todos os documentos exigidos sejam entregues de forma correta e completa desde o início. 
Ação: Fortalecer a Integração Entre os Setores - Objetivo: Aumentar a comunicação entre os setores da Secretaria (financeiro, jurídico, operacional), para garantir que não haja lacunas no processo de execução. - Medidas Específicas: - Organizar reuniões periódicas de alinhamento entre as áreas envolvidas na execução da ação para monitorar o progresso e discutir possíveis obstáculos. - Criar um sistema de acompanhamento digital onde os responsáveis ​​poderão visualizar em tempo real o status de cada etapa do processo. ",2024,3,Restrição,2024,3
618,5473,15001,1015,4103,ADM14,Outras (especificar).,"Ação depende de articulações junto a FUPEN, sendo executado em sua totalidade pela SEJUS.",Que a execução da referida ação seja monitorada de forma mais eficaz junto a FUPEN,2024,3,Restrição,2024,3
619,5481,11006,2142,1505,OUT02,Outras (especificar).,"1.	O Processo nº 0041.333703/2021-78 encontra-se em execução, as Etapas I e II foram concluídas e para a execução da Etapa III a Fundação Instituto de Administração – FIA, propôs a SEDEC por meio dos  Ofício FIA nº 215 (0038869486) que objetivou discutir as recentes mudanças nos cenários relativos ao gás e suas implicações para a concessão dos serviços de gás encanado em Rondônia, bem como os Ofícios FIA nº 236 (0038869492) e nº 237 (0038869503), os quais abordaram acerca da continuidade da Etapa III - Fase I e II - Apoio a Licitação a SOPH e CMR ou a substituição por um novo ""Produto estruturante caracterizado por Diretrizes para posterior elaboração de um Plano de Recuperação da SOPH"" e substituição por um novo ""Produto estruturante caracterizado por Diretrizes para posterior elaboração de um Plano de Preparação e Reestruturação da CMR"", tendo inclusive manifestação favorável da Procuradoria Geral do Estado, conforme Parecer nº 108/2023/PGE-SEDEC (0038973460) e o mesmo encontra-se em fase de análise aguardando deliberação superior conforme Despacho SEDEC-GAB (0044169132) e o referido contrato foi aditivado por mais 6 (seis) meses. 
2.	Processo nº 0041.391263/2021-73, encontra-se em fase de execução não houve execução financeira até o encerramento do exercício e a Nota de Empenho 2023NE000178 no valor de R$ 100.000,00, encontra-se inscrita em RPNP. Contratada apresentou 45 (quarenta e cinco) Notas Técnicas Administrativas com as orientações necessárias para a CAERD protocolar junto a PGNF o requerimento solicitando a revisão dos valores previstos a Recuperar, 68 (sessenta e oito) Notas Técnicas de Apoio Jurídico para a CAERD protocolar junto a Justiça Federal o requerimento solicitando a revisão dos valores previstos a recuperar  e 08 (oito) Relatórios de Benefícios Obtido, com a expectativa de recuperar  R$ 14.800.000,00 que encontra-se em análise pela PGE-SEDEC e CAERD, conforme Processos: nº 0041.003119/2023-52, 0041.002511/2024-65, 0041.002678/2024-26, 0041.002686/2024-72, 0041.002861/2024-21, 0041.002863/2024-11, 0041.002866/2024-54 e 0041.002867/2024-07. Não houve execução financeira por ser uma contratação ad êxito, os pagamentos serão devidos somente quanto ao proveito econômico comprovadamente decorrente de trabalho realizado pela contratada. 
","1.	Ampliação do Quadro de Pessoal da equipe técnica da SEDEC-PARCERIAS, para que os gestores possam tomar decisões mais céleres em razão natureza e da complexidade dos temas tratados na Coordenadoria; 
2.	Por se tratar de processo de recuperação de créditos que envolvem outros entes como Procuradoria da Fazenda Nacional em Rondônia – PGNF, Justiça Federal e outros, de forma administrativa e/ou jurídica que deve ser respeitado a autonomia de cada órgão.
",2024,3,Restrição,2024,3
620,5173,15020,2002,2272,ADM08,Pessoal insuficiente para os quadros de gestão e de execução das ações propostas.,"O quadro funcional do DETRAN no que compreende servidor de carreira, encontra-se defasado, assim para executar a demanda de cada pasta em sua maioria, o órgão trás pessoal de outras secretarias e outros são  nomeados em cargos de confiança. A rotatividade tem se tornado uma restrição onde cada pessoa que chega é qualificada para o seu papel na pasta e logo é substituída por outra, tornando em uma das situações que ocasionam um problema para execução plena da ação orçamentaria.","Concurso Público, já que na educação o processo não funciona de forma fragmentada.",2024,3,Restrição,2024,3
621,5173,15020,2002,2272,ADM09,Entraves institucionais para desenvolvimento de recursos humanos.,"A falta de pessoal para compor a equipe multidicsciplianr exigida pelo SENATRAN para que o órgão possa oferta educação em EAD, torna-se em uma restrição que dificulta o desenvolvimento humano, já que esse tipo de formação, exige uma estrutura tecnológica, e, para tal a equipe será estruturada primeiro.",Estrutura  legal de uma equipe multidisciplinar composta com base na resolução 928/2022/CONTRAN,2024,3,Restrição,2024,3
622,4947,15001,2166,2249,ADM02,Atividades dependentes de articulação com outras unidades administrativas.," execução da ação empenhada atingiu quase totalidade de seu empenho sendo ideal a para o monitoramento, todavia, devido a trâmites administrativos finais dos processos licitatórios de aquisição e contratação, não atingiu o índice de liquidação desejado, ficando previsto para o próximo quadrimestre.","Para superar as restrições na execução da Ação 2249, propõe-se acelerar os processos de licitação, reprogramar metas para alinhar à capacidade operacional, criar um comitê de gestão integrado para monitoramento, ampliar parcerias e contrapartidas, melhorar a comunicação com relatórios claros e reuniões periódicas, além de revisar contratos para priorizar serviços próximos à conclusão. Essas ações visam otimizar recursos, reduzir gargalos e garantir a entrega dos resultados planejados para a segurança pública.







",2024,3,Restrição,2024,3
623,4948,15001,2166,2279,ADM02,Atividades dependentes de articulação com outras unidades administrativas.,"A tramitação lenta dos processos de contratação é causada por atrasos nas licitações, devido ao tempo necessário para análise, aprovação e formalização. Além disso, a burocracia associada às normas legais e regulamentações específicas para contratações na área de aviação aumenta a complexidade e demora no andamento do processo.","Para superar a restrição da tramitação lenta dos processos de contratação, propõe-se agilizar as licitações por meio de práticas mais rápidas e do uso de ferramentas digitais. Também é importante capacitar as equipes responsáveis, garantindo maior eficiência na gestão dos processos. Além disso, pode-se adotar modalidades de contratação simplificadas para itens de menor complexidade, sem comprometer a legalidade. É essencial realizar uma análise proativa da documentação exigida para evitar atrasos e, por fim, monitorar os prazos por meio de um sistema de acompanhamento em tempo real, facilitando a identificação de gargalos e permitindo ações corretivas rápidas",2024,3,Restrição,2024,3
624,5283,11005,1015,4000,ORC04,Contingenciamento Orçamentário.,"A execução desta ação foi prejudicada com a publicação do Decreto Estadual de 25 de julho de 2024, que estabelece o contingenciamento de R$ 256.349.487,42 das dotações orçamentárias autorizadas na Lei Orçamentária de 2024, torna-se necessária a suspensão de determinadas despesas no âmbito da Administração Pública Estadual. Tal medida decorre da frustração de receitas apuradas até o terceiro bimestre de 2024, o que resultou na necessidade de limitar o empenho e a movimentação financeira para preservar o equilíbrio fiscal do Estado de Rondônia.","A Controladoria Geral do Estado (CGE) busca continuamente aprimorar suas atividades com eficiência e eficácia para atingir seus objetivos institucionais. Contudo, o contingenciamento de despesas se apresenta como uma restrição externa significativa, que foge à governabilidade direta da instituição. Para mitigar os impactos dessa limitação e assegurar o cumprimento de suas metas, propõe-se a adoção de estratégias que otimizem o uso dos recursos disponíveis, aliando planejamento rigoroso, inovação e parcerias institucionais. Essa abordagem visa minimizar os efeitos adversos do contingenciamento, mantendo o compromisso da CGE com a excelência na gestão pública.",2024,3,Restrição,2024,3
625,5474,11005,2190,2359,LIC03,Procedimento licitatório burocrático.,"Foi realizado abertura do processo SEI nº 0007.000736/2024-01, cujo objeto é a contratação de Empresa para fornecer Licenças de uso de softwares da Microsoft Entra ID P1; Microsoft 365 Business Standart (P1YAnnual) – Commercial; Power BI e Licença Canva Pro Equipe, porem o processo está em fase De licitação que está sendo realizada pela SUPEL, assim até o presente momento não houve a emissão de nota de empenho, para está ação.  ","A Controladoria Geral do Estado- CGE busca continuamente aprimorar suas atividades com eficiência e eficácia para atingir seus objetivos institucionais. Contudo, a licitação por necessitar de tramitar por vários órgão e analises dos mesmo, ocorre uma demora que foge à governabilidade direta da instituição. ",2024,3,Restrição,2024,3
626,4936,15001,1015,2414,ADM02,Atividades dependentes de articulação com outras unidades administrativas.,"A baixa execução orçamentária da ação ""Assegurar a Remuneração de Pessoal Inativo e Encargos Sociais"" pode ser atribuída a diversos fatores. O principal foi a programação que foi feita em contratar um Coronel RR, para atuar na auditoria militar, fato esse que foi frustrado ,. Esses elementos explicam a execução abaixo do esperado.","é necessário revisar e ajustar o planejamento orçamentário, considerando previsões mais realistas para pagamentos de pessoal e encargos sociais. Além disso, é fundamental buscar fontes alternativas de financiamento e otimizar o uso dos recursos, evitando contingenciamentos excessivos. A intensificação do acompanhamento orçamentário, com alertas automáticos, e a melhoria da comunicação entre as equipes responsáveis pela execução e os setores de pagamento também são cruciais. A simplificação da burocracia e a modernização dos sistemas de pagamento garantirão a precisão e pontualidade nas transferências de valores. Outra medida importante é a criação de uma reserva orçamentária para lidar com imprevistos financeiros, como o aumento inesperado de encargos sociais. Finalmente, a realização de treinamentos regulares para as equipes envolvidas assegurará uma melhor compreensão das políticas orçamentárias, resultando em maior eficiência na execução da ação. Essas ações visam garantir o cumprimento das metas orçamentárias e minimizar os impactos das restrições.",2024,3,Restrição,2024,3
627,5441,11006,2000,4146,ORC04,Contingenciamento Orçamentário.,"A partir do terceiro quadrimestre, ficou instituído o contingenciamento de gastos das dotações orçamentárias, no âmbito do Poder Executivo, autorizadas na Lei Orçamentária de 2024, conforme o disposto no inciso II do § 2° do art. 7° da Lei n° 5.584, de 31 de julho de 2023.","Visto que o contingenciamento foi instituído ante cenário de frustração de arrecadação, não se vislumbra proposta de melhoria para a superação desta restrição. ",2024,3,Restrição,2024,3
628,5115,30011,1009,2532,ADM04,Entraves nos procedimentos burocráticos (burocracia para exercício das atividades administrativas do governo).,"Na contratação para construção do Núcleo de Santa Luzia do Oeste ocorreram 2 (dois) gargalos principais, sendo o primeiro: o tempo transcorrido para a confecção do parecer jurídico, totalizando o período de 3 (três) meses, e posteriormente a necessidade de revisão do termo da destinação do bem junto à Secretaria de Estado de Patrimônio e Regularização Fundiária - Sepat, considerando a necessidade de demolir o imóvel existente e não estar clara esta possibilidade no termo.","Para superar os gargalos na contratação para a construção do Núcleo de Santa Luzia do Oeste, sugere-se reduzir o prazo para emissão do parecer jurídico por meio de ferramentas de gestão de fluxo e reuniões prévias para garantir documentos completos, além de revisar e esclarecer o termo de destinação do bem com apoio antecipado da Sepat, garantindo que a possibilidade de demolição esteja prevista. Essas ações visam eliminar ambiguidades, reduzir retrabalhos e agilizar os processos administrativos.",2024,3,Restrição,2024,3
629,5115,30011,1009,2532,ADM14,Outras (especificar).,"Na contratação para reforma e ampliação do Núcleo de Vilhena, além da despriorização inicial da demanda visando andamento de outros projetos mais urgentes, a contratação se tornou mais complexa do que inicialmente planejado necessitando de maiores intervenções.","Para superar os desafios na contratação para a reforma e ampliação do Núcleo de Vilhena, sugere-se uma análise inicial mais detalhada das demandas para evitar subdimensionamentos, aliada a uma priorização estratégica que equilibre projetos urgentes e importantes. Além disso, recomenda-se aprimorar o planejamento das intervenções, evitando possíveis complexidades para minimizar ajustes durante a execução.",2024,3,Restrição,2024,3
630,5115,30011,1009,2532,INS08,Outras (especificar).,"Na contratação de empresa para realização de sondagem planialtimétrica de solos, o processo foi encaminhado para realização do parecer jurídico em setembro, porém não foi finalizado até o fim do quadrimestre.","Para evitar atrasos como os ocorridos na contratação de empresa para sondagem e levantamento planialtimétrico de solos, sugere-se aprimorar a gestão de prazos no trâmite de pareceres jurídicos, estabelecendo metas claras e acompanhamento regular do progresso. Além disso, é preciso priorizar processos estratégicos e adotar sistemas de monitoramento para evitar pendências prolongadas.",2024,3,Restrição,2024,3
631,4940,15001,2166,1276,ADM02,Atividades dependentes de articulação com outras unidades administrativas.,"A baixa liquidação observada na execução orçamentária da ação ""Modernizar o Aparato de Segurança Pública"" está diretamente relacionada a atrasos nos processos administrativos e operacionais que envolvem a aquisição de bens de capital e a prestação de serviços necessários à modernização do setor. Esses atrasos podem ser atribuídos, em parte, à complexidade dos trâmites legais e burocráticos exigidos para a formalização de contratos, homologação de processos licitatórios e liberação de recursos.","O planejamento integrado entre os setores de planejamento e execução financeira será intensificado, antecipando demandas e mitigando atrasos. Equipes envolvidas receberão capacitação para aprimorar o entendimento dos procedimentos legais e administrativos. Um sistema de monitoramento contínuo será implantado, permitindo identificar e resolver problemas em tempo real. Além disso, fortalecer-se-á o diálogo com fornecedores para alinhar prazos e entregas, enquanto metas intermediárias de execução e liquidação serão estabelecidas para garantir o acompanhamento gradual e eficiente dos resultados. Essas medidas visam melhorar a eficiência e celeridade nos processos, elevando a taxa de liquidação e garantindo o cumprimento das metas planejadas.",2024,3,Restrição,2024,3
632,5106,30001,2043,2528,LIC06,Outras (especificar).,"A execução orçamentária abaixo do previsto justifica-se pelos trâmites administrativos nos processos de contratos e/ou compras. Pois, devemos considerar todo processo de licitação, de adesão às atas, de licitações desertas, de pesquisas mercadológicas, de cotação de preços, de habilitação de empresas. Além disso, após a formalização do contrato, ainda pode haver intercorrências durante a sua execução, como demora na entrega dos serviços e/ou bens, no faturamento da nota fiscal, entre outros eventos, os quais tornam o fluxo processual moroso e prejudicam a liquidação das despesas.","Para superar a restrição identificada e otimizar a execução orçamentária, propõe-se a adoção das seguintes medidas:

a) elaboração de um plano de trabalho das contratações e aquisições, identificando previamente as necessidades e os prazos para cada etapa do processo;

b) implementação de sistemas de gestão de compras e contratos, integrando todas as etapas do processo, para reduzir atrasos e aumentar a eficiência;

c) promoção de treinamentos regulares para as equipes responsáveis pelos trâmites administrativos, enfatizando a importância de boas práticas, conformidade com a legislação e gestão ágil de processos;

d) criação de indicadores de desempenho para monitorar o andamento dos processos licitatórios e contratuais, permitindo intervenções rápidas em caso de atrasos ou intercorrências;

e) identificação dos possíveis gargalos ou riscos em cada etapa do processo e desenvolver planos de contingência para minimizar impactos, como prever soluções em caso de licitações desertas ou atrasos na entrega de bens e serviços.",2024,3,Restrição,2024,3
633,5113,30011,1009,2531,LIC06,Outras (especificar).,"A execução orçamentária abaixo do previsto justifica-se pelos trâmites administrativos nos processos de contratos e/ou compras. Pois, devemos considerar todo processo de licitação, de adesão às atas, de licitações desertas, de pesquisas mercadológicas, de cotação de preços, de habilitação de empresas. Além disso, após a formalização do contrato, ainda pode haver intercorrências durante a sua execução, como demora na entrega dos serviços e/ou bens, no faturamento da nota fiscal, entre outros eventos, os quais tornam o fluxo processual moroso e prejudicam a liquidação das despesas.
","Para superar a restrição identificada e otimizar a execução orçamentária, propõe-se a adoção das seguintes medidas:

a) elaboração de um plano de trabalho das contratações e aquisições, identificando previamente as necessidades e os prazos para cada etapa do processo;

b) implementação de sistemas de gestão de compras e contratos, integrando todas as etapas do processo, para reduzir atrasos e aumentar a eficiência;

c) promoção de treinamentos regulares para as equipes responsáveis pelos trâmites administrativos, enfatizando a importância de boas práticas, conformidade com a legislação e gestão ágil de processos;

d) criação de indicadores de desempenho para monitorar o andamento dos processos licitatórios e contratuais, permitindo intervenções rápidas em caso de atrasos ou intercorrências;

e) identificação dos possíveis gargalos ou riscos em cada etapa do processo e desenvolver planos de contingência para minimizar impactos, como prever soluções em caso de licitações desertas ou atrasos na entrega de bens e serviços.",2024,3,Restrição,2024,3
634,4811,11033,2086,2086,ORC03,Insuficiência de recursos alocados na Lei Orçamentária.,"É necessário estabelecer por lei um mínimo orçamentário para execução de CTI. A frustração arrecadatória e a necessidade de contingenciamento são realidades na gestão pública que, em casos como o da FAPERO, que normalmente ""fica para o superávit"", dificultam o planejamento e consequente atingimento de metas.",Para superar esta restrição seria necessário um entendimento em planejamento das unidades FAPERO/SEPOG/SEFIN.,2024,3,Restrição,2024,3
635,4770,11020,1015,2087,ORC04,Contingenciamento Orçamentário.,"Em virtude da implementação do Decreto nº 29.321, de 25 de julho de 2024, que instituiu o contingenciamento do Orçamento Anual para o Exercício de 2024, a execução orçamentária apresentou-se abaixo do esperado. O Decreto determinou a adoção de medidas fiscais para o controle das despesas públicas, com o objetivo de garantir o equilíbrio fiscal e a manutenção da saúde financeira do Estado.

O contingenciamento impôs restrições nas alocações orçamentárias, limitando a execução de diversas despesas previstas inicialmente. Dessa forma, diversos projetos e atividades ficaram sujeitos à priorização e adequação conforme a disponibilidade de recursos, o que resultou em uma execução inferior aos valores inicialmente programados.

É importante destacar que as áreas mais impactadas foram aquelas com menor prioridade em termos de impacto imediato sobre os serviços essenciais e a manutenção da estabilidade financeira do Estado. As medidas visaram, ainda, assegurar a continuidade de funções essenciais e o cumprimento das obrigações primárias do governo.

A execução baixa reflete, portanto, as exigências do Decreto nº 29.321/2024, que buscou, em um cenário fiscal desafiador, a preservação das finanças públicas e o cumprimento das metas fiscais estabelecidas. A expectativa é de que, à medida que a situação fiscal se estabilize, o contingenciamento seja gradualmente ajustado, permitindo a retomada da execução plena dos projetos e programas previstos no orçamento.

Assim, a execução orçamentária de 2024 foi impactada, mas em conformidade com as diretrizes e a necessidade de prudência fiscal determinadas pelo Decreto.",Reprogramação para LOA 2025.,2024,3,Restrição,2024,3
636,4770,11020,1015,2087,LIC03,Procedimento licitatório burocrático.,"A execução orçamentária de 2024 apresentou-se abaixo do esperado em razão de entraves relacionados aos procedimentos licitatórios, que sofreram atrasos e complicações burocráticas. A complexidade dos trâmites exigidos pela legislação vigente, bem como a necessidade de conformidade com as normas de transparência e controle, resultaram em uma lentidão no andamento das contratações e aquisições necessárias para a implementação de diversos projetos e ações.

Os processos licitatórios envolveram etapas demoradas de análise, elaboração de editais, pareceres técnicos, impugnações e, em alguns casos, necessidade de readequação de documentos, o que retardou a assinatura de contratos e o início de diversas atividades previstas no orçamento. Essa morosidade é fruto da rigorosidade dos procedimentos administrativos, que, embora essenciais para garantir a correta aplicação dos recursos públicos, impactaram negativamente no cronograma de execução orçamentária.

Além disso, as exigências adicionais de fiscalização e acompanhamento dos processos licitatórios, muitas vezes, resultaram em ajustes que, apesar de visarem maior eficiência e legalidade, ocasionaram atrasos na execução de compras e contratações, fundamentais para o cumprimento das metas orçamentárias.

Portanto, a execução orçamentária inferior ao planejado deve-se, principalmente, aos entraves burocráticos enfrentados no processo licitatório, que, em muitos casos, retardaram o início de atividades e aquisições previstas para o exercício de 2024. A expectativa é de que, com a conclusão das licitações em andamento e a adaptação dos procedimentos administrativos, a execução orçamentária seja regularizada nos próximos períodos.","1) Revisão e Simplificação dos Procedimentos Licitatórios.

2) Capacitação e Treinamento Contínuo da Equipe.

3) Planejamento Antecipado e Gestão Proativa.

4) Desburocratização e Flexibilização.

5) Fortalecimento da Comunicação entre Setore.",2024,3,Restrição,2024,3
637,4764,11020,2148,2536,ORC04,Contingenciamento Orçamentário.,"Em virtude da implementação do Decreto nº 29.321, de 25 de julho de 2024, que instituiu o contingenciamento do Orçamento Anual para o Exercício de 2024, a execução orçamentária apresentou-se abaixo do esperado. O Decreto determinou a adoção de medidas fiscais para o controle das despesas públicas, com o objetivo de garantir o equilíbrio fiscal e a manutenção da saúde financeira do Estado.

O contingenciamento impôs restrições nas alocações orçamentárias, limitando a execução de diversas despesas previstas inicialmente. Dessa forma, diversos projetos e atividades ficaram sujeitos à priorização e adequação conforme a disponibilidade de recursos, o que resultou em uma execução inferior aos valores inicialmente programados.

É importante destacar que as áreas mais impactadas foram aquelas com menor prioridade em termos de impacto imediato sobre os serviços essenciais e a manutenção da estabilidade financeira do Estado. As medidas visaram, ainda, assegurar a continuidade de funções essenciais e o cumprimento das obrigações primárias do governo.

A execução baixa reflete, portanto, as exigências do Decreto nº 29.321/2024, que buscou, em um cenário fiscal desafiador, a preservação das finanças públicas e o cumprimento das metas fiscais estabelecidas. A expectativa é de que, à medida que a situação fiscal se estabilize, o contingenciamento seja gradualmente ajustado, permitindo a retomada da execução plena dos projetos e programas previstos no orçamento.

Assim, a execução orçamentária de 2024 foi impactada, mas em conformidade com as diretrizes e a necessidade de prudência fiscal determinadas pelo Decreto.",Reprogramação da execução na LOA 2025.,2024,3,Restrição,2024,3
638,4703,19023,2096,2516,FIN01,Indisponibilidade de recursos financeiros.,"A baixa execução orçamentária registrada no 3º quadrimestre, em análise decorre de restrições financeiras impostas por fatores que impactaram a execução plena das ações previstas. Entre os principais motivos, destaque-se que o orçamento aprovado sofreu contingenciamento devido à necessidade de reequilíbrio fiscal por parte do governo, afetando diretamente a liberação de valores para a realização de atividades, sendo que foi necessário realocar recursos para atender demandas emergenciais de outras áreas prioritárias, o que impactou a execução orçamentária especificada ao programa. 
","Embora os fatores mencionados tenham limitado a execução financeira, a Coord. de EducSanit segue comprometida em buscar alternativas para mitigar os impactos, como a revisão de contratos, a otimização de processos administrativos e o redimensionamento das ações anteriores, garantindo o aproveitamento dos recursos disponíveis e o cumprimento das metas estratégicas no próximo período.",2024,3,Restrição,2024,3
639,4849,11008,1015,2087,ADM02,Atividades dependentes de articulação com outras unidades administrativas.,"Em 15 de janeiro de 2024, foi formalizada a solicitação para abertura de crédito suplementar no montante de R$ 569.112,14, com o propósito de custear despesas vinculadas à veiculação de Publicidade Legal, conforme disposto no Contrato nº 331/PGE-2019. A aprovação da referida suplementação foi concedida pela Secretaria de Estado do Planejamento, Orçamento e Gestão (SEPOG) em 21 de março de 2024.

No entanto, em maio de 2025, a Superintendência de Gestão dos Gastos Públicos Administrativos (SUGESP), considerando o intervalo de tempo decorrido entre a solicitação inicial e a respectiva aprovação pela SEPOG, bem como a validade do contrato mencionado, recomendou a adoção da modalidade de descentralização de crédito como alternativa para custeio da despesa, em substituição à modalidade de ""Termo de Apostilamento"". Em virtude dessa orientação, a Superintendência Estadual de Compras e Licitações (SUPEL) procedeu à instrução do processo nº 0043.000842/2024-41, que, entretanto, não foi concluído com êxito antes do início da vigência do novo Contrato nº 1073/2024/PGE-SUGESP (Id. 0052373547), formalizado em setembro de 2024.

Tais circunstâncias acarretaram impactos negativos na execução orçamentária dos recursos suplementados, comprometendo o planejamento financeiro previamente delineado para a unidade gestora.",Identificação dos riscos pelas unidades gestoras que proporem alterações contratuais.,2024,3,Restrição,2024,3
640,4849,11008,1015,2087,ORC04,Contingenciamento Orçamentário.,"Em 25 de julho de 2024, foi instituído o contingenciamento do Orçamento Anual para o Exercício de 2024, por meio do Decreto nº 29.321/2024.
Em decorrência disso, algumas execuções de despesas previamente previstas, totalizando o montante de R$ 249.077,19 (ID: 0054474298), foram suspensas, conforme o disposto no inciso I, Art. 2º do referido decreto.
","Em períodos de contingenciamento, é interessante ser informado a proporcionalidade do impacto para cada unidade gestora.",2024,3,Restrição,2024,3
641,5199,11008,2058,1523,ORC04,Contingenciamento Orçamentário.,"Em 25 de julho de 2024, foi instituído o contingenciamento do Orçamento Anual para o Exercício de 2024, por intermédio do Decreto nº 29.321/2024. Em virtude dessa medida, as metas relacionadas a esta ação finalística foram postergadas, conforme Art. 5º do mencionado Decreto.","Em períodos de contingenciamento, é interessante ser informado a proporcionalidade deste impacto para cada unidade gestora.",2024,3,Restrição,2024,3
642,5207,23012,2168,2348,ADM02,Atividades dependentes de articulação com outras unidades administrativas.,"Nos resultados obtidos na Região I, no município de Candeias do Jamari que não confirmou a adesão ao cofinanciamento do SUAS no exercício de 2024, pois está com os repasses financeiros suspensos em razão do não cumprimento das condicionalidades para o recebimento dos recursos estaduais do cofinanciamento Estadual do SUAS. Portanto, devido à inação do município quanto às providências a serem tomadas no tocante ao objeto, está em análise da gestão estadual para tomada de decisão quanto à abertura de Tomada de Conta Especial.",.,2024,3,Restrição,2024,3
643,4980,23012,2168,2349,ADM02,Atividades dependentes de articulação com outras unidades administrativas.,"O contingenciamento imposto pelo Decreto n° 29.321 de 25 de julho de 2024 resultou em
uma redução significativa dos recursos financeiros disponíveis, o que impactou diretamente
na realização das ações previstas, tendo em vista que, algumas ações planejadas não foram
possíveis serem adequadas na metodologia do formato híbrido devido às complexidades da
execução da aplicação da metodologia de cada objeto das ações. Todavia, o cronograma das
ações foi readequado no formato híbrido, a fim de atender às novas restrições orçamentárias.
Diante disto, a execução financeira não foi alcançada devido às restrições em decorrência do
Decreto Estadual nº 29.321, de 25 de julho de 2024 que instituiu o contingenciamento do
orçamento anual conforme o art. 2º, inciso I, que diz:
Enquanto durar o cenário de frustração de arrecadação até o retorno de
capacidade financeira e o equilíbrio fiscal do Estado, para contenção e
otimização de despesas no âmbito do Poder Executivo, bem como para fins de
limitação de empenho e movimentação financeira, referentes às despesas do
orçamento anual para o exercício financeiro de 2024, aprovado pela Lei n°
5.733, de 9 de janeiro de 2024, que “Estima a receita e fixa a despesa do Estado
de Rondônia para o exercício financeiro de 2024.”, ficam suspensos:
I - a celebração de novos contratos da Administração Pública Direta e Indireta
com terceiros, excetuados àqueles com objetos relacionados a serviços públicos
essenciais, bem como àqueles decorrentes de adesões a atas ou sistemas de
registro de preços realizados pela Superintendência Estadual de Compras e
Licitações - Supel, que impliquem em economicidade ao erário;
É importante salientar que nos termos do disposto no art. 57, § 1°, inciso V da LEI n°
5.584, DE 31 DE JULHO DE 2023, que trata sobre as diretrizes para a elaboração da Lei
Orçamentária de 2024, bem como as medidas necessárias à limitação orçamentária e Financeira
do Poder Executivo, limitou movimentações financeiras referentes a diárias de viagem de forma
proporcional à queda de arrecadação estimada, fato que impactou a realização de atividades
presenciais nos municípios.",.,2024,3,Restrição,2024,3
644,5077,23012,2168,4082,ADM02,Atividades dependentes de articulação com outras unidades administrativas.,"Diante do Decreto nº 29.321 de 25 de Julho de 2024, o qual institui o contingenciamento do
Orçamento Anual para o Exercício de 2024 no Estado de Rondônia, ficaram impedidas as ações
programadas para o segundo semestre de 2024, sendo atualmente reprogramadas para o terceiro
quadrimestre de 2024, sendo-as ações como eventos, reuniões externas da CIT, FONSEAS que
ocorrem na capital do Distrito Federal (DF), viagens das equipes estaduais em ações de
fortalecimento da gestão do SUAS, tendo em vista especificamente o Decreto Estadual nº
29.321, de 25 de julho de 2024 que instituiu o contingenciamento do orçamento anual conforme
o art. 2º, inciso I, que diz:
Enquanto durar o cenário de frustração de arrecadação até o retorno de
capacidade financeira e o equilíbrio fiscal do Estado, para contenção e
otimização de despesas no âmbito do Poder Executivo, bem como para fins de
limitação de empenho e movimentação financeira, referentes às despesas do
orçamento anual para o exercício financeiro de 2024, aprovado pela Lei n°
5.733, de 9 de janeiro de 2024, que “Estima a receita e fixa a despesa do Estado
de Rondônia para o exercício financeiro de 2024.”, ficam suspensos:
I - a celebração de novos contratos da Administração Pública Direta e Indireta
com terceiros, excetuados àqueles com objetos relacionados a serviços públicos
essenciais, bem como àqueles decorrentes de adesões a atas ou sistemas de
registro de preços realizados pela Superintendência Estadual de Compras e
Licitações - Supel, que impliquem em economicidade ao erário;
É importante salientar que nos termos do disposto no art. 57, § 1°, inciso V da LEI n°
5.584, DE 31 DE JULHO DE 2023, que trata sobre as diretrizes para a elaboração da Lei
Orçamentária de 2024, bem como as medidas necessárias à limitação orçamentária e Financeira
do Poder Executivo, limitou movimentações financeiras referentes a diárias de viagem de forma
proporcional à queda de arrecadação estimada, fato que impactou a realização de atividades
presenciais nos municípios. Diante disto, as ações de monitoramento da rede socioassistencial
programadas para o segundo semestre de 2024, foram suspensos os monitoramentos nas
regionais de Ji-Paraná, Vilhena e Guajará-Mirim, a fim de serem retomadas as ações de
monitoramentos no primeiro trimestre de 2025.
",.,2024,3,Restrição,2024,3
645,5116,30011,1009,2534,LIC06,Outras (especificar).,"A execução orçamentária abaixo do previsto justifica-se pelos trâmites administrativos nos processos de contratos e/ou compras. Pois, devemos considerar todo processo de licitação, de adesão às atas, de licitações desertas, de pesquisas mercadológicas, de cotação de preços, de habilitação de empresas. Além disso, após a formalização do contrato, ainda pode haver intercorrências durante a sua execução, como demora na entrega dos serviços e/ou bens, no faturamento da nota fiscal, entre outros eventos, os quais tornam o fluxo processual moroso e prejudicam a liquidação das despesas.","Para superar a restrição identificada e otimizar a execução orçamentária, propõe-se a adoção das seguintes medidas:

a) elaboração de um plano de trabalho das contratações e aquisições, identificando previamente as necessidades e os prazos para cada etapa do processo;

b) implementação de sistemas de gestão de compras e contratos, integrando todas as etapas do processo, para reduzir atrasos e aumentar a eficiência;

c) promoção de treinamentos regulares para as equipes responsáveis pelos trâmites administrativos, enfatizando a importância de boas práticas, conformidade com a legislação e gestão ágil de processos;

d) criação de indicadores de desempenho para monitorar o andamento dos processos licitatórios e contratuais, permitindo intervenções rápidas em caso de atrasos ou intercorrências;

e) identificação dos possíveis gargalos ou riscos em cada etapa do processo e desenvolver planos de contingência para minimizar impactos, como prever soluções em caso de licitações desertas ou atrasos na entrega de bens e serviços.",2024,3,Restrição,2024,3
646,5112,30011,1008,1520,LIC03,Procedimento licitatório burocrático.,"Dificuldades para adaptação dos trâmites licitatórios internos às regras estabelecidas pela Lei de Licitações e Contratos
(Lei 14.133/2021) e Decreto Estadual n.º 28.874/2024.     ",Sugere-se a capacitação dos servidores envolvidos e elaboração de modelos de documentos.,2024,3,Restrição,2024,3
647,5103,30001,1007,1520,FIN01,Indisponibilidade de recursos financeiros.,Queda da arrecadação da receita estadual ocasionada pela crise hídrica.,Sugere-se a melhoria das metodologias de estimativas de receita.,2024,3,Restrição,2024,3
648,5107,30001,2043,2526,ADM04,Entraves nos procedimentos burocráticos (burocracia para exercício das atividades administrativas do governo).,Entraves burocráticos para cumprimento das regras estabelecidas para execução de Convênios Federais.,Flexibilização das regras para execução de Convênios Federais.,2024,3,Restrição,2024,3
649,5106,30001,2043,2528,FIN01,Indisponibilidade de recursos financeiros.,Queda da arrecadação da receita estadual ocasionada pela crise hídrica.,Sugere-se a melhoria das metodologias de estimativas de receita.,2024,3,Restrição,2024,3
650,4988,23015,2117,2266,ADM14,Outras (especificar).,"Com vistas a garantia das ações indicadas à utilização do FEDPI, Fonte 1.759.0.08051, seria utilizado para a aquisição de camisetas alusivas ao mês de enfrentamento às situações de violação dos direitos da pessoa idosa - Processo 0026.006387/2024-03, conforme Termo de Referência (0055084095). Contudo, houve a negativa pelo fornecedor indicado em ATA (0055127340) quanto á adesão (0055217596) e aceite da solicitação para aquisição. Oportuno salientar que em virtude da proximidade do período para fechamento do exercício orçamentário, não houve tempo hábil para novas solicitações quanto à adesão em ATA.  ",Proceder com a otimização dos processos para aquisições. ,2024,3,Restrição,2024,3
651,5278,27001,2130,1640,ADM14,Outras (especificar).,Ação postergada devido a prioridade de recursos na ação 1497.,Reprogramação da ação para compatibilizar o planejamento com os preço que estão no mercado.,2024,3,Restrição,2024,3
652,5358,03011,1031,1641,ADM12,Dificuldades para celebrar contrato/convênio.,"Por meio do Decreto n. 28.901, de 9 de fevereiro de 2024, publicado no DOE-RO n. 28, de 15 de fevereiro de 2024, foi aberto no orçamento-programa anual do Estado de Rondônia crédito adicional especial por superávit financeiro, até o valor de R$ 2.000.000,00, em favor da ação orçamentária 1641.
Inicialmente, esse recurso seria destinado para contratar empresa especializada em assessoria, capacitação e consultoria jurídica, urbanística, ambiental e topográfica para os municípios. Contudo, em razão do caráter temporária da prestação do serviço e da proximidade do período eleitoral municipal, onde muitos gestores e servidores da equipe dos municípios seriam substituídos, prejudicando o andamento dos trabalhos, o projeto foi descontinuado. 
Para consecução dos objetivos do projeto e na busca por uma alternativa mais duradoura, foi posposto a execução do projeto com a ajuda dos Consórcios Públicos Intermunicipais de Rondônia. A ideia consistia no custeio de diárias aos servidores públicos municipais e os equipamentos pelo Poder Judiciário do Estado de Rondônia (PJRO) e na execução das etapas do processo de regularização fundiária pelos consórcios. Porém, os projetos apresentados pelos consórcios revelaram altos custos e planos de trabalho inconclusos e incoerentes. A Universidade Federal de Rondônia (UNIR) e o Instituto Federal de Rondônia (IFRO) também foram consultados, mas apresentaram os mesmos resultados.
Dessa forma, considerando a impossibilidade de execução dos projetos idealizados, por meio do Decreto n. 29.868, de 19 de dezembro de 2024, publicado no DOE-RO n. 239, de 19 de dezembro de 2024, o referido recurso foi suplementado na ação 4138 - Realizar o Pagamento de Atos Delegados às Serventias Extrajudiciais.","Realizar análise da capacidade dos proponentes em executar os projetos, considerando aspectos técnicos e legais antes da liberação de créditos adicionais.  ",2024,3,Restrição,2024,3
653,5433,11013,2000,4144,ADM14,Outras (especificar).,"A não execução total dos recursos previstos para o exercício de 2024 deve-se, principalmente, à não concretização da contratação dos serviços destinados ao estímulo à inovação. Esse cenário resultou de desafios enfrentados durante o processo de execução, incluindo entraves burocráticos ainda existentes e a insuficiência de recursos humanos com expertise específica no objeto em questão.

Durante o andamento do processo, foram identificados erros no procedimento licitatório inicial, o que resultou no declineo  e reformulação. Após essa etapa, foi iniciada a construção de uma nova estratégia, mais alinhada com os princípios de celeridade e otimização, buscando avançar com maior eficiência. Contudo, considerando o tempo necessário para corrigir as inconsistências e estruturar o novo modelo, não foi possível finalizar a contratação e executar os recursos dentro do exercício de 2024.","Como proposta de melhoria e com o compromisso de superar os desafios identificados, foi priorizada a reestruturação do processo para 2025, com ações voltadas para:

Revisão e simplificação dos procedimentos burocráticos envolvidos;
Capacitação de equipes para ampliar o conhecimento técnico relacionado ao objeto;
Adoção de estratégias de planejamento mais eficazes para evitar interrupções futuras;
Monitoramento contínuo e interlocução com as partes interessadas para assegurar a efetividade das próximas etapas.",2024,3,Restrição,2024,3
654,5362,03011,1031,4136,ADM14,Outras (especificar).,"O prosseguimento da contratação da banca examinadora do VII Concurso Extrajudicial esbarrou nas alterações normativas do Conselho Nacional de Justiça (CNJ), que por força da Resolução n. 575/2024, instituiu o Exame Nacional dos Cartórios (ENAC).
Em seu artigo 5°, a resolução trouxe a exigência de apresentação do comprovante de aprovação no Exame Nacional dos Cartórios para que os candidatos possam participar dos certames para as serventias extrajudiciais. A exigência foi aplicada a todos os tribunais que não possuíam editais publicados na data da entrada em vigor da nova resolução, como foi o caso do Tribunal de Justiça do Estado de Rondônia (TJRO), que, embora estivesse com a contratação em avançado estágio de andamento, inclusive com a escolha da banca avaliadora pela comissão, ainda não havia edital publicado.
Considerando isso, no dia 5/9/2024 a Comissão do VII Concurso suspendeu as tratativas relacionadas à contratação.
Posteriormente, o CNJ publicou a Resolução n. 590/2024, passando a admitir o seguimento dos concursos de cartório com edital aberto até o 1º semestre de 2025.
Diante disso, em 30/10/2024, por unanimidade de seus membros da Comissão, decidiram pela retomada da contratação.
Entretanto, considerando que o retorno das atividades ocorreu próximo ao encerramento do exercício financeiro e que houve a necessidade de realizar ajustes na minuta do contrato, não foi possível concluir a contratação e executar o orçamento disponibilizado.
",monitorar mudanças normativas e manter diálogo ativo com o CNJ.,2024,3,Restrição,2024,3
655,5597,03011,1031,4168,ADM04,Entraves nos procedimentos burocráticos (burocracia para exercício das atividades administrativas do governo).,"A liberação do crédito adicional especial ocorreu próximo ao recesso forense e ao encerramento do exercício financeiro, impossibilitando a execução do recurso em 2024.","Antecipar a tramitação dos processos administrativos relacionados à criação de ações orçamentárias e à liberação de créditos adicionais. Além disso, é importante estabelecer prazos internos para garantir que os recursos sejam disponibilizados com tempo suficiente para execução",2024,3,Restrição,2024,3
656,5415,11004,1015,4103,ADM12,Dificuldades para celebrar contrato/convênio.,"Considerando que esta ação tem por finalidade a remuneração de mão de obra reeducanda, após diversas tratativas, foi possível que o pagamento fosse realizado pela Sejus, o que tornou possível a alocação do recurso para serviço de terceiros, aquisição de stands e realização de eventos por esta Superintendência. ","A solução para esta ação é nova proposta de cooperação, assim  o recurso destinado será descentralizado por esta Superintendência a Sejus/ Fupen.",2024,3,Restrição,2024,3
657,5035,11004,2108,1215,ORC09,Outras (especificar).,"Nesta ação foi possível a emissão da nota de empenho, porém não obtivemos êxito na liquidação do mesmo, considerando que as obras de reforma do Memorial estão previstas para iniciar no primeiro quadrimestre de 2025. Houve demora na tramitação do processo, devido a necessidade de tratativas com outras secretarias.","Realizar tratativas em tempo hábil para que o processo obtenha um fluxo otimizado, sempre com acompanhamento para resolver rapidamente eventuais impedimentos.",2024,3,Restrição,2024,3
658,5377,03011,1018,1642,INS01,Dificuldade no relacionamento interinstitucional.,Não houve sucesso na conclusão da iniciativa “Expansão dos Numec” por não receber resposta do Comando da Polícia Militar quanto a implementação de um setor de conciliação em unidades policiais. ,"Estabelecer um canal de comunicação direto e permanente com o Comando da Polícia Militar, acompanhado de prazos formais para respostas. Caso não haja retorno dentro do prazo, implementar alternativas, como parcerias com outras instituições ou readequação do projeto para viabilizar a expansão dos Numec.",2024,3,Restrição,2024,3
659,5369,03011,1018,4138,INS04,Ausência de planejamento e priorização.,"Das oitos iniciativas cadastradas, não houve sucesso na conclusão de uma delas, “Programa de Benchmarking”, que foi suspensa ainda no segundo quadrimestre, pois os responsáveis optaram por alocar os recursos na capacitação dos servidores. ","Incluir o ""Programa de Benchmarking"" no planejamento futuro, garantindo a reserva de recursos específicos para sua execução sem comprometer outras prioridades, como a capacitação de servidores.",2024,3,Restrição,2024,3
660,4815,11010,2085,4027,ADM14,Outras (especificar).,"Os processos administrativos 0020.020495/2024-31, 0020.020497/2024-20, 0020.020496/2024-85 e 0020.020817/2024-41,  referem-se à pretensão de aquisição de divisórias, isolamento acústico, portas, cadeiras, poltronas, sofás, mesas retangulares em L, mesas redondas, mesas de reunião e cadeiras para sala de reunião. Essas aquisições são essenciais para atender às demandas da Procuradoria Geral do Estado, especialmente em virtude da recente alteração de layout dos espaços de trabalho.

A necessidade de adequações e a aquisição de material permanente foram motivadas pela busca de um ambiente mais funcional e colaborativo, que favoreça a produtividade e o bem-estar dos servidores. O novo layout no prédio Rio Jamari, nos andares 1º e 2º, visa otimizar o uso dos espaços, promovendo uma melhor organização e fluidez nas atividades diárias.

Para viabilizar essas adequações, foi solicitado o superávit financeiro, que permitiria a realização das compras necessárias. Essa medida é fundamental para garantir que a Procuradoria Geral do Estado possa operar de maneira eficiente e eficaz, atendendo às suas funções institucionais com a infraestrutura adequada. Além disso, a modernização do ambiente de trabalho contribui para a valorização dos servidores, refletindo em um ambiente mais agradável e produtivo.
Entretanto, a implementação dessas situações enfrentou desafios significativos administrativos, com os processos não concluídos no exercício de 2024, impossibilitando a execução destas aquisições.  ","A conclusão deste projeto requer a colaboração de todas as unidades envolvidas, garantindo que as necessidades específicas de cada setor sejam atendidas de maneira integrada. Essa abordagem colaborativa não apenas maximiza a eficiência na execução do projeto, mas também reforça o compromisso da Procuradoria Geral do Estado com a excelência no serviço público.

No exercício de 2025, serão atendidas as demandas que ainda não foram executadas no exercício de 2024, utilizando o orçamento do exercício corrente (2025) para sua execução.
",2024,3,Restrição,2024,3
661,5370,03011,1018,4139,GER01,Meta física inadequada à natureza da ação,"Inicialmente, a ação foi desenvolvida com o objetivo de implementar medidas e iniciativas voltadas à promoção da transparência institucional, comunicação efetiva com os cidadãos e disseminação de informações sobre o funcionamento do Poder Judiciário.
No decorrer de 2024, ao analisar cada iniciativa, observou-se que, embora as ações desenvolvidas por elas envolvam aspectos relacionados à comunicação efetiva com os cidadãos e à disseminação de informações do funcionamento do Judiciário, elas possuem finalidades específicas e foram incorporadas a outros programas e ações. Isso aconteceu nas iniciativas da área da infância e juventude, na implementação de métodos consensuais de conflitos, dentre outras.
Dessa forma, não se considerou necessário criar novas iniciativas específicas para atender a esses objetivos, uma vez que já estão contemplados em outros programas e ações.  Diante disso, a ação não será continuada no ano de 2025.
","Consolidar as iniciativas relacionadas à transparência e comunicação em um programa centralizado, que funcione como eixo estratégico, garantindo o monitoramento e a visibilidade dessas ações nos programas existentes.",2024,3,Restrição,2024,3
662,4909,11017,2135,2461,FIN01,Indisponibilidade de recursos financeiros.,Ausência de repasse financeiro oriundo do Fundo de Amparo ao Trabalhador (FAT) do Governo Federal.,"Capacitar a equipe técnica para diagnosticar os entraves, avaliar seus impactos e implementar ações corretivas para superá-los.",2024,3,Restrição,2024,3
663,5545,11003,2085,4160,ADM14,Outras (especificar).,"Considerando que a empresa responsável pela reforma da Regional de Vilhena solicitou a negociação de um reajuste para a continuidade da obra, conforme o Processo nº 0020.084523/2022-86, e levando em conta que a empresa contratada para a reforma da Regional de Cacoal rescindiu o contrato,  no processo 0020.000500/2024-99.","Em razão das situações apresentadas, será necessário conduzir um estudo para avaliar a viabilidade da continuidade das duas reformas.",2024,3,Restrição,2024,3
664,5428,11006,2000,4145,OUT02,Outras (especificar).,"As entidades indicadas para o recebimento de recursos de emendas parlamentares, que não apresentaram documentação adequada, em prazo viável, para firmar convênio ou fomento resultou na impossibilidade da execução do referido recurso.",Realização de qualificação documental das entidades candidatas ao recebimento de recursos públicos.,2024,3,Restrição,2024,3
665,5329,03011,2073,2449,LIC04,Ausência de licitantes.,"Licitações desertas ou fracassadas, carecendo de repetição para contratação do objeto.","Para evitar licitações desertas ou fracassadas, recomenda-se realizar uma pesquisa prévia de mercado para identificar fornecedores e avaliar o interesse no objeto, revisar o edital ajustando especificações técnicas e critérios de participação para torná-los mais atrativos e realistas, segmentar o objeto em lotes para ampliar a competitividade, adequar condições e orçamento garantindo valores e prazos compatíveis com o mercado, realizar ampla divulgação em portais especializados e associações do setor para maior alcance, promover capacitação e diálogo com potenciais participantes para esclarecer dúvidas e estimular a participação, além de utilizar plataformas eletrônicas para simplificar processos e facilitar o acesso ao edital. Essas medidas aumentam a competitividade e reduzem a necessidade de repetir processos.",2024,3,Restrição,2024,3
666,5402,03011,1013,1627,TEC03,Outras (especificar).,Instabilidade do sistema comprasnet impediu a realização do pregão.,Encaminhar processos para o pregão com prazo suficiente caso ocorra  inconsistência.,2024,3,Restrição,2024,3
667,5407,03001,1012,1484,OUT02,Outras (especificar).,"Manutenção da unidade predial da SGP e servidores em Home Office, a partir do dia 18/11/2024, conforme Decisão 7177 (4452446).",-,2024,3,Restrição,2024,3
668,5413,03001,1012,1486,OUT02,Outras (especificar).,"Manutenção da unidade predial da SGP e servidores em Home Office, a partir do dia 18/11/2024, conforme Decisão 7177 (4452446).                                                                                                                                                                                                                                                                                                                                                                                                                                                                                                                                                                                                                                                                                                                                        ",-,2024,3,Restrição,2024,3
669,5373,03011,2065,1480,OUT01,Problemas relacionados a fenômenos meteorológicos.,"O inverno amazônico, caracterizado pela maior frequência de chuvas em nossa região, contribui para a diminuição do ritmo das obras. Além disso, as chuvas também causam danos às obras em andamento, o que retarda sua conclusão devido à necessidade de reparar tais danos.",-,2024,3,Restrição,2024,3
670,5331,03011,2065,1507,OUT02,Outras (especificar).,"Os motivos que impactaram no atraso na execução da ação decorrem da capacidade operacional da empresa, considerando que ela executava, simultaneamente, as obras referentes ao Grupo 02 (Campo Novo, Chupinguaia e Monte Negro), o que ocasionou atrasos significativos, especialmente na obra do fórum digital de Chupinguaia.",-,2024,3,Restrição,2024,3
671,5363,03011,2065,1508,OUT02,Outras (especificar).,Atraso da contratada na execução do contrato.,-,2024,3,Restrição,2024,3
672,5353,03011,2065,1509,OUT02,Outras (especificar).,Atraso da contratada na execução do contrato.,-,2024,3,Restrição,2024,3
673,5512,03011,2065,1518,ORC05,Realocação do crédito orçamentário de um programa para outro.,"Remanejamento dos recursos para outra ação, conforme SEI 0002878-28.2024.8.22.8000, publicado no Diário da Justiça em 01/03/2024.",-,2024,3,Restrição,2024,3
674,5360,03011,2065,1628,OUT02,Outras (especificar).,"- Materiais adquiridos aguardando entrega;                                                                                                                                                                                                                                                                                                                                                                           - Dificuldades encontradas na execução do serviço de climatização;                                                                                                                                                                                                                                                                                                                                                                - Descontinuação da produção material utilizado na obra de (porcelanato), sendo necessária a subistituição do modelo;",-,2024,3,Restrição,2024,3
675,5380,03011,2065,1629,OUT02,Outras (especificar).,"A obra não foi priorizada pela Administração. Atualmente, a ação possui um orçamento de R$ 59.430,42, em razão do remanejamento de recursos para atender a outras ações prioritárias.","-
",2024,3,Restrição,2024,3
676,5374,03011,2065,1630,LIC06,Outras (especificar).,"Licitação em andamento, aguardando propostas para análise, cumprimento de prazos processuais.",-,2024,3,Restrição,2024,3
677,4680,02001,2147,2539,OUT02,Outras (especificar).,"Estava previsto no PAC, o montante contido no orçamento. Durante o exercício de 2024 houve atrasos na elaboração dos ETP's, TR's e licitação, assim sendo, parte das contratações e execuções previstas na LOA de 2024 ocorreu no último quadrimestre do ano, além de várias contratações que foram transferidas para serem executadas em 2025, e, considerando novas prioridades advindas da Presidência do TCERO, houve à necessidade de remanejamento de recursos no orçamento, anulando dotações previstas na ação do controle externo, e suplementando programações prioritárias em outras ações do TCERO, no ano de 2024. ","Em virtude da necessidade de otimização dos recursos e da eficácia das ações em execução pelo Tribunal de Contas de Rondônia (TCERO), foi proposto o remanejamento de recursos para fortalecer iniciativas prioritárias executadas ainda no ano de 2024.",2024,3,Restrição,2024,3
678,4681,02001,2147,2523,OUT02,Outras (especificar).,A execução ocorreu dentro do programado. Não teve nenhum fato que impediu ou retardasse a implementação total dessa ação.,"Os plano de trabalhos foram executados conforme os repasses dos recursos eram efetuados, na forma prevista no instrumento de convênio.",2024,3,Restrição,2024,3
679,4688,02001,2146,2538,OUT02,Outras (especificar).,Não há.,Não se aplica.,2024,3,Restrição,2024,3
680,5593,02011,2146,2538,OUT02,Outras (especificar).,Não há.,Não se aplica.,2024,3,Restrição,2024,3
681,4658,02001,0000,0163,OUT02,Outras (especificar).,Não houveram despessas relacionadas a este ação no exercício de 2024.,Manter a reserva orçamentária para cobertura de eventuais despesas no decorrer do exercocio de 2025.,2024,3,Restrição,2024,3
682,4872,02001,1011,2543,OUT02,Outras (especificar).,Não há,Não há,2024,3,Restrição,2024,3
683,4871,02001,1011,2542,OUT02,Outras (especificar).,As ações de capacitação planejadas para os servidores não foram executadas conforme previsto no quadrimestre devido a reorganização administrativa e novas priorizações,"Um sistema de monitoramento contínuo das capacitações deverá ser estabelecido para garantir a execução conforme o novo cronograma e avaliação periodica do impacto das capacitações realizadas, ajustando estratégias conforme necessário.",2024,3,Restrição,2024,3
684,4870,02001,1011,4073,OUT02,Outras (especificar).,Não há,Não há,2024,3,Restrição,2024,3
685,4869,02001,1011,2101,OUT02,Outras (especificar).,Não há,Não há,2024,3,Restrição,2024,3
686,4659,02001,1019,2854,OUT02,Outras (especificar).,"Os pagamentos das aposentadorias e pensões foram realizados dentro do prazo legal, garantindo previsibilidade para os beneficiários.
O acompanhamento e o controle da folha de pagamento foram conduzidos de forma eficiente, evitando inconsistências e garantindo conformidade com os parâmetros orçamentários.
Houve a execução das previsões de despesa conforme as metas estabelecidas para o período, sem ultrapassagem dos limites fiscais.
Melhorias na transparência e na divulgação das despesas previdenciárias, permitindo um maior controle e fiscalização sobre os valores pagos.",Não há,2024,3,Restrição,2024,3
687,4684,02001,1010,1221,OUT02,Outras (especificar).,"A baixa execução orçamentária no período analisado está diretamente relacionada à necessidade de contingenciamento de despesas devido à frustração de arrecadação da receita durante o exercício de 2024, estimada em aproximadamente R$ 11 milhões, conforme registrado no expediente 0800016/2025/DIVCONT. Assim, embora houvesse crédito orçamentário disponível, tornou-se imperativo priorizar a utilização dos saldos financeiros para ações consideradas essenciais e estratégicas.","1. Capacitação: Investir em treinamentos direcionados ao planejamento e execução de processos de contratação voltados à área de TI, visando maior eficiência na execução.
2. Revisão de Fluxos: Realizar uma revisão dos procedimentos de contratação no âmbito da SETIC, identificando gargalos e otimizando os fluxos operacionais.
3. Ampliação da Força de Trabalho: Aumentar o número de servidores capacitados para atuar nos processos de contratação, buscando reduzir prazos e aumentar a celeridade na tramitação das demandas.",2024,3,Restrição,2024,3
688,4685,02001,1010,2973,OUT02,Outras (especificar).,"A execução orçamentária da ação enfrentou desafios significativos devido à natureza complexa e técnica dos objetos a serem contratados. A necessidade de especificações minuciosas e customizadas, sobretudo em soluções voltadas à segurança da informação e automação de processos, exigiu um tempo adicional para que as etapas de planejamento e contratação fossem adequadamente realizadas. Além disso, a dependência de fornecedores especializados e a tramitação em unidades externas à SETIC foram fatores que contribuíram para a morosidade do processo. Apesar das dificuldades, a SETIC tem se empenhado em garantir que os aspectos contratuais estejam adequados, buscando sempre o alinhamento às melhores práticas de governança de TI e à otimização dos parâmetros técnicos. O processo, embora desafiador, foi conduzido de maneira criteriosa para assegurar que os objetos contratados atendam plenamente às necessidades do Tribunal, com foco na eficiência e segurança operacional.","1. Capacitação: Investir em treinamentos voltados ao planejamento e execução de contratações de objetos de TI.
2. Revisão de Fluxos: Revisar e otimizar os processos de contratação no âmbito da SETIC.
3. Aumento de Pessoal Capacitado: Elevar o número de agentes qualificados para atuar nos processos de contratação, melhorando a eficiência e o tempo de resposta das aquisições.",2024,3,Restrição,2024,3
689,4682,02001,1010,1421,OUT02,Outras (especificar).,"A execução orçamentária da ação de reforma e adaptação do Edifício Anexo III do TCE-RO foi impactada pela fase inicial de contratação da empresa de engenharia responsável. O contrato foi celebrado em 30/07/2024, com prazo de execução estimado em 12 meses, conforme previsto no planejamento inicial das peças orçamentárias. No entanto, a formalização do contrato apenas no segundo semestre resultou em um atraso na liquidação das despesas, concentrando a maior parte da execução financeira no último quadrimestre de 2024.

Adicionalmente, em virtude da necessidade de contingenciamento de despesas, decorrente da frustração na arrecadação da receita do exercício de 2024 – estimada em aproximadamente R$ 11 milhões, conforme registrado no expediente 0800016/2025/DIVCONT –, foi realizada a abertura de crédito adicional especial, redirecionando a execução orçamentária da obra do Anexo III para a UG 02011 – Fundo de Desenvolvimento Institucional (FDI), conforme detalhado no Processo SEI 008825/2024. Essa medida teve como objetivo assegurar a continuidade das ações prioritárias, apesar das restrições orçamentárias.","Recomenda-se a implementação de um monitoramento contínuo das atividades de execução do contrato, visando mitigar eventuais riscos de atrasos no cronograma da reforma. Esse acompanhamento permitirá a identificação precoce de possíveis desvios ou obstáculos, possibilitando a adoção de medidas corretivas tempestivas, garantindo, assim, o cumprimento dos prazos estabelecidos.",2024,3,Restrição,2024,3
690,4683,02001,1010,2981,OUT02,Outras (especificar).,"A execução orçamentária da ação ""Gerir as Atividades de Natureza Administrativa"" apresentou desempenho um pouco abaixo do esperado, com destaque para o não cumprimento de algumas contratações previstas. Esse desempenho pode ser atribuído a fatores como atrasos no processo de contratação e à liberação gradual de compromissos, realizados conforme o avanço da execução contratual. No início do exercício, são feitos os compromissos com base nos valores anuais dos contratos vigentes, mas a liquidação dessas despesas acontece gradativamente ao longo do período.","Implementar melhorias nos processos internos que não dependam exclusivamente de terceiros, com o objetivo de otimizar o tempo despendido para a realização das contratações. Isso pode incluir a revisão dos procedimentos de aprovação interna, a simplificação da documentação necessária, a automação de tarefas repetitivas e a capacitação da equipe responsável. Ao agilizar esses processos internos, será possível reduzir os atrasos nas contratações e garantir uma execução orçamentária mais eficiente.",2024,3,Restrição,2024,3
691,5598,02011,2147,2539,OUT02,Outras (especificar).,"Estava previsto no PAC, o montante contido no orçamento. Durante o exercício de 2024 houve atrasos na elaboração dos ETP's, TR's e licitação, assim sendo, parte das contratações e execuções previstas na LOA de 2024 ocorreu no último quadrimestre do ano, além de várias contratações que foram transferidas para serem executadas em 2025, e, considerando novas prioridades advindas da Presidência do TCERO, houve à necessidade de remanejamento de recursos no orçamento, anulando dotações previstas na ação do controle externo, e suplementando programações prioritárias em outras ações do TCERO, no ano de 2024. ","Em virtude da necessidade de otimização dos recursos e da eficácia das ações em execução pelo Tribunal de Contas de Rondônia (TCERO), foi proposto o remanejamento de recursos para fortalecer iniciativas prioritárias executadas ainda no ano de 2024. ",2024,3,Restrição,2024,3
692,5016,18001,1015,2096,ORC04,Contingenciamento Orçamentário.,"Governo do Estado de Rondônia implementou o contingenciamento do orçamento de 2024 por meio do Decreto nº 29.321, datado de 25 de julho de 2024, limitando o cumprimento das ações planejadas.","As ações de melhoria e capacitação para os recursos humanos devem ser priorizadas, uma vez que trazem benefícios ao cotidiano de trabalho com especificidades nas áreas de atuação profissional. ",2024,3,Restrição,2024,3
693,5413,03001,1012,1486,ADM01,Problemas com o prestador de serviço.,"Não realização da palestra da semana do servidor no Teatro Palácio das Artes, em virtude do cancelamento da palestra-show “O olhar do sim”, que seria apresentada por Márcio Ballas em razão de problemas no deslocamento do artista para a cidade de Porto Velho o referido evento não pode ser realizado, conforme informado no Despacho 118205 (4438567), constante no processo SEI n. 0008256-62.2024.8.22.8000 que trata da contratação do palestrante. A referida palestra tinha um público estimado de aproximadamente 900 pessoas, conforme registrado na Decisão 6004 (4345309), portanto a não realização evento teve alto impacto no alcance da meta física desta ação orçamentária.","Para evitar novos cancelamentos, propomos incluir cláusulas contratuais prevendo a substituição do palestrante em caso de imprevistos, além de avaliar opções de palestras híbridas ou transmitidas remotamente. Também sugerimos manter um palestrante reserva previamente acordado, garantindo a realização do evento e o cumprimento da meta estabelecida.",2024,3,Restrição,2024,3
694,5365,15017,1015,4000,ORC06,Demora na tramitação de crédito adicional.,A demora na aprovação do orçamento anual do Fundo Estadual de Segurança Pública é tida como uma restrição que ocasiona prejuízo cuja consequência é a baixa execução das ações. Até a presente data o orçamento por superávit ainda não foi aprovado.,"Prioridade na tramitação na SEPOG, COGES e DITEL dos procedimentos administrativos dos orçamentos referentes aos Fundos em que haja financeiro disponível.
",2025,1,Restrição,2025,1
695,5365,15017,1015,4000,ORC09,Outras (especificar).,"O Fundo Estadual de Segurança Pública de Rondônia recebe recursos oriundos do Fundo Nacional de Segurança Pública, modalidade fundo a fundo. Trata-se de transferência obrigatória recebida anualmente para serem aplicados em três áreas temáticas: Enfrentamento a Violência Contra a Mulher, Redução de Mortes Violentas Intencionais e Melhoria da Qualidade de Vida dos Profissionais de Segurança Pública e cujos valores devem ser executados em 02 anos (execução bienal) por tratarem-se de projetos voltados ao cumprimento da política nacional de
segurança pública. 
Tal situação apresenta discrepância ao modelo orçamentário que vigora no Estado de Rondônia (execução orçamentária anual). O que é fator que influência diretamente no desempenho da execução orçamentária dos programas desta Unidade Gestora.","Sugestão: Alteração legislativa de modo a considerar o prazo de execução de forma  bienal, a métrica razoável para análise da execução seria no valor equivalente a 50% dos recursos disponibilizados. ",2025,1,Restrição,2025,1
696,5313,11023,2177,1635,FIN01,Indisponibilidade de recursos financeiros.,"A Ação não foi executada neste quadrimestre, por indisponibilidade Orçamentária e Financeira para execução da obra. Neste sentido, a Gestão do Instituto, articula junto ao  Inmetro o repasse Financeiro atraves de Convenio, para execução da Obra ainda neste exercício.","Neste sentido, a Gestão do Instituto, articula junto ao  Inmetro o repasse Financeiro atraves de Convenio, para execução da Obra ainda neste exercício.",2025,1,Restrição,2025,1
697,5206,11023,1015,2087,FIN01,Indisponibilidade de recursos financeiros.,"Por indisponibilidade Financeira, alguns Serviços/Aquisições para melhoria do funcionamento do Instituto não puderam ser contratados, no entanto, a medida em que são transferidos os Recursos Financeiros atraves do Convenio com Inmetro, estaremos aplicando os recursos conforme o Plano de Aplicação pactuado.","Á medida em que são transferidos os Recursos Financeiros atraves do Convenio com Inmetro, estaremos aplicando os recursos conforme o Plano de Aplicação pactuado.",2025,1,Restrição,2025,1
698,5393,11003,1015,4103,OUT02,Outras (especificar).,"Importante destacar que, em razão do processo de descentralização orçamentária para a execução do convênio firmado, a operacionalização da referida ação não ocorre diretamente pela unidade da Procuradoria-Geral do Estado (PGE/RO), mas sim pela unidade gestora do Fundo Penitenciário (FUPEN).

Dessa forma, todo o trâmite orçamentário e financeiro — incluindo o empenho, a liquidação e o pagamento — é realizado exclusivamente na unidade de destino dos recursos (FUPEN). A PGE/RO, portanto, atua como unidade demandante e autorizadora da descentralização dos créditos, enquanto a FUPEN é responsável pela execução finalística da despesa.

Esse procedimento segue as diretrizes legais e normativas vigentes, garantindo transparência, controle e efetividade na aplicação dos recursos públicos vinculados à política de ressocialização de reeducandos, com foco na prestação de serviços mediante convênios de cooperação.","1 - Fortalecer o monitoramento da execução dos recursos descentralizados na unidade gestora FUPEN, a fim de garantir a correta aplicação orçamentária e o alinhamento com as diretrizes estabelecidas pela PGE/RO.
2 - Reavaliar a atual quantidade de reeducandos inseridos no programa, verificando se o número de beneficiários está compatível com os novos parâmetros e metas estratégicas definidos pela gestão.
3 - Promover uma comunicação integrada e eficaz entre a PGE/RO e a unidade FUPEN, de modo a assegurar que os objetivos do convênio estejam sendo plenamente atendidos, mesmo com a execução orçamentária e operacional ocorrendo em unidade distinta.
",2025,1,Restrição,2025,1
699,5115,30011,1009,2532,ADM14,Outras (especificar).,"No período em questão foram recebidas as primeiras demandas e emitidas as ordens de serviços aos contratos de manutenção predial. A demanda foi superior ao inicialmente previsto pela equipe de gestão e fiscalização, necessitando de uma priorização maior nestes contratos. Assim, outros serviços foram sendo despriorizados em detrimento desse, o que contribuiu, por exemplo, para a despriorização da contratação da Reforma e Ampliação do Núcleo de Vilhena, a qual deverá ser retomada no 2º Quadrimestre do presente exercício.","Para evitar que picos de demanda comprometam projetos estratégicos, sugere-se uma revisão periódica de previsões com o estabelecimento de reunião mensal de gestão para ajustar estimativas de serviços e recalibrar alocação de recursos antes do início de cada quadrimestre, reserva de capacidade contratual: manter contrato-quadro com prestadores adicionais de manutenção predial, garantindo flexibilidade para absorver demandas extras sem despriorizar obras planejadas e prioritização dinâmica: adotar matriz de critérios (impacto, prazo legal e custo), permitindo realocar equipes em tempo real e assegurar retomada imediata de projetos como a Reforma e Ampliação do Núcleo de Vilhena no 2º quadrimestre.",2025,1,Restrição,2025,1
700,5118,30011,1009,2535,ADM14,Outras (especificar).,"A execução orçamentária abaixo do previsto justifica-se pelos trâmites administrativos nos processos de contratos e/ou compras. Pois, devemos considerar todo processo de licitação, de adesão às atas, de licitações desertas, de pesquisas mercadológicas, de cotação de preços, de habilitação de empresas. Além disso, após a formalização do contrato, ainda pode haver intercorrências durante a sua execução, como demora na entrega dos serviços e/ou bens, no faturamento da nota fiscal, entre outros eventos, os quais tornam o fluxo processual moroso e prejudicam a liquidação das despesas.","Para superar a restrição identificada e otimizar a execução orçamentária, propõe-se a adoção das seguintes medidas:

a) elaboração de um plano de trabalho das contratações e aquisições, identificando previamente as necessidades e os prazos para cada etapa do processo;

b) implementação de sistemas de gestão de compras e contratos, integrando todas as etapas do processo, para reduzir atrasos e aumentar a eficiência;

c) promoção de treinamentos regulares para as equipes responsáveis pelos trâmites administrativos, enfatizando a importância de boas práticas, conformidade com a legislação e gestão ágil de processos;

d) criação de indicadores de desempenho para monitorar o andamento dos processos licitatórios e contratuais, permitindo intervenções rápidas em caso de atrasos ou intercorrências;

e) identificação dos possíveis gargalos ou riscos em cada etapa do processo e desenvolver planos de contingência para minimizar impactos, como prever soluções em caso de licitações desertas ou atrasos na entrega de bens e serviços.",2025,1,Restrição,2025,1
701,5026,14001,1015,1498,OUT02,Outras (especificar).,"Trata-se de uma ação que financia despesas com recursos provenientes de uma fonte específica, a qual requer um maior volume orçamentário por meio da solicitação de abertura de superávit. Contudo, até o presente momento, tal solicitação não foi considerada necessária, uma vez que sua aplicabilidade é também específica, destinada a despesas vinculadas à finalidade do antigo PROFISCO, fato que ainda não se concretizou.","Por outro lado, os esforços estão sendo concentrados para garantir a utilização dos recursos em demandas essenciais.",2025,1,Restrição,2025,1
702,5107,30001,2043,2526,ADM04,Entraves nos procedimentos burocráticos (burocracia para exercício das atividades administrativas do governo).,Entraves burocráticos para cumprimento das regras estabelecidas para execução de Convênios Federais.,Flexibilização das regras para execução de Convênios Federais.,2025,1,Restrição,2025,1
703,5116,30011,1009,2534,OUT02,Outras (especificar).,"A execução orçamentária abaixo do previsto justifica-se pelos trâmites administrativos nos processos de contratos e/ou compras. Pois, devemos considerar todo processo de licitação, de adesão às atas, de licitações desertas, de pesquisas mercadológicas, de cotação de preços, de habilitação de empresas. Além disso, após a formalização do contrato, ainda pode haver intercorrências durante a sua execução, como demora na entrega dos serviços e/ou bens, no faturamento da nota fiscal, entre outros eventos, os quais tornam o fluxo processual moroso e prejudicam a liquidação das despesas.","Para superar a restrição identificada e otimizar a execução orçamentária, propõe-se a adoção das seguintes medidas:

a) elaboração de um plano de trabalho das contratações e aquisições, identificando previamente as necessidades e os prazos para cada etapa do processo;

b) implementação de sistemas de gestão de compras e contratos, integrando todas as etapas do processo, para reduzir atrasos e aumentar a eficiência;

c) promoção de treinamentos regulares para as equipes responsáveis pelos trâmites administrativos, enfatizando a importância de boas práticas, conformidade com a legislação e gestão ágil de processos;

d) criação de indicadores de desempenho para monitorar o andamento dos processos licitatórios e contratuais, permitindo intervenções rápidas em caso de atrasos ou intercorrências;

e) identificação dos possíveis gargalos ou riscos em cada etapa do processo e desenvolver planos de contingência para minimizar impactos, como prever soluções em caso de licitações desertas ou atrasos na entrega de bens e serviços.",2025,1,Restrição,2025,1
704,4757,13001,1015,2064,ADM04,Entraves nos procedimentos burocráticos (burocracia para exercício das atividades administrativas do governo).,"Devido ao orçamento limitado disponível para o exercício de 2025, o gestor optou por reavaliar todas as demandas abertas em 2024, a fim de garantir a alocação eficiente dos recursos públicos. Essa medida de cautela teve como objetivo revisar as prioridades da pasta e assegurar que os investimentos estejam alinhados com as diretrizes estratégicas da SEPOG, considerando os cenários de restrição fiscal.","- Estabelecer um cronograma interno de priorização das aquisições, com participação da equipe técnica e da alta gestão, para assegurar previsibilidade e continuidade da execução;
- Adotar critérios objetivos e previamente definidos para tomada de decisão em contextos de restrição orçamentária;
- Incluir no planejamento anual um cenário de contingência, com metas mínimas viáveis para garantir a continuidade das ações estruturantes mesmo com limitações de recursos;
- Promover reuniões periódicas de monitoramento da execução orçamentária, de forma a antecipar ajustes e evitar paralisações prolongadas.

",2025,1,Restrição,2025,1
705,4800,19025,0000,0205,OUT02,Outras (especificar).,Não há restrições quando ao andamento da demanda. ,"Continuar realizando os devidos recolhimentos de acordo com a legislação vigente, garantindo a conformidade fiscal e contábil da EMATER–RO junto aos órgãos de controle e à Receita Federal. ",2025,1,Restrição,2025,1
706,4696,19025,0000,0112,OUT02,Outras (especificar).,Não há restrições ,"Continuar executando a ação dentro dos parâmetros orçamentários previstos, assegurando o correto uso dos recursos públicos e a transparência na gestão das despesas.",2025,1,Restrição,2025,1
707,4697,19025,1015,2087,ADM14,Outras (especificar).,"A liquidação das despesas ocorre somente após a verificação do direito adquirido pelo credor, com base em títulos e documentos comprobatórios do respectivo crédito. Esse procedimento pode impactar diretamente a análise quadrimestral, considerando os trâmites administrativos necessários à efetivação dessas despesas.","Seguir atuando para garantir a continuidade das atividades administrativas, observando os critérios legais e operacionais pertinentes à execução orçamentária e financeira.",2025,1,Restrição,2025,1
708,4816,19025,1015,2091,OUT02,Outras (especificar).,Não há restrições ,"Continuar a execução dos pagamentos do auxílio-alimentação e do auxílio-saúde aos servidores ativos da EMATER–RO, conforme o cronograma estabelecido na Lei Orçamentária Anual (LOA) de 2025, em estrita conformidade com o planejamento orçamentário. ",2025,1,Restrição,2025,1
709,4818,19025,1015,2234,OUT02,Outras (especificar).,Não há restrições ,"Continuar assegurando que os compromissos financeiros, como salários, encargos sociais e outros gastos obrigatórios, sejam cumpridos ao longo de todo o exercício financeiro, conforme planejado em LOA 2025.",2025,1,Restrição,2025,1
710,4750,19025,2024,1447,ADM14,Outras (especificar).,"Executado em conformidade com as normas estabelecidos para a realização de obras públicas, com a documentação necessária sendo devidamente anexada e registradas em processo. ","Acompanhamento mais estreito por parte da equipe responsável, com o objetivo de monitorar as etapas de liquidação e minimizar eventuais obstáculos que possam surgir.",2025,1,Restrição,2025,1
711,4752,19025,2024,4091,OUT02,Outras (especificar).,Não há restrições ,Continuar assegurando o uso eficiente dos recursos públicos e o cumprimento das diretrizes estabelecidas pela LOA 2025. ,2025,1,Restrição,2025,1
712,5569,19025,2024,4162,ADM14,Outras (especificar).,"Demanda orçamentária para execução do recurso encontra-se em fase de elaboração, junto à Direção desta EMATER–RO.",Concluir a fase de elaboração e avançar para a publicação do processo seletivo.,2025,1,Restrição,2025,1
713,4751,19025,2024,4234,OUT02,Outras (especificar).,Não há restrições ," Continuidade no pagamento garantindo que os projetos e programas da EMATER-RO,  sejam implementados sem interrupções, permitindo a concretização das metas estabelecidas para o ano de 2025.",2025,1,Restrição,2025,1
714,5456,11033,1015,1519,ORC03,Insuficiência de recursos alocados na Lei Orçamentária.,"A não execução deu-se em virtude do valor alocado na Lei Orçamentária ser insuficiente para implementação do Plano de cargos e salários, bem  como na dificuldade de obtenção de recursos para o presente exercício.", Disponibilização de recursos necessários para implementação do plano de cargos e salários.,2025,1,Restrição,2025,1
715,4748,19025,2024,2019,ADM14,Outras (especificar).,"Os trâmites administrativos necessários para efetivar as referidas  despesas, envolvem tempo de processamento, aprovação e pagamento, o que pode alterar o fluxo da execução orçamentária.","Priorização de Demandas: Classificar despesas conforme impacto, urgência e disponibilidade de recursos.
Calendário de Execução: Estabelecer cronogramas que considerem os desembolsos orçamentários previstos.",2025,1,Restrição,2025,1
716,5106,30001,2043,2528,ADM14,Outras (especificar).,"A execução orçamentária abaixo do previsto justifica-se pelos trâmites administrativos nos processos de contratos e/ou compras. Pois, devemos considerar todo processo de licitação, de adesão às atas, de licitações desertas, de pesquisas mercadológicas, de cotação de preços, de habilitação de empresas. Além disso, após a formalização do contrato, ainda pode haver intercorrências durante a sua execução, como demora na entrega dos serviços e/ou bens, no faturamento da nota fiscal, entre outros eventos, os quais tornam o fluxo processual moroso e prejudicam a liquidação das despesas.","Para superar a restrição identificada e otimizar a execução orçamentária, propõe-se a adoção das seguintes medidas:

a) elaboração de um plano de trabalho das contratações e aquisições, identificando previamente as necessidades e os prazos para cada etapa do processo;

b) implementação de sistemas de gestão de compras e contratos, integrando todas as etapas do processo, para reduzir atrasos e aumentar a eficiência;

c) promoção de treinamentos regulares para as equipes responsáveis pelos trâmites administrativos, enfatizando a importância de boas práticas, conformidade com a legislação e gestão ágil de processos;

d) criação de indicadores de desempenho para monitorar o andamento dos processos licitatórios e contratuais, permitindo intervenções rápidas em caso de atrasos ou intercorrências;

e) identificação dos possíveis gargalos ou riscos em cada etapa do processo e desenvolver planos de contingência para minimizar impactos, como prever soluções em caso de licitações desertas ou atrasos na entrega de bens e serviços.",2025,1,Restrição,2025,1
717,5618,30011,1008,4164,ADM14,Outras (especificar).,"A dificuldade na elaboração dos instrumentos de planejamento das aquisições — como o Estudo Técnico Preliminar (ETP) e o Termo de Referência (TR) — decorre da inexperiência da unidade demandante, que se encontra em fase inicial de atuação no processo de contratações públicas. É natural que, nesse contexto, haja insegurança na definição de requisitos, especificações e justificativas, o que afeta diretamente a eficiência e a conformidade dos processos administrativos.","A necessidade de suporte técnico e capacitação contínua para garantir que a unidade demandante atue com maior autonomia, segurança e aderência aos princípios da boa governança pública.",2025,1,Restrição,2025,1
718,4738,15015,1015,2087,ADM14,Outras (especificar).,"O processo está na PGE-SESDEC, aguardando 0021.009437/2025-27 (Parecer e Contrato);
O processo está na Unidade do 10º BPM, aguardando 0021.049007/2024-67 (Procedimentos Administrativo).",Que as políticas públicas do governo sejam priorizadas.,2025,1,Restrição,2025,1
719,5590,11003,0000,0019,ORC03,Insuficiência de recursos alocados na Lei Orçamentária.,"O início do exercício de 2025 já é impactado pelas dificuldades orçamentárias do ano anterior. Atualmente encontra-se em tramitação o processo SEI 0020.003911/2025-17, solicitando a suplementação orçamentária, destinada à ação 0019 – Realizar pagamento de Sentenças Judiciais mediante requisição de pequeno valor (RPV).","Priorização da aprovação da abertura do crédito suplementar, garantindo o cumprimento tempestivo das Requisições de Pequeno Valor (RPVs).",2025,1,Restrição,2025,1
720,5099,30001,1007,2517,JUD03,Outras (especificar).,"A promulgação da Lei Ordinária n.º 5.348/2022, que institui o pagamento de benefícios especiais aos membros que migraram entre regimes previdenciários, impactou diretamente a estrutura orçamentária do órgão, uma vez que não havia previsão específica para absorver essas novas despesas.

Trata-se de gastos de grande vulto e caráter obrigatório, cuja implementação impôs a necessidade de revisão e realocação de recursos orçamentários, afetando o planejamento financeiro inicialmente estabelecido. Dada a limitação do teto orçamentário e a ausência de sinalização prévia sobre os valores e volume de adesões, a situação exigiu ações corretivas emergenciais, como a reestruturação de programas e a priorização de despesas essenciais, para garantir o cumprimento legal e evitar inadimplementos.","Considerando que a edição de leis com impacto orçamentário, como a Lei Ordinária n.º 5.348/2022, ocorre de forma impositiva e com vigência imediata, sem tempo hábil para planejamento prévio, a proposta de melhoria é estabelecer um fluxo interno ágil de reestruturação orçamentária, com participação integrada das áreas de orçamento, financeira e gestão de pessoas, visando responder prontamente às determinações legais supervenientes, uma vez que não há margem para antecipação ou contingência diante da obrigatoriedade de cumprimento imediato da norma.",2025,1,Restrição,2025,1
721,5207,23012,2168,2348,ADM11,Atraso na prestação de contas pelo Estado ou município.,"O município de Candeias do Jamari está atualmente com o repasse de recursos SUSPENSO, conforme a Portaria nº 171, devido à pendência de prestação de contas referente aos anos de 2022 a 2024. Já o município de São Francisco do Guaporé encontra-se com o repasse BLOQUEADO pela falta de prestação de contas do ano de 2024. Ambos os municípios foram devidamente notificados pelo Fundo Estadual de Assistência Social (FEAS).","A gestão estadual está oferecendo apoio, assessoria e oficinas de gestão orçamentária e financeira às gestões municipais, com foco na regularização das prestações de contas junto ao Fundo Estadual de Assistência Social (FEAS) e no fortalecimento da gestão do Fundo Municipal de Assistência Social.

",2025,1,Restrição,2025,1
722,4695,15015,2075,1119,ADM14,Outras (especificar).,"O Processo está na Unidade do 10º BPM, aguardando 0021.049007/2024-67 (fase de entrega);",Que as políticas públicas do governo sejam priorizadas.,2025,1,Restrição,2025,1
723,5037,15015,2075,4087,ADM14,Outras (especificar).,"O processo está na SESDEC-PGE, aguardando 0021.009437/2025-27 (Contrato e Pareces).
O processo está no 10º BPM, aguardando 0021.049007/2024-67 (Procedimentos Administrativos).
O processo está na empresa, aguardando 0021.084745/2024-51 (Prorrogação de prazo).",Que as políticas públicas do governo sejam priorizadas.,2025,1,Restrição,2025,1
724,5261,15005,2182,1637,ADM14,Outras (especificar).,"O processo está na SESDEC- PGE, aguardando 0021.012858/2024-54 (Contrato). ",Que as políticas públicas do governo sejam priorizadas.,2025,1,Restrição,2025,1
725,5058,19014,2095,1196,ADM14,Outras (especificar).,"Cinco processos de reforma e ampliação de unidades da Agência IDARON apresentaram atraso na tramitação administrativa. O principal fator que impactou o cronograma dessas ações foi a necessidade de atualização das planilhas orçamentárias e memoriais descritivos.
Esse trabalho exigiu revisão técnica especializada por parte de um engenheiro, sendo que contamos com apenas um engenheiro disponível para executar essas demandas simultaneamente. Tal condição gerou um acúmulo de tarefas e, consequentemente, a postergação dos prazos previstos para a conclusão dos documentos e continuidade dos processos rumo à licitação.","Estamos adotando um cronograma interno, priorizando os processos conforme o estágio em que se encontram (inclusão no PPA, disponibilidade orçamentária, urgência de execução), com o objetivo de organizar a demanda técnica de forma mais estratégica e reduzir eventuais gargalos.  As unidades já previstas no PPA estão recebendo total prioridade, com o objetivo de antecipar possíveis entraves técnicos e administrativos e garantir maior agilidade na tramitação e execução das obras.",2025,1,Restrição,2025,1
726,5258,15005,1015,2087,ADM14,Outras (especificar).,"Os processos estão na CPOF, 0021.001348/2025-32, 0021.009898/2021-76, 0021.063856/2024-23, 0021.001421/2025-76, 0021.014402/2025-18, 0021.000139/2025-71 (procedimentos administrativos).
",Que as políticas públicas do governo sejam priorizadas.,2025,1,Restrição,2025,1
727,5621,13001,2041,4545,ADM02,Atividades dependentes de articulação com outras unidades administrativas.,teste,teste,2025,1,Restrição,2025,1
728,5058,19014,2095,1196,ADM02,Atividades dependentes de articulação com outras unidades administrativas.,"O processo referente à construção da Unidade de Atendimento Local da Agência IDARON no município de Porto Velho ainda não foi licitado devido ao atraso na elaboração das peças técnicas por parte da Secretaria de Estado de Obras e Serviços Públicos (SEOSP). A elaboração dos projetos e orçamentos ficou sob responsabilidade da SEOSP, que enfrentou demora significativa na entrega das documentações necessárias. O material técnico foi devolvido à IDARON somente após aproximadamente dois anos de tramitação, o que impactou diretamente o cronograma da obra. Esse atraso comprometeu o planejamento interno da Agência, uma vez que a licitação só pôde ser iniciada após o recebimento integral dos projetos e orçamentos técnicos.","Com o objetivo de evitar novos atrasos na tramitação de obras e reduzir a dependência de outros órgãos do Estado, a IDARON está em fase de processo licitatório de uma ATA de projetos de engenharia, que permitirá à Agência contratar empresas especializadas para a elaboração direta dos projetos e orçamentos técnicos necessários às reformas e construções. Essa medida visa descentralizar a demanda atualmente direcionada à SEOSP, órgão que atende a diversos setores da administração pública e, por isso, enfrenta acúmulo de solicitações, o que impacta negativamente nos prazos. A contratação por meio da ATA garantirá mais autonomia, agilidade e previsibilidade nos processos da IDARON, contribuindo significativamente para o cumprimento das metas estabelecidas no PPA.",2025,1,Restrição,2025,1
729,4814,17034,1015,2096,ADM02,Atividades dependentes de articulação com outras unidades administrativas.,"Essa ação foi extinta em 2025, no momento estamos sem contador para gerar o cancelamento de saldo da Nota da Emprenho referente ao exercício de 2024.",Necessitamos que a COGES envie um contador para a Agevisa.,2025,1,Restrição,2025,1
730,4770,11020,1015,2087,ADM14,Outras (especificar).,"Trâmites de recebimento de materiais permanentes que precisam ser:

Recebidos provisoriamente,
Recebidos definitivamente.
Tombados.

etc","Não seria de fato um problema, pois é um procedimento comum e faz parte do fluxo administrativo das unidades gestoras.",2025,1,Restrição,2025,1
731,4774,11020,1015,2234,POL03,Projeto de lei em tramitação.,Aguardo da aprovação de melhoria salarial da COGES,"Já aprovado, aguardando sanção pelo executivo.",2025,1,Restrição,2025,1
732,4772,11020,1015,2091,POL03,Projeto de lei em tramitação.,Aguardo da aprovação de melhoria salarial da COGES.,"Já aprovado, aguardando sanção pelo executivo.",2025,1,Restrição,2025,1
733,5113,30011,1009,2531,OUT02,Outras (especificar).,"A execução orçamentária abaixo do previsto justifica-se pelos trâmites administrativos nos processos de contratos e/ou compras. Pois, devemos considerar todo processo de licitação, de adesão às atas, de licitações desertas, de pesquisas mercadológicas, de cotação de preços, de habilitação de empresas. Além disso, após a formalização do contrato, ainda pode haver intercorrências durante a sua execução, como demora na entrega dos serviços e/ou bens, no faturamento da nota fiscal, entre outros eventos, os quais tornam o fluxo processual moroso e prejudicam a liquidação das despesas.","Para superar a restrição identificada e otimizar a execução orçamentária, propõe-se a adoção das seguintes medidas:

a) elaboração de um plano de trabalho das contratações e aquisições, identificando previamente as necessidades e os prazos para cada etapa do processo;

b) implementação de sistemas de gestão de compras e contratos, integrando todas as etapas do processo, para reduzir atrasos e aumentar a eficiência;

c) promoção de treinamentos regulares para as equipes responsáveis pelos trâmites administrativos, enfatizando a importância de boas práticas, conformidade com a legislação e gestão ágil de processos;

d) criação de indicadores de desempenho para monitorar o andamento dos processos licitatórios e contratuais, permitindo intervenções rápidas em caso de atrasos ou intercorrências;

e) identificação dos possíveis gargalos ou riscos em cada etapa do processo e desenvolver planos de contingência para minimizar impactos, como prever soluções em caso de licitações desertas ou atrasos na entrega de bens e serviços;

f) classificação de um segundo colocado apto nas licitações para ser convocado quando ocorrer problemas de execução de contrato/ata com o vencedor vencedor.",2025,1,Restrição,2025,1
734,5110,30001,2145,2529,ADM14,Outras (especificar).,"A ausência de um controle sistematizado dos eventos voltados ao público externo dificulta o acompanhamento em tempo real e compromete a precisão dos dados informados pela unidade. Como não há planilha ou outro meio organizado de registro, a busca manual individualizada gera inconsistências entre os eventos efetivamente realizados e os apurados no monitoramento.","Implementar uma planilha padronizada (preferencialmente compartilhada em nuvem) para registro obrigatório de todos os eventos desde o planejamento até a realização, contendo campos como: data, público-alvo, responsável, local, status e resultado. Essa medida simples trará mais controle, agilidade no monitoramento e confiabilidade nas informações prestadas.",2025,1,Restrição,2025,1
735,4801,11020,1015,2096,ADM14,Outras (especificar).,"A baixa execução orçamentária registrada no período deve-se, principalmente, à dedicação integral da equipe de analistas contábeis às atividades de prestação de contas anual, cujo prazo legal de encerramento é 30 de abril de cada exercício.

Como consequência direta desse acúmulo de atividades, tornou-se inviável a participação da equipe em cursos de aperfeiçoamento e capacitação, impactando o cronograma de desenvolvimento profissional previsto para o período.",Reprogramação para os próximos quadrimestres.,2025,1,Restrição,2025,1
736,5111,30011,1008,2530,ADM14,Outras (especificar).,"A ausência de um controle sistematizado dos eventos voltados ao público interno dificulta o acompanhamento em tempo real e compromete a precisão dos dados informados pela unidade. Como não há planilha ou outro meio organizado de registro, a busca manual individualizada gera inconsistências entre os eventos efetivamente realizados e os apurados no monitoramento.","Implementar uma planilha padronizada (preferencialmente compartilhada em nuvem) ou sistema eletrônico para registro obrigatório de todos os eventos desde o planejamento até a realização, contendo campos como: data, público-alvo, responsável, local, status e resultado. Essa medida simples trará mais controle, agilidade no monitoramento e confiabilidade nas informações prestadas.",2025,1,Restrição,2025,1
737,5116,30011,1009,2534,ADM14,Outras (especificar).,"A ausência de um controle sistematizado dos eventos voltados ao público interno e externo dificulta o acompanhamento em tempo real e compromete a precisão dos dados informados pela unidade. Como não há planilha ou outro meio organizado de registro, a busca manual individualizada gera inconsistências entre os eventos efetivamente realizados e os apurados no monitoramento.","Implementar uma planilha padronizada (preferencialmente compartilhada em nuvem) ou sistema eletrônico para registro obrigatório de todos os eventos desde o planejamento até a realização, contendo campos como: data, público-alvo, responsável, local, status e resultado. Essa medida simples trará mais controle, agilidade no monitoramento e confiabilidade nas informações prestadas.",2025,1,Restrição,2025,1
738,5481,11006,2142,1505,OUT02,Outras (especificar).,"1.	O Processo nº 0041.333703/2021-78 encontra-se em execução, as Etapas I e II foram concluídas e para a execução da Etapa III a Fundação Instituto de Administração – FIA, propôs a SEDEC por meio dos  Ofício FIA nº 215 (0038869486) que objetivou discutir as recentes mudanças nos cenários relativos ao gás e suas implicações para a concessão dos serviços de gás encanado em Rondônia, bem como os Ofícios FIA nº 236 (0038869492) e nº 237 (0038869503), os quais abordaram acerca da continuidade da Etapa III - Fase I e II - Apoio a Licitação a SOPH e CMR ou a substituição por um novo ""Produto estruturante caracterizado por Diretrizes para posterior elaboração de um Plano de Recuperação da SOPH"" e substituição por um novo ""Produto estruturante caracterizado por Diretrizes para posterior elaboração de um Plano de Preparação e Reestruturação da CMR"", tendo inclusive manifestação favorável da Procuradoria Geral do Estado, conforme Parecer nº 108/2023/PGE-SEDEC (0058290694) e o mesmo encontra-se em fase de análise aguardando deliberação superior conforme Memorando nº 30/2025/SEDEC-PARCERIAS (0044169132). 
2.	Processo nº 0041.391263/2021-73, encontra-se em fase de execução não houve execução financeira até o encerramento do exercício e a Nota de Empenho 2023NE000178 no valor de R$ 100.000,00, encontra-se inscrita em RPNP. Contratada apresentou 45 (quarenta e cinco) Notas Técnicas Administrativas com as orientações necessárias para a CAERD protocolar junto a PGNF o requerimento solicitando a revisão dos valores previstos a Recuperar, 68 (sessenta e oito) Notas Técnicas de Apoio Jurídico para a CAERD protocolar junto a Justiça Federal o requerimento solicitando a revisão dos valores previstos a recuperar  e 08 (oito) Relatórios de Benefícios Obtido, com a expectativa de recuperar  R$ 14.800.000,00 que encontra-se em análise pela PGE-SEDEC e CAERD, conforme Processos: nº 0041.003119/2023-52, 0041.002511/2024-65, 0041.002678/2024-26, 0041.002686/2024-72, 0041.002861/2024-21, 0041.002863/2024-11, 0041.002866/2024-54 e 0041.002867/2024-07. Não houve execução financeira por ser uma contratação ad êxito, os pagamentos serão devidos somente quanto ao proveito econômico comprovadamente decorrente de trabalho realizado pela contratada. 
","1.	Ampliação do Quadro de Pessoal da equipe técnica da SEDEC-PARCERIAS, para que os gestores possam tomar decisões mais céleres em razão natureza e da complexidade dos temas tratados na Coordenadoria; 
2.	Por se tratar de processo de recuperação de créditos que envolvem outros entes como Procuradoria da Fazenda Nacional em Rondônia – PGNF, Justiça Federal e outros, de forma administrativa e/ou jurídica que deve ser respeitado a autonomia de cada órgão.
",2025,1,Restrição,2025,1
739,4764,11020,2148,2536,ADM14,Outras (especificar).,Fase de estudo para viabilidade de contratação.,Celeridade no levantamento da solução do problema.,2025,1,Restrição,2025,1
740,5368,21001,2165,1626,FIN06,Outras (especificar).,"Considerando a nova orientação de abertura de Credito Adicional informada no Ofício nº 2213/2024/COGES-CAPRCG 0049325889 e Memorando nº 6/2025/SEPOG-GEOG 0056684754, houve morosidade nos trâmites processuais na fase de reclassificação contábil no Processo: 0033.009717/2025-04, que, por consequência, afetou a solicitação de suplementação de convênios da SEJUS. ","Melhoria na exigência de abertura de crédito adicional pela SEPOG, tendo em vista que o mesmo recurso financeiro tramita pela COGES mais de uma vez. ",2025,1,Restrição,2025,1
741,5366,21001,2165,1625,FIN06,Outras (especificar).,"Considerando a nova orientação de abertura de Credito Adicional informada no Ofício nº 2213/2024/COGES-CAPRCG 0049325889 e Memorando nº 6/2025/SEPOG-GEOG 0056684754, houve morosidade nos trâmites processuais na fase de reclassificação contábil no Processo: 0033.009717/2025-04, que, por consequência, afetou a solicitação de suplementação de convênios da SEJUS. ","Melhoria na exigência de abertura de crédito adicional pela SEPOG, tendo em vista que o mesmo recurso financeiro tramita pela COGES mais de uma vez. ",2025,1,Restrição,2025,1
742,5364,21001,2165,4076,FIN06,Outras (especificar).,"Considerando a nova orientação de abertura de Credito Adicional informada no Ofício nº 2213/2024/COGES-CAPRCG 0049325889 e Memorando nº 6/2025/SEPOG-GEOG 0056684754, houve morosidade nos trâmites processuais na fase de reclassificação contábil no Processo: 0033.009717/2025-04, que, por consequência, afetou a solicitação de suplementação de convênios da SEJUS. ","Melhoria na exigência de abertura de crédito adicional pela SEPOG, tendo em vista que o mesmo recurso financeiro tramita pela COGES mais de uma vez. ",2025,1,Restrição,2025,1
743,4719,14023,1000,2064,LIC05,Apresentação de recursos ou impugnação do certame.,"Processo nº 0016.000049/2024-79, item 2.2 – O certame restou fracassado no exercício de 2024, motivo pelo qual houve a sua republicação em 2025. Contudo, o processo foi objeto de impugnação em razão de erro identificado na estimativa global da contratação.

",Aguardar processo,2025,1,Restrição,2025,1
744,4719,14023,1000,2064,ADM14,Outras (especificar).,"Processo nº 0016.000985/2025-61, item 1.1 - A contratação encontra-se aguardando a tramitação interna necessária para publicação. Ressalta-se que o planejamento realizado mostrou-se insuficiente para atender às demandas do Iperon, em razão do retorno de servidores anteriormente cedidos e do aumento no número de estagiários.",Planejar aumento futuro de servidores e estágiarios,2025,1,Restrição,2025,1
745,4719,14023,1000,2064,ADM01,Problemas com o prestador de serviço.,Processo nº 0016.004988/2024-92 – Item 2.16 - A empresa contratada encontra-se em processo de apuração quanto à possível prática de subcontratação.,Acompanhamento contratual,2025,1,Restrição,2025,1
746,4719,14023,1000,2064,LIC03,Procedimento licitatório burocrático.,"Processo nº 0016.003746/2023-09, itens 3.2. e 3.3 -  A contratação não foi concluída no exercício de 2024, ocasionando atraso na aquisição dos materiais de consumo.","Externo ao Iperon, necessita da SUPEL",2025,1,Restrição,2025,1
747,5327,15017,2166,1276,ORC06,Demora na tramitação de crédito adicional.,"A demora na aprovação do orçamento anual do Fundo Estadual de Segurança Pública é tida como uma restrição que ocasiona prejuízo cuja consequência é a baixa execução das ações. Até a presente data o orçamento por superávit ainda não foi aprovado.
","Prioridade na tramitação na SEPOG, COGES e DITEL dos procedimentos administrativos dos orçamentos referentes aos Fundos em que haja financeiro disponível.
",2025,1,Restrição,2025,1
748,5327,15017,2166,1276,ORC09,Outras (especificar).,"O Fundo Estadual de Segurança Pública de Rondônia recebe recursos oriundos do Fundo Nacional de Segurança Pública, modalidade fundo a fundo. Trata-se de transferência obrigatória recebida anualmente para serem aplicados em três áreas temáticas: Enfrentamento a Violência Contra a Mulher, Redução de Mortes Violentas Intencionais e Melhoria da Qualidade de Vida dos Profissionais de Segurança Pública e cujos valores devem ser executados em 02 anos (execução bienal) por tratarem-se de projetos voltados ao cumprimento da política nacional de
segurança pública. 
Tal situação apresenta discrepância ao modelo orçamentário que vigora no Estado de Rondônia (execução orçamentária anual). O que é fator que influencia diretamente no desempenho da execução orçamentária dos programas desta Unidade Gestora.
","Sugestão: Alteração legislativa de modo a considerar o prazo de execução de forma  bienal, a métrica razoável para análise da execução seria no valor equivalente a 50% dos recursos disponibilizados. 
",2025,1,Restrição,2025,1
749,5341,15017,2166,1381,ORC06,Demora na tramitação de crédito adicional.,"A demora na aprovação do orçamento anual do Fundo Estadual de Segurança Pública é tida como uma restrição que ocasiona prejuízo cuja consequência é a baixa execução das ações. Até a presente data o orçamento por superávit ainda não foi aprovado.
","Prioridade na tramitação na SEPOG, COGES e DITEL dos procedimentos administrativos dos orçamentos referentes aos Fundos em que haja financeiro disponível.

",2025,1,Restrição,2025,1
750,5341,15017,2166,1381,ORC09,Outras (especificar).,"O Fundo Estadual de Segurança Pública de Rondônia recebe recursos oriundos do Fundo Nacional de Segurança Pública, modalidade fundo a fundo. Trata-se de transferência obrigatória recebida anualmente para serem aplicados em três áreas temáticas: Enfrentamento a Violência Contra a Mulher, Redução de Mortes Violentas Intencionais e Melhoria da Qualidade de Vida dos Profissionais de Segurança Pública e cujos valores devem ser executados em 02 anos (execução bienal) por tratarem-se de projetos voltados ao cumprimento da política nacional de
segurança pública. 
Tal situação apresenta discrepância ao modelo orçamentário que vigora no Estado de Rondônia (execução orçamentária anual). O que é fator que influencia diretamente no desempenho da execução orçamentária dos programas desta Unidade Gestora.
","Sugestão: Alteração legislativa de modo a considerar o prazo de execução de forma  bienal, a métrica razoável para análise da execução seria no valor equivalente a 50% dos recursos disponibilizados. 
",2025,1,Restrição,2025,1
751,5351,03011,2185,4137,ADM12,Dificuldades para celebrar contrato/convênio.,"A execução da ação orçamentária transcorreu de forma majoritariamente positiva, com iniciativas em andamento e resultados relevantes. No entanto, foram identificadas restrições pontuais que impactaram o cronograma e a logística de algumas atividades, como atrasos em contratações (transporte fluvial e serviços de decoração), limitações orçamentárias para deslocamento de servidores do interior e dificuldades operacionais na realização de exames de DNA no projeto Pai Presente. Apesar dos entraves, medidas corretivas foram adotadas e a maioria das iniciativas segue em desenvolvimento conforme previsto.","Para superar as restrições identificadas na execução da ação orçamentária, propõem-se melhorias estruturais e operacionais voltadas ao fortalecimento do planejamento e da gestão das iniciativas. Entre as medidas sugeridas, destaca-se a necessidade de iniciar com antecedência os processos de contratação, especialmente para serviços logísticos como transporte fluvial e decoração, além da criação de um cadastro de fornecedores locais para agilizar demandas no interior. Recomenda-se também a inclusão prévia dos deslocamentos de servidores do interior no planejamento orçamentário. Para os exames de DNA no projeto Pai Presente, sugere-se estabelecer parcerias com laboratórios públicos ou universidades e definir um protocolo padronizado de atendimento, além de prever reserva técnica no orçamento para garantir a continuidade das ações. Essas melhorias visam tornar a execução mais eficiente, com maior previsibilidade, agilidade e integração entre os atores envolvidos.",2025,1,Restrição,2025,1
752,5343,15017,2166,2237,ORC06,Demora na tramitação de crédito adicional.,"A demora na aprovação do orçamento anual do Fundo Estadual de Segurança Pública é tida como uma restrição que ocasiona prejuízo cuja consequência é a baixa execução das ações. Até a presente data o orçamento por superávit ainda não foi aprovado.
","Prioridade na tramitação na SEPOG, COGES e DITEL dos procedimentos administrativos dos orçamentos referentes aos Fundos em que haja financeiro disponível.

",2025,1,Restrição,2025,1
753,5343,15017,2166,2237,ORC09,Outras (especificar).,"O Fundo Estadual de Segurança Pública de Rondônia recebe recursos oriundos do Fundo Nacional de Segurança Pública, modalidade fundo a fundo. Trata-se de transferência obrigatória recebida anualmente para serem aplicados em três áreas temáticas: Enfrentamento a Violência Contra a Mulher, Redução de Mortes Violentas Intencionais e Melhoria da Qualidade de Vida dos Profissionais de Segurança Pública e cujos valores devem ser executados em 02 anos (execução bienal) por tratarem-se de projetos voltados ao cumprimento da política nacional de
segurança pública. 
Tal situação apresenta discrepância ao modelo orçamentário que vigora no Estado de Rondônia (execução orçamentária anual). O que é fator que influencia diretamente no desempenho da execução orçamentária dos programas desta Unidade Gestora.
","Sugestão: Alteração legislativa de modo a considerar o prazo de execução de forma  bienal, a métrica razoável para análise da execução seria no valor equivalente a 50% dos recursos disponibilizados. 

",2025,1,Restrição,2025,1
754,5178,27001,1015,1490,ADM14,Outras (especificar).,"Taxa de Turnover alta, devido à remuneração dos servidores contratados, onde após a assinatura do contrato, os mesmos conseguem vagas melhores externamente e pedem exoneração.","Melhoria Salarial considerando os tetos salariais das categorias, servindo de motivação para evitar a alta taxa de turnover.",2025,1,Restrição,2025,1
755,5344,15017,2166,2269,ORC06,Demora na tramitação de crédito adicional.,"A demora na aprovação do orçamento anual do Fundo Estadual de Segurança Pública é tida como uma restrição que ocasiona prejuízo cuja consequência é a baixa execução das ações. Até a presente data o orçamento por superávit ainda não foi aprovado.
","Prioridade na tramitação na SEPOG, COGES e DITEL dos procedimentos administrativos dos orçamentos referentes aos Fundos em que haja financeiro disponível.
",2025,1,Restrição,2025,1
756,5344,15017,2166,2269,ORC09,Outras (especificar).,"O Fundo Estadual de Segurança Pública de Rondônia recebe recursos oriundos do Fundo Nacional de Segurança Pública, modalidade fundo a fundo. Trata-se de transferência obrigatória recebida anualmente para serem aplicados em três áreas temáticas: Enfrentamento a Violência Contra a Mulher, Redução de Mortes Violentas Intencionais e Melhoria da Qualidade de Vida dos Profissionais de Segurança Pública e cujos valores devem ser executados em 02 anos (execução bienal) por tratarem-se de projetos voltados ao cumprimento da política nacional de
segurança pública. 
Tal situação apresenta discrepância ao modelo orçamentário que vigora no Estado de Rondônia (execução orçamentária anual). O que é fator que influencia diretamente no desempenho da execução orçamentária dos programas desta Unidade Gestora.
","Sugestão: Alteração legislativa de modo a considerar o prazo de execução de forma  bienal, a métrica razoável para análise da execução seria no valor equivalente a 50% dos recursos disponibilizados. 
",2025,1,Restrição,2025,1
757,5358,03011,1031,1641,ADM04,Entraves nos procedimentos burocráticos (burocracia para exercício das atividades administrativas do governo).,"Durante o primeiro quadrimestre, a ação orçamentária enfrentou restrições que impactaram seu andamento. No que se refere ao acompanhamento do procedimento de regularização fundiária nos municípios cooperantes, observou-se divergência de entendimentos entre as unidades do TJRO quanto à aprovação do Projeto IntegrAção Fundiária. O projeto apresenta características e especificidades significativamente distintas das iniciativas anteriormente desenvolvidas pelo Tribunal, o que gerou insegurança institucional e a necessidade de estudos mais aprofundados. Soma-se a isso a complexidade inerente à proposta, que exige articulação entre diversas unidades internas e instituições externas, contribuindo para o atraso em sua implementação. Já no monitoramento das serventias de registro de imóveis, identificaram-se dificuldades no cumprimento dos prazos estabelecidos para envio das informações, bem como a apresentação de relatórios incompletos ou com inconsistências que demandam ajustes. Também foi constatada certa resistência de alguns municípios em adotar as providências orientadas pelo TJRO, o que compromete a efetividade das ações voltadas à regularização fundiária.","Para superar as restrições enfrentadas relativas ao acompanhamento do procedimento de regularização fundiária nos municípios cooperantes, foram realizadas diversas reuniões de articulação institucional, envolvendo grande parte dos setores técnicos administrativos do TJRO, além disso foi realizada reunião das unidades do TJRO com o Tribunal de Justiça do Estado Tocantins, que possuí projeto pioneiro e premiado relacionado à regularização fundiária urbana em execução, para sanar as dúvidas que causavam insegurança na implementação do Projeto IntegrAção Fundiária. No início do segundo quadrimestre, o projeto, devidamente adequado, será apresentado para apreciação da alta administração. No que se refere à interação com os municípios, serão realizados a formalização de instrumentos para garantir a vinculação desses com o TJRO, ampliando os resultados da regularização fundiária pelo Estado. Ademais, para ampliar o engajamento dos municípios, serão intensificadas ações de orientação e mobilização, com foco na importância da regularização fundiária e no cumprimento das recomendações emitidas pelo Tribunal. Para o monitoramento e cumprimento dos prazos pelas serventias, propõe-se a aplicação de penalidades. Essas medidas visam conferir maior eficiência, integração e efetividade à execução da ação orçamentária.",2025,1,Restrição,2025,1
758,4940,15001,2166,1276,ADM14,Outras (especificar).,"A execução da ação durante o primeiro quadrimestre foi abaixo do esperado, tendo em vista alguns processos de licitação enfrentarem algumas dificuldades, por serem produtos próprios da área de segurança pública, podemos citar  o processo 0037.004686/2024-76, que trata da aquisição de carrinhos para o transporte de água no valor de R$ 40.200,00 (quarenta mil e duzentos reais)
","Reformulação da Lei que regula as licitações e contratos da administração pública para acompanhar a dinâmica da demanda atual de contratação, e assim diminuir a burocracia e dar mais eficiência para o processo de licitação
",2025,1,Restrição,2025,1
759,4942,15001,2166,1473,ORC06,Demora na tramitação de crédito adicional.,"A execução da ação deverá da início a sua execução no próximo quadrimestre, tendo em vista o pedido de orçamento feito através do processo 0037.002297/2025-97.
","Ter uma maior agilidade na aprovação de orçamento, visto que essa ação depende diretamente da aprovação do Superavit Orçamentário
",2025,1,Restrição,2025,1
760,5359,03011,1031,4135,ADM04,Entraves nos procedimentos burocráticos (burocracia para exercício das atividades administrativas do governo).,"Durante o 1º quadrimestre, ocorreram falhas operacionais, tanto nos sistemas internos das serventias, bem como no SIGEXTRA, o que gerou retrabalho e correções de diversos erros de lançamento.","Para superar as falhas operacionais identificadas nos sistemas internos das serventias e no SIGEXTRA durante o 1º quadrimestre, sugere-se melhorias estruturais e operacionais voltadas à capacitação contínua dos(as) servidores(as), com a padronização de procedimentos e elaboração de manuais de apoio; à revisão da usabilidade e integração dos sistemas, visando maior estabilidade e redução de erros de lançamento; à implementação de mecanismos automatizados de validação de dados, para evitar inconsistências; ao fortalecimento do suporte técnico, com atendimento célere e eficiente; e à adoção de rotinas de monitoramento preventivo e auditorias periódicas, promovendo maior controle e confiabilidade das informações registradas.",2025,1,Restrição,2025,1
761,4943,15001,2166,1475,ORC06,Demora na tramitação de crédito adicional.,"A execução da ação deverá da início a sua execução no próximo quadrimestre, tendo em vista o pedido de orçamento feito através do processo 0037.002297/2025-97.","Ter uma maior agilidade na aprovação de orçamento, visto que essa ação depende diretamente da aprovação do Superavit Orçamentário
",2025,1,Restrição,2025,1
762,5049,21001,2102,2250,LIC03,Procedimento licitatório burocrático.,Houve morosidade nas tramitações na parte licitatória. ,"Não há, pois o andamento está seguindo na normalidade. ",2025,1,Restrição,2025,1
763,4947,15001,2166,2249,OUT02,Outras (especificar).,"Para execução desta ação falta a liberação orçamentária para construção do quartel do 2º subgrupamento do 5º Grupamento Bombeiro Militar em Machadinho Do Oeste RO, conforme processo SEI 0037.005581/2023-53, que contribuirá significativamente para as ações estratégicas da aviação no Estado de Rondônia.","Liberado o orçamento será executada a ação e sanadas as restrições.
",2025,1,Restrição,2025,1
764,4948,15001,2166,2279,OUT02,Outras (especificar).,"A execução da ação não foi a ideal pois alguns processos encontram -se em fase de tramitação, entre eles podemos citar o processo SEI 0037.000121/2024-10 contratação de piloto e 0037.089433/2021-11 aquisição de EPI, macacão, luvas.
","Devido a tramitação do processo está em fase avançada, esperamos no próximo quadrimestre uma melhor execução.
",2025,1,Restrição,2025,1
765,4949,15001,2166,2475,ORC06,Demora na tramitação de crédito adicional.,"A execução da ação deverá da início a sua execução no próximo quadrimestre, tendo em vista o pedido de orçamento feito através do processo 0037.002297/2025-97.
","Ter uma maior agilidade na aprovação de orçamento, visto que essa ação depende diretamente da aprovação do Superavit Orçamentário
",2025,1,Restrição,2025,1
766,5251,15005,2182,4118,ADM14,Outras (especificar).,"O processo está na CPOF, aguardando 0021.010331/2025-76 (procedimentos administrativos).",Que as políticas públicas do governo sejam priorizadas.,2025,1,Restrição,2025,1
767,5257,15005,2182,4121,ADM14,Outras (especificar).,"O processo está na CPOF, aguardando 0021.004032/2025-01 (procedimentos administrativos).",Que as políticas públicas do governo sejam priorizadas.,2025,1,Restrição,2025,1
768,5259,15005,2182,4122,ADM14,Outras (especificar).,"Os Processos estão na CPOF: aguardando 0021.006512/2025-06, 0021.018075/2025-65 (procedimentos administrativos).
",Que as políticas públicas do governo sejam priorizadas.,2025,1,Restrição,2025,1
769,5587,15005,2182,4169,ADM14,Outras (especificar).," O processo está na CPOF, aguardando 0021.013320/2025-48 (procedimentos administrativos).",Que as políticas públicas do governo sejam priorizadas.,2025,1,Restrição,2025,1
770,5413,03001,1012,1486,ADM04,Entraves nos procedimentos burocráticos (burocracia para exercício das atividades administrativas do governo).,"Wellhub: A execução do contrato  junto à empresa que tem apresentado dificuldades para se ajustar para cumprimento integral das cláusulas contratuais. Há dificuldades relacionadas à emissão dos relatórios exigidos, dos quais a empresa tem sido notificada para regularização. Além disso, o processo relacionado ao desconto em folha tem exigido constante atenção, particularmente, quanto aos servidores(as) puramente comissonados quando desligados do TJRO","Para superar os desafios na execução do contrato com a Wellhub, recomenda-se intensificar a comunicação com a empresa por meio de reuniões técnicas periódicas, padronizar os relatórios exigidos com modelos claros e objetivos, e revisar o contrato para incluir cláusulas de penalidade progressiva em caso de descumprimento. Quanto ao desconto em folha, é importante implantar um processo de validação prévia dos dados, com atenção especial aos servidores comissionados desligados, além de desenvolver um fluxo de ajustes e devoluções de valores indevidos. Por fim, sugere-se a elaboração de um plano de ação conjunto com prazos definidos, a designação de um ponto focal técnico no TJRO e o registro formal contínuo das tratativas para garantir transparência e controle efetivo da execução contratual.








",2025,1,Restrição,2025,1
771,5392,03001,1012,2072,ADM04,Entraves nos procedimentos burocráticos (burocracia para exercício das atividades administrativas do governo).,Rotatividade dos estagiários é umas das causas na diferença entre vagas criadas e providas.,"Para superar a restrição relacionada à rotatividade dos estagiários, que impacta o preenchimento das vagas disponíveis, recomenda-se adotar medidas que aumentem a permanência e o engajamento dos estudantes. Entre as melhorias, destacam-se o fortalecimento do processo de seleção com foco em perfil e interesse na área de atuação, a criação de um programa de integração e capacitação inicial mais robusto, e o incentivo ao desenvolvimento profissional por meio de treinamentos e participação em projetos. Além disso, pode-se avaliar a oferta de benefícios não financeiros, como certificados, reconhecimento institucional e maior flexibilidade de horários, além do acompanhamento sistemático da experiência dos estagiários para identificação de causas de desligamento precoce e proposição de ações corretivas.",2025,1,Restrição,2025,1
772,5372,19014,2095,1644,ADM08,Pessoal insuficiente para os quadros de gestão e de execução das ações propostas.,"A Coordenadoria de Tecnologia da Informação e Comunicação (COTIC), atualmente conta com apenas um servidor para desempenhar todas as funções de gestão, atendimento de demandas operacionais, participação em reuniões institucionais e elaboração dos Estudos Técnicos Preliminares (ETPs). Essa sobrecarga compromete o andamento dos trabalhos preparatórios das contratações, que demandam dedicação técnica e análise minuciosa conforme os dispositivos legais vigentes. Essa restrição,  impactou diretamente nas aquisições de equipamento de TIC no 1º quadrimestre/2025.
","Solicitação de reforço na equipe da COTIC, por meio de realocação interna, contratação temporária ou concurso público, visando garantir capacidade técnica e operacional para atender à crescente demanda da área de TIC, inclusive para instrução de processos de aquisições e planejamento estratégico de tecnologia. Alternativamente, estudo de viabilidade para contratação de consultoria técnica especializada para apoio na elaboração dos documentos preparatórios das contratações, como ETPs e TRs.",2025,1,Restrição,2025,1
773,5273,15020,2174,4117,ADM01,Problemas com o prestador de serviço.,"Observa-se um progresso relativamente lento na obra de Guajará-Mirim, que pode impactar o cumprimento do cronograma estabelecido. É importante identificar os fatores que têm contribuído para essa situação, visando uma análise mais clara das etapas do projeto.		","Recomenda-se uma  revisão e aprimoramento dos critérios de qualificação econômico-financeira das empresas contratadas. Essa abordagem pode fortalecer a seleção de prestadores de serviços, assegurando que possuam não apenas a capacidade técnica, mas também a solidez financeira necessária para cumprir prazos e qualidade esperada.	",2025,1,Restrição,2025,1
774,5426,03001,1014,4078,ADM04,Entraves nos procedimentos burocráticos (burocracia para exercício das atividades administrativas do governo).,Atrasos nas entregas das Obras de Reformas e Construção de Novos Prédios impactam na execução do Orçamento. ,"Para superar os atrasos nas entregas de obras de reformas e construção de novos prédios, que impactam negativamente na execução orçamentária, é recomendável adotar medidas de gestão mais eficazes. Entre as melhorias, destacam-se o fortalecimento do planejamento prévio com cronogramas mais realistas e detalhados, a inclusão de cláusulas contratuais com penalidades claras por descumprimento de prazos, e a realização de monitoramento contínuo das obras por meio de comissões técnicas ou equipes de fiscalização dedicadas. Também é importante promover reuniões periódicas com as empresas contratadas para alinhar expectativas e resolver entraves de forma ágil, além de aperfeiçoar os processos de licitação e análise de capacidade técnica das contratadas para reduzir riscos de inadimplência ou paralisações.",2025,1,Restrição,2025,1
775,5055,21001,2102,2237,ORC09,Outras (especificar).,"Considerando o curto limite para liberação de cota, não foi possível liberação de recurso para realizar investimento na área de tecnologia devido a necessidade de priorizar o pagamento dos serviços essenciais para esta SEJUS. Contudo, provisionamos a utilização do recurso no próximo quadrimestre. ","Não há, pois o teto para liberação de cota está previsto no Decreto de Cronograma de Desembolso. ",2025,1,Restrição,2025,1
776,5598,17033,1015,1490,ORC03,Insuficiência de recursos alocados na Lei Orçamentária.,"Não houve liberação de crédito suficiente para sua contratação, inviabilizado a execução.","Proposta de Melhoria:  Sugere-se a revisão das prioridades orçamentárias em conjunto com a alta gestão, a fim de evitar recorrências.",2025,1,Restrição,2025,1
777,5173,15020,2002,2272,ADM08,Pessoal insuficiente para os quadros de gestão e de execução das ações propostas.,"Essa estratégia tem permitido ao órgão manter a continuidade e a qualidade dos serviços prestados, uma vez que cada novo integrante recebe capacitação adequada para desempenhar suas funções, embora essa dinâmica envolva certa rotatividade, o constante processo de qualificação contribui para a renovação e atualização das equipes. Ainda assim, visando fortalecer a execução plena das ações orçamentárias, destaca-se a importância de iniciativas que promovam maior estabilidade e valorização do corpo técnico, assegurando a excelência no atendimento à população.","Que a unidade vem adotando políticas de valorização e reconhecimento, com planos de carreira e incentivos à permanência. A integração entre equipes deve ser aprimorada por meio de processos estruturados de onboarding, e a gestão de pessoas fortalecida com ferramentas modernas de acompanhamento de desempenho e clima organizacional. Essas medidas visam promover maior estabilidade, motivação e eficiência para a Autarquia. 	",2025,1,Restrição,2025,1
778,5173,15020,2002,2272,ADM09,Entraves institucionais para desenvolvimento de recursos humanos.,"A necessidade de compor a equipe multidisciplinar exigida pela SENATRAN para a oferta de educação em EAD representa um desafio inicial para o órgão, pois requer a estruturação prévia de pessoal qualificado e de recursos tecnológicos adequados. No entanto, ao organizar essa equipe, o órgão estará criando as condições necessárias para promover o desenvolvimento humano e garantir uma formação de qualidade, alinhada às exigências e às demandas atuais.		","Realizar um planejamento estratégico para a estruturação da equipe multidisciplinar, priorizando a seleção e capacitação de profissionais qualificados; investir em infraestrutura tecnológica adequada; ter parcerias com outras instituições e a oferta de programas de formação continuada, visando fortalecer as competências da equipe e garantindo a excelência na oferta da educação a distância, conforme a resolução 928/2022/CONTRAN.	",2025,1,Restrição,2025,1
779,5382,15003,2166,1527,ORC03,Insuficiência de recursos alocados na Lei Orçamentária.,Não recursos suficientes para iniciar obras.,Buscar junto ao governo recursos necessários para realização de obras.,2025,1,Restrição,2025,1
780,5332,17010,2039,4014,FIN01,Indisponibilidade de recursos financeiros.,"A principal restrição enfrentada pela ação refere-se à indisponibilidade de recursos financeiros para o exercício de 2025, o que impossibilitou a execução de atividades que demandam aporte orçamentário, como o cumprimento integral da Resolução nº 001/2025 - CONEPOD/RO, a qual estabelece as diretrizes para a fiscalização das Unidades Terapêuticas do Estado de Rondônia, promovendo maior segurança jurídica e eficiência nos processos de monitoramento dessas instituições.
A ausência de recursos financeiros inviabilizou a realização de visitas técnicas presenciais e demais ações operacionais necessárias para a efetiva implementação da resolução, limitando as atividades a ações remotas e articulações institucionais sem custo.","Para superar a restrição decorrente da indisponibilidade de recursos financeiros, propõe-se:
Inclusão da ação na proposta orçamentária para os exercícios subsequentes, assegurando a previsão de recursos suficientes para a execução das atividades de fiscalização, acompanhamento e apoio técnico às Unidades Terapêuticas, conforme estabelecido na Resolução nº 001/2025 - CONEPOD/RO.",2025,1,Restrição,2025,1
781,5228,27001,2130,1497,AMB01,Lentidão no processo de licenciamento ambiental.,Atraso para a liberação na licença nº 158844.,Maior comunicação entre o técnico que faz o relatório in loco com o setor administrativo da SEDAM.,2025,1,Restrição,2025,1
782,5228,27001,2130,1497,FIN06,Outras (especificar).,Decreto de disponibilização das cotas financeiras não condiz com os gastos dos contratos vigentes no Programa 2130.,Maior disponibilidade de recursos no Programa 2130.,2025,1,Restrição,2025,1
783,4888,17012,2069,2129,LIC06,Outras (especificar).,"Apesar das limitações na execução orçamentária e operacional até o primeiro quadrimestre, a ação garantiu a prestação de atendimento especializado por meio da dispensação de medicamentos do Componente Especializado da Assistência Farmacêutica (CEAF), contemplando usuários com doenças crônicas e de maior complexidade clínica, conforme diretrizes e Protocolos Clínicos e Diretrizes Terapêuticas (PCDT) do Ministério da Saúde.

Durante o período, foram mantidos os atendimentos nas unidades dispensadoras credenciadas, com fornecimento parcial ou total dos medicamentos integrantes dos Grupos 1B e 2 do CEAF, destinados ao tratamento de condições como: artrite reumatoide, esclerose múltipla, hepatites virais, esquizofrenia, doença de Parkinson, entre outras. O serviço especializado abrangeu também o acompanhamento técnico das solicitações, análise farmacêutica dos processos, controle da regularidade dos ciclos de tratamento e orientações sobre uso racional aos pacientes.

Entretanto, a execução orçamentária apresentou percentual de liquidação inferior ao esperado frente ao crédito disponível, impactada por entraves nos processos de aquisição — incluindo licitações fracassadas, etapas administrativas prolongadas e atrasos na entrega por parte de fornecedores. Isso comprometeu a continuidade plena de alguns tratamentos e gerou necessidade de reprogramações.

Outro fator crítico foi o alto volume de restos a pagar não processados (RPNP), evidenciando que, mesmo com disponibilidade de recursos, ainda persistem gargalos operacionais nos trâmites de pagamento e conferência dos itens adquiridos, especialmente diante do aumento da demanda e da complexidade dos medicamentos.
","Para superar essas restrições e ampliar a efetividade da execução, propõe-se:
•	Aprimorar os processos licitatórios, com análise prévia de mercado, visando minimizar certames desertos ou fracassados;
•	Ampliar o uso de mecanismos alternativos, como adesão a atas de registro de preços, compras compartilhadas e compras emergenciais quando justificadas;
•	Fortalecer a articulação entre assistência farmacêutica, compras e orçamento, para garantir celeridade na tramitação e no pagamento aos fornecedores;
•	Capacitar continuamente as equipes envolvidas, assegurando o uso racional dos medicamentos e a conformidade com os PCDT e fluxos de dispensação.
",2025,1,Restrição,2025,1
784,4896,17012,2069,4008,LIC03,Procedimento licitatório burocrático.,"Apesar do cumprimento integral das metas físicas no 1º quadrimestre de 2025 e da regularidade no abastecimento das farmácias das unidades hospitalares, persistem restrições relevantes que afetam a execução orçamentária e a manutenção contínua da assistência farmacêutica, principalmente em relação a:
- Baixa execução financeira no período – embora o valor realizado (incluindo RPNP) seja expressivo, a liquidação efetiva ainda representa um percentual reduzido frente ao total disponível (apenas 3,58%). Isso reflete atrasos na tramitação dos processos de pagamento, ocasionados, principalmente, pela morosidade nas entregas iniciais dos fornecedores.
- Insucessos em certames licitatórios – diversos itens estratégicos enfrentaram dificuldades de aquisição, seja por falta de propostas válidas, desistência de fornecedores, ou defasagem de preços, o que inviabilizou a contratação em tempo hábil para suprir a alta demanda das unidades. A reabertura de processos ou busca por alternativas, como adesão a atas, não ocorre com a agilidade necessária, impactando o abastecimento.
- Produtos com baixa oferta no mercado – alguns medicamentos continuam indisponíveis devido à escassez de fabricantes ou restrições de produção, dificultando o planejamento regular de compras e exigindo monitoramento constante e atuação imediata por parte da gestão.
- Dependência de poucos fornecedores – o mercado restrito para determinados itens gera vulnerabilidade contratual, pois eventual inadimplência ou atraso afeta diretamente a cadeia de abastecimento, dificultando a recomposição de estoques em curto prazo.

Essas restrições impõem desafios à manutenção da assistência plena, ainda que a estrutura de distribuição e gestão esteja funcionando adequadamente. Tais entraves demandam ações estratégicas de médio e longo prazo para garantir maior eficiência na aquisição e segurança no fornecimento de medicamentos essenciais.","Para superar as restrições enfrentadas e fortalecer a manutenção da assistência farmacêutica hospitalar, propõem-se as seguintes estratégias de aprimoramento:
- Revisão e atualização periódica dos preços de referência dos itens licitados, com base em cotações atualizadas e parâmetros de mercado, a fim de minimizar a defasagem de valores e aumentar a atratividade das licitações, reduzindo o número de certames fracassados ou desertos.
- Ampliação do uso de estratégias alternativas de aquisição, como: adesão a atas de registro de preços vigentes de outros entes; contratações emergenciais devidamente justificadas, nos casos de risco iminente de desabastecimento.
- Criação de banco de dados com fornecedores estratégicos e itens críticos, facilitando a atuação rápida em situações de risco de desassistência, especialmente para medicamentos de uso restrito ou com poucos fabricantes disponíveis.
- Melhoria dos fluxos internos de empenho, liquidação e pagamento, com capacitação das equipes técnicas e integração entre áreas de compras, farmácia e finanças, garantindo maior celeridade na execução orçamentária e evitando acúmulo de RPNP.
- Fortalecimento da gestão do consumo e estoques, com uso de painéis de controle e análise de dados em tempo real (CAF), permitindo previsões mais precisas da demanda e identificação antecipada de itens em risco de ruptura.

Com a adoção dessas medidas, espera-se reduzir a vulnerabilidade da cadeia de abastecimento, otimizar a execução dos recursos disponíveis e assegurar a oferta contínua e qualificada de medicamentos nas unidades hospitalares.",2025,1,Restrição,2025,1
785,5166,15020,1015,2281,ADM01,Problemas com o prestador de serviço.,O recorrente descumprimento de cláusulas contratuais por parte das empresas contratadas tem prejudicado a qualidade dos serviços prestados.,"Aprimorar o monitoramento e a fiscalização dos contratos, promovendo a capacitação contínua dos servidores responsáveis por meio de treinamentos específicos e atualizações periódicas.",2025,1,Restrição,2025,1
786,5166,15020,1015,2281,ADM08,Pessoal insuficiente para os quadros de gestão e de execução das ações propostas.,"A atual configuração de recursos humanos na Autarquia DETRAN, caracterizada pela alocação de diversos contratos sob a supervisão de um mesmo fiscal e gestor, apresenta desafios que demandam atenção. Embora essa estrutura evidencie a capacidade de adaptação e dedicação dos servidores, é importante considerar que a ampliação das funções e responsabilidades pode, a longo prazo, impactar o bem-estar laboral. Dessa forma, a otimização da distribuição das demandas pode contribuir para a manutenção da qualidade dos serviços prestados, promovendo um ambiente de trabalho mais equilibrado e sustentável para todos os envolvidos.	","Para melhorar a gestão e o bem-estar dos servidores do DETRAN, recomenda-se redistribuir as demandas de forma equilibrada, formar equipes colaborativas, adotar ferramentas de gestão, investir em capacitação contínua e ampliar o quadro de pessoal sempre que possível, além de valorizar e reconhecer o trabalho dos profissionais. Essas ações contribuem para um ambiente de trabalho mais saudável, eficiente e sustentável, assegurando a qualidade dos serviços prestados pela Autarquia.	",2025,1,Restrição,2025,1
787,5166,15020,1015,2281,LIC03,Procedimento licitatório burocrático.,"Com a entrada em vigor da Nova Lei de Licitações (Lei nº 14.133/2021), a possibilidade de prorrogação dos prazos contratuais tende a gerar maior eficiência administrativa, ao reduzir a necessidade de processos licitatórios frequentes. Essa medida contribui para a diminuição de custos operacionais e da demanda por mão de obra envolvida na condução de novas contratações, otimizando recursos e promovendo maior continuidade e estabilidade na prestação dos serviços.	","Capacitar os servidores sobre as novas regras, utilizar ferramentas tecnológicas para monitoramento, planejar contratações com foco em contratos mais longos e acompanhar os resultados por meio de indicadores de desempenho. Essas medidas contribuem para maior eficiência, economia e qualidade nos serviços prestados.",2025,1,Restrição,2025,1
788,5166,15020,1015,2281,TEC01,Obsolescência e/ou escassez de equipamento/ferramentas tecnológicas.,"O uso de equipamentos obsoletos, como CPUs antigas, compromete o andamento dos processos e resulta em falhas e atrasos nos serviços prestados por esta Autarquia. Além disso, é fundamental considerar que o tempo de vida útil desses equipamentos costuma ser de, no máximo, 5 anos.","Atualizar e modernizar os equipamentos tecnológicos do DETRAN/RO é fundamental para assegurar a eficiência e a qualidade dos serviços prestados. Essa iniciativa reduz a frequência de manutenções, proporciona maior agilidade no atendimento ao público e eleva o padrão dos serviços oferecidos pela instituição.",2025,1,Restrição,2025,1
789,5331,03011,2065,1507,ADM04,Entraves nos procedimentos burocráticos (burocracia para exercício das atividades administrativas do governo).,"Os motivos que impactaram no atraso na execução da ação decorrem da capacidade operacional da empresa causando atraso significativo na obra do fórum digital de Chupinguaia, visto que até o final de 2024 ela executava simultaneamente, as obras referentes ao Grupo 02 (Campo Novo, Chupinguaia e Monte Negro), ademais o atraso no cronograma dos demais fóruns decorrem, dentre outros motivos, da mora na regularização da doação de terrenos por parte dos municípios que receberão os fóruns digitais o que reflete em atraso nos procedimentos necessários para a elaboração dos projetos como os serviços de sondagem e planialtimetria, salienta-se, também o cumprimento de exigências legais e prazos quanto ao procedimento licitatório em suas fases interna e externa. ","Para superar os fatores que causaram atraso na execução da obra do Fórum Digital de Chupinguaia e dos demais fóruns do Grupo 02, recomenda-se a adoção de melhorias voltadas ao fortalecimento da gestão contratual e ao planejamento interinstitucional. Entre as medidas, destacam-se: o aprimoramento da análise da capacidade operacional das empresas contratadas, priorizando a contratação de executoras com estrutura adequada para atuar simultaneamente em múltiplas frentes; o estabelecimento de cláusulas contratuais que limitem a quantidade de obras por empresa ou prevejam divisão por lotes com diferentes contratadas. Também é essencial antecipar articulações com os municípios para garantir a regularização fundiária, condicionando o início das obras à formalização da doação dos terrenos, a fim de evitar atrasos nos serviços preliminares como sondagem e planialtimetria. Ademais, sugere-se a revisão e otimização dos fluxos internos relacionados às fases do procedimento licitatório, respeitando os prazos legais, mas buscando maior celeridade nas etapas internas de análise e aprovação.",2025,1,Restrição,2025,1
790,5363,03011,2065,1508,ADM04,Entraves nos procedimentos burocráticos (burocracia para exercício das atividades administrativas do governo).,"Atraso da contratada na execução do contrato devido à pendências não sanadas pela empresa, conforme SEI  0005766-04.2023.8.22.8000.","Para superar o atraso na execução do contrato decorrente de pendências não sanadas pela empresa contratada, conforme registrado no processo SEI 0005766-04.2023.8.22.8000, recomenda-se implementar medidas que reforcem a fiscalização e a gestão contratual. Entre as melhorias, destacam-se: a intensificação do acompanhamento técnico por meio de relatórios periódicos e visitas in loco, o reforço das notificações formais com prazos definidos para regularização das pendências e a aplicação tempestiva das penalidades previstas em contrato, quando cabível. Além disso, é importante avaliar a viabilidade de estabelecer marcos contratuais intermediários para melhor controle da execução e condicionar novos pagamentos ao cumprimento das etapas anteriores. Também se sugere reavaliar os critérios de habilitação técnica das empresas nas futuras contratações, priorizando aquelas com histórico comprovado de cumprimento contratual.",2025,1,Restrição,2025,1
791,5076,15004,2103,1275,ADM02,Atividades dependentes de articulação com outras unidades administrativas.,"A demora administrativa na execução das atividades previstas para o período pode ser justificada pela complexidade e interdependência das ações, que dependem de articulação e integração com outras unidades administrativas.
A natureza das atividades desenvolvidas pelo Corpo de Bombeiros Militar de Rondônia exige uma coordenação eficaz entre diferentes unidades e setores, o que pode gerar delays e atrasos na execução dos projetos e serviços.
Além disso, a necessidade de alinhar prioridades, agendas e recursos entre as unidades administrativas envolvidas pode demandar tempo e esforço adicional, contribuindo para a demora na conclusão das atividades",A articulação e comunicação entre as unidades administrativas para minimizar os impactos da demora e assegurar a conclusão das atividades dentro do prazo estabelecido,2025,1,Restrição,2025,1
792,5353,03011,2065,1509,ADM04,Entraves nos procedimentos burocráticos (burocracia para exercício das atividades administrativas do governo).,"Atraso da contratada na execução do contrato devido à pendências não sanadas pela empresa, conforme SEI  0005766-04.2023.8.22.8000.","Para superar o atraso na execução do contrato decorrente de pendências não sanadas pela empresa contratada, conforme registrado no processo SEI 0005766-04.2023.8.22.8000, recomenda-se implementar medidas que reforcem a fiscalização e a gestão contratual. Entre as melhorias, destacam-se: a intensificação do acompanhamento técnico por meio de relatórios periódicos e visitas in loco, o reforço das notificações formais com prazos definidos para regularização das pendências e a aplicação tempestiva das penalidades previstas em contrato, quando cabível. Além disso, é importante avaliar a viabilidade de estabelecer marcos contratuais intermediários para melhor controle da execução e condicionar novos pagamentos ao cumprimento das etapas anteriores. Também se sugere reavaliar os critérios de habilitação técnica das empresas nas futuras contratações, priorizando aquelas com histórico comprovado de cumprimento contratual.",2025,1,Restrição,2025,1
793,5082,14002,0000,0024,ADM02,Atividades dependentes de articulação com outras unidades administrativas.,"A baixa na execução de precatórios pode ser justificada por diversos fatores, entre eles:

- Demora na comunicação dos pagamentos realizados pelo Tribunal, o que impacta diretamente na execução de precatórios;

- Precatórios de alto valor, que acabam travando a ordem cronológica de pagamentos;

- Precatórios em fase de revisão de cálculo, que ficam temporariamente suspensos até a finalização da análise;

- Acordos diretos também em revisão de cálculo, o que impede sua execução imediata.","A GCDP tem promovido, de forma periódica, ações para aprimorar a execução dos precatórios, priorizando aqueles com valores próximos ao estimado no orçamento anual.

Além disso, têm sido realizadas reuniões com o Tribunal de Justiça de Rondônia (TJ-RO) e a Procuradoria-Geral do Estado (PGE-RO) com o objetivo de solucionar os entraves existentes.

Destaca-se ainda a existência de um Acordo de Cooperação entre o TJ-RO e a SEFIN, que visa otimizar a elaboração dos cálculos dos pagamentos relacionados aos acordos diretos, contribuindo para maior agilidade e execução dos valores.",2025,1,Restrição,2025,1
794,5360,03011,2065,1628,ADM04,Entraves nos procedimentos burocráticos (burocracia para exercício das atividades administrativas do governo).," Materiais adquiridos aguardando entrega; Dificuldades encontradas na execução do serviço de climatização e Descontinuação da produção material utilizado na obra de (porcelanato), sendo necessária a subistituição do modelo.                                                                                                                                                                                                                                                                                                                                                                                                                                                                                                                                                                                                                                                                               
","Para superar as restrições identificadas na execução da obra, recomenda-se o fortalecimento do controle logístico dos materiais adquiridos, com acompanhamento rigoroso dos prazos de entrega e possibilidade de substituição de fornecedores em caso de atraso. Quanto às dificuldades na execução do serviço de climatização, é necessário realizar ajustes técnicos e reforçar a fiscalização especializada. Em relação à descontinuação do porcelanato, sugere-se prever alternativas compatíveis já no projeto, garantindo agilidade na substituição sem comprometer a qualidade da obra.

",2025,1,Restrição,2025,1
795,5374,03011,2065,1630,ADM04,Entraves nos procedimentos burocráticos (burocracia para exercício das atividades administrativas do governo).,"Complexidade do processo licitatório, até o momento foram desclassificadas 16 propostas em razão de problemas diversos  identificados pela comissão, como falta de atestados e acervos, planilhas e cotações inconsistentes dentre outros, conforme pode ser observado no SEI 0008004-59.2024.8.22.8000.
","Para superar as dificuldades decorrentes da complexidade do processo licitatório, que resultaram na desclassificação de 16 propostas por problemas como ausência de atestados, inconsistências em planilhas e cotações, conforme registrado no SEI 0008004-59.2024.8.22.8000, recomenda-se adotar medidas voltadas à melhoria da instrução processual e à qualificação dos participantes. Entre as melhorias, destacam-se a revisão e o aperfeiçoamento do edital para torná-lo mais claro e objetivo, a realização de ações prévias de orientação aos fornecedores, como reuniões técnicas ou publicação de FAQ com os principais pontos de atenção, e o fortalecimento da análise interna das exigências, de modo a evitar requisitos excessivamente restritivos ou ambíguos. Além disso, é importante capacitar continuamente a equipe da comissão de licitação e adotar listas de verificação padronizadas para garantir maior segurança jurídica e agilidade na análise das propostas.",2025,1,Restrição,2025,1
796,5378,03011,2065,1631,ADM04,Entraves nos procedimentos burocráticos (burocracia para exercício das atividades administrativas do governo).,Grande demanda de projetos e acompanhamento das obras e licitações em andamento.,"Para superar a restrição causada pela grande demanda de projetos, obras e licitações em andamento, recomenda-se o reforço da estrutura técnica por meio da ampliação das equipes ou contratação de apoio especializado, além da priorização das demandas com base em critérios objetivos de urgência e impacto. Também é essencial adotar ferramentas de gestão de projetos que permitam o acompanhamento centralizado dos cronogramas, prazos e responsabilidades, promovendo maior controle e eficiência na execução. A padronização de processos e documentos, aliada à automação de tarefas administrativas repetitivas, pode contribuir significativamente para otimizar o tempo das equipes técnicas e garantir maior agilidade no andamento das atividades.",2025,1,Restrição,2025,1
797,5070,15004,2103,1276,ADM04,Entraves nos procedimentos burocráticos (burocracia para exercício das atividades administrativas do governo).,"Complexidade e interdependência das atividades justificam a demora administrativa e que os esforços estão sendo feitos para garantir a entrega de resultados de qualidade e atender às necessidades da população, bem como por demora na apresentaçãp de documentos exigidos para a conclusão do processo de aquisição.",Trabalhando em estreita colaboração com a empresa para resolver essa questão e garantir a entrega do material o mais rápido possível,2025,1,Restrição,2025,1
798,5354,03011,2065,1632,ADM04,Entraves nos procedimentos burocráticos (burocracia para exercício das atividades administrativas do governo).,"Complexidade do procedimento, cumprimento de prazos legais e ritos licitatórios.","Para superar a restrição relacionada à complexidade dos procedimentos e ao cumprimento dos prazos legais e ritos licitatórios, recomenda-se a adoção de medidas que promovam maior eficiência e previsibilidade no processo. Entre as melhorias, destacam-se o planejamento antecipado das licitações, com cronogramas integrados às demandas da unidade; a padronização de documentos e fluxos internos; e a capacitação contínua das equipes envolvidas, visando à redução de falhas formais. Além disso, a utilização de sistemas eletrônicos e ferramentas de gestão pode agilizar a tramitação e o acompanhamento dos processos, sem comprometer o rigor legal. A articulação entre setores também deve ser fortalecida para garantir maior celeridade nas etapas internas do procedimento.",2025,1,Restrição,2025,1
799,5610,15014,2103,2279,ADM02,Atividades dependentes de articulação com outras unidades administrativas.,A complexidade e interdependência das atividades justificam a demora administrativa e que os esforços estão sendo feitos para garantir a entrega de resultados de qualidade e atender às necessidades da população,Articulação e comunicação entre as unidades administrativas estão sendo reforçadas para minimizar os impactos da demora e assegurar a conclusão das atividades dentro do prazo estabelecido,2025,1,Restrição,2025,1
800,5381,03011,2065,1633,ADM04,Entraves nos procedimentos burocráticos (burocracia para exercício das atividades administrativas do governo).,Cumprimento de prazos contratuais  e atrasos na entrega de bens e serviços e procedimentos de recebebimento provisório e definitivo e notificação quanto aos atrasos.,"Para superar a restrição relacionada ao descumprimento de prazos contratuais, atrasos na entrega de bens e serviços, bem como falhas nos procedimentos de recebimento provisório e definitivo e nas notificações, recomenda-se o fortalecimento da gestão contratual com a adoção de cronogramas detalhados de entrega e marcos de acompanhamento. É importante estabelecer fluxos padronizados e prazos definidos para os recebimentos provisório e definitivo, com designação clara dos responsáveis. A comunicação com os fornecedores deve ser sistematizada, com notificações formais imediatas em caso de atrasos, e aplicação tempestiva das penalidades previstas em contrato. Também se sugere a capacitação das equipes envolvidas e o uso de sistemas eletrônicos para monitorar os prazos e facilitar o controle das etapas contratuais.",2025,1,Restrição,2025,1
801,5185,15020,2170,4089,ADM12,Dificuldades para celebrar contrato/convênio.,"Identificou-se a recorrente entrega de projetos em desconformidade com as especificações técnicas estabelecidas, bem como a ausência de documentação obrigatória por parte dos Municípios. Essas não conformidades comprometem a análise e a tramitação dos processos, ocasionando atrasos e retrabalho.	","Estabelecer diretrizes técnicas claras, checklists obrigatórios e modelos padronizados para a elaboração e submissão de projetos pelos Municípios. Além disso, sugere-se oferecer capacitação contínua e materiais orientativos aos técnicos municipais, visando padronizar procedimentos, reduzir erros e agilizar a análise e aprovação dos projetos.",2025,1,Restrição,2025,1
802,5185,15020,2170,4089,ADM14,Outras (especificar).,Alguns municípios têm enfrentado desafios na preparação das documentações necessárias para a celebração de convênios. Essa situação pode atrasar a formalização de parcerias e a implementação de projetos importantes.,"Realizar visitas em loco pela equipe de Convênios desta Autarquia pode ser uma abordagem eficaz para proporcionar orientações práticas e esclarecer dúvidas aos servidores municipais. Essa interação direta pode facilitar o processo de documentação e fortalecer a colaboração entre as partes envolvidas, contribuindo para uma execução mais eficiente dos convênios.",2025,1,Restrição,2025,1
803,5185,15020,2170,4089,GER08,Demora na elaboração de projetos arquitetônicos e executivos.,"A disponibilidade limitada de técnicos qualificados nos municípios pode tornar mais desafiadora a elaboração da documentação necessária para convênios, o que demanda um tempo maior nesse processo.","Desenvolver material de orientação e oferecer capacitações, além de disponibilizar suporte técnico, pode facilitar a elaboração dos projetos. Também é importante considerar a implantação de um sistema digital que auxilie os municípios, promovendo uma maior agilidade e eficiência nesse processo.",2025,1,Restrição,2025,1
804,5276,15020,2174,4116,ADM01,Problemas com o prestador de serviço.,"Atualmente, há desafios na entrega das centrais de ar, o que tem gerado a necessidade de ajustes no cronograma das atividades planejadas. Essa situação é comum em processos de fornecimento e pode indicar a oportunidade de revisão das práticas de contratação.","Considerar a diversificação das estratégias de aquisição de equipamentos pode ser uma abordagem ponderada. Isso inclui a utilização de outras Atas de Registro de Preços disponíveis, além da possibilidade de realizar uma nova licitação. Essas medidas podem promover um fornecimento mais eficiente e assegurar que as atividades do DETRAN/RO sejam realizadas conforme o planejado.",2025,1,Restrição,2025,1
805,4966,15014,2103,1276,ADM02,Atividades dependentes de articulação com outras unidades administrativas.,"A compra de material permanente para o Corpo de Bombeiros Militar do Estado de Rondônia está sendo atrasada devido à dependência de articulação com outras unidades administrativas. A necessidade de coordenação e alinhamento entre as unidades está demandando mais tempo do que o previsto, o que está impactando o cronograma de aquisição","Implementação de um sistema de gerenciamento de fluxo de trabalho que permita uma melhor visualização e acompanhamento das atividades dependentes. Além disso, sugerimos a realização de reuniões periódicas entre as unidades envolvidas para garantir a comunicação eficaz e o alinhamento das prioridades.
",2025,1,Restrição,2025,1
806,5610,15014,2103,2279,GER01,Meta física inadequada à natureza da ação,"O recurso não foi utilizado no período previsto devido ao planejamento e priorização das atividades. Embora o recurso tenha sido orçado e planejado, a sua utilização está prevista para os próximos meses, de acordo com o cronograma estabelecido","Implementação de um sistema de monitoramento e acompanhamento orçamentário mais rigoroso, que permita identificar oportunidades de otimização e ajustes no planejamento",2025,1,Restrição,2025,1
807,5613,03011,2065,1652,ADM04,Entraves nos procedimentos burocráticos (burocracia para exercício das atividades administrativas do governo).,"Tratativas com o Instituto do Patrimônio Histórico e Artístico Nacional (IPHAN), devido à situação de condição de uso das Subáreas (SA) definidas para o tombamento e entorno da Estrada de Ferro Madeira-Mamoré.","Para superar as restrições relacionadas às tratativas com o Instituto do Patrimônio Histórico e Artístico Nacional (IPHAN), devido à condição de uso das Subáreas (SA) definidas para o tombamento e entorno da Estrada de Ferro Madeira-Mamoré, recomenda-se o fortalecimento do diálogo institucional por meio de reuniões técnicas regulares e a criação de um canal permanente de comunicação com o IPHAN. É importante antecipar a análise dos impactos das intervenções nas áreas tombadas, elaborando estudos técnicos e memoriais descritivos que atendam aos requisitos do órgão. Além disso, sugere-se a formação de um grupo de trabalho específico para tratar das demandas patrimoniais, bem como o acompanhamento contínuo dos processos de aprovação, visando garantir maior agilidade e segurança jurídica nas ações planejadas para a área. ",2025,1,Restrição,2025,1
808,5614,03011,2065,1653,ADM04,Entraves nos procedimentos burocráticos (burocracia para exercício das atividades administrativas do governo).,"O Comando da Aeronáutica (COMAER) identificou que o projeto da Torre Administrativa do TJRO ultrapassa em 23,75 metros a superfície Horizontal Interna de proteção do Aeroporto de Porto Velho, exigindo para aprovação rebaixamento para altura máxima de 135,25 metros, caso contrário, o processo seguirá para análise em grau de recurso por interesse público, conforme a norma ICA 11-3/2020.  
","Para superar a restrição imposta pelo Comando da Aeronáutica (COMAER) quanto à altura da Torre Administrativa do TJRO, recomenda-se, como medida prioritária, a readequação do projeto arquitetônico para atender ao limite máximo de 135,25 metros, conforme exigência da superfície Horizontal Interna de proteção do Aeroporto de Porto Velho. Caso essa alteração comprometa a funcionalidade do edifício, é essencial elaborar um estudo técnico detalhado que justifique a manutenção da altura original com base no interesse público, instruindo adequadamente o processo para análise em grau de recurso, conforme previsto na norma ICA 11-3/2020. Paralelamente, deve-se manter diálogo institucional com o COMAER, buscando alinhamento técnico e jurídico que viabilize a aprovação do projeto com segurança e dentro dos prazos necessários para sua execução.",2025,1,Restrição,2025,1
809,5273,15020,2174,4117,ADM09,Entraves institucionais para desenvolvimento de recursos humanos.,"A atual estrutura pode apresentar desafios que dificultam a atratividade do setor para servidores, sugerindo que uma abordagem mais estratégica poderia potencializar o aproveitamento dos talentos existentes, aprimorar o recrutamento interno e ampliar as perspectivas de carreira funcional na instituição.","Recomenda-se realizar um estudo sobre a viabilidade de implementar um sistema de incentivos baseado em produtividade para os profissionais técnicos e portariados. Essa iniciativa poderia estimular a mão de obra qualificada do DETRAN a atuar na área de Engenharia, semelhante ao modelo já adotado pelo SEOSP e pelo DER. Tal abordagem não só enriqueceria a equipe, mas também fomentaria um ambiente de trabalho mais motivador e produtivo.",2025,1,Restrição,2025,1
810,5289,27001,2183,2465,ADM06,Insuficiência de técnicos para levantamento das necessidades de reformas e elaboração de projetos de construção civil.,"Devido a alta demanda com projetos de complexidade tais como: estádio, parques, presídio, relatório de impacto de trânsito e etc., dentre as demandas prioritárias como SEJUCEL, SEAS, há o atendimento das demandas por determinação judicial e/ou Ministério Público, bem como projeto a serem licitados, sendo estes produtos que contam com uma equipe multidisciplinar, restringindo vários técnicos por determinado período pausar as demandas em andamento para atender urgências vindas através do Gabinete. ","Sugere-se como proposta de melhoria a contratação de pessoal para atender a totalidade da demanda de todo o Estado, bem como a contratação de empresa especializada em elaboração de projetos, para auxiliar a Coordenação distribuindo as demandas.
1º Treinamento e capacitação para a equipe de projeto das prefeituras e associações, de modo que todos compreendam a importância da documentação e como evitar erros comuns nos projetos.
2º Desenvolver modelos de documentação padronizados que devem ser preenchidos durante todas as fases do projeto.
3º Estabelecer um processo de revisão e validação contínuo ao longo do projeto para identificar e corrigir erros e lacunas à medida que surgem, em vez de esperar até o final.
O atendimento das demandas por determinação judicial ou Ministério Público, restringindo os técnicos por hora, pausar as demandas em andamento para atender urgências vindas através do Gabinete.
1º Ter corpo técnico especializado em demandas judiciais, para atender os demais órgãos.",2025,1,Restrição,2025,1
811,5289,27001,2183,2465,GER08,Demora na elaboração de projetos arquitetônicos e executivos.,"A conclusão de um produto, é entregue os projetos arquitetônico/acessibilidade, complementares (estrutural, elétrico, prevenção e combate a incêndio e pânico, hidráulico, drenagem, climatização, proteção contra descargas atmosféricas, entre outros conforme a necessidade) e o orçamento, onde é realizada a pesquisa de mercado com o núcleo de apoio de cotações, demandando tempo e muitas vezes atrasando a entrega visto que os técnicos ficam no aguardo da empresa apresentar as cotações, e/ou aguardar a cotação de itens ausentes na tabela SINAPI.","Implementação de um Sistema de Gestão de Cotações e Parcerias com Fornecedores:
1º Criação de um cadastro rotativo de fornecedores confiáveis, com atualização periódica dos preços dos principais insumos e serviços.
2º Desenvolvimento ou aquisição de um sistema digital de cotação, que permita:
- Disparo automático de solicitações de orçamento para múltiplos fornecedores simultaneamente.
- Acompanhamento em tempo real do status das cotações.
3º Formalização de parcerias com empresas-chave, estabelecendo prazos padrão para envio de cotações.",2025,1,Restrição,2025,1
812,5542,03001,2065,1192,ADM04,Entraves nos procedimentos burocráticos (burocracia para exercício das atividades administrativas do governo).,"Dificuldade da contratada em reter mão de obra em razão da alta oferta de trabalho no mercado da construção civil e do agronegócio na região, conforme observado na rotatividade de admissões e desligamentos nos dois primeiros meses de execução.","Para superar a restrição relacionada à dificuldade da contratada em reter mão de obra devido à alta oferta de trabalho no setor da construção civil e do agronegócio na região, recomenda-se a adoção de estratégias que aumentem a atratividade e a estabilidade das vagas oferecidas. Entre as melhorias, destacam-se a previsão, em contrato, de exigência de plano de retenção de pessoal por parte da empresa, a oferta de incentivos como benefícios adicionais, bonificações por produtividade ou permanência, além de condições de trabalho adequadas. Também é importante realizar um planejamento de execução que considere possíveis variações na disponibilidade de mão de obra local, com estratégias de contingência, como contratação de profissionais de outras localidades, parcerias com instituições de formação técnica ou priorização de fases da obra menos sensíveis à rotatividade no início do contrato.
",2025,1,Restrição,2025,1
813,4700,19023,2096,2634,POL04,Alteração/adequação de legislação regulamentadora.,"Os recursos orçamentários para o ano de 2025 foram planejados na confiança de que o decreto de regulamentação da lei estadual de agrotóxicos, Decreto 30.027 que, infelizmente, só foi publicado em 19 de fevereiro de 2025. 
Para o início do primeiro quadrimestre de 2025, planejamos a criação dos procedimentos de fiscalização, de construção de sistemas de informação necessários aos novos procedimentos e exigências legais, da capacitação/atualização técnica interna, bem como das ações de educação sanitária e divulgação das novas regras aos cidadãos rondonienses, que, por sua vez, dependiam da publicação do decreto. Ato contínuo, planejamos executar as atividades de alinhamento técnico interno e fiscalização de campo.
Com o atraso na publicação do decreto, boa parte das ações foram transferidas para o segundo quadrimestre. 
",Otimizar a tramitação dos projetos de lei e regulamentações governamentais.,2025,1,Restrição,2025,1
814,4700,19023,2096,2634,POL06,"Conflitos decorrentes de outras políticas setoriais, inclusive entre esferas de poder ou entre esferas de governo.","As atividades de monitoramento da FOC 4 (praga da bananeira) só podem ter início após treinamento da equipe interna. O Treinamento, previsto para acontecer em Fevereiro, não ocorreu pois estava dependente da presença de Instrutor Auditor Federal Agropecuário do MAPA. Com o atraso na liberação do orçamento federal e a impossibilidade do envio do instrutor do MAPA, o treinamento foi adiado para maio e, por consequência, também foram adiadas as atividades de campo.",Diminuir a dependência federal.,2025,1,Restrição,2025,1
815,4701,19023,2096,2515,LIC03,Procedimento licitatório burocrático.,"Excesso de burocracia na tramitação de processos de locação de espaços para capacitação técnica.
Identifica-se como entrave operacional a morosidade na condução processual relacionada à contratação de espaços físicos para realização de treinamentos e capacitações. Essa deficiência logística compromete o cronograma de formação continuada dos técnicos, impactando negativamente a eficácia dos programas de qualificação profissional.

","Apesar da dificuldade em se planejar e executar os cursos, manteremos a atenção ao estabelecimento de prazos designando um responsável para essa função.",2025,1,Restrição,2025,1
816,5189,15020,2172,2618,LIC04,Ausência de licitantes.," Em algumas licitações, a ausência de interessados tem impactado os resultados, refletindo um cenário onde as empresas podem não ter encontrado oportunidades adequadas para participar do processo licitatório.","Focar na capacitação dos servidores envolvidos no processo licitatório pode ser crucial para otimizar as práticas. Além disso, a adoção de mecanismos como um banco de fornecedores e a utilização de Atas de Registro de Preços pode ampliar a visibilidade das oportunidades e incentivar a participação das empresas, tornando o processo mais atrativo e acessível.",2025,1,Restrição,2025,1
817,4965,15014,2103,1275,OUT02,Outras (especificar).,"A baixa execução orçamentária e financeira observada até o quadrimestre está diretamente relacionada a entraves técnicos e administrativos enfrentados no andamento de obras públicas, especialmente em relação a processos licitatórios demorados, revisões de projetos e dificuldades na liberação de cotas orçamentárias, devido ao limite legal estabelecido nos bimestres. Além disso, houve necessidade de ajustes contratuais e reprogramações físicas e financeiras de algumas obras, o que impactou o ritmo da execução. A execução significativa de Restos a Pagar Não Processados (RPNP) indica que os recursos têm sido utilizados principalmente para quitar compromissos de exercícios anteriores, priorizando a conclusão de obras já em andamento.","Para mitigar as restrições enfrentadas e acelerar a execução da ação, propõe-se: Planejamento estratégico prévio dos cronogramas físicos e financeiros, com definição clara de metas; Fortalecimento do acompanhamento e fiscalização das obras, visando reduzir retrabalhos e garantir maior previsibilidade; Diálogo contínuo com fornecedores e contratadas, buscando evitar paralisações e alinhar prazos de entrega realistas; Solicitação de apoio institucional à SEPOG para agilizar eventuais trâmites burocráticos e técnicos quanto a gestão orçamentária; Articulação junto à gestão orçamentária central para que, nos próximos bimestres, haja flexibilização na liberação das cotas, com foco em ações estruturantes e de continuidade de políticas públicas.",2025,1,Restrição,2025,1
818,4700,19023,2096,2634,TEC01,Obsolescência e/ou escassez de equipamento/ferramentas tecnológicas.,"Observamos erros na coleta de dados relacionados à execução da atividade de campo. Como exemplo, estabelecemos 10 fiscalizações no quadrimestre para uma unidade/regional que possui 10 viveiros de mudas em funcionamento, 1 fiscalização em cada viveiro. Durante o quadrimestre, por questões de aparecimento de pragas no processo produtivo, a equipe fez 10 visitas em cada viveiro, estourando a meta em 10 vezes. O problema ocorreu em várias regionais, estourando a meta estabelecida. Na Defesa Animal isso não ocorre, pois existe sistema disponível que registra e compila atividades com procedimentos organizados. Na Defesa Vegetal, não há sistema.
","Reestruturação da sistemática da coleta de dados desde a base até a gerencia.
Elaboração de software que atenda ambas as áreas de atuação da defesa agropecuária.",2025,1,Restrição,2025,1
819,4700,19023,2096,2634,GER01,Meta física inadequada à natureza da ação,"A demanda pública por ações de fiscalização foi demasiadamente superior à meta estabelecida tanto no âmbito do programa de fiscalização de agrotóxicos, quanto no programa de fiscalização de mudas, sementes e de Controle de Pragas de grandes culturas.
O advento da tecnologia de drones de pulverização agricolas e o aumento considerável das áreas de cultivo de grandes culturas somado à demora na publicação da nova legislação de agrotóxicos, impuseram às equipes um aumento não planejado de atividades de fiscalização, previstas para ocorrer apenas em 2026.",Readequação das metas e melhor sistematização na compilação de dados.,2025,1,Restrição,2025,1
820,4906,17012,2069,2764,ADM14,Outras (especificar).,"Houve uma restrição administrativa que impossibilitou a realização, dentro do prazo previsto, dos repasses financeiros correspondentes à primeira parcela do cofinanciamento da Assistência Farmacêutica Básica aos 52 municípios do Estado de Rondônia. A principal razão para o atraso foi a necessidade de regulamentação formal do referido repasse financeiro, processo que exigiu a pactuação prévia na Comissão Intergestores Bipartite (CIB), conforme as normativas vigentes. Somente após a devida pactuação (ID SEI Nº 0058441704) foi possível iniciar a elaboração e publicação da portaria específica que autoriza e regulamenta a transferência dos recursos aos municípios. Ressaltamos que todas as medidas necessárias foram adotadas para a regularização do processo, de modo a garantir a conformidade legal e administrativa, bem como a transparência na aplicação dos recursos públicos. Estamos comprometidos em assegurar a continuidade e a eficácia das ações da Assistência Farmacêutica Básica, bem como em evitar novos atrasos nos repasses futuros.","Todas as medidas necessárias foram adotadas para a regularização do processo, de modo a garantir a conformidade legal e administrativa, bem como a transparência na aplicação dos recursos públicos. Estamos comprometidos em assegurar a continuidade e a eficácia das ações da Assistência Farmacêutica Básica, bem como em evitar novos atrasos nos repasses futuros.",2025,1,Restrição,2025,1
821,4703,19023,2096,2516,ADM14,Outras (especificar).,"As licitações públicas têm impactado negativamente a execução de projetos e serviços. Apesar de garantir a transparência e assegurar que os recursos públicos sejam utilizados de forma eficiente, evitando fraudes e corrupção. ",Adotar procedimentos licitatórios simplificados para contratações de pequeno valor ou para itens de baixo risco pode acelerar o processo sem comprometer a segurança. Investir na capacitação dos servidores públicos para que estejam bem-preparados para conduzir processos licitatórios de forma eficiente e ágil.,2025,1,Restrição,2025,1
822,5320,14001,1015,2096,OUT02,Outras (especificar).,"Este é um processo que é impulsionado pelo surgimento de novas necessidades de capacitação. O que foi planejado para este quadrimestre continua em andamento, com sua execução se estendendo além do período monitorado.","A princípio, o foco é apenas monitorar e acompanhar as demandas que foram planejadas para o exercício, sem apresentar sugestões de melhorias.",2025,1,Restrição,2025,1
823,5516,14001,1015,4103,INS08,Outras (especificar).,"A execução é considerada baixa, uma vez que se trata de um repasse financeiro destinado a subsidiar a mão de obra reeducada na SEFIN. No entanto, os efeitos quantitativos dos resultados estão sendo aplicados no FUPEN, apesar de este órgão ser o detentor dos recursos.",A SEPOG foi notificada sobre essa questão e irá verificar a melhor forma de consolidar as informações para o próximo quadrimestre.,2025,1,Restrição,2025,1
824,5210,27001,1015,2091,OUT02,Outras (especificar).,"Aguardando aprovação do projeto de lei em que estabelece o pagamento de auxílio-alimentação, conforme processo n. 0069.069549/2022-48, o qual se encontra na Casa Civil.","Aprovação da LEI, para cumprimento das metas estabelecida no PPA 2024-2027.",2025,1,Restrição,2025,1
825,5299,27001,1015,2096,ADM07,Capacitação de recursos humanos.,"Credenciamento de Instituições: Os cursos devem ser oferecidos por instituições credenciadas e reconhecidas pela administração pública, garantindo a qualidade do conteúdo e do ensino.
", Implementação de mecanismos para avaliar a qualidade dos cursos e o impacto da capacitação no desempenho dos servidores.,2025,1,Restrição,2025,1
826,5299,27001,1015,2096,ADM14,Outras (especificar).,"A distância entre a capital e o interior de Rondônia tem dificultado a capacitação dos servidores públicos, uma vez que a necessidade de deslocamento gera custos elevados, perda de tempo e limitações na logística. Além disso, a ausência de infraestrutura adequada para a formação presencial em áreas remotas amplia as dificuldades de acesso a treinamentos","Implementar um programa de capacitação à distância (EAD), utilizando plataformas digitais para treinamentos e desenvolvimento de competências. Isso pode incluir cursos online ao vivo, materiais gravados, e-learning, webinars e fóruns de discussão, permitindo aos servidores do interior acessarem o conteúdo de forma flexível e sem necessidade de deslocamento. Além disso, parcerias com instituições locais para criar polos presenciais em regiões estratégicas podem ser uma alternativa para oferecer suporte técnico e complementar as formações com atividades práticas, quando necessário. ",2025,1,Restrição,2025,1
827,5468,27001,1015,4103,ADM08,Pessoal insuficiente para os quadros de gestão e de execução das ações propostas.,"Atualmente o Termo de Cooperação (Termo Aditivo 3º TA 0051992641) permite a contratação de 212 reeducandos, sendo: 20 Encarregados; 70 Artífices e 122 Auxiliares. No entanto, até o momento o quantitativo contratado não atingiu a expectativa.","Melhor triagem da mão de obra qualificada; e Oferecer atrativos para contração tais como: cursos de capacitação; auxílio-transporte e auxílio-alimentação.
",2025,1,Restrição,2025,1
828,5312,14012,2139,1487,ADM02,Atividades dependentes de articulação com outras unidades administrativas.,"A ação está sendo executada dentro de suas possibilidades. No entanto, devido à complexidade do processo, podem ocorrer alguns atrasos nas entregas, ou as produções das demandas podem estar dentro do prazo previsto, não coincidindo exatamente com o encerramento dos quadrimestre monitorado.","Aprimorar o planejamento e o alinhamento com as empresas e órgãos envolvidos no processo, especialmente em relação aos trâmites processuais de contratos, aquisições e entregas.",2025,1,Restrição,2025,1
829,5203,27001,1015,2234,ADM09,Entraves institucionais para desenvolvimento de recursos humanos.,"Alta taxa de Turnover de Servidores, visto que a secretaria ainda não possui servidores efetivos oriundos de Concurso Público Próprio.","Realização de Concurso Público, previsto para os próximos anos.",2025,1,Restrição,2025,1
830,5314,14012,2139,1489,OUT02,Outras (especificar).,"A Ação Orçamentária 1489, destinada a Obras e Reformas nas Instalações da SEFIN, tem enfrentado desafios significativos que comprometem sua execução eficiente e a entrega dos resultados esperados. A frustração de processos de contratação, exemplificada pela recente desclassificação de uma empresa em Adesão a Ata de Registro de Preço por incapacidade técnica, reafirma a dificuldade nos trâmites de execução, partindo de pressupostos imprevisíveis. Esse tipo de evento, ressulta no reinício do processo licitatório, acarreta não apenas morosidade, mas também a perda de tempo e recursos dedicados à instrução e acompanhamento de processos que se tornaram infrutíferos.","A necessidade premente de revisão dos critérios de seleção e fiscalização, Revisão dos critérios de habilitação, Gestão de riscos pré-contratuais e Criação de um cadastro de fornecedores qualificados",2025,1,Restrição,2025,1
831,5314,14012,2139,1489,LIC03,Procedimento licitatório burocrático.,"A complexidade inerente às contratações públicas, aliada à lentidão de órgãos externos envolvidos nas aprovações e à própria burocracia do trâmite licitatório interno, contribui diretamente para o atraso na execução das obras e reformas. Essa morosidade impacta diretamente o planejamento estratégico da SEFIN, que se viu obrigada a realizar replanejamentos de projetos que se mostraram necessários desde a época de elaboração da Lei Orçamentária Anual (LOA) 2025.","Otimização dos Trâmites e Fluxos Processuais: Mapeamento e simplificação de processos, Articulação interinstitucional, Treinamento e capacitação",2025,1,Restrição,2025,1
832,5314,14012,2139,1489,INS08,Outras (especificar).,"A redefinição de prioridades pela gestão, muitas vezes imposta por necessidades emergenciais ou mudanças no cenário administrativo, exige uma flexibilidade que o modelo atual de gestão da Ação 1489 não consegue absorver adequadamente. A complexidade dos projetos e processos envolvidos, que vai desde a elaboração de termos de referência detalhados até a fiscalização da execução das obras, demanda uma abordagem mais robusta e dinâmica. A conjunção desses fatores gera um gargalo na utilização dos recursos orçamentários, impactando a infraestrutura da SEFIN e, consequentemente, a qualidade do ambiente de trabalho e a eficiência dos serviços prestados.",Planejamento e Gestão de Projetos Flexível e Monitoramento e Avaliação Contínua,2025,1,Restrição,2025,1
833,5586,14001,2007,4168,INS08,Outras (especificar).,"Devido ao baixo engajamento na edição do ano passado do evento Cidadania, realizada em Rolim de Moura, e visando à reestruturação da estratégia para ampliar a participação do público, a gestão decidiu realizar apenas duas edições do evento em 2025, em vez das quatro inicialmente previstas. Com isso, parte dos recursos planejados não será utilizada, e novos custos operacionais, como envio de cartas e contratação de ferramenta de mensagens ativas, serão cobertos com recursos disponíveis da CEPIM, em elementos distintos dos previamente contratados.","Até o momento, não há proposta de melhoria definida pela alta gestão.",2025,1,Restrição,2025,1
834,5440,15006,2166,1381,ORC03,Insuficiência de recursos alocados na Lei Orçamentária.,"Não se pode iniciar uma obra dessa magnitude com mil reais, se faz necessária melhorar orçamento para atender essa ação.","Esperava-se alcançar esse objetivo para melhorar a gestão de recursos, que hoje é boa parte em locação de imóveis capital e interior. Trazer mais conforto e segurança para servidores atuais e novos que vem chegar. ",2025,1,Restrição,2025,1
835,5573,14001,2008,4163,FIN01,Indisponibilidade de recursos financeiros.,"A Ação 4163 – ""Fortalecer o Tesouro Estadual"" teve sua execução comprometida devido à frustração orçamentária na fonte 1899000001. Essa limitação impactou na gestão e custeio de despesas programadas para o quadrimestre em questão. Além disso, a execução de recursos de outras fontes está dependente de processos de contratação específicos que ainda não foram concretizados, o que também contribui para a paralisação da execução","Ajuste do planejamento financeiro, Priorização de despesas essenciais e Ampliação e diversificação das fontes",2025,1,Restrição,2025,1
836,5315,14012,2139,2488,OUT02,Outras (especificar).,"A baixa execução na Ação 2488 – ""Assegurar Contratações Estratégicas"" decorre da complexidade e burocracia inerentes aos seus processos. Não é inatividade, mas sim a fase de elaboração de estudos aprofundados e a condução dos trâmites administrativos, licitatórios e contratuais. Esse ciclo de preparação, essencial para garantir a legalidade e eficácia das contratações estratégicas de longo prazo, impacta a liquidação orçamentária, que se materializa de forma mais espaçada no tempo. A baixa execução atual é um reflexo dessa robusta etapa inicial.","Padronização e Otimização de Estudos Pré-Licitatórios, Gestão de Projetos e Fluxos de Trabalho Aprimorados, Comunicação e Transparência",2025,1,Restrição,2025,1
837,5369,03011,1018,4138,ADM02,Atividades dependentes de articulação com outras unidades administrativas.,"Gestão dos Fóruns Digitais: apesar dos avanços significativos, a iniciativa enfrentou alguns desafios que impactaram o desenvolvimento conforme o planejado, como: limitações na conectividade de internet e na estabilidade de rede afetaram a qualidade dos atendimentos remotos e a integração com sistemas judiciais em tempo real; tratativas com órgãos como INSS, Polícia Civil e Funai ainda não foram concluídas, restringindo a ampliação dos serviços ofertados; rotatividade da equipe e estagiários; baixa divulgação nas comunidades, incorre na falta de conhecimento sobre os serviços disponíveis nos Fóruns Digitais, limitando o alcance e o uso da estrutura já instalada","Para superar as restrições enfrentadas relativas à Gestão dos Fóruns Digitais, as unidades responsáveis buscarão aumentar a extensão e capacidade da conexão de internet e realizar avaliações periódicas da qualidade das redes, por meio de apoio técnico da STIC, aprimorar as relações e integração institucional, por intermédio de reuniões periódicas, criar um plano contínuo de capacitação com conteúdo online e de fácil acesso, facilitando a formação de novos colaboradores, ampliar a padronização dos procedimentos operacionais para facilitar a curva de aprendizado, implementar campanhas informativas em rádios comunitárias, escolas, redes sociais e espaços públicos, envolver as prefeituras na mobilização da comunidade e produzir materiais visuais e informativos acessíveis, destacando os serviços disponíveis em linguagem simples. ",2025,1,Restrição,2025,1
838,5369,03011,1018,4138,ADM08,Pessoal insuficiente para os quadros de gestão e de execução das ações propostas.,"a inserção de novas demandas, entre as quais destacam-se: Projeto HÉLIX, SAREF, Sistema de Balcão Virtual, Sistema de Atermação, Provimento Criminal, intimação de réus presos, incorporação das atividade do Distribuidor do Fórum Geral para a Central de Atendimento, impossibilitou que a equipe responsável executasse as migrações judiciárias. ","Os setores atuantes pretendem rever o planejamento anual das atividades, para considerar as novas demandas e atender as àreas",2025,1,Restrição,2025,1
839,5369,03011,1018,4138,OUT01,Problemas relacionados a fenômenos meteorológicos., A interdição da rodovia devido a cheia do Rio Mamoré inviabilizou a execução de migrações judiciárias em Guajará Mirim.,Atender as áreas atingidas pela cheia do rio,2025,1,Restrição,2025,1
840,5369,03011,1018,4138,ADM01,Problemas com o prestador de serviço.,"Grupo de Estudo dos Núcleos Psicossociais (GENUPS): o ministrante escolhido para o tema do mês de março ""Utilização do Módulo Eólis"" enfrentou problemas de saúde na data agendada, e, por isso, o encontro foi adiado para o mês de maio de 2025","adequar calendários e compatibilizar agendas.
",2025,1,Restrição,2025,1
841,5369,03011,1018,4138,ADM14,Outras (especificar).,Juiz em Foco: a iniciativa encontrou dificuldades na compatibilidade de agendas entre magistrados(as) e a Corregedoria Geral da Justiça.,adequar calendários e compatibilizar agendas.,2025,1,Restrição,2025,1
842,5379,03011,1018,4140,ADM14,Outras (especificar).,"Não foi possível realizar a autocorreição na 2ª Vara Genérica de São Miguel do Guaporé, em virtude da sua recente criação, sendo que passará a ser autocorreicionada a partir do ano de 2026.","A autocorreição é um procedimento interno de fiscalização e autoavaliação realizado pelas unidades judiciárias do TJRO, que tem como objetivo identificar pontos de melhoria, corrigir erros e eventuais omissões, além de estabelecer estratégias para o cumprimento de indicadores relevantes do sistema de Justiça. Ela acontece nos primeiros trimestre do ano. Considerando que a 2ª Vara Genérica de São Miguel do Guaporé foi criada durante esse período, somente passará pela autocorreição no exercício posterior. No entanto, é importante registrar que, durante o exercício, a unidade será acompanhada, correicionada e orientada acerca dos procedimentos corretos a serem adotados.",2025,1,Restrição,2025,1
843,5371,03011,1018,4141,ADM07,Capacitação de recursos humanos.,"Projeto Asas - Desenvolvendo Práticas Restaurativas em Comunidades Escolares: houve atraso no desenvolvimento das ações previstas em decorrência do envolvimento da equipe do Núcleo da Justiça Restaurativa no atendimento dos requisitos do Prêmio CNJ de Qualidade;

Círculos de Construção de Paz e Círculos Restaurativos na Casa de Acolhimento Municipal Adelía Francisca Santana: foi necessário alterar a data de início dos círculos do mês de maio para junho, tendo em vista que a equipe técnica da Casa de Acolhimento passara por capacitações ofertadas pela rede municipal

","para superar o atraso no desenvolvimento das ações, recomenda-se realizar adequações no cronograma para se adequar às demais atividades paralelas dos responsáveis;

Círculos de Construção de Paz e Círculos Restaurativos na Casa de Acolhimento Municipal Adelía Francisca Santana: em decorrência da indisponibilidade da agenda da equipe técnica da Casa de Acolhimento, o início dos círculos foi alterado para o mês de junho",2025,1,Restrição,2025,1
844,5371,03011,1018,4141,INS08,Outras (especificar).,"Justiça Restaurativa Aplicada na Socioeducação: a iniciativa depende de encaminhamento de processos pelo Ministério Público Estadual para atendimento dos casos, o que restringiu a atuação","Justiça Restaurativa Aplicada na Socioeducação: a fim de viabilizar o atendimento dos casos processuais, os responsáveis têm realizados reuniões com a equipe da Delegacia de Polícia onde se inicia os processos investigativos e com a Promotora de Justiça da Infância e Juventude",2025,1,Restrição,2025,1
845,5371,03011,1018,4141,INS03,Problema na coordenação da gestão da informação.,inexistência de interessados em participar no programa de Preparação para postulantes à Adoção. ," com a ausência  de interessados em participar do programa, percebeu-se uma lacuna de informação ou sensibilização na comunidade sobre o processo adotivo. Com isso, para as próximas edições, pretende-se rever as estratégias de divulgação e abordagem do programa;",2025,1,Restrição,2025,1
846,5371,03011,1018,4141,ADM14,Outras (especificar).,"Criação de Fluxo de atendimento às denúncias de Castigos Físicos e Maus Tratos e Família na Rede: em razão das grandes demandas habituais de trabalho, tiveram dificuldades em desenvolver a iniciativa","para sanar as restrições de tempo na execução da iniciativa, em razão das grandes demandas habituais de trabalho, sugere-se a concessão de gratificação temporária de trabalhos extraordinários, possibilitando dedicação ao projeto em horários além do expediente regular",2025,1,Restrição,2025,1
847,5371,03011,1018,4141,ADM08,Pessoal insuficiente para os quadros de gestão e de execução das ações propostas.," Justiça Restaurativa na Escola: houve a redução de pessoal do Núcleo Psicossocial de Jaru, acarretando entraves na plena execução da iniciativa","para superar a restrição causada pela redução de pessoal, tem-se realizado alinhamento com a Coordenadoria do Serviço Psicossocial para reposição e ampliação das vagas destinadas ao Nups.",2025,1,Restrição,2025,1
848,5371,03011,1018,4141,INS05,Dificuldade na comunicação com público externo.,"Oficina de Parentalidade (pais e filhos): a iniciativa não aconteceu conforme esperado, em razão do não comparecimento de pessoas que foram convidadas

Projeto Diálogos: a dificuldade de algumas famílias de compareceram em 5 (cinco) encontros no Fórum e de não ter êxito na localização de participantes por seus dados estarem desatualizados (telefone mudou), a partir das informações que são encaminhadas para inclusão dos integrantes

","para diminuir o índice de ausência dos responsáveis, pretende-se realizar novo convite para os que não compareceram, além de  conscientizá-lo da importância das oficinas para incentivar a participação nas próximas edições

Projeto Diálogos: a fim de superar as dificuldades  de algumas famílias comparecerem aos encontros, pretende-se realizar entrevista inicial prévia com cada integrante, visando melhorar a sensibilização para participação. Quanto aos dados incompletos, foi comunicado à Vepema para correção
",2025,1,Restrição,2025,1
849,5371,03011,1018,4141,ADM12,Dificuldades para celebrar contrato/convênio.,Pais que Cuidam: o obstáculo enfrentado até o presente momento diz respeito ao fornecimento de alimentação para o interior do Estado. O Tribunal de Justiça do Estado de Rondônia está em fase de licitação para contratação de serviços de alimentação que atenda as comarcas do interior,"para sanar os problemas enfrentados com o fornecimento de alimentação, sugere-se viabilizar o atendimento de outras formas, como por exemplo, suplementação de fundos específicos para este fim",2025,1,Restrição,2025,1
850,5371,03011,1018,4141,POL02,Inadequação ou inexistência de amparo legal.,"10. Busca Ativa para Adoção: O obstáculo enfrentado para que a iniciativa se desenvolvesse até o momento é a Lei Geral de Proteção de Dados Pessoais, ou Lei n. 13.709/2018, que veda a divulgação de alguns dados e imagens das crianças e adolescentes.","com intuito de atender as normas da LGPD, sugere-se realizar tratativas com a Coordenadoria da Infância (CIJ) e Presidência para buscar soluções que promovam a adequação do projeto à referida legislação",2025,1,Restrição,2025,1
851,5371,03011,1018,4141,TEC03,Outras (especificar).,11. Ferramenta de  Aprimoramento e Ampliação dos Serviços e Programas de Atendimento a Adolescentes no Sistema de Justiça Juvenil/NUPS-AEMS: não conseguiram apoio técnico em informática para desenvolver a ferramenta.,"a fim de superar a falta de apoio técnico em informática para desenvolver a ferramenta, sugere-se realizar agendamento de reuniões com os desenvolvedores.",2025,1,Restrição,2025,1
852,5375,03011,1018,4142,ADM14,Outras (especificar).,"Classificar para Reinserir e Reuniões e Eventos Externos: a substituição e nomeação de novo Desembargador Supervisor do GMFTJRO, por meio do Ato n. 616/2025 (id. 4733875), restringiu a execução de atividades previstas para o 1º quadrimestre.","Com intuito de superar as restrições decorrentes da mudança na gestão do GMF, recomenda-se rever o cronograma das atividades inicialmente previstas a fim de possibilitar a execução da iniciativa nos próximos quadrimestres.",2025,1,Restrição,2025,1
853,5615,03011,1018,4174,OUT01,Problemas relacionados a fenômenos meteorológicos.,"Visitas Técnicas da Comissão Regional de Soluções Fundiárias: a visita técnica prevista para o mês de abril de 2025 foi adiada devido aos inúmeros pontos de alagamento na BR-425, rodovia que liga Porto Velho a Guajará-Mirim","A fim de superar os obstáculos que impediram a realização da visita técnica da Comissão Regional de Soluções Fundiárias, sugere-se a elaboração de um cronograma com mais de uma data para o agendamento das visitas, considerando que o alagamento da BR-425 é um fenômeno natural imprevisível e incontrolável, não ocorrendo necessariamente todos os anos.",2025,1,Restrição,2025,1
854,5615,03011,1018,4174,ORC06,Demora na tramitação de crédito adicional.,"Realização de Estudos Psicossociais: em razão de mudanças institucionais não previstas e licenças e afastamentos de saúde, o orçamento disponível para pagamento de Indenização de Deslocamento Intermunicipal esgotou-se com rapidez, ainda que devidamente solicitado valor superior ao do ano anterior, ensejando pedido de suplementação orçamentária para atender a crescente demanda, em tramitação nos autos do processo SEI n. 0003923-33.2025.8.22.8000.","Em relação à insuficiência de recursos para o pagamento de indenizações por deslocamento intermunicipal, foi solicitada suplementação orçamentária por meio de resucuso do superávit financeiro de 2024 com o objetivo de viabilizar a realização dos estudos psicossociais, para os próximos quadrimestres, bem como foi realizada orientação aos responsáveis quanto ao planejamento orçamentário para os próximos exercícios.",2025,1,Restrição,2025,1
855,5011,11007,1015,1490,ADM02,Atividades dependentes de articulação com outras unidades administrativas.,"Como podemos verificar nos autos dos Processos SEI nº 0035.002377/2024-81 e 0070.365356/2021-03, os quais indicam a necessidade de execução do P/A 1490 para pagamento de profissionais contratados por tempo determinado, há dificuldade de implementação de tal medida, por fatores externos à SETIC. A medida depende principalmente de ação da SEGEP, a qual possui limitações técnicas relativas a regramentos e sistemas.","Atuação conjunta da alta gestão da SEPOG, SEGEP e SETIC para solução definitiva do problema.",2025,1,Restrição,2025,1
856,5211,27001,1015,2087,ADM01,Problemas com o prestador de serviço.,Prestadores de serviço com capacidade técnica abaixo do esperado.,"Selecionar com mais rigidez os prestadores de serviços para o estado, através das licitações/ATA/Contratos etc. Porém, essa seleção não depende exclusivamente da UG 27001-SEOSP.",2025,1,Restrição,2025,1
857,5211,27001,1015,2087,LIC03,Procedimento licitatório burocrático.,"A Morosidade na instrução dos processos de licitação, tanto em sua fase interna, bem como em sua fase externa.","Agilidade na instrução processual e os procedimentos na fase externa da licitação mais célere, por parte da SUPEL e PGE.",2025,1,Restrição,2025,1
858,5096,11007,2074,1000,ORC03,Insuficiência de recursos alocados na Lei Orçamentária.,"O valor alocado na LOA para expansão da INFOVIA é de R$ 12.000 (doze mil reais) - sendo o valor estimado para conclusão do projeto de cerca de R$ 10 milhões. Sendo assim, não é possível realizar os procedimentos licitatórios, por falta de previsão orçamentária.",Realização de suplementação orçamentária ou aumento de recursos para o projeto na LOA de 2026.,2025,1,Restrição,2025,1
859,5067,18013,2136,1466,ADM08,Pessoal insuficiente para os quadros de gestão e de execução das ações propostas.,"Embora não tenham sido registradas restrições formais, ressalta-se que a Diretoria de Governança Climática conta atualmente com um corpo técnico reduzido, composto por um diretor e três assessores. Este quadro limitado impacta diretamente a celeridade das atividades, especialmente no tocante à implementação e regulamentação da Lei Estadual nº 4.437/2018 e alterado pela Lei n.º 5.868, de 11 de setembro de 2024. Por se tratar de uma política de Estado de caráter transversal, sua efetiva execução requer o fortalecimento da articulação entre secretarias e órgãos estaduais, visando assegurar a mitigação das mudanças climáticas e a redução das emissões de GEE em Rondônia.

 ",Adequação ao quadro de servidores que supram as necessidades do setor.,2025,1,Restrição,2025,1
860,5248,15006,1015,4000,ORC03,Insuficiência de recursos alocados na Lei Orçamentária.,"A ação exige investimentos altos e  específicos em profissionais especializados (como médicos do trabalho, psicólogos e ergonomistas), materiais, campanhas preventivas e estrutura para a realização de programas contínuos de saúde ocupacional e qualidade de vida.","na próxima Lei Orçamentária, com destaque específico para ações voltadas à saúde ocupacional e qualidade de vida no trabalho, considerando sua relevância na redução de afastamentos, aumento da produtividade e melhoria do clima organizacional. Captação de parcerias institucionais, com órgãos públicos ou privados, visando apoio técnico e operacional em campanhas educativas, programas de prevenção e promoção da saúde dos servidores.",2025,1,Restrição,2025,1
861,4837,18011,2098,2590,TEC01,Obsolescência e/ou escassez de equipamento/ferramentas tecnológicas.,"A ação de proteção ambiental vem operando no limite da sua capacidade operacional,  e necessita de modernização dos Sistemas e Ferramentas Tecnológicas para o efetivo combate aos ilícitos ambientais para garantir a continuidade das ações. ","Aprimoramento dos sistemas de monitoramento remoto, com uso de imagens de satélite em tempo real, inteligência artificial para análise de dados e alertas automáticos de desmatamento e queimadas; integração dos sistemas internos (DOF, SISPASS, CAR, SEI, e outros), possibilitando maior agilidade no cruzamento de informações, na análise de processos e na tomada de decisões e digitalização completa dos processos de fiscalização, desde a geração de autos de infração até a tramitação das penalidades, reduzindo burocracias e aumentando a transparência, trazendo maior agilidade nos processos administrativos e respostas mais rápidas às denúncias e aos monitoramentos.",2025,1,Restrição,2025,1
862,4837,18011,2098,2590,FIN01,Indisponibilidade de recursos financeiros.,"Necessidade aporte de recursos orçamentários para reforço institucional, fortalecimento da logística operacional e fortalecimento das parcerias interinstitucionais.","Por meio de suplementações, parcerias e fundos vinculados, será garantida a sustentabilidade financeira das operações a partir de aquisições e manutenção de viaturas, embarcações, drones, equipamentos de comunicação, geotecnologia e infraestrutura de apoio às ações de campo, integradas com órgãos estaduais, federais (IBAMA, ICMBio, PRF, PF), Ministério Público, Forças Armadas e organizações da sociedade civil, promovendo operações conjuntas e otimização de recursos.",2025,1,Restrição,2025,1
863,4837,18011,2098,2590,ADM08,Pessoal insuficiente para os quadros de gestão e de execução das ações propostas.,"Necessidade de ampliação da equipe técnica para maior efetividade na prevenção e combate ao desmatamento, às queimadas e aos ilícitos ambientais","Com contratação de novos analistas ambientais, fiscais e apoio operacional, especialmente para atender a alta demanda de campo e processos administrativos, aumentando assim a frequência e abrangência das operações de fiscalização, com planejamento contínuo, priorizando territórios críticos e períodos de maior ocorrência de ilícitos.",2025,1,Restrição,2025,1
864,5074,18012,2080,2399,FIN03,Atraso na tramitação e liberação de recursos.,"Informamos que devido à falta de liberação de orçamento, a coordenadoria de Recursos Hídricos teve parte de suas atividades prejudicadas, pois a falta de orçamento implicou na redução da realização de vistorias técnicas e campanhas de fiscalização.","Evitar a interrupção ou atraso das atividades essenciais da política de gestão dos recursos hídricos, assegurando o cumprimento das metas físicas e programáticas estabelecidas no planejamento anual.",2025,1,Restrição,2025,1
865,4680,02001,2147,2539,OUT02,Outras (especificar).,"Em relação às contratações previstas no PAC, identificou-se uma dificuldade decorrente da natureza altamente especializada das consultorias e serviços técnicos necessários para apoiar as atividades de controle. Isso demanda extensos estudos para estabelecer os parâmetros adequados, assegurando o sucesso tanto das contratações quanto da entrega dos serviços. ","Em relação às contratações, foram designados servidores específicos para elaborar as demandas. Estes servidores possuem conhecimento aprofundado sobre os objetos a serem contratados, visando aumentar a probabilidade de sucesso nas contratações pretendidas. Além disso, em relação à contratação de especialistas em concessões e Parcerias Público-Privadas (PPPs), verificou-se a necessidade de realizar um termo aditivo para ampliar as horas de consultoria do especialista, devido à demanda identificada. Esse termo aditivo foi elaborado durante o primeiro quadrimestre.",2025,1,Restrição,2025,1
866,4687,02011,1220,2977,FIN06,Outras (especificar).,"A baixa execução orçamentária da presente ação do Fundo de Desenvolvimento Institucional (FDI) decorre das características dos contratos a ela vinculados, os quais, em sua maioria, possuem empenhos estimativos, com liquidações realizadas mensalmente. Além disso, em virtude dos fluxos operacionais internos, o processamento da liquidação e do pagamento das Notas Fiscais ocorre, em média, no segundo mês subsequente à prestação dos serviços.
A título exemplificativo: um serviço executado em janeiro de 2025 terá sua Nota Fiscal apresentada em fevereiro e, respeitada a ordem cronológica de pagamentos, será liquidado e pago em março de 2025.
Dessa forma, embora a execução orçamentária aparente estar abaixo do previsto, conforme os critérios do sistema SIPLAG, estima-se que, ao longo do exercício, os valores empenhados serão utilizados integralmente.","Propõe-se a continuidade do monitoramento sistemático da execução da ação, a fim de assegurar o cumprimento dos objetivos estabelecidos, dentro dos prazos e limites orçamentários planejados.",2025,1,Restrição,2025,1
867,5451,16031,2090,2219,OUT01,Problemas relacionados a fenômenos meteorológicos.,"As obras de reforma do Museu da Memória Rondoniense estão atualmente paralisadas, em virtude de dificuldades enfrentadas durante o período chuvoso e de falhas no planejamento e na execução do projeto. Tais fatores têm comprometido o andamento previsto da intervenção, resultando em atrasos significativos no cronograma estabelecido.","Diálogo e planejamento do órgão responsável com a unidade a ser reformada, prevendo possíveis problemas e interferências climáticas, estabelecendo prazos e que possibilitem o cumprimento da proposta.",2025,1,Restrição,2025,1
868,5453,16031,2090,2252,OUT02,Outras (especificar).," sistema elétrico de ar-condicionado da platéia esta parcialmente inoperante, em razão de furtos de fios ocorridos anteriormente, o que tem comprometido o fornecimento regular de energia n aréa de espetáculo do teatro.","sanado, em breve com todas as corretivas que demanda a ordem de serviço será realizada pela Fundação Cultural do Estado de Rondônia - FUNCER. e será executado no 2º quadrimestre 2025",2025,1,Restrição,2025,1
869,4685,02001,1010,2973,OUT02,Outras (especificar).,"A execução orçamentária da ação enfrentou desafios significativos em razão da complexidade técnica dos objetos a serem contratados. A necessidade de especificações minuciosas e customizadas — especialmente em soluções voltadas à segurança da informação e automação de processos — demandou um tempo adicional para a adequada elaboração das etapas de planejamento e contratação. Soma-se a isso a dependência de fornecedores altamente especializados e a tramitação de processos em unidades externas à SETIC, fatores que contribuíram para a morosidade dos procedimentos. Apesar das dificuldades, a SETIC tem atuado com rigor técnico e alinhamento às boas práticas de governança de TI, priorizando a qualidade e a segurança das soluções contratadas, com foco na eficiência operacional e no atendimento pleno das necessidades institucionais.","1. Capacitação: Investir em treinamentos voltados ao planejamento e execução de contratações de objetos de TI.
2. Revisão de Fluxos: Revisar e otimizar os processos de contratação no âmbito da SETIC.
3. Aumento de Pessoal Capacitado: Elevar o número de agentes qualificados para atuar nos processos de contratação, melhorando a eficiência e o tempo de resposta das aquisições.",2025,1,Restrição,2025,1
870,4682,02001,1010,1421,OUT02,Outras (especificar).,"A execução orçamentária da ação referente à reforma e adaptação do Edifício Anexo III do Tribunal de Contas do Estado de Rondônia foi impactada por atrasos verificados durante a execução da obra, os quais comprometeram o cumprimento do cronograma inicialmente previsto.","Recomenda-se a intensificação do monitoramento contínuo das atividades relativas à execução do contrato, com o objetivo de mitigar os atrasos identificados e prevenir a reincidência de intercorrências que possam comprometer o andamento e a conclusão da obra dentro dos prazos estipulados.",2025,1,Restrição,2025,1
871,4683,02001,1010,2981,OUT02,Outras (especificar).,"A baixa execução orçamentária da presente ação do do TCERO decorre das características dos contratos a ela vinculados, os quais, em sua maioria, possuem empenhos estimativos, com liquidações realizadas mensalmente. Além disso, em virtude dos fluxos operacionais internos, o processamento da liquidação e do pagamento das Notas Fiscais ocorre, em média, no segundo mês subsequente à prestação dos serviços.
A título exemplificativo: um serviço executado em janeiro de 2025 terá sua Nota Fiscal apresentada em fevereiro e, respeitada a ordem cronológica de pagamentos, será liquidado e pago em março de 2025.
Dessa forma, embora a execução orçamentária aparente estar abaixo do previsto, conforme os critérios do sistema SIPLAG, estima-se que, ao longo do exercício, os valores empenhados serão utilizados integralmente.","Propõe-se a implementação de melhorias nos processos internos que não dependam exclusivamente de agentes externos, com vistas a otimizar o tempo necessário à formalização das contratações. Tais melhorias podem incluir a revisão dos procedimentos de aprovação interna, a simplificação da documentação exigida, a automação de tarefas repetitivas e a capacitação contínua da equipe responsável.
Ao tornar os fluxos internos mais ágeis e eficientes, será possível mitigar atrasos nas contratações e promover uma execução orçamentária mais eficaz.",2025,1,Restrição,2025,1
872,5097,11007,2074,2285,ORC07,"Dificuldade na obtenção de créditos orçamentários adicionais (suplementares, especiais ou extraordinários).","A falta de equipamentos de TIC, conforme apresentado nos autos do Processo SEI nº 0070.000158/2025-12, pode ocasionar drástica redução ou até mesmo paralisação de alguns serviços da área. Sendo assim, é necessário realizar suplementação orçamentária para aquisição desses itens.","Disponibilização, ainda que gradual, de suplementação orçamentária, visando adquirir equipamentos e atender as necessidades constantes nos autos do Processo SEI indicado.",2025,1,Restrição,2025,1
873,5294,27001,2183,2428,ADM02,Atividades dependentes de articulação com outras unidades administrativas.,"Por ser da administração direta, a SEOSP necessita de aprovação das ações (relacionadas a transferências voluntárias) perante demais órgão como Casa Civil, PGE e CGE. Tais interações demandam tempo em cada esfera da administração para a correta tramitação.","Planejamento e controle das ações, gestão dos processos e otimização do tempo, dentro de cada órgão envolvido.",2025,1,Restrição,2025,1
874,5294,27001,2183,2428,ADM04,Entraves nos procedimentos burocráticos (burocracia para exercício das atividades administrativas do governo).,"Por ser da administração direta, a SEOSP necessita de ações (relacionadas a transferências voluntárias) dos demais órgão como Casa Civil, PGE e CGE. Tais interações demandam tempo em cada esfera da administração para a correta tramitação.","Melhorar o controle e otimizar o fluxo dos processos, por cada unidade governamental relacionada.",2025,1,Restrição,2025,1
875,5294,27001,2183,2428,GER08,Demora na elaboração de projetos arquitetônicos e executivos.,"Por tratar-se de transferência voluntária, os projetos são enviados pelos municípios e associações e são avaliados/aprovados pelos técnicos dentro da SEOSP. Ocorre que devido à existência de constantes pendências técnicas nos projetos, perde-se considerável tempo em correções até a aprovação final.","Municípios e Associações devem melhorar a qualidade dos projetos apresentados, bem como, melhorarem o tempo de resposta para a correção das pendências.",2025,1,Restrição,2025,1
876,5234,17012,2070,1614,OUT02,Outras (especificar).,"Paralisação da obra: Reforma e Ampliação da Maternidade e Centro Obstétrico do Hospital de Base Dr. Ary Pinheiro (HBAP), no município de Porto Velho - RO.

Motivo: A paralisação foi solicitada pela empresa contratada (Ofício nº 062/2024 – ID 0054514217) e analisada pela equipe de fiscalização da SEOSP/RO (Despacho ID 0054520956), que se manifestou favoravelmente. A interrupção temporária da obra justifica-se pela necessidade de inclusão de serviços adicionais por meio de termo aditivo, especialmente relacionados à instalação do sistema de tratamento e renovação de ar e do Sistema IT médico. Tais adequações são imprescindíveis para atender às normas técnicas vigentes e assegurar a segurança e o pleno funcionamento das áreas hospitalares, em especial do centro cirúrgico.

","Para viabilizar a continuidade da obra de Reforma e Ampliação da Maternidade e Centro Obstétrico do Hospital de Base Dr. Ary Pinheiro (HBAP), a restrição foi superada por meio da aprovação do 2º Termo Aditivo (ID 0056108480), que incluiu os serviços adicionais necessários, especialmente os relacionados ao sistema de climatização e ao Sistema IT médico, essenciais para o atendimento às normas técnicas e à segurança da unidade hospitalar.

Com a aprovação do aditivo, a Secretaria de Estado da Saúde de Rondônia – SESAU/RO determinou o reinício do prazo de execução do Contrato nº 0786/SESAU/PGE/2023 (ID 0041190863), formalizando a retomada da obra por meio de emissão de Ordem de Reinício. Dessa forma, passou-se a contabilizar o prazo remanescente de execução contratual, possibilitando a continuidade regular dos serviços e o cumprimento dos objetivos previstos no contrato.",2025,1,Restrição,2025,1
877,5016,18001,1015,2096,ORC09,Outras (especificar).,"Durante o quadrimestre houveram entraves orçamentários o que comprometeu a realização de cursos e treinamentos previstos pela SEDAM. Essa limitação orçamentária impactou negativamente a execução das ações de desenvolvimento institucional, especialmente no que diz respeito ao aprimoramento técnico dos servidores.","A capacitação contínua é fundamental para o fortalecimento das competências dos profissionais, melhoria dos serviços prestados à população e adequação às exigências legais e técnicas dos processos ambientais. Portanto, o não cumprimento integral das ações formativas representou um desafio à evolução da qualidade institucional.",2025,1,Restrição,2025,1
878,5461,19023,1015,4103,ADM14,Outras (especificar).," A redução do quantitativo dessa mão-de-obra, deve-se às dificuldades de adaptação às atividades de alguns setores desta Autarquia, bem como a devolução à Gerência de Recursos Humanos do excedente, por falta de interesse de reeducando.","Que o Fundo Penitenciário, ao encaminhar reeducandos para desempenharem atividades nesta Autarquia,  o faço com pessoal minimamente capacitados e com disposição trabalhar e aprender.",2025,1,Restrição,2025,1
879,4832,18011,2098,2026,AMB06,Outras (especificar).,"Conforme a Portaria SEDAM nº 499/2022, o Calendário Florestal estabelece o período de 21 de dezembro a 21 de março como restrição às atividades de corte, arraste, transporte e à emissão de Autorizações de Exploração Florestal, devido ao período chuvoso.
Essa limitação interfere na realização de vistorias técnicas e, consequentemente, reduz a emissão de Relatórios Técnicos. Por isso, no 1º quadrimestre de 2024 (janeiro a abril), houve bloqueio das autorizações relativas a Planos de Manejo Florestal e Planos de Exploração para Uso Alternativo do Solo.","Para mitigar os efeitos do período de restrição previsto no Calendário Florestal (Portaria SEDAM nº 499/2022), propõe-se:
Antecipar vistorias técnicas antes do período chuvoso;
Utilizar tecnologias de monitoramento remoto (como drones e imagens de satélite);
Reforçar as equipes técnicas para maior agilidade nas análises;
Adotar um calendário interno de ações, alinhado ao calendário florestal;
Buscar parcerias institucionais para apoio técnico e desenvolvimento de soluções.",2025,1,Restrição,2025,1
880,5290,27001,2183,1638,ADM07,Capacitação de recursos humanos.,Treinamento e capacitação: As particularidades dentro de cada processo de obra podem levar a inconsistências na documentação. A falta de padronização e treinamento adequado pode agravar esse problema.,"Desenvolver um conjunto de diretrizes e padrões de documentação que se apliquem a todos os processos de obra. Oferecer treinamento regular para a equipe responsável pela documentação, garantindo que todos compreendam os requisitos e processos.",2025,1,Restrição,2025,1
881,5290,27001,2183,1638,AMB01,Lentidão no processo de licenciamento ambiental.,"A ausência de documentação adequada, de licenças ambientais, de obras e do bombeiro podem causar paralisação da obra, multas e problemas legais.",Garantir que todos os processos sejam encaminhados para a fiscalização da execução da obra com documentação completa de licenças. Implementar um sistema de verificação automatizada para garantir a conformidade antes do início da obra.,2025,1,Restrição,2025,1
882,5290,27001,2183,1638,FIN02,Problemas relativos ao fluxo de liberação dos recursos.,"A falta de um fluxo claro para o pagamento das medições pode causar atrasos nos pagamentos aos fornecedores e, consequentemente, desacelerar o progresso da obra.
","Definir um fluxo de pagamento claro e transparente para medições, com prazos definidos. Priorizar pagamentos com base em critérios de importância, como a urgência do fornecedor ou a fase do projeto. Automatizar o processo de aprovação e pagamento, se possível, para agilizar o fluxo de caixa.",2025,1,Restrição,2025,1
883,5290,27001,2183,1638,GER08,Demora na elaboração de projetos arquitetônicos e executivos.,"Projetos antigos podem conter erros ou desatualizações que só são identificados após a licitação. Isso pode levar a retrabalho, custos adicionais e atrasos.","Realizar revisões prévias das peças técnicas do objeto/obra antes da licitação, identificando e corrigindo problemas antecipadamente. Isso pode ser feito por meio de equipes técnicas qualificadas.
",2025,1,Restrição,2025,1
884,5471,17012,1015,1449,ADM02,Atividades dependentes de articulação com outras unidades administrativas.,"Durante o 1º quadrimestre de 2025 foram encontradas algumas problemáticas em relação ao projeto. Entre elas podemos destacar a necessidade de uma conferência mais minuciosa entre os relatórios de frequência e os registros de acesso às unidades, tendo em vista os constantes erros e inconsistências encontradas, bem como a inassiduidade habitual, onde que muitos relatórios foram apresentados em branco, considerando a ausência dos prestadores do serviço ao local de trabalho.",Uma melhor interação e comprometimento das chefias das unidades/voluntários nas conferências dos relatórios e frequências.,2025,1,Restrição,2025,1
885,5475,17012,1015,1519,ADM04,Entraves nos procedimentos burocráticos (burocracia para exercício das atividades administrativas do governo).,"A burocracia é um dos principais aspectos que impactam a organização de um concurso público, pois envolve diversos procedimentos formais, controles legais e etapas administrativas.  Ela, nesse contexto, é uma estrutura de controle necessária para garantir a legalidade, imparcialidade e transparência do concurso público. No entanto, ela também pode tornar o processo moroso e complexo, exigindo planejamento antecipado, equipe técnica capacitada e acompanhamento jurídico constante. Descrevemos as principais restrições e exigências burocráticas envolvidas: ","Tornar os processos mais eficientes e planejados, com medidas práticas para resolver ou reduzir entraves burocráticos: Planejamento antecipado; Criação de uma equipe Técnica capacitada; Padronização de documentos e processos; Acompanhamento Jurídico e do Controle Interno Desde o Início; Parceria com Instituições Públicas Organizadoras, Transparência e Comunicação Clara.",2025,1,Restrição,2025,1
886,4871,02001,1011,2542,OUT02,Outras (especificar).,As ações de capacitação planejadas para os servidores não foram executadas conforme previsto no quadrimestre devido a reorganização administrativa e deverá ocorrer nos próximos quadrimestres.,"Um sistema de monitoramento contínuo das capacitações deverá ser estabelecido para garantir a execução conforme o novo cronograma e avaliação periodica do impacto das capacitações realizadas, ajustando estratégias conforme necessário.",2025,1,Restrição,2025,1
887,4919,17032,1015,4000,ORC01,Descompasso entre a previsão no PPA e recursos alocados na LOA.,"Devido o descompasso entre o planejado pela unidade e o teto orçamentário disponibilizado para a Fundação, o qual foi alocado na LOA 2025, foi necessária adoção de medidas para priorizar as despesas de caráter obrigatório das áreas administrativa e finalística, sendo realizado alterações orçamentárias, através do Decreto n° 30.151, de 9 de abril de 2025. Dito isto, a ação tornou-se inexequível até o final do quadrimestre por não ter dotação orçamentária suficiente para sua cobertura.",Considerar o estudo realizado pela unidade para aumento do teto orçamentário.,2025,1,Restrição,2025,1
888,4921,17032,2105,4030,ORC01,Descompasso entre a previsão no PPA e recursos alocados na LOA.,"Devido o descompasso entre o planejado pela unidade e o teto orçamentário disponibilizado para a Fundação, o qual foi alocado na LOA 2025, foi necessária adoção de medidas para priorizar as despesas de caráter obrigatório das áreas administrativa e finalística, sendo realizado alterações orçamentárias, através do Decreto n° 30.151, de 9 de abril de 2025. Dito isto, a ação tornou-se inexequível até o final do quadrimestre por não ter dotação orçamentária suficiente para sua cobertura.",Considerar a análise realizada pela Fundação como parâmetro para definição do teto orçamentário da unidade.,2025,1,Restrição,2025,1
889,4922,17032,2105,4031,ADM14,Outras (especificar).,"Instrução Processual Incompleta ou Inadequada: Processos que chegam à área responsável sem a devida instrução, acarretando devolução do trabalho, ausência de documentos ou informações dificulta a tramitação e contribui para a lentidão na execução orçamentária",Capacitação de recursos humanos com foco em instrução processual: Estudo Técnico Preliminar e Termo de Referência.,2025,1,Restrição,2025,1
890,4923,17032,2105,4032,ORC01,Descompasso entre a previsão no PPA e recursos alocados na LOA.,"Devido o descompasso entre o planejado pela unidade e o teto orçamentário disponibilizado pela SEPOG, alocado na LOA 2025, foi necessária adoção de medidas para priorizar as despesas de caráter obrigatório das áreas administrativa e finalística. Dito isto, a ação tornou-se inexequível até o final do bimestre por não ter dotação orçamentária suficiente para sua cobertura.",Considerar a análise realizada pela Unidade para definição o teto orçamentário.,2025,1,Restrição,2025,1
891,4833,18011,2098,2164,ORC03,Insuficiência de recursos alocados na Lei Orçamentária.,"Considerando que 50% da dotação orçamentária inicial já foi empenhada no primeiro quadrimestre, verifica-se que a insuficiência orçamentária constitui uma das principais restrições ao cumprimento das demandas previstas para o exercício. A limitação de recursos pode impactar diretamente a continuidade das ações planejadas, comprometendo a execução integral das atividades e metas estabelecidas.","Para superar a restrição orçamentária, propõe-se:
Priorização de ações com foco nas atividades mais essenciais e estratégicas;
Captação de recursos externos, como convênios e emendas parlamentares;
Reprogramação orçamentária e solicitação de créditos adicionais;
Otimização dos gastos, com controle rigoroso e redução de despesas não essenciais;
Aprimoramento do planejamento, alinhando melhor a previsão orçamentária às demandas reais.",2025,1,Restrição,2025,1
892,5237,17012,2070,1615,ORC09,Outras (especificar).,"O início do exercício financeiro envolve trâmites administrativos e orçamentários que demandam tempo, como a aprovação e disponibilização do orçamento, ajustes em sistemas, e formalização de contratos e empenhos. Essas etapas ocorrem justamente no começo do ano, coincidindo com o primeiro quadrimestre, o que limita a capacidade de execução plena das atividades nesse período.","Promover a integração entre as áreas envolvidas para antecipar etapas preparatórias e alinhar prazos, contribuindo para uma execução mais fluida no início do exercício.",2025,1,Restrição,2025,1
893,4835,18011,2098,2583,INS08,Outras (especificar).,"Por motivo de mudanças administrativas na COPIN, as demandas dos povos indígenas passaram ser filtradas pela Superintendência Estadual do Indígena SI, que limita a ação desta Coordenadoria de Povos Indígenas em realizar Educação e Difusão da Preservação Ambiental em terras indígenas. Considerando que ações desta Coordenadoria contribuem com a união por meio do Programa de Educação Ambiental em Terras Indígenas de Rondônia (PEATIR), atendendo à Lei Nº 5.281, de 12 de Janeiro de 2022, que instituiu o Setembro Cinza no âmbito do estado de Rondônia; ao Plano Multinível de Preservação a Queimadas e Incêndio Florestais em Rondônia; e à Lei nº 4.611, de 15 de outubro de 2019.",Melhor alinhamento e adequação na distribuição de ações conforme o Planejamento com a Superintendência Indígena.,2025,1,Restrição,2025,1
894,5606,17033,2109,4092,OUT02,Outras (especificar).,"Esclarecemos que a unidade segue o calendário escolar vigente, o que impacta diretamente no ritmo de execução das ações planejadas, especialmente nos primeiros quadrimestres, resultando em índices inicialmente mais baixos de execução.","...
",2025,1,Restrição,2025,1
895,5607,17033,2109,4093,OUT02,Outras (especificar).,"Esclarecemos que a unidade segue o calendário escolar vigente, o que impacta diretamente no ritmo de execução das ações planejadas, especialmente nos primeiros quadrimestres, resultando em índices inicialmente mais baixos de execução.",...,2025,1,Restrição,2025,1
896,5608,17033,2109,4094,ADM14,Outras (especificar).,"Esclarecemos que a unidade segue o calendário escolar vigente, o que impacta diretamente no ritmo de execução das ações planejadas, especialmente nos primeiros quadrimestres, resultando em índices inicialmente mais baixos de execução.",..,2025,1,Restrição,2025,1
897,5237,17012,2070,1615,OUT02,Outras (especificar).,"0049.002717/2024-15 - A ausência da nota fiscal no momento da entrega compromete a regularidade documental da entrada do material, dificultando o processo de conferência e registro contábil. Além disso, foi identificado que o estabilizador enviado não atende às especificações estabelecidas, o que exige substituição.",Receber a nota fiscal correspondente para viabilizar o registro do recebimento no sistema e dar prosseguimento ao trâmite regular.,2025,1,Restrição,2025,1
898,4817,18001,2154,2594,ADM03,Insuficiência/Inadequação de infraestrutura física e de equipamentos.," O gerenciamento das Unidades de Conservação enfrenta um cenário crítico, assim as ações de maior urgência foram concentradas na Estação Ecológica de Samuel, Estação Ecológica Soldado da Borracha e Parque Estadual Guajará-Mirim, unidades estas que se encontram em alta vulnerabilidade e são alvos recorrentes de ocupações irregulares e degradação ambiental. Como consequência, a sobreposição de demandas operacionais e carência de recursos humanos e materiais, dificultando a execução simultânea de atividades de fiscalização, monitoramento e implementação de contratações e aquisições previstas na Ação 2594, o que impactou o andamento de ações estruturantes e planejadas.","Para melhorar a proteção e a gestão das Unidades de Conservação, é necessário reforçar a estrutura operacional e logística, com aquisição de veículos, drones, equipamentos de comunicação e implantação de bases operacionais nas áreas mais vulneráveis. Também é fundamental acelerar a contratação de fiscais e analistas ambientais, além de ampliar parcerias com órgãos como IBAMA, ICMBio, Polícia Militar Ambiental e Ministério Público, para fortalecer as ações de fiscalização. O uso de tecnologias de monitoramento remoto e sistemas de detecção automática de desmatamento e queimadas deve ser intensificado, permitindo respostas mais rápidas.
Outra medida importante é investir em ações de prevenção, com programas de educação ambiental e fortalecimento dos Conselhos Gestores das Unidades, envolvendo as comunidades locais na gestão e proteção. No âmbito administrativo, é necessário simplificar os processos internos para agilizar contratações, aquisições e viabilizar projetos de captação de recursos.",2025,1,Restrição,2025,1
899,4828,18001,2154,2599,ADM03,Insuficiência/Inadequação de infraestrutura física e de equipamentos.,"O gerenciamento das Unidades de Conservação enfrenta um cenário crítico, assim as ações de maior urgência foram concentradas na Estação Ecológica de Samuel, Estação Ecológica Soldado da Borracha e Parque Estadual Guajará-Mirim, unidades estas que se encontram em alta vulnerabilidade e são alvos recorrentes de ocupações irregulares e degradação ambiental. Como consequência, a sobreposição de demandas operacionais e carência de recursos humanos e materiais, dificultando a execução simultânea de atividades de fiscalização, monitoramento e implementação de contratações e aquisições previstas na Ação 2599, o que impactou o andamento de ações estruturantes e planejadas.","Para melhorar a proteção e a gestão das Unidades de Conservação, é necessário reforçar a estrutura operacional e logística, com aquisição de veículos, drones, equipamentos de comunicação e implantação de bases operacionais nas áreas mais vulneráveis. Também é fundamental acelerar a contratação de fiscais e analistas ambientais, além de ampliar parcerias com órgãos como IBAMA, ICMBio, Polícia Militar Ambiental e Ministério Público, para fortalecer as ações de fiscalização. O uso de tecnologias de monitoramento remoto e sistemas de detecção automática de desmatamento e queimadas deve ser intensificado, permitindo respostas mais rápidas.
Outra medida importante é investir em ações de prevenção, com programas de educação ambiental e fortalecimento dos Conselhos Gestores das Unidades, envolvendo as comunidades locais na gestão e proteção. No âmbito administrativo, é necessário simplificar os processos internos para agilizar contratações, aquisições e viabilizar projetos de captação de recursos.",2025,1,Restrição,2025,1
900,5323,18001,2154,2601,ADM03,Insuficiência/Inadequação de infraestrutura física e de equipamentos.,"O gerenciamento das Unidades de Conservação enfrenta um cenário crítico, assim as ações de maior urgência foram concentradas na Estação Ecológica de Samuel, Estação Ecológica Soldado da Borracha e Parque Estadual Guajará-Mirim, unidades estas que se encontram em alta vulnerabilidade e são alvos recorrentes de ocupações irregulares e degradação ambiental. Como consequência, a sobreposição de demandas operacionais e carência de recursos humanos e materiais, dificultando a execução simultânea de atividades de fiscalização, monitoramento e implementação de contratações e aquisições previstas na Ação 2594, o que impactou o andamento de ações estruturantes e planejadas.","Para melhorar a proteção e a gestão das Unidades de Conservação, é necessário reforçar a estrutura operacional e logística, com aquisição de veículos, drones, equipamentos de comunicação e implantação de bases operacionais nas áreas mais vulneráveis. Também é fundamental acelerar a contratação de fiscais e analistas ambientais, além de ampliar parcerias com órgãos como IBAMA, ICMBio, Polícia Militar Ambiental e Ministério Público, para fortalecer as ações de fiscalização. O uso de tecnologias de monitoramento remoto e sistemas de detecção automática de desmatamento e queimadas deve ser intensificado, permitindo respostas mais rápidas.
Outra medida importante é investir em ações de prevenção, com programas de educação ambiental e fortalecimento dos Conselhos Gestores das Unidades, envolvendo as comunidades locais na gestão e proteção. No âmbito administrativo, é necessário simplificar os processos internos para agilizar contratações, aquisições e viabilizar projetos de captação de recursos.
",2025,1,Restrição,2025,1
901,5483,18001,1015,4103,ADM02,Atividades dependentes de articulação com outras unidades administrativas.,"A redução ou ausência da mão de obra de reeducandos no serviço público gera aumento de custos para a SEDAM e para o Estado, compromete também a eficiência na execução de tarefas. Socialmente, limita as oportunidades de ressocialização, favorece a ociosidade e contribui para o aumento da reincidência criminal. Além disso, representa a perda de uma política pública que alia inclusão social, economia e segurança.","Como melhoria para esta ação, visa investir em programas de qualificação e capacitação para os reeducandos, ampliando suas chances de reinserção no mercado de trabalho após o cumprimento da pena, o que gera impactos positivos na redução da reincidência criminal e no fortalecimento das políticas públicas de inclusão social.
Essa medida não só reduz custos operacionais para a SEDAM, como também contribui diretamente para a melhoria da eficiência dos serviços, promove a dignidade humana e reforça o compromisso do Estado com a segurança pública e a cidadania.",2025,1,Restrição,2025,1
902,5308,17013,2152,1516,ADM14,Outras (especificar).,Rescisão do Contrato Nº 0007/SESAU/PGE/2022.,Reavaliação das estratégias consideradas e estabelecidas para vencer a meta de construção do novo hospital sob a modalidade de locação sob medida,2025,1,Restrição,2025,1
903,5308,17013,2152,1516,ADM05,Dificuldades na localização de terrenos para implementar ou ampliar a infraestrutura.,"Foi instruído o processo 0036.055593/2024-10 com o objeto de Contratação de empresa especializada para a locação sob demanda, na modalidade Built to Suit (BTS), de imóvel destinado ao funcionamento do Hospital de Urgência e Emergência do Estado de Rondônia (HEURO), abrangendo a adequação do imóvel às necessidades específicas da Administração Pública e os serviços necessários para garantir sua plena funcionalidade e condições adequadas de uso durante toda a vigência contratual. A intenção foi realizar uma Prospecção do mercado imobiliário em Porto Velho-RO, visando a pré-qualificação de fornecedores, para futura e eventual locação sob encomenda, Built to Suit (BTS), de imóvel destinado ao funcionamento do Hospital de Urgência e Emergência do Estado de Rondônia (HEURO), abrangendo a adequação do imóvel às necessidades específicas da Administração Pública e os serviços necessários para garantir sua plena funcionalidade e condições adequadas de uso durante toda a vigência contratual.
No entanto, o único interessado não atingiu os requisitos minímos de qualificação.","Estudar outras possibilidades.
Republicar o edital",2025,1,Restrição,2025,1
904,5309,17013,2152,2507,ADM12,Dificuldades para celebrar contrato/convênio.,A assinatura do contrato ainda permanece suspensa devido a ausência de estrutura para início da operação. A estrutura física do hospital era objeto do Contrato n° 0007/SESAU/PGE/2022 que foi rescindido.,Superar a entrega da estrutura para que o contrato seja assinado.,2025,1,Restrição,2025,1
905,5035,11004,2108,1215,ORC06,Demora na tramitação de crédito adicional.,Aguardando liberação de recurso Suplementar.,Fortalecimento da articulação com órgãos responsáveis pela liberação orçamentária.,2025,1,Restrição,2025,1
906,5285,11004,2108,4126,POL06,"Conflitos decorrentes de outras políticas setoriais, inclusive entre esferas de poder ou entre esferas de governo.","Dificuldades na Locação da Casa Ferroviária do Complexo Madeira-Mamoré. Considerando o impasse entre a Superintendência do Patrimônio da União (SPU) e a empresa Amazonfort, atualmente responsável pela gestão do Complexo Madeira-Mamoré, assim como a Prefeitura de Porto Velho.",Fortalecimento da articulação com órgãos responsáveis.,2025,1,Restrição,2025,1
907,4782,18001,1015,2087,ORC01,Descompasso entre a previsão no PPA e recursos alocados na LOA.,"Atualmente, verifica-se um descompasso significativo entre a previsão orçamentária estabelecida no PPA (Plano Plurianual) e os recursos efetivamente alocados na LOA (Lei Orçamentária Anual) para a Ação 2087 – Assegurar a Manutenção Administrativa da Unidade. Esse cenário impõe sérias restrições orçamentárias, comprometendo diretamente a capacidade da Secretaria de Estado do Desenvolvimento Ambiental (SEDAM) de garantir o funcionamento regular e eficiente das atividades administrativas e operacionais.
Essa insuficiência de recursos afeta despesas essenciais e contínuas, como combustível, manutenção da frota, vigilância, serviços de internet, locação de imóveis e impressoras, serviços bancários e contratação de estagiários, que são fundamentais não apenas para a manutenção da estrutura administrativa, mas também para sustentar as atividades finalísticas da SEDAM, como fiscalização, monitoramento ambiental, licenciamento, gestão das unidades de conservação e atendimento ao público.
Diante desse cenário, torna-se indispensável a adoção de medidas de melhoria na gestão orçamentária e financeira, que permitam garantir a continuidade dos serviços, evitando riscos de paralisação, queda na qualidade do atendimento e comprometimento das metas institucionais.","Revisão do PPA e da LOA, de forma articulada com a Secretaria de Planejamento, visando a real adequação dos valores às necessidades operacionais reais da Ação 2087, levando em conta o crescimento da demanda por serviços ambientais e a expansão territorial das atividades da SEDAM.
Fortalecimento da captação de recursos externos, seja por meio de fundos ambientais, cooperação internacional, parcerias com organismos multilaterais e doações voluntárias, reduzindo a dependência do orçamento tradicional do tesouro estadual.
Otimização dos contratos administrativos, buscando revisão de cláusulas, renegociação de valores e priorização de despesas essenciais, promovendo maior eficiência e economicidade no uso dos recursos.
Planejamento estratégico anual mais alinhado à realidade financeira, priorizando as despesas críticas que garantem o pleno funcionamento da unidade, como segurança, logística, comunicação, manutenção predial e suporte aos escritórios regionais.
Fortalecimento do diálogo institucional com os órgãos de controle e planejamento, para justificar tecnicamente a necessidade de ampliação dos recursos, com base nos impactos ambientais, sociais e econômicos que a deficiência orçamentária pode gerar.",2025,1,Restrição,2025,1
908,4789,11026,2012,2846,FIN01,Indisponibilidade de recursos financeiros.,"A arrecadação financeira com a TFS - Taxa de Fiscalização do Saneamento ficou comprometida no primeiro quadrimestre em virtude de que a Companhia de Águas e Esgotos de Rondônia - CAERD parou de pagar e repassar a referida taxa ficando, por conseguinte, um contas a receber daquela Companhia em torno de R$ 1,5 Milhões. Esse fato está limitando/restringindo a execução de novos empenhos e reforços por falta de financeiro nas respetivas fontes próprias da unidade.","A unidade está tomando as medidas necessárias visando a cobrança dos débitos, inclusão na Dívida Ativa do Estado, Cobrança Judicial e Ação Judicial por Apropriação Indébita. Espera-se que estas medidas judiciais recuperem 100% do contas a receber o que irá permitir o empenho das dotações ora inseridas na LOA/2025 da unidade.",2025,1,Restrição,2025,1
909,4806,18001,2153,1492,ORC01,Descompasso entre a previsão no PPA e recursos alocados na LOA.,"Os recursos desta fonte que compõe a ação de realizar construções, ampliações e reformas das sedes da sedam, obtiveram frustrações de receita, assim o que foi planejado anteriormente não foi possível cumprir. ",alocação de recursos extras para o êxito da ação.,2025,1,Restrição,2025,1
910,4808,18001,2153,2229,ADM08,Pessoal insuficiente para os quadros de gestão e de execução das ações propostas.,"A demora na abertura de novos processos seletivos para a contratação de analistas temporários agrava ainda mais a situação, criando um acúmulo de demandas não atendidas, além de gerar impactos negativos no cumprimento das metas institucionais e na capacidade do Estado em promover o ordenamento ambiental, o controle do desmatamento e o atendimento aos produtores rurais.","Aceleração dos trâmites administrativos para abertura imediata de processos seletivos, com foco na contratação de analistas temporários, reduzindo os impactos da rotatividade;
Investimento na capacitação contínua da equipe existente, visando aumentar a produtividade e a qualidade das análises, inclusive com adoção de ferramentas digitais e automação de etapas do processo;
Fortalecimento de parcerias institucionais e captação de recursos externos, nacionais e internacionais, que permitam a contratação de consultorias técnicas especializadas ou equipes de apoio emergencial.",2025,1,Restrição,2025,1
911,4808,18001,2153,2229,TEC01,Obsolescência e/ou escassez de equipamento/ferramentas tecnológicas.,"A problemática do SICAR/RO - Sistema de Cadastro Ambiental Rural de Rondônia) está diretamente associada a desafios operacionais, técnicos e de gestão, que impactam negativamente a eficiência no processo de regularização ambiental dos imóveis rurais no estado, o Sistema enfrenta instabilidade frequente no sistema, causando quedas, lentidão e indisponibilidade, o que prejudica tanto os usuários (produtores e técnicos) quanto os analistas da SEDAM, trazendo baixa performance no processamento de dados, principalmente durante análises de grandes volumes de informações geoespaciais, o que gera atrasos significativos e dificulta  a integração com outros sistemas ambientais e bases de dados externas comprometendo a consistência, cruzamento de informações e rastreabilidade dos dados.","Modernização e automação do sistema SICAR/RO, para que parte das análises possa ser feita de forma mais ágil, reduzindo a dependência exclusiva da mão de obra manual;
Automatização de Processos, a partir do desenvolvimento de ferramentas de automação para análise prévia de dados, cruzamento automático de informações geoespaciais, validações básicas e geração de pareceres automatizados. Isso reduzirá significativamente a carga de trabalho manual e aumentará a velocidade das análises;
Capacitação Contínua dos Analistas investindo na capacitação constante da equipe técnica, especialmente no uso de ferramentas de geotecnologia, sistemas de informação geográfica (SIG) e interpretação de dados ambientais;


",2025,1,Restrição,2025,1
912,4844,18011,2154,2601,ADM03,Insuficiência/Inadequação de infraestrutura física e de equipamentos.,"A SEDAM por meio da Coordenadoria de Unidades de Conservação - CUC, direcionou esforços prioritários para o fortalecimento das ações de fiscalização e monitoramento ambiental nas Unidades de Conservação estaduais, especialmente naquelas classificadas como mais vulneráveis frente à pressão de invasões e desmatamento ilegal.
Esse redirecionamento estratégico se deu em razão do agravamento das atividades ilícitas, inclusive no período chuvoso (atualmente), com a continuidade de ocupações irregulares, extração seletiva de madeira e desmatamento para conversão agropecuária. O processo ilegal de ocupação geralmente se inicia com a abertura de trilhas ou estradas clandestinas, o que demanda atuação imediata do Estado para contenção e responsabilização dos infratores.
Diante desse cenário crítico, as ações de maior urgência foram concentradas na Estação Ecológica de Samuel, Estação Ecológica Soldado da Borracha e Parque Estadual Guajará-Mirim, unidades que concentram significativo risco ambiental. ","Para enfrentar as restrições e o aumento dos ilícitos ambientais nas Unidades de Conservação, é necessário reforçar a estrutura operacional, com mais veículos, drones e bases móveis, além de contratar mais fiscais e analistas ambientais. Também é essencial ampliar o monitoramento remoto com uso de tecnologias, fortalecer parcerias interinstitucionais para operações conjuntas, e investir em ações preventivas com as comunidades do entorno. Acelerar a liberação de recursos e atualizar os planos de manejo das UCs são medidas que garantem maior eficiência no controle, na proteção e na preservação dos recursos naturais do Estado.",2025,1,Restrição,2025,1
913,4841,18011,2154,2602,ADM03,Insuficiência/Inadequação de infraestrutura física e de equipamentos.,"Durante o presente quadrimestre, a SEDAM, por meio da Coordenadoria de Unidades de Conservação (CUC), direcionou esforços prioritários para o fortalecimento das ações de fiscalização e monitoramento ambiental nas Unidades de Conservação estaduais, especialmente naquelas classificadas como mais vulneráveis frente à pressão de invasões e desmatamento ilegal.

Esse redirecionamento estratégico se deu em razão do agravamento das atividades ilícitas, inclusive no período chuvoso (atualmente), com a continuidade de ocupações irregulares, extração seletiva de madeira e desmatamento para conversão agropecuária. O processo ilegal de ocupação geralmente se inicia com a abertura de trilhas ou estradas clandestinas, o que demanda atuação imediata do Estado para contenção e responsabilização dos infratores.

Diante desse cenário crítico, as ações de maior urgência foram concentradas na Estação Ecológica de Samuel, Estação Ecológica Soldado da Borracha e Parque Estadual Guajará-Mirim, unidades que concentram significativo risco ambiental. ","Para enfrentar as restrições e o aumento dos ilícitos ambientais nas Unidades de Conservação, é necessário reforçar a estrutura operacional, com mais veículos, drones e bases móveis, além de contratar mais fiscais e analistas ambientais. Também é essencial ampliar o monitoramento remoto com uso de tecnologias, fortalecer parcerias interinstitucionais para operações conjuntas, e investir em ações preventivas com as comunidades do entorno. Acelerar a liberação de recursos e atualizar os planos de manejo das UCs são medidas que garantem maior eficiência no controle, na proteção e na preservação dos recursos naturais do Estado.",2025,1,Restrição,2025,1
914,4843,18011,2154,2603,ADM03,Insuficiência/Inadequação de infraestrutura física e de equipamentos.,"Esta ação visa salvaguardar a cultura e os modos de vida das populações tradicionais por meio da implementação de cadeias produtivas e sistemas agroflorestais sustentáveis, à exemplo. Sua execução está vinculada à valorização do conhecimento tradicional, ao incentivo à produção sustentável e à possível geração de renda dentro dos limites ou entorno das Unidades de Conservação de uso sustentável do Estado de Rondônia.
Porém, direcionar seus esforços prioritariamente para ações emergenciais de fiscalização ambiental, especialmente nas UCs que enfrentam maior pressão por invasões, desmatamento ilegal e extração seletiva de madeira. As atividades ilícitas se intensificaram mesmo durante o período chuvoso, exigindo mobilização imediata de pessoal, recursos logísticos e financeiros para contenção dos danos ambientais nas UCs mais críticas, como a Estação Ecológica de Samuel, Estação Ecológica Soldado da Borracha e o Parque Estadual Guajará-Mirim.
Esse redirecionamento emergencial comprometeu o início da execução mais ampla da ação, com impacto direto sobre a capacidade operacional de fomentar os arranjos produtivos comunitários em diversas UCs anteriormente previstas","Para assegurar a efetiva execução da ação, é necessário estruturar um plano de atuação paralelo às ações de fiscalização, de forma que as atividades de fortalecimento da sociobioeconomia não sejam totalmente comprometidas em situações emergenciais. Isso inclui a criação de equipes técnicas específicas e dedicadas exclusivamente ao desenvolvimento dos arranjos produtivos comunitários e projetos sociobioeconômicos, desvinculadas das operações de fiscalização, garantindo continuidade dos trabalhos mesmo em períodos de alta demanda por controle ambiental.
Além disso, é essencial buscar parcerias estratégicas com instituições públicas, privadas, ONGs e organismos internacionais, visando captar recursos, assistência técnica e apoio financeiro para viabilizar projetos sustentáveis dentro das UCs. A formalização de termos de cooperação e convênios com entidades que já atuam com bioeconomia e sociobiodiversidade pode acelerar a implementação das ações.
Outra medida necessária é priorizar a elaboração de um cronograma flexível, que permita alinhar ações de fiscalização e sociobioeconomia, considerando as sazonalidades, períodos críticos de desmatamento e os melhores momentos para as atividades produtivas das comunidades.
Investir na capacitação e empoderamento das próprias comunidades, para que elas conduzam parte dos processos produtivos, reduzindo a dependência direta da intervenção contínua da SEDAM, também é uma estratégia fundamental.
Por fim, a implementação de tecnologia de gestão remota, monitoramento e acompanhamento dos projetos comunitários, pode otimizar o trabalho da equipe técnica, permitindo acompanhar os avanços dos arranjos produtivos sem necessidade constante de deslocamentos, especialmente nas UCs mais remotas.",2025,1,Restrição,2025,1
915,4830,18001,2153,2587,ADM09,Entraves institucionais para desenvolvimento de recursos humanos.,"Deficiência na estrutura técnica e operacional dos municípios: muitos municípios ainda enfrentam escassez de profissionais qualificados, como analistas e técnicos ambientais, o que compromete a capacidade de realizar licenciamento, fiscalização e monitoramento de forma eficiente.
Resistência de alguns gestores municipais: há situações em que os gestores locais apresentam baixa prioridade para a agenda ambiental, dificultando o comprometimento político e administrativo com a estruturação da gestão ambiental descentralizada. Rotatividade de servidores municipais: a alta troca de profissionais nas secretarias municipais de meio ambiente gera a perda de conhecimento técnico e institucional, obrigando a SEDAM a realizar constantes capacitações e atualizações.","Estabelecimento de Programa Permanente de Capacitação - Implementar um programa de capacitação contínua, com cursos presenciais e online, seminários, oficinas técnicas e mentorias, assegurando que os servidores municipais estejam sempre atualizados sobre legislações, normas ambientais e boas práticas.
Apoio na Consolidação da Legislação Municipal - Oferecer suporte técnico e jurídico na elaboração ou revisão dos códigos ambientais, criação dos Conselhos Municipais de Meio Ambiente e dos instrumentos normativos necessários, fortalecendo a base legal para a descentralização.
Fortalecimento do Monitoramento Pós-Descentralização - Manter um sistema de monitoramento contínuo dos municípios descentralizados, com visitas periódicas, análises de relatórios e auditorias, para garantir que os critérios e condições definidos pelo CONSEPA sejam cumpridos de forma permanente.",2025,1,Restrição,2025,1
916,4830,18001,2153,2587,POL07,Desinteresse político de outro ente em aderir à determinada política.,"Fragilidade na legislação municipal: vários municípios não possuem códigos ambientais atualizados, Conselhos Municipais de Meio Ambiente efetivos ou legislações adequadas, o que dificulta a consolidação do processo de descentralização.","Apoio na Consolidação da Legislação Municipal - Oferecer suporte técnico e jurídico na elaboração ou revisão dos códigos ambientais, criação dos Conselhos Municipais de Meio Ambiente e dos instrumentos normativos necessários, fortalecendo a base legal para a descentralização.",2025,1,Restrição,2025,1
917,4834,18011,2098,2280,AMB04,"Aparato de licenciamento ambiental complicado, ante as necessidades de pequenos empreendimentos."," Foi registrada restrição no monitoramento das atividades licenciadas, especialmente devido à escassez de técnicos especializados na área de mineração, que apresenta alto volume de processos e grande complexidade técnica. Esse cenário impacta diretamente a capacidade de acompanhamento mais rigoroso dessas atividades, exigindo atenção e medidas para fortalecimento da equipe técnica.","Reforço da Equipe Técnica Especializada - A principal medida é a contratação de profissionais especializados em mineração e monitoramento ambiental, seja por meio de concurso público, processo seletivo simplificado ou parcerias com universidades e órgãos técnicos. Isso garantirá o atendimento da demanda crescente e a análise adequada dos processos complexos.
Criação de Núcleos Técnicos Específicos - Estruturar dentro da SEDAM um núcleo específico para análise e monitoramento de atividades de mineração, com foco no desenvolvimento de expertise técnica, otimização dos processos e divisão eficiente das demandas.
Capacitação Contínua da Equipe - Implementar programas de capacitação e atualização técnica, com cursos, treinamentos e workshops voltados ao monitoramento e fiscalização de empreendimentos minerários, além de ferramentas de geotecnologia, sensoriamento remoto e gestão ambiental.
Automatização de Processos e Monitoramento Remoto - Investir na implantação de sistemas de monitoramento remoto, com uso de imagens de satélite, sensores e plataformas digitais que permitam acompanhar, em tempo real, a evolução das áreas licenciadas, especialmente as de mineração, reduzindo a necessidade de vistorias presenciais constantes.
Parcerias Interinstitucionais - Firmar parcerias com instituições como o DNPM, IBAMA, CPRM, universidades e centros de pesquisa, para apoio técnico, compartilhamento de informações, cooperação em vistorias e capacitação técnica da equipe.
Revisão dos Procedimentos e Priorização de Monitoramento - Adotar critérios de priorização, focando no monitoramento das atividades de maior risco ambiental, além de revisar os procedimentos internos para torná-los mais ágeis, eficientes e alinhados à realidade operacional.
",2025,1,Restrição,2025,1
918,4736,14002,0000,0124,OUT02,Outras (especificar).,"Não houve registro do pagamento do referido contrato nesse período de apuração dado que a primeira parcela de 2025 foi devidamente paga em maio/2025, ou seja, constará no relatório do 2º quadrimestre de 2025.",Sem proposta de melhoria.,2025,1,Restrição,2025,1
